[2026-03-03 03:02:42] local.ERROR: Method Illuminate\Database\Schema\Blueprint::foreignId does not exist. {"exception":"[object] (BadMethodCallException(code: 0): Method Illuminate\\Database\\Schema\\Blueprint::foreignId does not exist. at /var/www/TRDSv2_memo/vendor/laravel/framework/src/Illuminate/Support/Traits/Macroable.php:104)
[stacktrace]
#0 /var/www/TRDSv2_memo/database/migrations/2019_11_04_023257_create_users_table.php(21): Illuminate\\Database\\Schema\\Blueprint->__call()
#1 /var/www/TRDSv2_memo/vendor/laravel/framework/src/Illuminate/Database/Schema/Builder.php(166): CreateUsersTable->{closure}()
#2 /var/www/TRDSv2_memo/vendor/laravel/framework/src/Illuminate/Support/helpers.php(1124): Illuminate\\Database\\Schema\\Builder->Illuminate\\Database\\Schema\\{closure}()
#3 /var/www/TRDSv2_memo/vendor/laravel/framework/src/Illuminate/Database/Schema/Builder.php(167): tap()
#4 /var/www/TRDSv2_memo/vendor/laravel/framework/src/Illuminate/Support/Facades/Facade.php(239): Illuminate\\Database\\Schema\\Builder->create()
#5 /var/www/TRDSv2_memo/database/migrations/2019_11_04_023257_create_users_table.php(30): Illuminate\\Support\\Facades\\Facade::__callStatic()
#6 /var/www/TRDSv2_memo/vendor/laravel/framework/src/Illuminate/Database/Migrations/Migrator.php(387): CreateUsersTable->up()
#7 /var/www/TRDSv2_memo/vendor/laravel/framework/src/Illuminate/Database/Migrations/Migrator.php(396): Illuminate\\Database\\Migrations\\Migrator->Illuminate\\Database\\Migrations\\{closure}()
#8 /var/www/TRDSv2_memo/vendor/laravel/framework/src/Illuminate/Database/Migrations/Migrator.php(197): Illuminate\\Database\\Migrations\\Migrator->runMigration()
#9 /var/www/TRDSv2_memo/vendor/laravel/framework/src/Illuminate/Database/Migrations/Migrator.php(162): Illuminate\\Database\\Migrations\\Migrator->runUp()
#10 /var/www/TRDSv2_memo/vendor/laravel/framework/src/Illuminate/Database/Migrations/Migrator.php(109): Illuminate\\Database\\Migrations\\Migrator->runPending()
#11 /var/www/TRDSv2_memo/vendor/laravel/framework/src/Illuminate/Database/Console/Migrations/MigrateCommand.php(71): Illuminate\\Database\\Migrations\\Migrator->run()
#12 [internal function]: Illuminate\\Database\\Console\\Migrations\\MigrateCommand->handle()
#13 /var/www/TRDSv2_memo/vendor/laravel/framework/src/Illuminate/Container/BoundMethod.php(32): call_user_func_array()
#14 /var/www/TRDSv2_memo/vendor/laravel/framework/src/Illuminate/Container/BoundMethod.php(90): Illuminate\\Container\\BoundMethod::Illuminate\\Container\\{closure}()
#15 /var/www/TRDSv2_memo/vendor/laravel/framework/src/Illuminate/Container/BoundMethod.php(34): Illuminate\\Container\\BoundMethod::callBoundMethod()
#16 /var/www/TRDSv2_memo/vendor/laravel/framework/src/Illuminate/Container/Container.php(576): Illuminate\\Container\\BoundMethod::call()
#17 /var/www/TRDSv2_memo/vendor/laravel/framework/src/Illuminate/Console/Command.php(183): Illuminate\\Container\\Container->call()
#18 /var/www/TRDSv2_memo/vendor/symfony/console/Command/Command.php(255): Illuminate\\Console\\Command->execute()
#19 /var/www/TRDSv2_memo/vendor/laravel/framework/src/Illuminate/Console/Command.php(170): Symfony\\Component\\Console\\Command\\Command->run()
#20 /var/www/TRDSv2_memo/vendor/symfony/console/Application.php(1011): Illuminate\\Console\\Command->run()
#21 /var/www/TRDSv2_memo/vendor/symfony/console/Application.php(272): Symfony\\Component\\Console\\Application->doRunCommand()
#22 /var/www/TRDSv2_memo/vendor/symfony/console/Application.php(148): Symfony\\Component\\Console\\Application->doRun()
#23 /var/www/TRDSv2_memo/vendor/laravel/framework/src/Illuminate/Console/Application.php(90): Symfony\\Component\\Console\\Application->run()
#24 /var/www/TRDSv2_memo/vendor/laravel/framework/src/Illuminate/Foundation/Console/Kernel.php(133): Illuminate\\Console\\Application->run()
#25 /var/www/TRDSv2_memo/artisan(37): Illuminate\\Foundation\\Console\\Kernel->handle()
#26 {main}
"} 
[2026-03-03 03:04:07] local.ERROR: Method Illuminate\Database\Schema\Blueprint::id does not exist. {"exception":"[object] (BadMethodCallException(code: 0): Method Illuminate\\Database\\Schema\\Blueprint::id does not exist. at /var/www/TRDSv2_memo/vendor/laravel/framework/src/Illuminate/Support/Traits/Macroable.php:104)
[stacktrace]
#0 /var/www/TRDSv2_memo/database/migrations/2026_03_03_023854_create_hr_memos_table.php(17): Illuminate\\Database\\Schema\\Blueprint->__call()
#1 /var/www/TRDSv2_memo/vendor/laravel/framework/src/Illuminate/Database/Schema/Builder.php(166): CreateHrMemosTable->{closure}()
#2 /var/www/TRDSv2_memo/vendor/laravel/framework/src/Illuminate/Support/helpers.php(1124): Illuminate\\Database\\Schema\\Builder->Illuminate\\Database\\Schema\\{closure}()
#3 /var/www/TRDSv2_memo/vendor/laravel/framework/src/Illuminate/Database/Schema/Builder.php(167): tap()
#4 /var/www/TRDSv2_memo/vendor/laravel/framework/src/Illuminate/Support/Facades/Facade.php(239): Illuminate\\Database\\Schema\\Builder->create()
#5 /var/www/TRDSv2_memo/database/migrations/2026_03_03_023854_create_hr_memos_table.php(57): Illuminate\\Support\\Facades\\Facade::__callStatic()
#6 /var/www/TRDSv2_memo/vendor/laravel/framework/src/Illuminate/Database/Migrations/Migrator.php(387): CreateHrMemosTable->up()
#7 /var/www/TRDSv2_memo/vendor/laravel/framework/src/Illuminate/Database/Migrations/Migrator.php(396): Illuminate\\Database\\Migrations\\Migrator->Illuminate\\Database\\Migrations\\{closure}()
#8 /var/www/TRDSv2_memo/vendor/laravel/framework/src/Illuminate/Database/Migrations/Migrator.php(197): Illuminate\\Database\\Migrations\\Migrator->runMigration()
#9 /var/www/TRDSv2_memo/vendor/laravel/framework/src/Illuminate/Database/Migrations/Migrator.php(162): Illuminate\\Database\\Migrations\\Migrator->runUp()
#10 /var/www/TRDSv2_memo/vendor/laravel/framework/src/Illuminate/Database/Migrations/Migrator.php(109): Illuminate\\Database\\Migrations\\Migrator->runPending()
#11 /var/www/TRDSv2_memo/vendor/laravel/framework/src/Illuminate/Database/Console/Migrations/MigrateCommand.php(71): Illuminate\\Database\\Migrations\\Migrator->run()
#12 [internal function]: Illuminate\\Database\\Console\\Migrations\\MigrateCommand->handle()
#13 /var/www/TRDSv2_memo/vendor/laravel/framework/src/Illuminate/Container/BoundMethod.php(32): call_user_func_array()
#14 /var/www/TRDSv2_memo/vendor/laravel/framework/src/Illuminate/Container/BoundMethod.php(90): Illuminate\\Container\\BoundMethod::Illuminate\\Container\\{closure}()
#15 /var/www/TRDSv2_memo/vendor/laravel/framework/src/Illuminate/Container/BoundMethod.php(34): Illuminate\\Container\\BoundMethod::callBoundMethod()
#16 /var/www/TRDSv2_memo/vendor/laravel/framework/src/Illuminate/Container/Container.php(576): Illuminate\\Container\\BoundMethod::call()
#17 /var/www/TRDSv2_memo/vendor/laravel/framework/src/Illuminate/Console/Command.php(183): Illuminate\\Container\\Container->call()
#18 /var/www/TRDSv2_memo/vendor/symfony/console/Command/Command.php(255): Illuminate\\Console\\Command->execute()
#19 /var/www/TRDSv2_memo/vendor/laravel/framework/src/Illuminate/Console/Command.php(170): Symfony\\Component\\Console\\Command\\Command->run()
#20 /var/www/TRDSv2_memo/vendor/symfony/console/Application.php(1011): Illuminate\\Console\\Command->run()
#21 /var/www/TRDSv2_memo/vendor/symfony/console/Application.php(272): Symfony\\Component\\Console\\Application->doRunCommand()
#22 /var/www/TRDSv2_memo/vendor/symfony/console/Application.php(148): Symfony\\Component\\Console\\Application->doRun()
#23 /var/www/TRDSv2_memo/vendor/laravel/framework/src/Illuminate/Console/Application.php(90): Symfony\\Component\\Console\\Application->run()
#24 /var/www/TRDSv2_memo/vendor/laravel/framework/src/Illuminate/Foundation/Console/Kernel.php(133): Illuminate\\Console\\Application->run()
#25 /var/www/TRDSv2_memo/artisan(37): Illuminate\\Foundation\\Console\\Kernel->handle()
#26 {main}
"} 
[2026-03-03 03:08:40] local.ERROR: Command "migrate:rollbcak" is not defined.

Did you mean one of these?
    migrate
    migrate:fresh
    migrate:install
    migrate:refresh
    migrate:reset
    migrate:rollback
    migrate:status {"exception":"[object] (Symfony\\Component\\Console\\Exception\\CommandNotFoundException(code: 0): Command \"migrate:rollbcak\" is not defined.

Did you mean one of these?
    migrate
    migrate:fresh
    migrate:install
    migrate:refresh
    migrate:reset
    migrate:rollback
    migrate:status at /var/www/TRDSv2_memo/vendor/symfony/console/Application.php:670)
[stacktrace]
#0 /var/www/TRDSv2_memo/vendor/symfony/console/Application.php(236): Symfony\\Component\\Console\\Application->find()
#1 /var/www/TRDSv2_memo/vendor/symfony/console/Application.php(148): Symfony\\Component\\Console\\Application->doRun()
#2 /var/www/TRDSv2_memo/vendor/laravel/framework/src/Illuminate/Console/Application.php(90): Symfony\\Component\\Console\\Application->run()
#3 /var/www/TRDSv2_memo/vendor/laravel/framework/src/Illuminate/Foundation/Console/Kernel.php(133): Illuminate\\Console\\Application->run()
#4 /var/www/TRDSv2_memo/artisan(37): Illuminate\\Foundation\\Console\\Kernel->handle()
#5 {main}
"} 
[2026-03-03 05:24:03] local.ERROR: Too many arguments, expected arguments "command" "name". {"exception":"[object] (Symfony\\Component\\Console\\Exception\\RuntimeException(code: 0): Too many arguments, expected arguments \"command\" \"name\". at /var/www/TRDSv2_memo/vendor/symfony/console/Input/ArgvInput.php:174)
[stacktrace]
#0 /var/www/TRDSv2_memo/vendor/symfony/console/Input/ArgvInput.php(85): Symfony\\Component\\Console\\Input\\ArgvInput->parseArgument()
#1 /var/www/TRDSv2_memo/vendor/symfony/console/Input/Input.php(55): Symfony\\Component\\Console\\Input\\ArgvInput->parse()
#2 /var/www/TRDSv2_memo/vendor/symfony/console/Command/Command.php(214): Symfony\\Component\\Console\\Input\\Input->bind()
#3 /var/www/TRDSv2_memo/vendor/laravel/framework/src/Illuminate/Console/Command.php(170): Symfony\\Component\\Console\\Command\\Command->run()
#4 /var/www/TRDSv2_memo/vendor/symfony/console/Application.php(1011): Illuminate\\Console\\Command->run()
#5 /var/www/TRDSv2_memo/vendor/symfony/console/Application.php(272): Symfony\\Component\\Console\\Application->doRunCommand()
#6 /var/www/TRDSv2_memo/vendor/symfony/console/Application.php(148): Symfony\\Component\\Console\\Application->doRun()
#7 /var/www/TRDSv2_memo/vendor/laravel/framework/src/Illuminate/Console/Application.php(90): Symfony\\Component\\Console\\Application->run()
#8 /var/www/TRDSv2_memo/vendor/laravel/framework/src/Illuminate/Foundation/Console/Kernel.php(133): Illuminate\\Console\\Application->run()
#9 /var/www/TRDSv2_memo/artisan(37): Illuminate\\Foundation\\Console\\Kernel->handle()
#10 {main}
"} 
[2026-03-03 05:42:12] local.ERROR: Route [hr_memo_approval] not defined. (View: /var/www/TRDSv2_memo/resources/views/shared/pages/super_user_nav.blade.php) (View: /var/www/TRDSv2_memo/resources/views/shared/pages/super_user_nav.blade.php) (View: /var/www/TRDSv2_memo/resources/views/shared/pages/super_user_nav.blade.php) {"exception":"[object] (ErrorException(code: 0): Route [hr_memo_approval] not defined. (View: /var/www/TRDSv2_memo/resources/views/shared/pages/super_user_nav.blade.php) (View: /var/www/TRDSv2_memo/resources/views/shared/pages/super_user_nav.blade.php) (View: /var/www/TRDSv2_memo/resources/views/shared/pages/super_user_nav.blade.php) at /var/www/TRDSv2_memo/vendor/laravel/framework/src/Illuminate/Routing/UrlGenerator.php:388, ErrorException(code: 0): Route [hr_memo_approval] not defined. (View: /var/www/TRDSv2_memo/resources/views/shared/pages/super_user_nav.blade.php) (View: /var/www/TRDSv2_memo/resources/views/shared/pages/super_user_nav.blade.php) at /var/www/TRDSv2_memo/vendor/laravel/framework/src/Illuminate/Routing/UrlGenerator.php:388, ErrorException(code: 0): Route [hr_memo_approval] not defined. (View: /var/www/TRDSv2_memo/resources/views/shared/pages/super_user_nav.blade.php) at /var/www/TRDSv2_memo/vendor/laravel/framework/src/Illuminate/Routing/UrlGenerator.php:388, InvalidArgumentException(code: 0): Route [hr_memo_approval] not defined. at /var/www/TRDSv2_memo/vendor/laravel/framework/src/Illuminate/Routing/UrlGenerator.php:388)
[stacktrace]
#0 /var/www/TRDSv2_memo/vendor/laravel/framework/src/Illuminate/View/Engines/PhpEngine.php(45): Illuminate\\View\\Engines\\CompilerEngine->handleViewException(Object(ErrorException), 1)
#1 /var/www/TRDSv2_memo/vendor/laravel/framework/src/Illuminate/View/Engines/CompilerEngine.php(59): Illuminate\\View\\Engines\\PhpEngine->evaluatePath('/var/www/TRDSv2...', Array)
#2 /var/www/TRDSv2_memo/vendor/laravel/framework/src/Illuminate/View/View.php(142): Illuminate\\View\\Engines\\CompilerEngine->get('/var/www/TRDSv2...', Array)
#3 /var/www/TRDSv2_memo/vendor/laravel/framework/src/Illuminate/View/View.php(125): Illuminate\\View\\View->getContents()
#4 /var/www/TRDSv2_memo/vendor/laravel/framework/src/Illuminate/View/View.php(90): Illuminate\\View\\View->renderContents()
#5 /var/www/TRDSv2_memo/vendor/laravel/framework/src/Illuminate/Http/Response.php(42): Illuminate\\View\\View->render()
#6 /var/www/TRDSv2_memo/vendor/symfony/http-foundation/Response.php(202): Illuminate\\Http\\Response->setContent(Object(Illuminate\\View\\View))
#7 /var/www/TRDSv2_memo/vendor/laravel/framework/src/Illuminate/Routing/Router.php(748): Symfony\\Component\\HttpFoundation\\Response->__construct(Object(Illuminate\\View\\View))
#8 /var/www/TRDSv2_memo/vendor/laravel/framework/src/Illuminate/Routing/Router.php(720): Illuminate\\Routing\\Router::toResponse(Object(Illuminate\\Http\\Request), Object(Illuminate\\View\\View))
#9 /var/www/TRDSv2_memo/vendor/laravel/framework/src/Illuminate/Routing/Router.php(680): Illuminate\\Routing\\Router->prepareResponse(Object(Illuminate\\Http\\Request), Object(Illuminate\\View\\View))
#10 /var/www/TRDSv2_memo/vendor/laravel/framework/src/Illuminate/Routing/Pipeline.php(30): Illuminate\\Routing\\Router->Illuminate\\Routing\\{closure}(Object(Illuminate\\Http\\Request))
#11 /var/www/TRDSv2_memo/vendor/laravel/framework/src/Illuminate/Routing/Middleware/SubstituteBindings.php(41): Illuminate\\Routing\\Pipeline->Illuminate\\Routing\\{closure}(Object(Illuminate\\Http\\Request))
#12 /var/www/TRDSv2_memo/vendor/laravel/framework/src/Illuminate/Pipeline/Pipeline.php(163): Illuminate\\Routing\\Middleware\\SubstituteBindings->handle(Object(Illuminate\\Http\\Request), Object(Closure))
#13 /var/www/TRDSv2_memo/vendor/laravel/framework/src/Illuminate/Routing/Pipeline.php(53): Illuminate\\Pipeline\\Pipeline->Illuminate\\Pipeline\\{closure}(Object(Illuminate\\Http\\Request))
#14 /var/www/TRDSv2_memo/vendor/laravel/framework/src/Illuminate/Foundation/Http/Middleware/VerifyCsrfToken.php(75): Illuminate\\Routing\\Pipeline->Illuminate\\Routing\\{closure}(Object(Illuminate\\Http\\Request))
#15 /var/www/TRDSv2_memo/vendor/laravel/framework/src/Illuminate/Pipeline/Pipeline.php(163): Illuminate\\Foundation\\Http\\Middleware\\VerifyCsrfToken->handle(Object(Illuminate\\Http\\Request), Object(Closure))
#16 /var/www/TRDSv2_memo/vendor/laravel/framework/src/Illuminate/Routing/Pipeline.php(53): Illuminate\\Pipeline\\Pipeline->Illuminate\\Pipeline\\{closure}(Object(Illuminate\\Http\\Request))
#17 /var/www/TRDSv2_memo/vendor/laravel/framework/src/Illuminate/View/Middleware/ShareErrorsFromSession.php(49): Illuminate\\Routing\\Pipeline->Illuminate\\Routing\\{closure}(Object(Illuminate\\Http\\Request))
#18 /var/www/TRDSv2_memo/vendor/laravel/framework/src/Illuminate/Pipeline/Pipeline.php(163): Illuminate\\View\\Middleware\\ShareErrorsFromSession->handle(Object(Illuminate\\Http\\Request), Object(Closure))
#19 /var/www/TRDSv2_memo/vendor/laravel/framework/src/Illuminate/Routing/Pipeline.php(53): Illuminate\\Pipeline\\Pipeline->Illuminate\\Pipeline\\{closure}(Object(Illuminate\\Http\\Request))
#20 /var/www/TRDSv2_memo/vendor/laravel/framework/src/Illuminate/Session/Middleware/StartSession.php(56): Illuminate\\Routing\\Pipeline->Illuminate\\Routing\\{closure}(Object(Illuminate\\Http\\Request))
#21 /var/www/TRDSv2_memo/vendor/laravel/framework/src/Illuminate/Pipeline/Pipeline.php(163): Illuminate\\Session\\Middleware\\StartSession->handle(Object(Illuminate\\Http\\Request), Object(Closure))
#22 /var/www/TRDSv2_memo/vendor/laravel/framework/src/Illuminate/Routing/Pipeline.php(53): Illuminate\\Pipeline\\Pipeline->Illuminate\\Pipeline\\{closure}(Object(Illuminate\\Http\\Request))
#23 /var/www/TRDSv2_memo/vendor/laravel/framework/src/Illuminate/Cookie/Middleware/AddQueuedCookiesToResponse.php(37): Illuminate\\Routing\\Pipeline->Illuminate\\Routing\\{closure}(Object(Illuminate\\Http\\Request))
#24 /var/www/TRDSv2_memo/vendor/laravel/framework/src/Illuminate/Pipeline/Pipeline.php(163): Illuminate\\Cookie\\Middleware\\AddQueuedCookiesToResponse->handle(Object(Illuminate\\Http\\Request), Object(Closure))
#25 /var/www/TRDSv2_memo/vendor/laravel/framework/src/Illuminate/Routing/Pipeline.php(53): Illuminate\\Pipeline\\Pipeline->Illuminate\\Pipeline\\{closure}(Object(Illuminate\\Http\\Request))
#26 /var/www/TRDSv2_memo/vendor/laravel/framework/src/Illuminate/Cookie/Middleware/EncryptCookies.php(66): Illuminate\\Routing\\Pipeline->Illuminate\\Routing\\{closure}(Object(Illuminate\\Http\\Request))
#27 /var/www/TRDSv2_memo/vendor/laravel/framework/src/Illuminate/Pipeline/Pipeline.php(163): Illuminate\\Cookie\\Middleware\\EncryptCookies->handle(Object(Illuminate\\Http\\Request), Object(Closure))
#28 /var/www/TRDSv2_memo/vendor/laravel/framework/src/Illuminate/Routing/Pipeline.php(53): Illuminate\\Pipeline\\Pipeline->Illuminate\\Pipeline\\{closure}(Object(Illuminate\\Http\\Request))
#29 /var/www/TRDSv2_memo/vendor/laravel/framework/src/Illuminate/Pipeline/Pipeline.php(104): Illuminate\\Routing\\Pipeline->Illuminate\\Routing\\{closure}(Object(Illuminate\\Http\\Request))
#30 /var/www/TRDSv2_memo/vendor/laravel/framework/src/Illuminate/Routing/Router.php(682): Illuminate\\Pipeline\\Pipeline->then(Object(Closure))
#31 /var/www/TRDSv2_memo/vendor/laravel/framework/src/Illuminate/Routing/Router.php(657): Illuminate\\Routing\\Router->runRouteWithinStack(Object(Illuminate\\Routing\\Route), Object(Illuminate\\Http\\Request))
#32 /var/www/TRDSv2_memo/vendor/laravel/framework/src/Illuminate/Routing/Router.php(623): Illuminate\\Routing\\Router->runRoute(Object(Illuminate\\Http\\Request), Object(Illuminate\\Routing\\Route))
#33 /var/www/TRDSv2_memo/vendor/laravel/framework/src/Illuminate/Routing/Router.php(612): Illuminate\\Routing\\Router->dispatchToRoute(Object(Illuminate\\Http\\Request))
#34 /var/www/TRDSv2_memo/vendor/laravel/framework/src/Illuminate/Foundation/Http/Kernel.php(176): Illuminate\\Routing\\Router->dispatch(Object(Illuminate\\Http\\Request))
#35 /var/www/TRDSv2_memo/vendor/laravel/framework/src/Illuminate/Routing/Pipeline.php(30): Illuminate\\Foundation\\Http\\Kernel->Illuminate\\Foundation\\Http\\{closure}(Object(Illuminate\\Http\\Request))
#36 /var/www/TRDSv2_memo/vendor/laravel/framework/src/Illuminate/Foundation/Http/Middleware/TransformsRequest.php(21): Illuminate\\Routing\\Pipeline->Illuminate\\Routing\\{closure}(Object(Illuminate\\Http\\Request))
#37 /var/www/TRDSv2_memo/vendor/laravel/framework/src/Illuminate/Pipeline/Pipeline.php(163): Illuminate\\Foundation\\Http\\Middleware\\TransformsRequest->handle(Object(Illuminate\\Http\\Request), Object(Closure))
#38 /var/www/TRDSv2_memo/vendor/laravel/framework/src/Illuminate/Routing/Pipeline.php(53): Illuminate\\Pipeline\\Pipeline->Illuminate\\Pipeline\\{closure}(Object(Illuminate\\Http\\Request))
#39 /var/www/TRDSv2_memo/vendor/laravel/framework/src/Illuminate/Foundation/Http/Middleware/TransformsRequest.php(21): Illuminate\\Routing\\Pipeline->Illuminate\\Routing\\{closure}(Object(Illuminate\\Http\\Request))
#40 /var/www/TRDSv2_memo/vendor/laravel/framework/src/Illuminate/Pipeline/Pipeline.php(163): Illuminate\\Foundation\\Http\\Middleware\\TransformsRequest->handle(Object(Illuminate\\Http\\Request), Object(Closure))
#41 /var/www/TRDSv2_memo/vendor/laravel/framework/src/Illuminate/Routing/Pipeline.php(53): Illuminate\\Pipeline\\Pipeline->Illuminate\\Pipeline\\{closure}(Object(Illuminate\\Http\\Request))
#42 /var/www/TRDSv2_memo/vendor/laravel/framework/src/Illuminate/Foundation/Http/Middleware/ValidatePostSize.php(27): Illuminate\\Routing\\Pipeline->Illuminate\\Routing\\{closure}(Object(Illuminate\\Http\\Request))
#43 /var/www/TRDSv2_memo/vendor/laravel/framework/src/Illuminate/Pipeline/Pipeline.php(163): Illuminate\\Foundation\\Http\\Middleware\\ValidatePostSize->handle(Object(Illuminate\\Http\\Request), Object(Closure))
#44 /var/www/TRDSv2_memo/vendor/laravel/framework/src/Illuminate/Routing/Pipeline.php(53): Illuminate\\Pipeline\\Pipeline->Illuminate\\Pipeline\\{closure}(Object(Illuminate\\Http\\Request))
#45 /var/www/TRDSv2_memo/vendor/laravel/framework/src/Illuminate/Foundation/Http/Middleware/CheckForMaintenanceMode.php(62): Illuminate\\Routing\\Pipeline->Illuminate\\Routing\\{closure}(Object(Illuminate\\Http\\Request))
#46 /var/www/TRDSv2_memo/vendor/laravel/framework/src/Illuminate/Pipeline/Pipeline.php(163): Illuminate\\Foundation\\Http\\Middleware\\CheckForMaintenanceMode->handle(Object(Illuminate\\Http\\Request), Object(Closure))
#47 /var/www/TRDSv2_memo/vendor/laravel/framework/src/Illuminate/Routing/Pipeline.php(53): Illuminate\\Pipeline\\Pipeline->Illuminate\\Pipeline\\{closure}(Object(Illuminate\\Http\\Request))
#48 /var/www/TRDSv2_memo/vendor/fideloper/proxy/src/TrustProxies.php(57): Illuminate\\Routing\\Pipeline->Illuminate\\Routing\\{closure}(Object(Illuminate\\Http\\Request))
#49 /var/www/TRDSv2_memo/vendor/laravel/framework/src/Illuminate/Pipeline/Pipeline.php(163): Fideloper\\Proxy\\TrustProxies->handle(Object(Illuminate\\Http\\Request), Object(Closure))
#50 /var/www/TRDSv2_memo/vendor/laravel/framework/src/Illuminate/Routing/Pipeline.php(53): Illuminate\\Pipeline\\Pipeline->Illuminate\\Pipeline\\{closure}(Object(Illuminate\\Http\\Request))
#51 /var/www/TRDSv2_memo/vendor/laravel/framework/src/Illuminate/Pipeline/Pipeline.php(104): Illuminate\\Routing\\Pipeline->Illuminate\\Routing\\{closure}(Object(Illuminate\\Http\\Request))
#52 /var/www/TRDSv2_memo/vendor/laravel/framework/src/Illuminate/Foundation/Http/Kernel.php(151): Illuminate\\Pipeline\\Pipeline->then(Object(Closure))
#53 /var/www/TRDSv2_memo/vendor/laravel/framework/src/Illuminate/Foundation/Http/Kernel.php(116): Illuminate\\Foundation\\Http\\Kernel->sendRequestThroughRouter(Object(Illuminate\\Http\\Request))
#54 /var/www/TRDSv2_memo/index.php(55): Illuminate\\Foundation\\Http\\Kernel->handle(Object(Illuminate\\Http\\Request))
#55 {main}
"} 
[2026-03-03 05:42:23] local.ERROR: Route [hr_memo_approval] not defined. (View: /var/www/TRDSv2_memo/resources/views/shared/pages/super_user_nav.blade.php) (View: /var/www/TRDSv2_memo/resources/views/shared/pages/super_user_nav.blade.php) (View: /var/www/TRDSv2_memo/resources/views/shared/pages/super_user_nav.blade.php) {"exception":"[object] (ErrorException(code: 0): Route [hr_memo_approval] not defined. (View: /var/www/TRDSv2_memo/resources/views/shared/pages/super_user_nav.blade.php) (View: /var/www/TRDSv2_memo/resources/views/shared/pages/super_user_nav.blade.php) (View: /var/www/TRDSv2_memo/resources/views/shared/pages/super_user_nav.blade.php) at /var/www/TRDSv2_memo/vendor/laravel/framework/src/Illuminate/Routing/UrlGenerator.php:388, ErrorException(code: 0): Route [hr_memo_approval] not defined. (View: /var/www/TRDSv2_memo/resources/views/shared/pages/super_user_nav.blade.php) (View: /var/www/TRDSv2_memo/resources/views/shared/pages/super_user_nav.blade.php) at /var/www/TRDSv2_memo/vendor/laravel/framework/src/Illuminate/Routing/UrlGenerator.php:388, ErrorException(code: 0): Route [hr_memo_approval] not defined. (View: /var/www/TRDSv2_memo/resources/views/shared/pages/super_user_nav.blade.php) at /var/www/TRDSv2_memo/vendor/laravel/framework/src/Illuminate/Routing/UrlGenerator.php:388, InvalidArgumentException(code: 0): Route [hr_memo_approval] not defined. at /var/www/TRDSv2_memo/vendor/laravel/framework/src/Illuminate/Routing/UrlGenerator.php:388)
[stacktrace]
#0 /var/www/TRDSv2_memo/vendor/laravel/framework/src/Illuminate/View/Engines/PhpEngine.php(45): Illuminate\\View\\Engines\\CompilerEngine->handleViewException(Object(ErrorException), 1)
#1 /var/www/TRDSv2_memo/vendor/laravel/framework/src/Illuminate/View/Engines/CompilerEngine.php(59): Illuminate\\View\\Engines\\PhpEngine->evaluatePath('/var/www/TRDSv2...', Array)
#2 /var/www/TRDSv2_memo/vendor/laravel/framework/src/Illuminate/View/View.php(142): Illuminate\\View\\Engines\\CompilerEngine->get('/var/www/TRDSv2...', Array)
#3 /var/www/TRDSv2_memo/vendor/laravel/framework/src/Illuminate/View/View.php(125): Illuminate\\View\\View->getContents()
#4 /var/www/TRDSv2_memo/vendor/laravel/framework/src/Illuminate/View/View.php(90): Illuminate\\View\\View->renderContents()
#5 /var/www/TRDSv2_memo/vendor/laravel/framework/src/Illuminate/Http/Response.php(42): Illuminate\\View\\View->render()
#6 /var/www/TRDSv2_memo/vendor/symfony/http-foundation/Response.php(202): Illuminate\\Http\\Response->setContent(Object(Illuminate\\View\\View))
#7 /var/www/TRDSv2_memo/vendor/laravel/framework/src/Illuminate/Routing/Router.php(748): Symfony\\Component\\HttpFoundation\\Response->__construct(Object(Illuminate\\View\\View))
#8 /var/www/TRDSv2_memo/vendor/laravel/framework/src/Illuminate/Routing/Router.php(720): Illuminate\\Routing\\Router::toResponse(Object(Illuminate\\Http\\Request), Object(Illuminate\\View\\View))
#9 /var/www/TRDSv2_memo/vendor/laravel/framework/src/Illuminate/Routing/Router.php(680): Illuminate\\Routing\\Router->prepareResponse(Object(Illuminate\\Http\\Request), Object(Illuminate\\View\\View))
#10 /var/www/TRDSv2_memo/vendor/laravel/framework/src/Illuminate/Routing/Pipeline.php(30): Illuminate\\Routing\\Router->Illuminate\\Routing\\{closure}(Object(Illuminate\\Http\\Request))
#11 /var/www/TRDSv2_memo/vendor/laravel/framework/src/Illuminate/Routing/Middleware/SubstituteBindings.php(41): Illuminate\\Routing\\Pipeline->Illuminate\\Routing\\{closure}(Object(Illuminate\\Http\\Request))
#12 /var/www/TRDSv2_memo/vendor/laravel/framework/src/Illuminate/Pipeline/Pipeline.php(163): Illuminate\\Routing\\Middleware\\SubstituteBindings->handle(Object(Illuminate\\Http\\Request), Object(Closure))
#13 /var/www/TRDSv2_memo/vendor/laravel/framework/src/Illuminate/Routing/Pipeline.php(53): Illuminate\\Pipeline\\Pipeline->Illuminate\\Pipeline\\{closure}(Object(Illuminate\\Http\\Request))
#14 /var/www/TRDSv2_memo/vendor/laravel/framework/src/Illuminate/Foundation/Http/Middleware/VerifyCsrfToken.php(75): Illuminate\\Routing\\Pipeline->Illuminate\\Routing\\{closure}(Object(Illuminate\\Http\\Request))
#15 /var/www/TRDSv2_memo/vendor/laravel/framework/src/Illuminate/Pipeline/Pipeline.php(163): Illuminate\\Foundation\\Http\\Middleware\\VerifyCsrfToken->handle(Object(Illuminate\\Http\\Request), Object(Closure))
#16 /var/www/TRDSv2_memo/vendor/laravel/framework/src/Illuminate/Routing/Pipeline.php(53): Illuminate\\Pipeline\\Pipeline->Illuminate\\Pipeline\\{closure}(Object(Illuminate\\Http\\Request))
#17 /var/www/TRDSv2_memo/vendor/laravel/framework/src/Illuminate/View/Middleware/ShareErrorsFromSession.php(49): Illuminate\\Routing\\Pipeline->Illuminate\\Routing\\{closure}(Object(Illuminate\\Http\\Request))
#18 /var/www/TRDSv2_memo/vendor/laravel/framework/src/Illuminate/Pipeline/Pipeline.php(163): Illuminate\\View\\Middleware\\ShareErrorsFromSession->handle(Object(Illuminate\\Http\\Request), Object(Closure))
#19 /var/www/TRDSv2_memo/vendor/laravel/framework/src/Illuminate/Routing/Pipeline.php(53): Illuminate\\Pipeline\\Pipeline->Illuminate\\Pipeline\\{closure}(Object(Illuminate\\Http\\Request))
#20 /var/www/TRDSv2_memo/vendor/laravel/framework/src/Illuminate/Session/Middleware/StartSession.php(56): Illuminate\\Routing\\Pipeline->Illuminate\\Routing\\{closure}(Object(Illuminate\\Http\\Request))
#21 /var/www/TRDSv2_memo/vendor/laravel/framework/src/Illuminate/Pipeline/Pipeline.php(163): Illuminate\\Session\\Middleware\\StartSession->handle(Object(Illuminate\\Http\\Request), Object(Closure))
#22 /var/www/TRDSv2_memo/vendor/laravel/framework/src/Illuminate/Routing/Pipeline.php(53): Illuminate\\Pipeline\\Pipeline->Illuminate\\Pipeline\\{closure}(Object(Illuminate\\Http\\Request))
#23 /var/www/TRDSv2_memo/vendor/laravel/framework/src/Illuminate/Cookie/Middleware/AddQueuedCookiesToResponse.php(37): Illuminate\\Routing\\Pipeline->Illuminate\\Routing\\{closure}(Object(Illuminate\\Http\\Request))
#24 /var/www/TRDSv2_memo/vendor/laravel/framework/src/Illuminate/Pipeline/Pipeline.php(163): Illuminate\\Cookie\\Middleware\\AddQueuedCookiesToResponse->handle(Object(Illuminate\\Http\\Request), Object(Closure))
#25 /var/www/TRDSv2_memo/vendor/laravel/framework/src/Illuminate/Routing/Pipeline.php(53): Illuminate\\Pipeline\\Pipeline->Illuminate\\Pipeline\\{closure}(Object(Illuminate\\Http\\Request))
#26 /var/www/TRDSv2_memo/vendor/laravel/framework/src/Illuminate/Cookie/Middleware/EncryptCookies.php(66): Illuminate\\Routing\\Pipeline->Illuminate\\Routing\\{closure}(Object(Illuminate\\Http\\Request))
#27 /var/www/TRDSv2_memo/vendor/laravel/framework/src/Illuminate/Pipeline/Pipeline.php(163): Illuminate\\Cookie\\Middleware\\EncryptCookies->handle(Object(Illuminate\\Http\\Request), Object(Closure))
#28 /var/www/TRDSv2_memo/vendor/laravel/framework/src/Illuminate/Routing/Pipeline.php(53): Illuminate\\Pipeline\\Pipeline->Illuminate\\Pipeline\\{closure}(Object(Illuminate\\Http\\Request))
#29 /var/www/TRDSv2_memo/vendor/laravel/framework/src/Illuminate/Pipeline/Pipeline.php(104): Illuminate\\Routing\\Pipeline->Illuminate\\Routing\\{closure}(Object(Illuminate\\Http\\Request))
#30 /var/www/TRDSv2_memo/vendor/laravel/framework/src/Illuminate/Routing/Router.php(682): Illuminate\\Pipeline\\Pipeline->then(Object(Closure))
#31 /var/www/TRDSv2_memo/vendor/laravel/framework/src/Illuminate/Routing/Router.php(657): Illuminate\\Routing\\Router->runRouteWithinStack(Object(Illuminate\\Routing\\Route), Object(Illuminate\\Http\\Request))
#32 /var/www/TRDSv2_memo/vendor/laravel/framework/src/Illuminate/Routing/Router.php(623): Illuminate\\Routing\\Router->runRoute(Object(Illuminate\\Http\\Request), Object(Illuminate\\Routing\\Route))
#33 /var/www/TRDSv2_memo/vendor/laravel/framework/src/Illuminate/Routing/Router.php(612): Illuminate\\Routing\\Router->dispatchToRoute(Object(Illuminate\\Http\\Request))
#34 /var/www/TRDSv2_memo/vendor/laravel/framework/src/Illuminate/Foundation/Http/Kernel.php(176): Illuminate\\Routing\\Router->dispatch(Object(Illuminate\\Http\\Request))
#35 /var/www/TRDSv2_memo/vendor/laravel/framework/src/Illuminate/Routing/Pipeline.php(30): Illuminate\\Foundation\\Http\\Kernel->Illuminate\\Foundation\\Http\\{closure}(Object(Illuminate\\Http\\Request))
#36 /var/www/TRDSv2_memo/vendor/laravel/framework/src/Illuminate/Foundation/Http/Middleware/TransformsRequest.php(21): Illuminate\\Routing\\Pipeline->Illuminate\\Routing\\{closure}(Object(Illuminate\\Http\\Request))
#37 /var/www/TRDSv2_memo/vendor/laravel/framework/src/Illuminate/Pipeline/Pipeline.php(163): Illuminate\\Foundation\\Http\\Middleware\\TransformsRequest->handle(Object(Illuminate\\Http\\Request), Object(Closure))
#38 /var/www/TRDSv2_memo/vendor/laravel/framework/src/Illuminate/Routing/Pipeline.php(53): Illuminate\\Pipeline\\Pipeline->Illuminate\\Pipeline\\{closure}(Object(Illuminate\\Http\\Request))
#39 /var/www/TRDSv2_memo/vendor/laravel/framework/src/Illuminate/Foundation/Http/Middleware/TransformsRequest.php(21): Illuminate\\Routing\\Pipeline->Illuminate\\Routing\\{closure}(Object(Illuminate\\Http\\Request))
#40 /var/www/TRDSv2_memo/vendor/laravel/framework/src/Illuminate/Pipeline/Pipeline.php(163): Illuminate\\Foundation\\Http\\Middleware\\TransformsRequest->handle(Object(Illuminate\\Http\\Request), Object(Closure))
#41 /var/www/TRDSv2_memo/vendor/laravel/framework/src/Illuminate/Routing/Pipeline.php(53): Illuminate\\Pipeline\\Pipeline->Illuminate\\Pipeline\\{closure}(Object(Illuminate\\Http\\Request))
#42 /var/www/TRDSv2_memo/vendor/laravel/framework/src/Illuminate/Foundation/Http/Middleware/ValidatePostSize.php(27): Illuminate\\Routing\\Pipeline->Illuminate\\Routing\\{closure}(Object(Illuminate\\Http\\Request))
#43 /var/www/TRDSv2_memo/vendor/laravel/framework/src/Illuminate/Pipeline/Pipeline.php(163): Illuminate\\Foundation\\Http\\Middleware\\ValidatePostSize->handle(Object(Illuminate\\Http\\Request), Object(Closure))
#44 /var/www/TRDSv2_memo/vendor/laravel/framework/src/Illuminate/Routing/Pipeline.php(53): Illuminate\\Pipeline\\Pipeline->Illuminate\\Pipeline\\{closure}(Object(Illuminate\\Http\\Request))
#45 /var/www/TRDSv2_memo/vendor/laravel/framework/src/Illuminate/Foundation/Http/Middleware/CheckForMaintenanceMode.php(62): Illuminate\\Routing\\Pipeline->Illuminate\\Routing\\{closure}(Object(Illuminate\\Http\\Request))
#46 /var/www/TRDSv2_memo/vendor/laravel/framework/src/Illuminate/Pipeline/Pipeline.php(163): Illuminate\\Foundation\\Http\\Middleware\\CheckForMaintenanceMode->handle(Object(Illuminate\\Http\\Request), Object(Closure))
#47 /var/www/TRDSv2_memo/vendor/laravel/framework/src/Illuminate/Routing/Pipeline.php(53): Illuminate\\Pipeline\\Pipeline->Illuminate\\Pipeline\\{closure}(Object(Illuminate\\Http\\Request))
#48 /var/www/TRDSv2_memo/vendor/fideloper/proxy/src/TrustProxies.php(57): Illuminate\\Routing\\Pipeline->Illuminate\\Routing\\{closure}(Object(Illuminate\\Http\\Request))
#49 /var/www/TRDSv2_memo/vendor/laravel/framework/src/Illuminate/Pipeline/Pipeline.php(163): Fideloper\\Proxy\\TrustProxies->handle(Object(Illuminate\\Http\\Request), Object(Closure))
#50 /var/www/TRDSv2_memo/vendor/laravel/framework/src/Illuminate/Routing/Pipeline.php(53): Illuminate\\Pipeline\\Pipeline->Illuminate\\Pipeline\\{closure}(Object(Illuminate\\Http\\Request))
#51 /var/www/TRDSv2_memo/vendor/laravel/framework/src/Illuminate/Pipeline/Pipeline.php(104): Illuminate\\Routing\\Pipeline->Illuminate\\Routing\\{closure}(Object(Illuminate\\Http\\Request))
#52 /var/www/TRDSv2_memo/vendor/laravel/framework/src/Illuminate/Foundation/Http/Kernel.php(151): Illuminate\\Pipeline\\Pipeline->then(Object(Closure))
#53 /var/www/TRDSv2_memo/vendor/laravel/framework/src/Illuminate/Foundation/Http/Kernel.php(116): Illuminate\\Foundation\\Http\\Kernel->sendRequestThroughRouter(Object(Illuminate\\Http\\Request))
#54 /var/www/TRDSv2_memo/index.php(55): Illuminate\\Foundation\\Http\\Kernel->handle(Object(Illuminate\\Http\\Request))
#55 {main}
"} 
[2026-03-03 05:42:42] local.ERROR: Undefined variable: globalUser (View: /var/www/TRDSv2_memo/resources/views/hr_memo_approval.blade.php) {"exception":"[object] (ErrorException(code: 0): Undefined variable: globalUser (View: /var/www/TRDSv2_memo/resources/views/hr_memo_approval.blade.php) at /var/www/TRDSv2_memo/storage/framework/views/58b9910573448957948bec237548ba4ea2bf8e73.php:48, ErrorException(code: 0): Undefined variable: globalUser at /var/www/TRDSv2_memo/storage/framework/views/58b9910573448957948bec237548ba4ea2bf8e73.php:48)
[stacktrace]
#0 /var/www/TRDSv2_memo/vendor/laravel/framework/src/Illuminate/View/Engines/PhpEngine.php(45): Illuminate\\View\\Engines\\CompilerEngine->handleViewException(Object(ErrorException), 1)
#1 /var/www/TRDSv2_memo/vendor/laravel/framework/src/Illuminate/View/Engines/CompilerEngine.php(59): Illuminate\\View\\Engines\\PhpEngine->evaluatePath('/var/www/TRDSv2...', Array)
#2 /var/www/TRDSv2_memo/vendor/laravel/framework/src/Illuminate/View/View.php(142): Illuminate\\View\\Engines\\CompilerEngine->get('/var/www/TRDSv2...', Array)
#3 /var/www/TRDSv2_memo/vendor/laravel/framework/src/Illuminate/View/View.php(125): Illuminate\\View\\View->getContents()
#4 /var/www/TRDSv2_memo/vendor/laravel/framework/src/Illuminate/View/View.php(90): Illuminate\\View\\View->renderContents()
#5 /var/www/TRDSv2_memo/vendor/laravel/framework/src/Illuminate/Http/Response.php(42): Illuminate\\View\\View->render()
#6 /var/www/TRDSv2_memo/vendor/symfony/http-foundation/Response.php(202): Illuminate\\Http\\Response->setContent(Object(Illuminate\\View\\View))
#7 /var/www/TRDSv2_memo/vendor/laravel/framework/src/Illuminate/Routing/Router.php(748): Symfony\\Component\\HttpFoundation\\Response->__construct(Object(Illuminate\\View\\View))
#8 /var/www/TRDSv2_memo/vendor/laravel/framework/src/Illuminate/Routing/Router.php(720): Illuminate\\Routing\\Router::toResponse(Object(Illuminate\\Http\\Request), Object(Illuminate\\View\\View))
#9 /var/www/TRDSv2_memo/vendor/laravel/framework/src/Illuminate/Routing/Router.php(680): Illuminate\\Routing\\Router->prepareResponse(Object(Illuminate\\Http\\Request), Object(Illuminate\\View\\View))
#10 /var/www/TRDSv2_memo/vendor/laravel/framework/src/Illuminate/Routing/Pipeline.php(30): Illuminate\\Routing\\Router->Illuminate\\Routing\\{closure}(Object(Illuminate\\Http\\Request))
#11 /var/www/TRDSv2_memo/vendor/laravel/framework/src/Illuminate/Routing/Middleware/SubstituteBindings.php(41): Illuminate\\Routing\\Pipeline->Illuminate\\Routing\\{closure}(Object(Illuminate\\Http\\Request))
#12 /var/www/TRDSv2_memo/vendor/laravel/framework/src/Illuminate/Pipeline/Pipeline.php(163): Illuminate\\Routing\\Middleware\\SubstituteBindings->handle(Object(Illuminate\\Http\\Request), Object(Closure))
#13 /var/www/TRDSv2_memo/vendor/laravel/framework/src/Illuminate/Routing/Pipeline.php(53): Illuminate\\Pipeline\\Pipeline->Illuminate\\Pipeline\\{closure}(Object(Illuminate\\Http\\Request))
#14 /var/www/TRDSv2_memo/vendor/laravel/framework/src/Illuminate/Foundation/Http/Middleware/VerifyCsrfToken.php(75): Illuminate\\Routing\\Pipeline->Illuminate\\Routing\\{closure}(Object(Illuminate\\Http\\Request))
#15 /var/www/TRDSv2_memo/vendor/laravel/framework/src/Illuminate/Pipeline/Pipeline.php(163): Illuminate\\Foundation\\Http\\Middleware\\VerifyCsrfToken->handle(Object(Illuminate\\Http\\Request), Object(Closure))
#16 /var/www/TRDSv2_memo/vendor/laravel/framework/src/Illuminate/Routing/Pipeline.php(53): Illuminate\\Pipeline\\Pipeline->Illuminate\\Pipeline\\{closure}(Object(Illuminate\\Http\\Request))
#17 /var/www/TRDSv2_memo/vendor/laravel/framework/src/Illuminate/View/Middleware/ShareErrorsFromSession.php(49): Illuminate\\Routing\\Pipeline->Illuminate\\Routing\\{closure}(Object(Illuminate\\Http\\Request))
#18 /var/www/TRDSv2_memo/vendor/laravel/framework/src/Illuminate/Pipeline/Pipeline.php(163): Illuminate\\View\\Middleware\\ShareErrorsFromSession->handle(Object(Illuminate\\Http\\Request), Object(Closure))
#19 /var/www/TRDSv2_memo/vendor/laravel/framework/src/Illuminate/Routing/Pipeline.php(53): Illuminate\\Pipeline\\Pipeline->Illuminate\\Pipeline\\{closure}(Object(Illuminate\\Http\\Request))
#20 /var/www/TRDSv2_memo/vendor/laravel/framework/src/Illuminate/Session/Middleware/StartSession.php(56): Illuminate\\Routing\\Pipeline->Illuminate\\Routing\\{closure}(Object(Illuminate\\Http\\Request))
#21 /var/www/TRDSv2_memo/vendor/laravel/framework/src/Illuminate/Pipeline/Pipeline.php(163): Illuminate\\Session\\Middleware\\StartSession->handle(Object(Illuminate\\Http\\Request), Object(Closure))
#22 /var/www/TRDSv2_memo/vendor/laravel/framework/src/Illuminate/Routing/Pipeline.php(53): Illuminate\\Pipeline\\Pipeline->Illuminate\\Pipeline\\{closure}(Object(Illuminate\\Http\\Request))
#23 /var/www/TRDSv2_memo/vendor/laravel/framework/src/Illuminate/Cookie/Middleware/AddQueuedCookiesToResponse.php(37): Illuminate\\Routing\\Pipeline->Illuminate\\Routing\\{closure}(Object(Illuminate\\Http\\Request))
#24 /var/www/TRDSv2_memo/vendor/laravel/framework/src/Illuminate/Pipeline/Pipeline.php(163): Illuminate\\Cookie\\Middleware\\AddQueuedCookiesToResponse->handle(Object(Illuminate\\Http\\Request), Object(Closure))
#25 /var/www/TRDSv2_memo/vendor/laravel/framework/src/Illuminate/Routing/Pipeline.php(53): Illuminate\\Pipeline\\Pipeline->Illuminate\\Pipeline\\{closure}(Object(Illuminate\\Http\\Request))
#26 /var/www/TRDSv2_memo/vendor/laravel/framework/src/Illuminate/Cookie/Middleware/EncryptCookies.php(66): Illuminate\\Routing\\Pipeline->Illuminate\\Routing\\{closure}(Object(Illuminate\\Http\\Request))
#27 /var/www/TRDSv2_memo/vendor/laravel/framework/src/Illuminate/Pipeline/Pipeline.php(163): Illuminate\\Cookie\\Middleware\\EncryptCookies->handle(Object(Illuminate\\Http\\Request), Object(Closure))
#28 /var/www/TRDSv2_memo/vendor/laravel/framework/src/Illuminate/Routing/Pipeline.php(53): Illuminate\\Pipeline\\Pipeline->Illuminate\\Pipeline\\{closure}(Object(Illuminate\\Http\\Request))
#29 /var/www/TRDSv2_memo/vendor/laravel/framework/src/Illuminate/Pipeline/Pipeline.php(104): Illuminate\\Routing\\Pipeline->Illuminate\\Routing\\{closure}(Object(Illuminate\\Http\\Request))
#30 /var/www/TRDSv2_memo/vendor/laravel/framework/src/Illuminate/Routing/Router.php(682): Illuminate\\Pipeline\\Pipeline->then(Object(Closure))
#31 /var/www/TRDSv2_memo/vendor/laravel/framework/src/Illuminate/Routing/Router.php(657): Illuminate\\Routing\\Router->runRouteWithinStack(Object(Illuminate\\Routing\\Route), Object(Illuminate\\Http\\Request))
#32 /var/www/TRDSv2_memo/vendor/laravel/framework/src/Illuminate/Routing/Router.php(623): Illuminate\\Routing\\Router->runRoute(Object(Illuminate\\Http\\Request), Object(Illuminate\\Routing\\Route))
#33 /var/www/TRDSv2_memo/vendor/laravel/framework/src/Illuminate/Routing/Router.php(612): Illuminate\\Routing\\Router->dispatchToRoute(Object(Illuminate\\Http\\Request))
#34 /var/www/TRDSv2_memo/vendor/laravel/framework/src/Illuminate/Foundation/Http/Kernel.php(176): Illuminate\\Routing\\Router->dispatch(Object(Illuminate\\Http\\Request))
#35 /var/www/TRDSv2_memo/vendor/laravel/framework/src/Illuminate/Routing/Pipeline.php(30): Illuminate\\Foundation\\Http\\Kernel->Illuminate\\Foundation\\Http\\{closure}(Object(Illuminate\\Http\\Request))
#36 /var/www/TRDSv2_memo/vendor/laravel/framework/src/Illuminate/Foundation/Http/Middleware/TransformsRequest.php(21): Illuminate\\Routing\\Pipeline->Illuminate\\Routing\\{closure}(Object(Illuminate\\Http\\Request))
#37 /var/www/TRDSv2_memo/vendor/laravel/framework/src/Illuminate/Pipeline/Pipeline.php(163): Illuminate\\Foundation\\Http\\Middleware\\TransformsRequest->handle(Object(Illuminate\\Http\\Request), Object(Closure))
#38 /var/www/TRDSv2_memo/vendor/laravel/framework/src/Illuminate/Routing/Pipeline.php(53): Illuminate\\Pipeline\\Pipeline->Illuminate\\Pipeline\\{closure}(Object(Illuminate\\Http\\Request))
#39 /var/www/TRDSv2_memo/vendor/laravel/framework/src/Illuminate/Foundation/Http/Middleware/TransformsRequest.php(21): Illuminate\\Routing\\Pipeline->Illuminate\\Routing\\{closure}(Object(Illuminate\\Http\\Request))
#40 /var/www/TRDSv2_memo/vendor/laravel/framework/src/Illuminate/Pipeline/Pipeline.php(163): Illuminate\\Foundation\\Http\\Middleware\\TransformsRequest->handle(Object(Illuminate\\Http\\Request), Object(Closure))
#41 /var/www/TRDSv2_memo/vendor/laravel/framework/src/Illuminate/Routing/Pipeline.php(53): Illuminate\\Pipeline\\Pipeline->Illuminate\\Pipeline\\{closure}(Object(Illuminate\\Http\\Request))
#42 /var/www/TRDSv2_memo/vendor/laravel/framework/src/Illuminate/Foundation/Http/Middleware/ValidatePostSize.php(27): Illuminate\\Routing\\Pipeline->Illuminate\\Routing\\{closure}(Object(Illuminate\\Http\\Request))
#43 /var/www/TRDSv2_memo/vendor/laravel/framework/src/Illuminate/Pipeline/Pipeline.php(163): Illuminate\\Foundation\\Http\\Middleware\\ValidatePostSize->handle(Object(Illuminate\\Http\\Request), Object(Closure))
#44 /var/www/TRDSv2_memo/vendor/laravel/framework/src/Illuminate/Routing/Pipeline.php(53): Illuminate\\Pipeline\\Pipeline->Illuminate\\Pipeline\\{closure}(Object(Illuminate\\Http\\Request))
#45 /var/www/TRDSv2_memo/vendor/laravel/framework/src/Illuminate/Foundation/Http/Middleware/CheckForMaintenanceMode.php(62): Illuminate\\Routing\\Pipeline->Illuminate\\Routing\\{closure}(Object(Illuminate\\Http\\Request))
#46 /var/www/TRDSv2_memo/vendor/laravel/framework/src/Illuminate/Pipeline/Pipeline.php(163): Illuminate\\Foundation\\Http\\Middleware\\CheckForMaintenanceMode->handle(Object(Illuminate\\Http\\Request), Object(Closure))
#47 /var/www/TRDSv2_memo/vendor/laravel/framework/src/Illuminate/Routing/Pipeline.php(53): Illuminate\\Pipeline\\Pipeline->Illuminate\\Pipeline\\{closure}(Object(Illuminate\\Http\\Request))
#48 /var/www/TRDSv2_memo/vendor/fideloper/proxy/src/TrustProxies.php(57): Illuminate\\Routing\\Pipeline->Illuminate\\Routing\\{closure}(Object(Illuminate\\Http\\Request))
#49 /var/www/TRDSv2_memo/vendor/laravel/framework/src/Illuminate/Pipeline/Pipeline.php(163): Fideloper\\Proxy\\TrustProxies->handle(Object(Illuminate\\Http\\Request), Object(Closure))
#50 /var/www/TRDSv2_memo/vendor/laravel/framework/src/Illuminate/Routing/Pipeline.php(53): Illuminate\\Pipeline\\Pipeline->Illuminate\\Pipeline\\{closure}(Object(Illuminate\\Http\\Request))
#51 /var/www/TRDSv2_memo/vendor/laravel/framework/src/Illuminate/Pipeline/Pipeline.php(104): Illuminate\\Routing\\Pipeline->Illuminate\\Routing\\{closure}(Object(Illuminate\\Http\\Request))
#52 /var/www/TRDSv2_memo/vendor/laravel/framework/src/Illuminate/Foundation/Http/Kernel.php(151): Illuminate\\Pipeline\\Pipeline->then(Object(Closure))
#53 /var/www/TRDSv2_memo/vendor/laravel/framework/src/Illuminate/Foundation/Http/Kernel.php(116): Illuminate\\Foundation\\Http\\Kernel->sendRequestThroughRouter(Object(Illuminate\\Http\\Request))
#54 /var/www/TRDSv2_memo/index.php(55): Illuminate\\Foundation\\Http\\Kernel->handle(Object(Illuminate\\Http\\Request))
#55 {main}
"} 
[2026-03-03 05:43:34] local.ERROR: Undefined variable: globalUser (View: /var/www/TRDSv2_memo/resources/views/hr_memo_approval.blade.php) {"exception":"[object] (ErrorException(code: 0): Undefined variable: globalUser (View: /var/www/TRDSv2_memo/resources/views/hr_memo_approval.blade.php) at /var/www/TRDSv2_memo/storage/framework/views/58b9910573448957948bec237548ba4ea2bf8e73.php:45, ErrorException(code: 0): Undefined variable: globalUser at /var/www/TRDSv2_memo/storage/framework/views/58b9910573448957948bec237548ba4ea2bf8e73.php:45)
[stacktrace]
#0 /var/www/TRDSv2_memo/vendor/laravel/framework/src/Illuminate/View/Engines/PhpEngine.php(45): Illuminate\\View\\Engines\\CompilerEngine->handleViewException(Object(ErrorException), 1)
#1 /var/www/TRDSv2_memo/vendor/laravel/framework/src/Illuminate/View/Engines/CompilerEngine.php(59): Illuminate\\View\\Engines\\PhpEngine->evaluatePath('/var/www/TRDSv2...', Array)
#2 /var/www/TRDSv2_memo/vendor/laravel/framework/src/Illuminate/View/View.php(142): Illuminate\\View\\Engines\\CompilerEngine->get('/var/www/TRDSv2...', Array)
#3 /var/www/TRDSv2_memo/vendor/laravel/framework/src/Illuminate/View/View.php(125): Illuminate\\View\\View->getContents()
#4 /var/www/TRDSv2_memo/vendor/laravel/framework/src/Illuminate/View/View.php(90): Illuminate\\View\\View->renderContents()
#5 /var/www/TRDSv2_memo/vendor/laravel/framework/src/Illuminate/Http/Response.php(42): Illuminate\\View\\View->render()
#6 /var/www/TRDSv2_memo/vendor/symfony/http-foundation/Response.php(202): Illuminate\\Http\\Response->setContent(Object(Illuminate\\View\\View))
#7 /var/www/TRDSv2_memo/vendor/laravel/framework/src/Illuminate/Routing/Router.php(748): Symfony\\Component\\HttpFoundation\\Response->__construct(Object(Illuminate\\View\\View))
#8 /var/www/TRDSv2_memo/vendor/laravel/framework/src/Illuminate/Routing/Router.php(720): Illuminate\\Routing\\Router::toResponse(Object(Illuminate\\Http\\Request), Object(Illuminate\\View\\View))
#9 /var/www/TRDSv2_memo/vendor/laravel/framework/src/Illuminate/Routing/Router.php(680): Illuminate\\Routing\\Router->prepareResponse(Object(Illuminate\\Http\\Request), Object(Illuminate\\View\\View))
#10 /var/www/TRDSv2_memo/vendor/laravel/framework/src/Illuminate/Routing/Pipeline.php(30): Illuminate\\Routing\\Router->Illuminate\\Routing\\{closure}(Object(Illuminate\\Http\\Request))
#11 /var/www/TRDSv2_memo/vendor/laravel/framework/src/Illuminate/Routing/Middleware/SubstituteBindings.php(41): Illuminate\\Routing\\Pipeline->Illuminate\\Routing\\{closure}(Object(Illuminate\\Http\\Request))
#12 /var/www/TRDSv2_memo/vendor/laravel/framework/src/Illuminate/Pipeline/Pipeline.php(163): Illuminate\\Routing\\Middleware\\SubstituteBindings->handle(Object(Illuminate\\Http\\Request), Object(Closure))
#13 /var/www/TRDSv2_memo/vendor/laravel/framework/src/Illuminate/Routing/Pipeline.php(53): Illuminate\\Pipeline\\Pipeline->Illuminate\\Pipeline\\{closure}(Object(Illuminate\\Http\\Request))
#14 /var/www/TRDSv2_memo/vendor/laravel/framework/src/Illuminate/Foundation/Http/Middleware/VerifyCsrfToken.php(75): Illuminate\\Routing\\Pipeline->Illuminate\\Routing\\{closure}(Object(Illuminate\\Http\\Request))
#15 /var/www/TRDSv2_memo/vendor/laravel/framework/src/Illuminate/Pipeline/Pipeline.php(163): Illuminate\\Foundation\\Http\\Middleware\\VerifyCsrfToken->handle(Object(Illuminate\\Http\\Request), Object(Closure))
#16 /var/www/TRDSv2_memo/vendor/laravel/framework/src/Illuminate/Routing/Pipeline.php(53): Illuminate\\Pipeline\\Pipeline->Illuminate\\Pipeline\\{closure}(Object(Illuminate\\Http\\Request))
#17 /var/www/TRDSv2_memo/vendor/laravel/framework/src/Illuminate/View/Middleware/ShareErrorsFromSession.php(49): Illuminate\\Routing\\Pipeline->Illuminate\\Routing\\{closure}(Object(Illuminate\\Http\\Request))
#18 /var/www/TRDSv2_memo/vendor/laravel/framework/src/Illuminate/Pipeline/Pipeline.php(163): Illuminate\\View\\Middleware\\ShareErrorsFromSession->handle(Object(Illuminate\\Http\\Request), Object(Closure))
#19 /var/www/TRDSv2_memo/vendor/laravel/framework/src/Illuminate/Routing/Pipeline.php(53): Illuminate\\Pipeline\\Pipeline->Illuminate\\Pipeline\\{closure}(Object(Illuminate\\Http\\Request))
#20 /var/www/TRDSv2_memo/vendor/laravel/framework/src/Illuminate/Session/Middleware/StartSession.php(56): Illuminate\\Routing\\Pipeline->Illuminate\\Routing\\{closure}(Object(Illuminate\\Http\\Request))
#21 /var/www/TRDSv2_memo/vendor/laravel/framework/src/Illuminate/Pipeline/Pipeline.php(163): Illuminate\\Session\\Middleware\\StartSession->handle(Object(Illuminate\\Http\\Request), Object(Closure))
#22 /var/www/TRDSv2_memo/vendor/laravel/framework/src/Illuminate/Routing/Pipeline.php(53): Illuminate\\Pipeline\\Pipeline->Illuminate\\Pipeline\\{closure}(Object(Illuminate\\Http\\Request))
#23 /var/www/TRDSv2_memo/vendor/laravel/framework/src/Illuminate/Cookie/Middleware/AddQueuedCookiesToResponse.php(37): Illuminate\\Routing\\Pipeline->Illuminate\\Routing\\{closure}(Object(Illuminate\\Http\\Request))
#24 /var/www/TRDSv2_memo/vendor/laravel/framework/src/Illuminate/Pipeline/Pipeline.php(163): Illuminate\\Cookie\\Middleware\\AddQueuedCookiesToResponse->handle(Object(Illuminate\\Http\\Request), Object(Closure))
#25 /var/www/TRDSv2_memo/vendor/laravel/framework/src/Illuminate/Routing/Pipeline.php(53): Illuminate\\Pipeline\\Pipeline->Illuminate\\Pipeline\\{closure}(Object(Illuminate\\Http\\Request))
#26 /var/www/TRDSv2_memo/vendor/laravel/framework/src/Illuminate/Cookie/Middleware/EncryptCookies.php(66): Illuminate\\Routing\\Pipeline->Illuminate\\Routing\\{closure}(Object(Illuminate\\Http\\Request))
#27 /var/www/TRDSv2_memo/vendor/laravel/framework/src/Illuminate/Pipeline/Pipeline.php(163): Illuminate\\Cookie\\Middleware\\EncryptCookies->handle(Object(Illuminate\\Http\\Request), Object(Closure))
#28 /var/www/TRDSv2_memo/vendor/laravel/framework/src/Illuminate/Routing/Pipeline.php(53): Illuminate\\Pipeline\\Pipeline->Illuminate\\Pipeline\\{closure}(Object(Illuminate\\Http\\Request))
#29 /var/www/TRDSv2_memo/vendor/laravel/framework/src/Illuminate/Pipeline/Pipeline.php(104): Illuminate\\Routing\\Pipeline->Illuminate\\Routing\\{closure}(Object(Illuminate\\Http\\Request))
#30 /var/www/TRDSv2_memo/vendor/laravel/framework/src/Illuminate/Routing/Router.php(682): Illuminate\\Pipeline\\Pipeline->then(Object(Closure))
#31 /var/www/TRDSv2_memo/vendor/laravel/framework/src/Illuminate/Routing/Router.php(657): Illuminate\\Routing\\Router->runRouteWithinStack(Object(Illuminate\\Routing\\Route), Object(Illuminate\\Http\\Request))
#32 /var/www/TRDSv2_memo/vendor/laravel/framework/src/Illuminate/Routing/Router.php(623): Illuminate\\Routing\\Router->runRoute(Object(Illuminate\\Http\\Request), Object(Illuminate\\Routing\\Route))
#33 /var/www/TRDSv2_memo/vendor/laravel/framework/src/Illuminate/Routing/Router.php(612): Illuminate\\Routing\\Router->dispatchToRoute(Object(Illuminate\\Http\\Request))
#34 /var/www/TRDSv2_memo/vendor/laravel/framework/src/Illuminate/Foundation/Http/Kernel.php(176): Illuminate\\Routing\\Router->dispatch(Object(Illuminate\\Http\\Request))
#35 /var/www/TRDSv2_memo/vendor/laravel/framework/src/Illuminate/Routing/Pipeline.php(30): Illuminate\\Foundation\\Http\\Kernel->Illuminate\\Foundation\\Http\\{closure}(Object(Illuminate\\Http\\Request))
#36 /var/www/TRDSv2_memo/vendor/laravel/framework/src/Illuminate/Foundation/Http/Middleware/TransformsRequest.php(21): Illuminate\\Routing\\Pipeline->Illuminate\\Routing\\{closure}(Object(Illuminate\\Http\\Request))
#37 /var/www/TRDSv2_memo/vendor/laravel/framework/src/Illuminate/Pipeline/Pipeline.php(163): Illuminate\\Foundation\\Http\\Middleware\\TransformsRequest->handle(Object(Illuminate\\Http\\Request), Object(Closure))
#38 /var/www/TRDSv2_memo/vendor/laravel/framework/src/Illuminate/Routing/Pipeline.php(53): Illuminate\\Pipeline\\Pipeline->Illuminate\\Pipeline\\{closure}(Object(Illuminate\\Http\\Request))
#39 /var/www/TRDSv2_memo/vendor/laravel/framework/src/Illuminate/Foundation/Http/Middleware/TransformsRequest.php(21): Illuminate\\Routing\\Pipeline->Illuminate\\Routing\\{closure}(Object(Illuminate\\Http\\Request))
#40 /var/www/TRDSv2_memo/vendor/laravel/framework/src/Illuminate/Pipeline/Pipeline.php(163): Illuminate\\Foundation\\Http\\Middleware\\TransformsRequest->handle(Object(Illuminate\\Http\\Request), Object(Closure))
#41 /var/www/TRDSv2_memo/vendor/laravel/framework/src/Illuminate/Routing/Pipeline.php(53): Illuminate\\Pipeline\\Pipeline->Illuminate\\Pipeline\\{closure}(Object(Illuminate\\Http\\Request))
#42 /var/www/TRDSv2_memo/vendor/laravel/framework/src/Illuminate/Foundation/Http/Middleware/ValidatePostSize.php(27): Illuminate\\Routing\\Pipeline->Illuminate\\Routing\\{closure}(Object(Illuminate\\Http\\Request))
#43 /var/www/TRDSv2_memo/vendor/laravel/framework/src/Illuminate/Pipeline/Pipeline.php(163): Illuminate\\Foundation\\Http\\Middleware\\ValidatePostSize->handle(Object(Illuminate\\Http\\Request), Object(Closure))
#44 /var/www/TRDSv2_memo/vendor/laravel/framework/src/Illuminate/Routing/Pipeline.php(53): Illuminate\\Pipeline\\Pipeline->Illuminate\\Pipeline\\{closure}(Object(Illuminate\\Http\\Request))
#45 /var/www/TRDSv2_memo/vendor/laravel/framework/src/Illuminate/Foundation/Http/Middleware/CheckForMaintenanceMode.php(62): Illuminate\\Routing\\Pipeline->Illuminate\\Routing\\{closure}(Object(Illuminate\\Http\\Request))
#46 /var/www/TRDSv2_memo/vendor/laravel/framework/src/Illuminate/Pipeline/Pipeline.php(163): Illuminate\\Foundation\\Http\\Middleware\\CheckForMaintenanceMode->handle(Object(Illuminate\\Http\\Request), Object(Closure))
#47 /var/www/TRDSv2_memo/vendor/laravel/framework/src/Illuminate/Routing/Pipeline.php(53): Illuminate\\Pipeline\\Pipeline->Illuminate\\Pipeline\\{closure}(Object(Illuminate\\Http\\Request))
#48 /var/www/TRDSv2_memo/vendor/fideloper/proxy/src/TrustProxies.php(57): Illuminate\\Routing\\Pipeline->Illuminate\\Routing\\{closure}(Object(Illuminate\\Http\\Request))
#49 /var/www/TRDSv2_memo/vendor/laravel/framework/src/Illuminate/Pipeline/Pipeline.php(163): Fideloper\\Proxy\\TrustProxies->handle(Object(Illuminate\\Http\\Request), Object(Closure))
#50 /var/www/TRDSv2_memo/vendor/laravel/framework/src/Illuminate/Routing/Pipeline.php(53): Illuminate\\Pipeline\\Pipeline->Illuminate\\Pipeline\\{closure}(Object(Illuminate\\Http\\Request))
#51 /var/www/TRDSv2_memo/vendor/laravel/framework/src/Illuminate/Pipeline/Pipeline.php(104): Illuminate\\Routing\\Pipeline->Illuminate\\Routing\\{closure}(Object(Illuminate\\Http\\Request))
#52 /var/www/TRDSv2_memo/vendor/laravel/framework/src/Illuminate/Foundation/Http/Kernel.php(151): Illuminate\\Pipeline\\Pipeline->then(Object(Closure))
#53 /var/www/TRDSv2_memo/vendor/laravel/framework/src/Illuminate/Foundation/Http/Kernel.php(116): Illuminate\\Foundation\\Http\\Kernel->sendRequestThroughRouter(Object(Illuminate\\Http\\Request))
#54 /var/www/TRDSv2_memo/index.php(55): Illuminate\\Foundation\\Http\\Kernel->handle(Object(Illuminate\\Http\\Request))
#55 {main}
"} 
[2026-03-03 05:43:44] local.ERROR: Route [export_excel] not defined. (View: /var/www/TRDSv2_memo/resources/views/hr_memo_approval.blade.php) {"exception":"[object] (ErrorException(code: 0): Route [export_excel] not defined. (View: /var/www/TRDSv2_memo/resources/views/hr_memo_approval.blade.php) at /var/www/TRDSv2_memo/vendor/laravel/framework/src/Illuminate/Routing/UrlGenerator.php:388, InvalidArgumentException(code: 0): Route [export_excel] not defined. at /var/www/TRDSv2_memo/vendor/laravel/framework/src/Illuminate/Routing/UrlGenerator.php:388)
[stacktrace]
#0 /var/www/TRDSv2_memo/vendor/laravel/framework/src/Illuminate/View/Engines/PhpEngine.php(45): Illuminate\\View\\Engines\\CompilerEngine->handleViewException(Object(InvalidArgumentException), 1)
#1 /var/www/TRDSv2_memo/vendor/laravel/framework/src/Illuminate/View/Engines/CompilerEngine.php(59): Illuminate\\View\\Engines\\PhpEngine->evaluatePath('/var/www/TRDSv2...', Array)
#2 /var/www/TRDSv2_memo/vendor/laravel/framework/src/Illuminate/View/View.php(142): Illuminate\\View\\Engines\\CompilerEngine->get('/var/www/TRDSv2...', Array)
#3 /var/www/TRDSv2_memo/vendor/laravel/framework/src/Illuminate/View/View.php(125): Illuminate\\View\\View->getContents()
#4 /var/www/TRDSv2_memo/vendor/laravel/framework/src/Illuminate/View/View.php(90): Illuminate\\View\\View->renderContents()
#5 /var/www/TRDSv2_memo/vendor/laravel/framework/src/Illuminate/Http/Response.php(42): Illuminate\\View\\View->render()
#6 /var/www/TRDSv2_memo/vendor/symfony/http-foundation/Response.php(202): Illuminate\\Http\\Response->setContent(Object(Illuminate\\View\\View))
#7 /var/www/TRDSv2_memo/vendor/laravel/framework/src/Illuminate/Routing/Router.php(748): Symfony\\Component\\HttpFoundation\\Response->__construct(Object(Illuminate\\View\\View))
#8 /var/www/TRDSv2_memo/vendor/laravel/framework/src/Illuminate/Routing/Router.php(720): Illuminate\\Routing\\Router::toResponse(Object(Illuminate\\Http\\Request), Object(Illuminate\\View\\View))
#9 /var/www/TRDSv2_memo/vendor/laravel/framework/src/Illuminate/Routing/Router.php(680): Illuminate\\Routing\\Router->prepareResponse(Object(Illuminate\\Http\\Request), Object(Illuminate\\View\\View))
#10 /var/www/TRDSv2_memo/vendor/laravel/framework/src/Illuminate/Routing/Pipeline.php(30): Illuminate\\Routing\\Router->Illuminate\\Routing\\{closure}(Object(Illuminate\\Http\\Request))
#11 /var/www/TRDSv2_memo/vendor/laravel/framework/src/Illuminate/Routing/Middleware/SubstituteBindings.php(41): Illuminate\\Routing\\Pipeline->Illuminate\\Routing\\{closure}(Object(Illuminate\\Http\\Request))
#12 /var/www/TRDSv2_memo/vendor/laravel/framework/src/Illuminate/Pipeline/Pipeline.php(163): Illuminate\\Routing\\Middleware\\SubstituteBindings->handle(Object(Illuminate\\Http\\Request), Object(Closure))
#13 /var/www/TRDSv2_memo/vendor/laravel/framework/src/Illuminate/Routing/Pipeline.php(53): Illuminate\\Pipeline\\Pipeline->Illuminate\\Pipeline\\{closure}(Object(Illuminate\\Http\\Request))
#14 /var/www/TRDSv2_memo/vendor/laravel/framework/src/Illuminate/Foundation/Http/Middleware/VerifyCsrfToken.php(75): Illuminate\\Routing\\Pipeline->Illuminate\\Routing\\{closure}(Object(Illuminate\\Http\\Request))
#15 /var/www/TRDSv2_memo/vendor/laravel/framework/src/Illuminate/Pipeline/Pipeline.php(163): Illuminate\\Foundation\\Http\\Middleware\\VerifyCsrfToken->handle(Object(Illuminate\\Http\\Request), Object(Closure))
#16 /var/www/TRDSv2_memo/vendor/laravel/framework/src/Illuminate/Routing/Pipeline.php(53): Illuminate\\Pipeline\\Pipeline->Illuminate\\Pipeline\\{closure}(Object(Illuminate\\Http\\Request))
#17 /var/www/TRDSv2_memo/vendor/laravel/framework/src/Illuminate/View/Middleware/ShareErrorsFromSession.php(49): Illuminate\\Routing\\Pipeline->Illuminate\\Routing\\{closure}(Object(Illuminate\\Http\\Request))
#18 /var/www/TRDSv2_memo/vendor/laravel/framework/src/Illuminate/Pipeline/Pipeline.php(163): Illuminate\\View\\Middleware\\ShareErrorsFromSession->handle(Object(Illuminate\\Http\\Request), Object(Closure))
#19 /var/www/TRDSv2_memo/vendor/laravel/framework/src/Illuminate/Routing/Pipeline.php(53): Illuminate\\Pipeline\\Pipeline->Illuminate\\Pipeline\\{closure}(Object(Illuminate\\Http\\Request))
#20 /var/www/TRDSv2_memo/vendor/laravel/framework/src/Illuminate/Session/Middleware/StartSession.php(56): Illuminate\\Routing\\Pipeline->Illuminate\\Routing\\{closure}(Object(Illuminate\\Http\\Request))
#21 /var/www/TRDSv2_memo/vendor/laravel/framework/src/Illuminate/Pipeline/Pipeline.php(163): Illuminate\\Session\\Middleware\\StartSession->handle(Object(Illuminate\\Http\\Request), Object(Closure))
#22 /var/www/TRDSv2_memo/vendor/laravel/framework/src/Illuminate/Routing/Pipeline.php(53): Illuminate\\Pipeline\\Pipeline->Illuminate\\Pipeline\\{closure}(Object(Illuminate\\Http\\Request))
#23 /var/www/TRDSv2_memo/vendor/laravel/framework/src/Illuminate/Cookie/Middleware/AddQueuedCookiesToResponse.php(37): Illuminate\\Routing\\Pipeline->Illuminate\\Routing\\{closure}(Object(Illuminate\\Http\\Request))
#24 /var/www/TRDSv2_memo/vendor/laravel/framework/src/Illuminate/Pipeline/Pipeline.php(163): Illuminate\\Cookie\\Middleware\\AddQueuedCookiesToResponse->handle(Object(Illuminate\\Http\\Request), Object(Closure))
#25 /var/www/TRDSv2_memo/vendor/laravel/framework/src/Illuminate/Routing/Pipeline.php(53): Illuminate\\Pipeline\\Pipeline->Illuminate\\Pipeline\\{closure}(Object(Illuminate\\Http\\Request))
#26 /var/www/TRDSv2_memo/vendor/laravel/framework/src/Illuminate/Cookie/Middleware/EncryptCookies.php(66): Illuminate\\Routing\\Pipeline->Illuminate\\Routing\\{closure}(Object(Illuminate\\Http\\Request))
#27 /var/www/TRDSv2_memo/vendor/laravel/framework/src/Illuminate/Pipeline/Pipeline.php(163): Illuminate\\Cookie\\Middleware\\EncryptCookies->handle(Object(Illuminate\\Http\\Request), Object(Closure))
#28 /var/www/TRDSv2_memo/vendor/laravel/framework/src/Illuminate/Routing/Pipeline.php(53): Illuminate\\Pipeline\\Pipeline->Illuminate\\Pipeline\\{closure}(Object(Illuminate\\Http\\Request))
#29 /var/www/TRDSv2_memo/vendor/laravel/framework/src/Illuminate/Pipeline/Pipeline.php(104): Illuminate\\Routing\\Pipeline->Illuminate\\Routing\\{closure}(Object(Illuminate\\Http\\Request))
#30 /var/www/TRDSv2_memo/vendor/laravel/framework/src/Illuminate/Routing/Router.php(682): Illuminate\\Pipeline\\Pipeline->then(Object(Closure))
#31 /var/www/TRDSv2_memo/vendor/laravel/framework/src/Illuminate/Routing/Router.php(657): Illuminate\\Routing\\Router->runRouteWithinStack(Object(Illuminate\\Routing\\Route), Object(Illuminate\\Http\\Request))
#32 /var/www/TRDSv2_memo/vendor/laravel/framework/src/Illuminate/Routing/Router.php(623): Illuminate\\Routing\\Router->runRoute(Object(Illuminate\\Http\\Request), Object(Illuminate\\Routing\\Route))
#33 /var/www/TRDSv2_memo/vendor/laravel/framework/src/Illuminate/Routing/Router.php(612): Illuminate\\Routing\\Router->dispatchToRoute(Object(Illuminate\\Http\\Request))
#34 /var/www/TRDSv2_memo/vendor/laravel/framework/src/Illuminate/Foundation/Http/Kernel.php(176): Illuminate\\Routing\\Router->dispatch(Object(Illuminate\\Http\\Request))
#35 /var/www/TRDSv2_memo/vendor/laravel/framework/src/Illuminate/Routing/Pipeline.php(30): Illuminate\\Foundation\\Http\\Kernel->Illuminate\\Foundation\\Http\\{closure}(Object(Illuminate\\Http\\Request))
#36 /var/www/TRDSv2_memo/vendor/laravel/framework/src/Illuminate/Foundation/Http/Middleware/TransformsRequest.php(21): Illuminate\\Routing\\Pipeline->Illuminate\\Routing\\{closure}(Object(Illuminate\\Http\\Request))
#37 /var/www/TRDSv2_memo/vendor/laravel/framework/src/Illuminate/Pipeline/Pipeline.php(163): Illuminate\\Foundation\\Http\\Middleware\\TransformsRequest->handle(Object(Illuminate\\Http\\Request), Object(Closure))
#38 /var/www/TRDSv2_memo/vendor/laravel/framework/src/Illuminate/Routing/Pipeline.php(53): Illuminate\\Pipeline\\Pipeline->Illuminate\\Pipeline\\{closure}(Object(Illuminate\\Http\\Request))
#39 /var/www/TRDSv2_memo/vendor/laravel/framework/src/Illuminate/Foundation/Http/Middleware/TransformsRequest.php(21): Illuminate\\Routing\\Pipeline->Illuminate\\Routing\\{closure}(Object(Illuminate\\Http\\Request))
#40 /var/www/TRDSv2_memo/vendor/laravel/framework/src/Illuminate/Pipeline/Pipeline.php(163): Illuminate\\Foundation\\Http\\Middleware\\TransformsRequest->handle(Object(Illuminate\\Http\\Request), Object(Closure))
#41 /var/www/TRDSv2_memo/vendor/laravel/framework/src/Illuminate/Routing/Pipeline.php(53): Illuminate\\Pipeline\\Pipeline->Illuminate\\Pipeline\\{closure}(Object(Illuminate\\Http\\Request))
#42 /var/www/TRDSv2_memo/vendor/laravel/framework/src/Illuminate/Foundation/Http/Middleware/ValidatePostSize.php(27): Illuminate\\Routing\\Pipeline->Illuminate\\Routing\\{closure}(Object(Illuminate\\Http\\Request))
#43 /var/www/TRDSv2_memo/vendor/laravel/framework/src/Illuminate/Pipeline/Pipeline.php(163): Illuminate\\Foundation\\Http\\Middleware\\ValidatePostSize->handle(Object(Illuminate\\Http\\Request), Object(Closure))
#44 /var/www/TRDSv2_memo/vendor/laravel/framework/src/Illuminate/Routing/Pipeline.php(53): Illuminate\\Pipeline\\Pipeline->Illuminate\\Pipeline\\{closure}(Object(Illuminate\\Http\\Request))
#45 /var/www/TRDSv2_memo/vendor/laravel/framework/src/Illuminate/Foundation/Http/Middleware/CheckForMaintenanceMode.php(62): Illuminate\\Routing\\Pipeline->Illuminate\\Routing\\{closure}(Object(Illuminate\\Http\\Request))
#46 /var/www/TRDSv2_memo/vendor/laravel/framework/src/Illuminate/Pipeline/Pipeline.php(163): Illuminate\\Foundation\\Http\\Middleware\\CheckForMaintenanceMode->handle(Object(Illuminate\\Http\\Request), Object(Closure))
#47 /var/www/TRDSv2_memo/vendor/laravel/framework/src/Illuminate/Routing/Pipeline.php(53): Illuminate\\Pipeline\\Pipeline->Illuminate\\Pipeline\\{closure}(Object(Illuminate\\Http\\Request))
#48 /var/www/TRDSv2_memo/vendor/fideloper/proxy/src/TrustProxies.php(57): Illuminate\\Routing\\Pipeline->Illuminate\\Routing\\{closure}(Object(Illuminate\\Http\\Request))
#49 /var/www/TRDSv2_memo/vendor/laravel/framework/src/Illuminate/Pipeline/Pipeline.php(163): Fideloper\\Proxy\\TrustProxies->handle(Object(Illuminate\\Http\\Request), Object(Closure))
#50 /var/www/TRDSv2_memo/vendor/laravel/framework/src/Illuminate/Routing/Pipeline.php(53): Illuminate\\Pipeline\\Pipeline->Illuminate\\Pipeline\\{closure}(Object(Illuminate\\Http\\Request))
#51 /var/www/TRDSv2_memo/vendor/laravel/framework/src/Illuminate/Pipeline/Pipeline.php(104): Illuminate\\Routing\\Pipeline->Illuminate\\Routing\\{closure}(Object(Illuminate\\Http\\Request))
#52 /var/www/TRDSv2_memo/vendor/laravel/framework/src/Illuminate/Foundation/Http/Kernel.php(151): Illuminate\\Pipeline\\Pipeline->then(Object(Closure))
#53 /var/www/TRDSv2_memo/vendor/laravel/framework/src/Illuminate/Foundation/Http/Kernel.php(116): Illuminate\\Foundation\\Http\\Kernel->sendRequestThroughRouter(Object(Illuminate\\Http\\Request))
#54 /var/www/TRDSv2_memo/index.php(55): Illuminate\\Foundation\\Http\\Kernel->handle(Object(Illuminate\\Http\\Request))
#55 {main}
"} 
[2026-03-03 05:43:45] local.ERROR: Route [export_excel] not defined. (View: /var/www/TRDSv2_memo/resources/views/hr_memo_approval.blade.php) {"exception":"[object] (ErrorException(code: 0): Route [export_excel] not defined. (View: /var/www/TRDSv2_memo/resources/views/hr_memo_approval.blade.php) at /var/www/TRDSv2_memo/vendor/laravel/framework/src/Illuminate/Routing/UrlGenerator.php:388, InvalidArgumentException(code: 0): Route [export_excel] not defined. at /var/www/TRDSv2_memo/vendor/laravel/framework/src/Illuminate/Routing/UrlGenerator.php:388)
[stacktrace]
#0 /var/www/TRDSv2_memo/vendor/laravel/framework/src/Illuminate/View/Engines/PhpEngine.php(45): Illuminate\\View\\Engines\\CompilerEngine->handleViewException(Object(InvalidArgumentException), 1)
#1 /var/www/TRDSv2_memo/vendor/laravel/framework/src/Illuminate/View/Engines/CompilerEngine.php(59): Illuminate\\View\\Engines\\PhpEngine->evaluatePath('/var/www/TRDSv2...', Array)
#2 /var/www/TRDSv2_memo/vendor/laravel/framework/src/Illuminate/View/View.php(142): Illuminate\\View\\Engines\\CompilerEngine->get('/var/www/TRDSv2...', Array)
#3 /var/www/TRDSv2_memo/vendor/laravel/framework/src/Illuminate/View/View.php(125): Illuminate\\View\\View->getContents()
#4 /var/www/TRDSv2_memo/vendor/laravel/framework/src/Illuminate/View/View.php(90): Illuminate\\View\\View->renderContents()
#5 /var/www/TRDSv2_memo/vendor/laravel/framework/src/Illuminate/Http/Response.php(42): Illuminate\\View\\View->render()
#6 /var/www/TRDSv2_memo/vendor/symfony/http-foundation/Response.php(202): Illuminate\\Http\\Response->setContent(Object(Illuminate\\View\\View))
#7 /var/www/TRDSv2_memo/vendor/laravel/framework/src/Illuminate/Routing/Router.php(748): Symfony\\Component\\HttpFoundation\\Response->__construct(Object(Illuminate\\View\\View))
#8 /var/www/TRDSv2_memo/vendor/laravel/framework/src/Illuminate/Routing/Router.php(720): Illuminate\\Routing\\Router::toResponse(Object(Illuminate\\Http\\Request), Object(Illuminate\\View\\View))
#9 /var/www/TRDSv2_memo/vendor/laravel/framework/src/Illuminate/Routing/Router.php(680): Illuminate\\Routing\\Router->prepareResponse(Object(Illuminate\\Http\\Request), Object(Illuminate\\View\\View))
#10 /var/www/TRDSv2_memo/vendor/laravel/framework/src/Illuminate/Routing/Pipeline.php(30): Illuminate\\Routing\\Router->Illuminate\\Routing\\{closure}(Object(Illuminate\\Http\\Request))
#11 /var/www/TRDSv2_memo/vendor/laravel/framework/src/Illuminate/Routing/Middleware/SubstituteBindings.php(41): Illuminate\\Routing\\Pipeline->Illuminate\\Routing\\{closure}(Object(Illuminate\\Http\\Request))
#12 /var/www/TRDSv2_memo/vendor/laravel/framework/src/Illuminate/Pipeline/Pipeline.php(163): Illuminate\\Routing\\Middleware\\SubstituteBindings->handle(Object(Illuminate\\Http\\Request), Object(Closure))
#13 /var/www/TRDSv2_memo/vendor/laravel/framework/src/Illuminate/Routing/Pipeline.php(53): Illuminate\\Pipeline\\Pipeline->Illuminate\\Pipeline\\{closure}(Object(Illuminate\\Http\\Request))
#14 /var/www/TRDSv2_memo/vendor/laravel/framework/src/Illuminate/Foundation/Http/Middleware/VerifyCsrfToken.php(75): Illuminate\\Routing\\Pipeline->Illuminate\\Routing\\{closure}(Object(Illuminate\\Http\\Request))
#15 /var/www/TRDSv2_memo/vendor/laravel/framework/src/Illuminate/Pipeline/Pipeline.php(163): Illuminate\\Foundation\\Http\\Middleware\\VerifyCsrfToken->handle(Object(Illuminate\\Http\\Request), Object(Closure))
#16 /var/www/TRDSv2_memo/vendor/laravel/framework/src/Illuminate/Routing/Pipeline.php(53): Illuminate\\Pipeline\\Pipeline->Illuminate\\Pipeline\\{closure}(Object(Illuminate\\Http\\Request))
#17 /var/www/TRDSv2_memo/vendor/laravel/framework/src/Illuminate/View/Middleware/ShareErrorsFromSession.php(49): Illuminate\\Routing\\Pipeline->Illuminate\\Routing\\{closure}(Object(Illuminate\\Http\\Request))
#18 /var/www/TRDSv2_memo/vendor/laravel/framework/src/Illuminate/Pipeline/Pipeline.php(163): Illuminate\\View\\Middleware\\ShareErrorsFromSession->handle(Object(Illuminate\\Http\\Request), Object(Closure))
#19 /var/www/TRDSv2_memo/vendor/laravel/framework/src/Illuminate/Routing/Pipeline.php(53): Illuminate\\Pipeline\\Pipeline->Illuminate\\Pipeline\\{closure}(Object(Illuminate\\Http\\Request))
#20 /var/www/TRDSv2_memo/vendor/laravel/framework/src/Illuminate/Session/Middleware/StartSession.php(56): Illuminate\\Routing\\Pipeline->Illuminate\\Routing\\{closure}(Object(Illuminate\\Http\\Request))
#21 /var/www/TRDSv2_memo/vendor/laravel/framework/src/Illuminate/Pipeline/Pipeline.php(163): Illuminate\\Session\\Middleware\\StartSession->handle(Object(Illuminate\\Http\\Request), Object(Closure))
#22 /var/www/TRDSv2_memo/vendor/laravel/framework/src/Illuminate/Routing/Pipeline.php(53): Illuminate\\Pipeline\\Pipeline->Illuminate\\Pipeline\\{closure}(Object(Illuminate\\Http\\Request))
#23 /var/www/TRDSv2_memo/vendor/laravel/framework/src/Illuminate/Cookie/Middleware/AddQueuedCookiesToResponse.php(37): Illuminate\\Routing\\Pipeline->Illuminate\\Routing\\{closure}(Object(Illuminate\\Http\\Request))
#24 /var/www/TRDSv2_memo/vendor/laravel/framework/src/Illuminate/Pipeline/Pipeline.php(163): Illuminate\\Cookie\\Middleware\\AddQueuedCookiesToResponse->handle(Object(Illuminate\\Http\\Request), Object(Closure))
#25 /var/www/TRDSv2_memo/vendor/laravel/framework/src/Illuminate/Routing/Pipeline.php(53): Illuminate\\Pipeline\\Pipeline->Illuminate\\Pipeline\\{closure}(Object(Illuminate\\Http\\Request))
#26 /var/www/TRDSv2_memo/vendor/laravel/framework/src/Illuminate/Cookie/Middleware/EncryptCookies.php(66): Illuminate\\Routing\\Pipeline->Illuminate\\Routing\\{closure}(Object(Illuminate\\Http\\Request))
#27 /var/www/TRDSv2_memo/vendor/laravel/framework/src/Illuminate/Pipeline/Pipeline.php(163): Illuminate\\Cookie\\Middleware\\EncryptCookies->handle(Object(Illuminate\\Http\\Request), Object(Closure))
#28 /var/www/TRDSv2_memo/vendor/laravel/framework/src/Illuminate/Routing/Pipeline.php(53): Illuminate\\Pipeline\\Pipeline->Illuminate\\Pipeline\\{closure}(Object(Illuminate\\Http\\Request))
#29 /var/www/TRDSv2_memo/vendor/laravel/framework/src/Illuminate/Pipeline/Pipeline.php(104): Illuminate\\Routing\\Pipeline->Illuminate\\Routing\\{closure}(Object(Illuminate\\Http\\Request))
#30 /var/www/TRDSv2_memo/vendor/laravel/framework/src/Illuminate/Routing/Router.php(682): Illuminate\\Pipeline\\Pipeline->then(Object(Closure))
#31 /var/www/TRDSv2_memo/vendor/laravel/framework/src/Illuminate/Routing/Router.php(657): Illuminate\\Routing\\Router->runRouteWithinStack(Object(Illuminate\\Routing\\Route), Object(Illuminate\\Http\\Request))
#32 /var/www/TRDSv2_memo/vendor/laravel/framework/src/Illuminate/Routing/Router.php(623): Illuminate\\Routing\\Router->runRoute(Object(Illuminate\\Http\\Request), Object(Illuminate\\Routing\\Route))
#33 /var/www/TRDSv2_memo/vendor/laravel/framework/src/Illuminate/Routing/Router.php(612): Illuminate\\Routing\\Router->dispatchToRoute(Object(Illuminate\\Http\\Request))
#34 /var/www/TRDSv2_memo/vendor/laravel/framework/src/Illuminate/Foundation/Http/Kernel.php(176): Illuminate\\Routing\\Router->dispatch(Object(Illuminate\\Http\\Request))
#35 /var/www/TRDSv2_memo/vendor/laravel/framework/src/Illuminate/Routing/Pipeline.php(30): Illuminate\\Foundation\\Http\\Kernel->Illuminate\\Foundation\\Http\\{closure}(Object(Illuminate\\Http\\Request))
#36 /var/www/TRDSv2_memo/vendor/laravel/framework/src/Illuminate/Foundation/Http/Middleware/TransformsRequest.php(21): Illuminate\\Routing\\Pipeline->Illuminate\\Routing\\{closure}(Object(Illuminate\\Http\\Request))
#37 /var/www/TRDSv2_memo/vendor/laravel/framework/src/Illuminate/Pipeline/Pipeline.php(163): Illuminate\\Foundation\\Http\\Middleware\\TransformsRequest->handle(Object(Illuminate\\Http\\Request), Object(Closure))
#38 /var/www/TRDSv2_memo/vendor/laravel/framework/src/Illuminate/Routing/Pipeline.php(53): Illuminate\\Pipeline\\Pipeline->Illuminate\\Pipeline\\{closure}(Object(Illuminate\\Http\\Request))
#39 /var/www/TRDSv2_memo/vendor/laravel/framework/src/Illuminate/Foundation/Http/Middleware/TransformsRequest.php(21): Illuminate\\Routing\\Pipeline->Illuminate\\Routing\\{closure}(Object(Illuminate\\Http\\Request))
#40 /var/www/TRDSv2_memo/vendor/laravel/framework/src/Illuminate/Pipeline/Pipeline.php(163): Illuminate\\Foundation\\Http\\Middleware\\TransformsRequest->handle(Object(Illuminate\\Http\\Request), Object(Closure))
#41 /var/www/TRDSv2_memo/vendor/laravel/framework/src/Illuminate/Routing/Pipeline.php(53): Illuminate\\Pipeline\\Pipeline->Illuminate\\Pipeline\\{closure}(Object(Illuminate\\Http\\Request))
#42 /var/www/TRDSv2_memo/vendor/laravel/framework/src/Illuminate/Foundation/Http/Middleware/ValidatePostSize.php(27): Illuminate\\Routing\\Pipeline->Illuminate\\Routing\\{closure}(Object(Illuminate\\Http\\Request))
#43 /var/www/TRDSv2_memo/vendor/laravel/framework/src/Illuminate/Pipeline/Pipeline.php(163): Illuminate\\Foundation\\Http\\Middleware\\ValidatePostSize->handle(Object(Illuminate\\Http\\Request), Object(Closure))
#44 /var/www/TRDSv2_memo/vendor/laravel/framework/src/Illuminate/Routing/Pipeline.php(53): Illuminate\\Pipeline\\Pipeline->Illuminate\\Pipeline\\{closure}(Object(Illuminate\\Http\\Request))
#45 /var/www/TRDSv2_memo/vendor/laravel/framework/src/Illuminate/Foundation/Http/Middleware/CheckForMaintenanceMode.php(62): Illuminate\\Routing\\Pipeline->Illuminate\\Routing\\{closure}(Object(Illuminate\\Http\\Request))
#46 /var/www/TRDSv2_memo/vendor/laravel/framework/src/Illuminate/Pipeline/Pipeline.php(163): Illuminate\\Foundation\\Http\\Middleware\\CheckForMaintenanceMode->handle(Object(Illuminate\\Http\\Request), Object(Closure))
#47 /var/www/TRDSv2_memo/vendor/laravel/framework/src/Illuminate/Routing/Pipeline.php(53): Illuminate\\Pipeline\\Pipeline->Illuminate\\Pipeline\\{closure}(Object(Illuminate\\Http\\Request))
#48 /var/www/TRDSv2_memo/vendor/fideloper/proxy/src/TrustProxies.php(57): Illuminate\\Routing\\Pipeline->Illuminate\\Routing\\{closure}(Object(Illuminate\\Http\\Request))
#49 /var/www/TRDSv2_memo/vendor/laravel/framework/src/Illuminate/Pipeline/Pipeline.php(163): Fideloper\\Proxy\\TrustProxies->handle(Object(Illuminate\\Http\\Request), Object(Closure))
#50 /var/www/TRDSv2_memo/vendor/laravel/framework/src/Illuminate/Routing/Pipeline.php(53): Illuminate\\Pipeline\\Pipeline->Illuminate\\Pipeline\\{closure}(Object(Illuminate\\Http\\Request))
#51 /var/www/TRDSv2_memo/vendor/laravel/framework/src/Illuminate/Pipeline/Pipeline.php(104): Illuminate\\Routing\\Pipeline->Illuminate\\Routing\\{closure}(Object(Illuminate\\Http\\Request))
#52 /var/www/TRDSv2_memo/vendor/laravel/framework/src/Illuminate/Foundation/Http/Kernel.php(151): Illuminate\\Pipeline\\Pipeline->then(Object(Closure))
#53 /var/www/TRDSv2_memo/vendor/laravel/framework/src/Illuminate/Foundation/Http/Kernel.php(116): Illuminate\\Foundation\\Http\\Kernel->sendRequestThroughRouter(Object(Illuminate\\Http\\Request))
#54 /var/www/TRDSv2_memo/index.php(55): Illuminate\\Foundation\\Http\\Kernel->handle(Object(Illuminate\\Http\\Request))
#55 {main}
"} 
[2026-03-03 05:43:46] local.ERROR: Route [export_excel] not defined. (View: /var/www/TRDSv2_memo/resources/views/hr_memo_approval.blade.php) {"exception":"[object] (ErrorException(code: 0): Route [export_excel] not defined. (View: /var/www/TRDSv2_memo/resources/views/hr_memo_approval.blade.php) at /var/www/TRDSv2_memo/vendor/laravel/framework/src/Illuminate/Routing/UrlGenerator.php:388, InvalidArgumentException(code: 0): Route [export_excel] not defined. at /var/www/TRDSv2_memo/vendor/laravel/framework/src/Illuminate/Routing/UrlGenerator.php:388)
[stacktrace]
#0 /var/www/TRDSv2_memo/vendor/laravel/framework/src/Illuminate/View/Engines/PhpEngine.php(45): Illuminate\\View\\Engines\\CompilerEngine->handleViewException(Object(InvalidArgumentException), 1)
#1 /var/www/TRDSv2_memo/vendor/laravel/framework/src/Illuminate/View/Engines/CompilerEngine.php(59): Illuminate\\View\\Engines\\PhpEngine->evaluatePath('/var/www/TRDSv2...', Array)
#2 /var/www/TRDSv2_memo/vendor/laravel/framework/src/Illuminate/View/View.php(142): Illuminate\\View\\Engines\\CompilerEngine->get('/var/www/TRDSv2...', Array)
#3 /var/www/TRDSv2_memo/vendor/laravel/framework/src/Illuminate/View/View.php(125): Illuminate\\View\\View->getContents()
#4 /var/www/TRDSv2_memo/vendor/laravel/framework/src/Illuminate/View/View.php(90): Illuminate\\View\\View->renderContents()
#5 /var/www/TRDSv2_memo/vendor/laravel/framework/src/Illuminate/Http/Response.php(42): Illuminate\\View\\View->render()
#6 /var/www/TRDSv2_memo/vendor/symfony/http-foundation/Response.php(202): Illuminate\\Http\\Response->setContent(Object(Illuminate\\View\\View))
#7 /var/www/TRDSv2_memo/vendor/laravel/framework/src/Illuminate/Routing/Router.php(748): Symfony\\Component\\HttpFoundation\\Response->__construct(Object(Illuminate\\View\\View))
#8 /var/www/TRDSv2_memo/vendor/laravel/framework/src/Illuminate/Routing/Router.php(720): Illuminate\\Routing\\Router::toResponse(Object(Illuminate\\Http\\Request), Object(Illuminate\\View\\View))
#9 /var/www/TRDSv2_memo/vendor/laravel/framework/src/Illuminate/Routing/Router.php(680): Illuminate\\Routing\\Router->prepareResponse(Object(Illuminate\\Http\\Request), Object(Illuminate\\View\\View))
#10 /var/www/TRDSv2_memo/vendor/laravel/framework/src/Illuminate/Routing/Pipeline.php(30): Illuminate\\Routing\\Router->Illuminate\\Routing\\{closure}(Object(Illuminate\\Http\\Request))
#11 /var/www/TRDSv2_memo/vendor/laravel/framework/src/Illuminate/Routing/Middleware/SubstituteBindings.php(41): Illuminate\\Routing\\Pipeline->Illuminate\\Routing\\{closure}(Object(Illuminate\\Http\\Request))
#12 /var/www/TRDSv2_memo/vendor/laravel/framework/src/Illuminate/Pipeline/Pipeline.php(163): Illuminate\\Routing\\Middleware\\SubstituteBindings->handle(Object(Illuminate\\Http\\Request), Object(Closure))
#13 /var/www/TRDSv2_memo/vendor/laravel/framework/src/Illuminate/Routing/Pipeline.php(53): Illuminate\\Pipeline\\Pipeline->Illuminate\\Pipeline\\{closure}(Object(Illuminate\\Http\\Request))
#14 /var/www/TRDSv2_memo/vendor/laravel/framework/src/Illuminate/Foundation/Http/Middleware/VerifyCsrfToken.php(75): Illuminate\\Routing\\Pipeline->Illuminate\\Routing\\{closure}(Object(Illuminate\\Http\\Request))
#15 /var/www/TRDSv2_memo/vendor/laravel/framework/src/Illuminate/Pipeline/Pipeline.php(163): Illuminate\\Foundation\\Http\\Middleware\\VerifyCsrfToken->handle(Object(Illuminate\\Http\\Request), Object(Closure))
#16 /var/www/TRDSv2_memo/vendor/laravel/framework/src/Illuminate/Routing/Pipeline.php(53): Illuminate\\Pipeline\\Pipeline->Illuminate\\Pipeline\\{closure}(Object(Illuminate\\Http\\Request))
#17 /var/www/TRDSv2_memo/vendor/laravel/framework/src/Illuminate/View/Middleware/ShareErrorsFromSession.php(49): Illuminate\\Routing\\Pipeline->Illuminate\\Routing\\{closure}(Object(Illuminate\\Http\\Request))
#18 /var/www/TRDSv2_memo/vendor/laravel/framework/src/Illuminate/Pipeline/Pipeline.php(163): Illuminate\\View\\Middleware\\ShareErrorsFromSession->handle(Object(Illuminate\\Http\\Request), Object(Closure))
#19 /var/www/TRDSv2_memo/vendor/laravel/framework/src/Illuminate/Routing/Pipeline.php(53): Illuminate\\Pipeline\\Pipeline->Illuminate\\Pipeline\\{closure}(Object(Illuminate\\Http\\Request))
#20 /var/www/TRDSv2_memo/vendor/laravel/framework/src/Illuminate/Session/Middleware/StartSession.php(56): Illuminate\\Routing\\Pipeline->Illuminate\\Routing\\{closure}(Object(Illuminate\\Http\\Request))
#21 /var/www/TRDSv2_memo/vendor/laravel/framework/src/Illuminate/Pipeline/Pipeline.php(163): Illuminate\\Session\\Middleware\\StartSession->handle(Object(Illuminate\\Http\\Request), Object(Closure))
#22 /var/www/TRDSv2_memo/vendor/laravel/framework/src/Illuminate/Routing/Pipeline.php(53): Illuminate\\Pipeline\\Pipeline->Illuminate\\Pipeline\\{closure}(Object(Illuminate\\Http\\Request))
#23 /var/www/TRDSv2_memo/vendor/laravel/framework/src/Illuminate/Cookie/Middleware/AddQueuedCookiesToResponse.php(37): Illuminate\\Routing\\Pipeline->Illuminate\\Routing\\{closure}(Object(Illuminate\\Http\\Request))
#24 /var/www/TRDSv2_memo/vendor/laravel/framework/src/Illuminate/Pipeline/Pipeline.php(163): Illuminate\\Cookie\\Middleware\\AddQueuedCookiesToResponse->handle(Object(Illuminate\\Http\\Request), Object(Closure))
#25 /var/www/TRDSv2_memo/vendor/laravel/framework/src/Illuminate/Routing/Pipeline.php(53): Illuminate\\Pipeline\\Pipeline->Illuminate\\Pipeline\\{closure}(Object(Illuminate\\Http\\Request))
#26 /var/www/TRDSv2_memo/vendor/laravel/framework/src/Illuminate/Cookie/Middleware/EncryptCookies.php(66): Illuminate\\Routing\\Pipeline->Illuminate\\Routing\\{closure}(Object(Illuminate\\Http\\Request))
#27 /var/www/TRDSv2_memo/vendor/laravel/framework/src/Illuminate/Pipeline/Pipeline.php(163): Illuminate\\Cookie\\Middleware\\EncryptCookies->handle(Object(Illuminate\\Http\\Request), Object(Closure))
#28 /var/www/TRDSv2_memo/vendor/laravel/framework/src/Illuminate/Routing/Pipeline.php(53): Illuminate\\Pipeline\\Pipeline->Illuminate\\Pipeline\\{closure}(Object(Illuminate\\Http\\Request))
#29 /var/www/TRDSv2_memo/vendor/laravel/framework/src/Illuminate/Pipeline/Pipeline.php(104): Illuminate\\Routing\\Pipeline->Illuminate\\Routing\\{closure}(Object(Illuminate\\Http\\Request))
#30 /var/www/TRDSv2_memo/vendor/laravel/framework/src/Illuminate/Routing/Router.php(682): Illuminate\\Pipeline\\Pipeline->then(Object(Closure))
#31 /var/www/TRDSv2_memo/vendor/laravel/framework/src/Illuminate/Routing/Router.php(657): Illuminate\\Routing\\Router->runRouteWithinStack(Object(Illuminate\\Routing\\Route), Object(Illuminate\\Http\\Request))
#32 /var/www/TRDSv2_memo/vendor/laravel/framework/src/Illuminate/Routing/Router.php(623): Illuminate\\Routing\\Router->runRoute(Object(Illuminate\\Http\\Request), Object(Illuminate\\Routing\\Route))
#33 /var/www/TRDSv2_memo/vendor/laravel/framework/src/Illuminate/Routing/Router.php(612): Illuminate\\Routing\\Router->dispatchToRoute(Object(Illuminate\\Http\\Request))
#34 /var/www/TRDSv2_memo/vendor/laravel/framework/src/Illuminate/Foundation/Http/Kernel.php(176): Illuminate\\Routing\\Router->dispatch(Object(Illuminate\\Http\\Request))
#35 /var/www/TRDSv2_memo/vendor/laravel/framework/src/Illuminate/Routing/Pipeline.php(30): Illuminate\\Foundation\\Http\\Kernel->Illuminate\\Foundation\\Http\\{closure}(Object(Illuminate\\Http\\Request))
#36 /var/www/TRDSv2_memo/vendor/laravel/framework/src/Illuminate/Foundation/Http/Middleware/TransformsRequest.php(21): Illuminate\\Routing\\Pipeline->Illuminate\\Routing\\{closure}(Object(Illuminate\\Http\\Request))
#37 /var/www/TRDSv2_memo/vendor/laravel/framework/src/Illuminate/Pipeline/Pipeline.php(163): Illuminate\\Foundation\\Http\\Middleware\\TransformsRequest->handle(Object(Illuminate\\Http\\Request), Object(Closure))
#38 /var/www/TRDSv2_memo/vendor/laravel/framework/src/Illuminate/Routing/Pipeline.php(53): Illuminate\\Pipeline\\Pipeline->Illuminate\\Pipeline\\{closure}(Object(Illuminate\\Http\\Request))
#39 /var/www/TRDSv2_memo/vendor/laravel/framework/src/Illuminate/Foundation/Http/Middleware/TransformsRequest.php(21): Illuminate\\Routing\\Pipeline->Illuminate\\Routing\\{closure}(Object(Illuminate\\Http\\Request))
#40 /var/www/TRDSv2_memo/vendor/laravel/framework/src/Illuminate/Pipeline/Pipeline.php(163): Illuminate\\Foundation\\Http\\Middleware\\TransformsRequest->handle(Object(Illuminate\\Http\\Request), Object(Closure))
#41 /var/www/TRDSv2_memo/vendor/laravel/framework/src/Illuminate/Routing/Pipeline.php(53): Illuminate\\Pipeline\\Pipeline->Illuminate\\Pipeline\\{closure}(Object(Illuminate\\Http\\Request))
#42 /var/www/TRDSv2_memo/vendor/laravel/framework/src/Illuminate/Foundation/Http/Middleware/ValidatePostSize.php(27): Illuminate\\Routing\\Pipeline->Illuminate\\Routing\\{closure}(Object(Illuminate\\Http\\Request))
#43 /var/www/TRDSv2_memo/vendor/laravel/framework/src/Illuminate/Pipeline/Pipeline.php(163): Illuminate\\Foundation\\Http\\Middleware\\ValidatePostSize->handle(Object(Illuminate\\Http\\Request), Object(Closure))
#44 /var/www/TRDSv2_memo/vendor/laravel/framework/src/Illuminate/Routing/Pipeline.php(53): Illuminate\\Pipeline\\Pipeline->Illuminate\\Pipeline\\{closure}(Object(Illuminate\\Http\\Request))
#45 /var/www/TRDSv2_memo/vendor/laravel/framework/src/Illuminate/Foundation/Http/Middleware/CheckForMaintenanceMode.php(62): Illuminate\\Routing\\Pipeline->Illuminate\\Routing\\{closure}(Object(Illuminate\\Http\\Request))
#46 /var/www/TRDSv2_memo/vendor/laravel/framework/src/Illuminate/Pipeline/Pipeline.php(163): Illuminate\\Foundation\\Http\\Middleware\\CheckForMaintenanceMode->handle(Object(Illuminate\\Http\\Request), Object(Closure))
#47 /var/www/TRDSv2_memo/vendor/laravel/framework/src/Illuminate/Routing/Pipeline.php(53): Illuminate\\Pipeline\\Pipeline->Illuminate\\Pipeline\\{closure}(Object(Illuminate\\Http\\Request))
#48 /var/www/TRDSv2_memo/vendor/fideloper/proxy/src/TrustProxies.php(57): Illuminate\\Routing\\Pipeline->Illuminate\\Routing\\{closure}(Object(Illuminate\\Http\\Request))
#49 /var/www/TRDSv2_memo/vendor/laravel/framework/src/Illuminate/Pipeline/Pipeline.php(163): Fideloper\\Proxy\\TrustProxies->handle(Object(Illuminate\\Http\\Request), Object(Closure))
#50 /var/www/TRDSv2_memo/vendor/laravel/framework/src/Illuminate/Routing/Pipeline.php(53): Illuminate\\Pipeline\\Pipeline->Illuminate\\Pipeline\\{closure}(Object(Illuminate\\Http\\Request))
#51 /var/www/TRDSv2_memo/vendor/laravel/framework/src/Illuminate/Pipeline/Pipeline.php(104): Illuminate\\Routing\\Pipeline->Illuminate\\Routing\\{closure}(Object(Illuminate\\Http\\Request))
#52 /var/www/TRDSv2_memo/vendor/laravel/framework/src/Illuminate/Foundation/Http/Kernel.php(151): Illuminate\\Pipeline\\Pipeline->then(Object(Closure))
#53 /var/www/TRDSv2_memo/vendor/laravel/framework/src/Illuminate/Foundation/Http/Kernel.php(116): Illuminate\\Foundation\\Http\\Kernel->sendRequestThroughRouter(Object(Illuminate\\Http\\Request))
#54 /var/www/TRDSv2_memo/index.php(55): Illuminate\\Foundation\\Http\\Kernel->handle(Object(Illuminate\\Http\\Request))
#55 {main}
"} 
[2026-03-03 05:43:46] local.ERROR: Route [export_excel] not defined. (View: /var/www/TRDSv2_memo/resources/views/hr_memo_approval.blade.php) {"exception":"[object] (ErrorException(code: 0): Route [export_excel] not defined. (View: /var/www/TRDSv2_memo/resources/views/hr_memo_approval.blade.php) at /var/www/TRDSv2_memo/vendor/laravel/framework/src/Illuminate/Routing/UrlGenerator.php:388, InvalidArgumentException(code: 0): Route [export_excel] not defined. at /var/www/TRDSv2_memo/vendor/laravel/framework/src/Illuminate/Routing/UrlGenerator.php:388)
[stacktrace]
#0 /var/www/TRDSv2_memo/vendor/laravel/framework/src/Illuminate/View/Engines/PhpEngine.php(45): Illuminate\\View\\Engines\\CompilerEngine->handleViewException(Object(InvalidArgumentException), 1)
#1 /var/www/TRDSv2_memo/vendor/laravel/framework/src/Illuminate/View/Engines/CompilerEngine.php(59): Illuminate\\View\\Engines\\PhpEngine->evaluatePath('/var/www/TRDSv2...', Array)
#2 /var/www/TRDSv2_memo/vendor/laravel/framework/src/Illuminate/View/View.php(142): Illuminate\\View\\Engines\\CompilerEngine->get('/var/www/TRDSv2...', Array)
#3 /var/www/TRDSv2_memo/vendor/laravel/framework/src/Illuminate/View/View.php(125): Illuminate\\View\\View->getContents()
#4 /var/www/TRDSv2_memo/vendor/laravel/framework/src/Illuminate/View/View.php(90): Illuminate\\View\\View->renderContents()
#5 /var/www/TRDSv2_memo/vendor/laravel/framework/src/Illuminate/Http/Response.php(42): Illuminate\\View\\View->render()
#6 /var/www/TRDSv2_memo/vendor/symfony/http-foundation/Response.php(202): Illuminate\\Http\\Response->setContent(Object(Illuminate\\View\\View))
#7 /var/www/TRDSv2_memo/vendor/laravel/framework/src/Illuminate/Routing/Router.php(748): Symfony\\Component\\HttpFoundation\\Response->__construct(Object(Illuminate\\View\\View))
#8 /var/www/TRDSv2_memo/vendor/laravel/framework/src/Illuminate/Routing/Router.php(720): Illuminate\\Routing\\Router::toResponse(Object(Illuminate\\Http\\Request), Object(Illuminate\\View\\View))
#9 /var/www/TRDSv2_memo/vendor/laravel/framework/src/Illuminate/Routing/Router.php(680): Illuminate\\Routing\\Router->prepareResponse(Object(Illuminate\\Http\\Request), Object(Illuminate\\View\\View))
#10 /var/www/TRDSv2_memo/vendor/laravel/framework/src/Illuminate/Routing/Pipeline.php(30): Illuminate\\Routing\\Router->Illuminate\\Routing\\{closure}(Object(Illuminate\\Http\\Request))
#11 /var/www/TRDSv2_memo/vendor/laravel/framework/src/Illuminate/Routing/Middleware/SubstituteBindings.php(41): Illuminate\\Routing\\Pipeline->Illuminate\\Routing\\{closure}(Object(Illuminate\\Http\\Request))
#12 /var/www/TRDSv2_memo/vendor/laravel/framework/src/Illuminate/Pipeline/Pipeline.php(163): Illuminate\\Routing\\Middleware\\SubstituteBindings->handle(Object(Illuminate\\Http\\Request), Object(Closure))
#13 /var/www/TRDSv2_memo/vendor/laravel/framework/src/Illuminate/Routing/Pipeline.php(53): Illuminate\\Pipeline\\Pipeline->Illuminate\\Pipeline\\{closure}(Object(Illuminate\\Http\\Request))
#14 /var/www/TRDSv2_memo/vendor/laravel/framework/src/Illuminate/Foundation/Http/Middleware/VerifyCsrfToken.php(75): Illuminate\\Routing\\Pipeline->Illuminate\\Routing\\{closure}(Object(Illuminate\\Http\\Request))
#15 /var/www/TRDSv2_memo/vendor/laravel/framework/src/Illuminate/Pipeline/Pipeline.php(163): Illuminate\\Foundation\\Http\\Middleware\\VerifyCsrfToken->handle(Object(Illuminate\\Http\\Request), Object(Closure))
#16 /var/www/TRDSv2_memo/vendor/laravel/framework/src/Illuminate/Routing/Pipeline.php(53): Illuminate\\Pipeline\\Pipeline->Illuminate\\Pipeline\\{closure}(Object(Illuminate\\Http\\Request))
#17 /var/www/TRDSv2_memo/vendor/laravel/framework/src/Illuminate/View/Middleware/ShareErrorsFromSession.php(49): Illuminate\\Routing\\Pipeline->Illuminate\\Routing\\{closure}(Object(Illuminate\\Http\\Request))
#18 /var/www/TRDSv2_memo/vendor/laravel/framework/src/Illuminate/Pipeline/Pipeline.php(163): Illuminate\\View\\Middleware\\ShareErrorsFromSession->handle(Object(Illuminate\\Http\\Request), Object(Closure))
#19 /var/www/TRDSv2_memo/vendor/laravel/framework/src/Illuminate/Routing/Pipeline.php(53): Illuminate\\Pipeline\\Pipeline->Illuminate\\Pipeline\\{closure}(Object(Illuminate\\Http\\Request))
#20 /var/www/TRDSv2_memo/vendor/laravel/framework/src/Illuminate/Session/Middleware/StartSession.php(56): Illuminate\\Routing\\Pipeline->Illuminate\\Routing\\{closure}(Object(Illuminate\\Http\\Request))
#21 /var/www/TRDSv2_memo/vendor/laravel/framework/src/Illuminate/Pipeline/Pipeline.php(163): Illuminate\\Session\\Middleware\\StartSession->handle(Object(Illuminate\\Http\\Request), Object(Closure))
#22 /var/www/TRDSv2_memo/vendor/laravel/framework/src/Illuminate/Routing/Pipeline.php(53): Illuminate\\Pipeline\\Pipeline->Illuminate\\Pipeline\\{closure}(Object(Illuminate\\Http\\Request))
#23 /var/www/TRDSv2_memo/vendor/laravel/framework/src/Illuminate/Cookie/Middleware/AddQueuedCookiesToResponse.php(37): Illuminate\\Routing\\Pipeline->Illuminate\\Routing\\{closure}(Object(Illuminate\\Http\\Request))
#24 /var/www/TRDSv2_memo/vendor/laravel/framework/src/Illuminate/Pipeline/Pipeline.php(163): Illuminate\\Cookie\\Middleware\\AddQueuedCookiesToResponse->handle(Object(Illuminate\\Http\\Request), Object(Closure))
#25 /var/www/TRDSv2_memo/vendor/laravel/framework/src/Illuminate/Routing/Pipeline.php(53): Illuminate\\Pipeline\\Pipeline->Illuminate\\Pipeline\\{closure}(Object(Illuminate\\Http\\Request))
#26 /var/www/TRDSv2_memo/vendor/laravel/framework/src/Illuminate/Cookie/Middleware/EncryptCookies.php(66): Illuminate\\Routing\\Pipeline->Illuminate\\Routing\\{closure}(Object(Illuminate\\Http\\Request))
#27 /var/www/TRDSv2_memo/vendor/laravel/framework/src/Illuminate/Pipeline/Pipeline.php(163): Illuminate\\Cookie\\Middleware\\EncryptCookies->handle(Object(Illuminate\\Http\\Request), Object(Closure))
#28 /var/www/TRDSv2_memo/vendor/laravel/framework/src/Illuminate/Routing/Pipeline.php(53): Illuminate\\Pipeline\\Pipeline->Illuminate\\Pipeline\\{closure}(Object(Illuminate\\Http\\Request))
#29 /var/www/TRDSv2_memo/vendor/laravel/framework/src/Illuminate/Pipeline/Pipeline.php(104): Illuminate\\Routing\\Pipeline->Illuminate\\Routing\\{closure}(Object(Illuminate\\Http\\Request))
#30 /var/www/TRDSv2_memo/vendor/laravel/framework/src/Illuminate/Routing/Router.php(682): Illuminate\\Pipeline\\Pipeline->then(Object(Closure))
#31 /var/www/TRDSv2_memo/vendor/laravel/framework/src/Illuminate/Routing/Router.php(657): Illuminate\\Routing\\Router->runRouteWithinStack(Object(Illuminate\\Routing\\Route), Object(Illuminate\\Http\\Request))
#32 /var/www/TRDSv2_memo/vendor/laravel/framework/src/Illuminate/Routing/Router.php(623): Illuminate\\Routing\\Router->runRoute(Object(Illuminate\\Http\\Request), Object(Illuminate\\Routing\\Route))
#33 /var/www/TRDSv2_memo/vendor/laravel/framework/src/Illuminate/Routing/Router.php(612): Illuminate\\Routing\\Router->dispatchToRoute(Object(Illuminate\\Http\\Request))
#34 /var/www/TRDSv2_memo/vendor/laravel/framework/src/Illuminate/Foundation/Http/Kernel.php(176): Illuminate\\Routing\\Router->dispatch(Object(Illuminate\\Http\\Request))
#35 /var/www/TRDSv2_memo/vendor/laravel/framework/src/Illuminate/Routing/Pipeline.php(30): Illuminate\\Foundation\\Http\\Kernel->Illuminate\\Foundation\\Http\\{closure}(Object(Illuminate\\Http\\Request))
#36 /var/www/TRDSv2_memo/vendor/laravel/framework/src/Illuminate/Foundation/Http/Middleware/TransformsRequest.php(21): Illuminate\\Routing\\Pipeline->Illuminate\\Routing\\{closure}(Object(Illuminate\\Http\\Request))
#37 /var/www/TRDSv2_memo/vendor/laravel/framework/src/Illuminate/Pipeline/Pipeline.php(163): Illuminate\\Foundation\\Http\\Middleware\\TransformsRequest->handle(Object(Illuminate\\Http\\Request), Object(Closure))
#38 /var/www/TRDSv2_memo/vendor/laravel/framework/src/Illuminate/Routing/Pipeline.php(53): Illuminate\\Pipeline\\Pipeline->Illuminate\\Pipeline\\{closure}(Object(Illuminate\\Http\\Request))
#39 /var/www/TRDSv2_memo/vendor/laravel/framework/src/Illuminate/Foundation/Http/Middleware/TransformsRequest.php(21): Illuminate\\Routing\\Pipeline->Illuminate\\Routing\\{closure}(Object(Illuminate\\Http\\Request))
#40 /var/www/TRDSv2_memo/vendor/laravel/framework/src/Illuminate/Pipeline/Pipeline.php(163): Illuminate\\Foundation\\Http\\Middleware\\TransformsRequest->handle(Object(Illuminate\\Http\\Request), Object(Closure))
#41 /var/www/TRDSv2_memo/vendor/laravel/framework/src/Illuminate/Routing/Pipeline.php(53): Illuminate\\Pipeline\\Pipeline->Illuminate\\Pipeline\\{closure}(Object(Illuminate\\Http\\Request))
#42 /var/www/TRDSv2_memo/vendor/laravel/framework/src/Illuminate/Foundation/Http/Middleware/ValidatePostSize.php(27): Illuminate\\Routing\\Pipeline->Illuminate\\Routing\\{closure}(Object(Illuminate\\Http\\Request))
#43 /var/www/TRDSv2_memo/vendor/laravel/framework/src/Illuminate/Pipeline/Pipeline.php(163): Illuminate\\Foundation\\Http\\Middleware\\ValidatePostSize->handle(Object(Illuminate\\Http\\Request), Object(Closure))
#44 /var/www/TRDSv2_memo/vendor/laravel/framework/src/Illuminate/Routing/Pipeline.php(53): Illuminate\\Pipeline\\Pipeline->Illuminate\\Pipeline\\{closure}(Object(Illuminate\\Http\\Request))
#45 /var/www/TRDSv2_memo/vendor/laravel/framework/src/Illuminate/Foundation/Http/Middleware/CheckForMaintenanceMode.php(62): Illuminate\\Routing\\Pipeline->Illuminate\\Routing\\{closure}(Object(Illuminate\\Http\\Request))
#46 /var/www/TRDSv2_memo/vendor/laravel/framework/src/Illuminate/Pipeline/Pipeline.php(163): Illuminate\\Foundation\\Http\\Middleware\\CheckForMaintenanceMode->handle(Object(Illuminate\\Http\\Request), Object(Closure))
#47 /var/www/TRDSv2_memo/vendor/laravel/framework/src/Illuminate/Routing/Pipeline.php(53): Illuminate\\Pipeline\\Pipeline->Illuminate\\Pipeline\\{closure}(Object(Illuminate\\Http\\Request))
#48 /var/www/TRDSv2_memo/vendor/fideloper/proxy/src/TrustProxies.php(57): Illuminate\\Routing\\Pipeline->Illuminate\\Routing\\{closure}(Object(Illuminate\\Http\\Request))
#49 /var/www/TRDSv2_memo/vendor/laravel/framework/src/Illuminate/Pipeline/Pipeline.php(163): Fideloper\\Proxy\\TrustProxies->handle(Object(Illuminate\\Http\\Request), Object(Closure))
#50 /var/www/TRDSv2_memo/vendor/laravel/framework/src/Illuminate/Routing/Pipeline.php(53): Illuminate\\Pipeline\\Pipeline->Illuminate\\Pipeline\\{closure}(Object(Illuminate\\Http\\Request))
#51 /var/www/TRDSv2_memo/vendor/laravel/framework/src/Illuminate/Pipeline/Pipeline.php(104): Illuminate\\Routing\\Pipeline->Illuminate\\Routing\\{closure}(Object(Illuminate\\Http\\Request))
#52 /var/www/TRDSv2_memo/vendor/laravel/framework/src/Illuminate/Foundation/Http/Kernel.php(151): Illuminate\\Pipeline\\Pipeline->then(Object(Closure))
#53 /var/www/TRDSv2_memo/vendor/laravel/framework/src/Illuminate/Foundation/Http/Kernel.php(116): Illuminate\\Foundation\\Http\\Kernel->sendRequestThroughRouter(Object(Illuminate\\Http\\Request))
#54 /var/www/TRDSv2_memo/index.php(55): Illuminate\\Foundation\\Http\\Kernel->handle(Object(Illuminate\\Http\\Request))
#55 {main}
"} 
[2026-03-03 05:43:46] local.ERROR: Route [export_excel] not defined. (View: /var/www/TRDSv2_memo/resources/views/hr_memo_approval.blade.php) {"exception":"[object] (ErrorException(code: 0): Route [export_excel] not defined. (View: /var/www/TRDSv2_memo/resources/views/hr_memo_approval.blade.php) at /var/www/TRDSv2_memo/vendor/laravel/framework/src/Illuminate/Routing/UrlGenerator.php:388, InvalidArgumentException(code: 0): Route [export_excel] not defined. at /var/www/TRDSv2_memo/vendor/laravel/framework/src/Illuminate/Routing/UrlGenerator.php:388)
[stacktrace]
#0 /var/www/TRDSv2_memo/vendor/laravel/framework/src/Illuminate/View/Engines/PhpEngine.php(45): Illuminate\\View\\Engines\\CompilerEngine->handleViewException(Object(InvalidArgumentException), 1)
#1 /var/www/TRDSv2_memo/vendor/laravel/framework/src/Illuminate/View/Engines/CompilerEngine.php(59): Illuminate\\View\\Engines\\PhpEngine->evaluatePath('/var/www/TRDSv2...', Array)
#2 /var/www/TRDSv2_memo/vendor/laravel/framework/src/Illuminate/View/View.php(142): Illuminate\\View\\Engines\\CompilerEngine->get('/var/www/TRDSv2...', Array)
#3 /var/www/TRDSv2_memo/vendor/laravel/framework/src/Illuminate/View/View.php(125): Illuminate\\View\\View->getContents()
#4 /var/www/TRDSv2_memo/vendor/laravel/framework/src/Illuminate/View/View.php(90): Illuminate\\View\\View->renderContents()
#5 /var/www/TRDSv2_memo/vendor/laravel/framework/src/Illuminate/Http/Response.php(42): Illuminate\\View\\View->render()
#6 /var/www/TRDSv2_memo/vendor/symfony/http-foundation/Response.php(202): Illuminate\\Http\\Response->setContent(Object(Illuminate\\View\\View))
#7 /var/www/TRDSv2_memo/vendor/laravel/framework/src/Illuminate/Routing/Router.php(748): Symfony\\Component\\HttpFoundation\\Response->__construct(Object(Illuminate\\View\\View))
#8 /var/www/TRDSv2_memo/vendor/laravel/framework/src/Illuminate/Routing/Router.php(720): Illuminate\\Routing\\Router::toResponse(Object(Illuminate\\Http\\Request), Object(Illuminate\\View\\View))
#9 /var/www/TRDSv2_memo/vendor/laravel/framework/src/Illuminate/Routing/Router.php(680): Illuminate\\Routing\\Router->prepareResponse(Object(Illuminate\\Http\\Request), Object(Illuminate\\View\\View))
#10 /var/www/TRDSv2_memo/vendor/laravel/framework/src/Illuminate/Routing/Pipeline.php(30): Illuminate\\Routing\\Router->Illuminate\\Routing\\{closure}(Object(Illuminate\\Http\\Request))
#11 /var/www/TRDSv2_memo/vendor/laravel/framework/src/Illuminate/Routing/Middleware/SubstituteBindings.php(41): Illuminate\\Routing\\Pipeline->Illuminate\\Routing\\{closure}(Object(Illuminate\\Http\\Request))
#12 /var/www/TRDSv2_memo/vendor/laravel/framework/src/Illuminate/Pipeline/Pipeline.php(163): Illuminate\\Routing\\Middleware\\SubstituteBindings->handle(Object(Illuminate\\Http\\Request), Object(Closure))
#13 /var/www/TRDSv2_memo/vendor/laravel/framework/src/Illuminate/Routing/Pipeline.php(53): Illuminate\\Pipeline\\Pipeline->Illuminate\\Pipeline\\{closure}(Object(Illuminate\\Http\\Request))
#14 /var/www/TRDSv2_memo/vendor/laravel/framework/src/Illuminate/Foundation/Http/Middleware/VerifyCsrfToken.php(75): Illuminate\\Routing\\Pipeline->Illuminate\\Routing\\{closure}(Object(Illuminate\\Http\\Request))
#15 /var/www/TRDSv2_memo/vendor/laravel/framework/src/Illuminate/Pipeline/Pipeline.php(163): Illuminate\\Foundation\\Http\\Middleware\\VerifyCsrfToken->handle(Object(Illuminate\\Http\\Request), Object(Closure))
#16 /var/www/TRDSv2_memo/vendor/laravel/framework/src/Illuminate/Routing/Pipeline.php(53): Illuminate\\Pipeline\\Pipeline->Illuminate\\Pipeline\\{closure}(Object(Illuminate\\Http\\Request))
#17 /var/www/TRDSv2_memo/vendor/laravel/framework/src/Illuminate/View/Middleware/ShareErrorsFromSession.php(49): Illuminate\\Routing\\Pipeline->Illuminate\\Routing\\{closure}(Object(Illuminate\\Http\\Request))
#18 /var/www/TRDSv2_memo/vendor/laravel/framework/src/Illuminate/Pipeline/Pipeline.php(163): Illuminate\\View\\Middleware\\ShareErrorsFromSession->handle(Object(Illuminate\\Http\\Request), Object(Closure))
#19 /var/www/TRDSv2_memo/vendor/laravel/framework/src/Illuminate/Routing/Pipeline.php(53): Illuminate\\Pipeline\\Pipeline->Illuminate\\Pipeline\\{closure}(Object(Illuminate\\Http\\Request))
#20 /var/www/TRDSv2_memo/vendor/laravel/framework/src/Illuminate/Session/Middleware/StartSession.php(56): Illuminate\\Routing\\Pipeline->Illuminate\\Routing\\{closure}(Object(Illuminate\\Http\\Request))
#21 /var/www/TRDSv2_memo/vendor/laravel/framework/src/Illuminate/Pipeline/Pipeline.php(163): Illuminate\\Session\\Middleware\\StartSession->handle(Object(Illuminate\\Http\\Request), Object(Closure))
#22 /var/www/TRDSv2_memo/vendor/laravel/framework/src/Illuminate/Routing/Pipeline.php(53): Illuminate\\Pipeline\\Pipeline->Illuminate\\Pipeline\\{closure}(Object(Illuminate\\Http\\Request))
#23 /var/www/TRDSv2_memo/vendor/laravel/framework/src/Illuminate/Cookie/Middleware/AddQueuedCookiesToResponse.php(37): Illuminate\\Routing\\Pipeline->Illuminate\\Routing\\{closure}(Object(Illuminate\\Http\\Request))
#24 /var/www/TRDSv2_memo/vendor/laravel/framework/src/Illuminate/Pipeline/Pipeline.php(163): Illuminate\\Cookie\\Middleware\\AddQueuedCookiesToResponse->handle(Object(Illuminate\\Http\\Request), Object(Closure))
#25 /var/www/TRDSv2_memo/vendor/laravel/framework/src/Illuminate/Routing/Pipeline.php(53): Illuminate\\Pipeline\\Pipeline->Illuminate\\Pipeline\\{closure}(Object(Illuminate\\Http\\Request))
#26 /var/www/TRDSv2_memo/vendor/laravel/framework/src/Illuminate/Cookie/Middleware/EncryptCookies.php(66): Illuminate\\Routing\\Pipeline->Illuminate\\Routing\\{closure}(Object(Illuminate\\Http\\Request))
#27 /var/www/TRDSv2_memo/vendor/laravel/framework/src/Illuminate/Pipeline/Pipeline.php(163): Illuminate\\Cookie\\Middleware\\EncryptCookies->handle(Object(Illuminate\\Http\\Request), Object(Closure))
#28 /var/www/TRDSv2_memo/vendor/laravel/framework/src/Illuminate/Routing/Pipeline.php(53): Illuminate\\Pipeline\\Pipeline->Illuminate\\Pipeline\\{closure}(Object(Illuminate\\Http\\Request))
#29 /var/www/TRDSv2_memo/vendor/laravel/framework/src/Illuminate/Pipeline/Pipeline.php(104): Illuminate\\Routing\\Pipeline->Illuminate\\Routing\\{closure}(Object(Illuminate\\Http\\Request))
#30 /var/www/TRDSv2_memo/vendor/laravel/framework/src/Illuminate/Routing/Router.php(682): Illuminate\\Pipeline\\Pipeline->then(Object(Closure))
#31 /var/www/TRDSv2_memo/vendor/laravel/framework/src/Illuminate/Routing/Router.php(657): Illuminate\\Routing\\Router->runRouteWithinStack(Object(Illuminate\\Routing\\Route), Object(Illuminate\\Http\\Request))
#32 /var/www/TRDSv2_memo/vendor/laravel/framework/src/Illuminate/Routing/Router.php(623): Illuminate\\Routing\\Router->runRoute(Object(Illuminate\\Http\\Request), Object(Illuminate\\Routing\\Route))
#33 /var/www/TRDSv2_memo/vendor/laravel/framework/src/Illuminate/Routing/Router.php(612): Illuminate\\Routing\\Router->dispatchToRoute(Object(Illuminate\\Http\\Request))
#34 /var/www/TRDSv2_memo/vendor/laravel/framework/src/Illuminate/Foundation/Http/Kernel.php(176): Illuminate\\Routing\\Router->dispatch(Object(Illuminate\\Http\\Request))
#35 /var/www/TRDSv2_memo/vendor/laravel/framework/src/Illuminate/Routing/Pipeline.php(30): Illuminate\\Foundation\\Http\\Kernel->Illuminate\\Foundation\\Http\\{closure}(Object(Illuminate\\Http\\Request))
#36 /var/www/TRDSv2_memo/vendor/laravel/framework/src/Illuminate/Foundation/Http/Middleware/TransformsRequest.php(21): Illuminate\\Routing\\Pipeline->Illuminate\\Routing\\{closure}(Object(Illuminate\\Http\\Request))
#37 /var/www/TRDSv2_memo/vendor/laravel/framework/src/Illuminate/Pipeline/Pipeline.php(163): Illuminate\\Foundation\\Http\\Middleware\\TransformsRequest->handle(Object(Illuminate\\Http\\Request), Object(Closure))
#38 /var/www/TRDSv2_memo/vendor/laravel/framework/src/Illuminate/Routing/Pipeline.php(53): Illuminate\\Pipeline\\Pipeline->Illuminate\\Pipeline\\{closure}(Object(Illuminate\\Http\\Request))
#39 /var/www/TRDSv2_memo/vendor/laravel/framework/src/Illuminate/Foundation/Http/Middleware/TransformsRequest.php(21): Illuminate\\Routing\\Pipeline->Illuminate\\Routing\\{closure}(Object(Illuminate\\Http\\Request))
#40 /var/www/TRDSv2_memo/vendor/laravel/framework/src/Illuminate/Pipeline/Pipeline.php(163): Illuminate\\Foundation\\Http\\Middleware\\TransformsRequest->handle(Object(Illuminate\\Http\\Request), Object(Closure))
#41 /var/www/TRDSv2_memo/vendor/laravel/framework/src/Illuminate/Routing/Pipeline.php(53): Illuminate\\Pipeline\\Pipeline->Illuminate\\Pipeline\\{closure}(Object(Illuminate\\Http\\Request))
#42 /var/www/TRDSv2_memo/vendor/laravel/framework/src/Illuminate/Foundation/Http/Middleware/ValidatePostSize.php(27): Illuminate\\Routing\\Pipeline->Illuminate\\Routing\\{closure}(Object(Illuminate\\Http\\Request))
#43 /var/www/TRDSv2_memo/vendor/laravel/framework/src/Illuminate/Pipeline/Pipeline.php(163): Illuminate\\Foundation\\Http\\Middleware\\ValidatePostSize->handle(Object(Illuminate\\Http\\Request), Object(Closure))
#44 /var/www/TRDSv2_memo/vendor/laravel/framework/src/Illuminate/Routing/Pipeline.php(53): Illuminate\\Pipeline\\Pipeline->Illuminate\\Pipeline\\{closure}(Object(Illuminate\\Http\\Request))
#45 /var/www/TRDSv2_memo/vendor/laravel/framework/src/Illuminate/Foundation/Http/Middleware/CheckForMaintenanceMode.php(62): Illuminate\\Routing\\Pipeline->Illuminate\\Routing\\{closure}(Object(Illuminate\\Http\\Request))
#46 /var/www/TRDSv2_memo/vendor/laravel/framework/src/Illuminate/Pipeline/Pipeline.php(163): Illuminate\\Foundation\\Http\\Middleware\\CheckForMaintenanceMode->handle(Object(Illuminate\\Http\\Request), Object(Closure))
#47 /var/www/TRDSv2_memo/vendor/laravel/framework/src/Illuminate/Routing/Pipeline.php(53): Illuminate\\Pipeline\\Pipeline->Illuminate\\Pipeline\\{closure}(Object(Illuminate\\Http\\Request))
#48 /var/www/TRDSv2_memo/vendor/fideloper/proxy/src/TrustProxies.php(57): Illuminate\\Routing\\Pipeline->Illuminate\\Routing\\{closure}(Object(Illuminate\\Http\\Request))
#49 /var/www/TRDSv2_memo/vendor/laravel/framework/src/Illuminate/Pipeline/Pipeline.php(163): Fideloper\\Proxy\\TrustProxies->handle(Object(Illuminate\\Http\\Request), Object(Closure))
#50 /var/www/TRDSv2_memo/vendor/laravel/framework/src/Illuminate/Routing/Pipeline.php(53): Illuminate\\Pipeline\\Pipeline->Illuminate\\Pipeline\\{closure}(Object(Illuminate\\Http\\Request))
#51 /var/www/TRDSv2_memo/vendor/laravel/framework/src/Illuminate/Pipeline/Pipeline.php(104): Illuminate\\Routing\\Pipeline->Illuminate\\Routing\\{closure}(Object(Illuminate\\Http\\Request))
#52 /var/www/TRDSv2_memo/vendor/laravel/framework/src/Illuminate/Foundation/Http/Kernel.php(151): Illuminate\\Pipeline\\Pipeline->then(Object(Closure))
#53 /var/www/TRDSv2_memo/vendor/laravel/framework/src/Illuminate/Foundation/Http/Kernel.php(116): Illuminate\\Foundation\\Http\\Kernel->sendRequestThroughRouter(Object(Illuminate\\Http\\Request))
#54 /var/www/TRDSv2_memo/index.php(55): Illuminate\\Foundation\\Http\\Kernel->handle(Object(Illuminate\\Http\\Request))
#55 {main}
"} 
[2026-03-03 05:43:47] local.ERROR: Route [export_excel] not defined. (View: /var/www/TRDSv2_memo/resources/views/hr_memo_approval.blade.php) {"exception":"[object] (ErrorException(code: 0): Route [export_excel] not defined. (View: /var/www/TRDSv2_memo/resources/views/hr_memo_approval.blade.php) at /var/www/TRDSv2_memo/vendor/laravel/framework/src/Illuminate/Routing/UrlGenerator.php:388, InvalidArgumentException(code: 0): Route [export_excel] not defined. at /var/www/TRDSv2_memo/vendor/laravel/framework/src/Illuminate/Routing/UrlGenerator.php:388)
[stacktrace]
#0 /var/www/TRDSv2_memo/vendor/laravel/framework/src/Illuminate/View/Engines/PhpEngine.php(45): Illuminate\\View\\Engines\\CompilerEngine->handleViewException(Object(InvalidArgumentException), 1)
#1 /var/www/TRDSv2_memo/vendor/laravel/framework/src/Illuminate/View/Engines/CompilerEngine.php(59): Illuminate\\View\\Engines\\PhpEngine->evaluatePath('/var/www/TRDSv2...', Array)
#2 /var/www/TRDSv2_memo/vendor/laravel/framework/src/Illuminate/View/View.php(142): Illuminate\\View\\Engines\\CompilerEngine->get('/var/www/TRDSv2...', Array)
#3 /var/www/TRDSv2_memo/vendor/laravel/framework/src/Illuminate/View/View.php(125): Illuminate\\View\\View->getContents()
#4 /var/www/TRDSv2_memo/vendor/laravel/framework/src/Illuminate/View/View.php(90): Illuminate\\View\\View->renderContents()
#5 /var/www/TRDSv2_memo/vendor/laravel/framework/src/Illuminate/Http/Response.php(42): Illuminate\\View\\View->render()
#6 /var/www/TRDSv2_memo/vendor/symfony/http-foundation/Response.php(202): Illuminate\\Http\\Response->setContent(Object(Illuminate\\View\\View))
#7 /var/www/TRDSv2_memo/vendor/laravel/framework/src/Illuminate/Routing/Router.php(748): Symfony\\Component\\HttpFoundation\\Response->__construct(Object(Illuminate\\View\\View))
#8 /var/www/TRDSv2_memo/vendor/laravel/framework/src/Illuminate/Routing/Router.php(720): Illuminate\\Routing\\Router::toResponse(Object(Illuminate\\Http\\Request), Object(Illuminate\\View\\View))
#9 /var/www/TRDSv2_memo/vendor/laravel/framework/src/Illuminate/Routing/Router.php(680): Illuminate\\Routing\\Router->prepareResponse(Object(Illuminate\\Http\\Request), Object(Illuminate\\View\\View))
#10 /var/www/TRDSv2_memo/vendor/laravel/framework/src/Illuminate/Routing/Pipeline.php(30): Illuminate\\Routing\\Router->Illuminate\\Routing\\{closure}(Object(Illuminate\\Http\\Request))
#11 /var/www/TRDSv2_memo/vendor/laravel/framework/src/Illuminate/Routing/Middleware/SubstituteBindings.php(41): Illuminate\\Routing\\Pipeline->Illuminate\\Routing\\{closure}(Object(Illuminate\\Http\\Request))
#12 /var/www/TRDSv2_memo/vendor/laravel/framework/src/Illuminate/Pipeline/Pipeline.php(163): Illuminate\\Routing\\Middleware\\SubstituteBindings->handle(Object(Illuminate\\Http\\Request), Object(Closure))
#13 /var/www/TRDSv2_memo/vendor/laravel/framework/src/Illuminate/Routing/Pipeline.php(53): Illuminate\\Pipeline\\Pipeline->Illuminate\\Pipeline\\{closure}(Object(Illuminate\\Http\\Request))
#14 /var/www/TRDSv2_memo/vendor/laravel/framework/src/Illuminate/Foundation/Http/Middleware/VerifyCsrfToken.php(75): Illuminate\\Routing\\Pipeline->Illuminate\\Routing\\{closure}(Object(Illuminate\\Http\\Request))
#15 /var/www/TRDSv2_memo/vendor/laravel/framework/src/Illuminate/Pipeline/Pipeline.php(163): Illuminate\\Foundation\\Http\\Middleware\\VerifyCsrfToken->handle(Object(Illuminate\\Http\\Request), Object(Closure))
#16 /var/www/TRDSv2_memo/vendor/laravel/framework/src/Illuminate/Routing/Pipeline.php(53): Illuminate\\Pipeline\\Pipeline->Illuminate\\Pipeline\\{closure}(Object(Illuminate\\Http\\Request))
#17 /var/www/TRDSv2_memo/vendor/laravel/framework/src/Illuminate/View/Middleware/ShareErrorsFromSession.php(49): Illuminate\\Routing\\Pipeline->Illuminate\\Routing\\{closure}(Object(Illuminate\\Http\\Request))
#18 /var/www/TRDSv2_memo/vendor/laravel/framework/src/Illuminate/Pipeline/Pipeline.php(163): Illuminate\\View\\Middleware\\ShareErrorsFromSession->handle(Object(Illuminate\\Http\\Request), Object(Closure))
#19 /var/www/TRDSv2_memo/vendor/laravel/framework/src/Illuminate/Routing/Pipeline.php(53): Illuminate\\Pipeline\\Pipeline->Illuminate\\Pipeline\\{closure}(Object(Illuminate\\Http\\Request))
#20 /var/www/TRDSv2_memo/vendor/laravel/framework/src/Illuminate/Session/Middleware/StartSession.php(56): Illuminate\\Routing\\Pipeline->Illuminate\\Routing\\{closure}(Object(Illuminate\\Http\\Request))
#21 /var/www/TRDSv2_memo/vendor/laravel/framework/src/Illuminate/Pipeline/Pipeline.php(163): Illuminate\\Session\\Middleware\\StartSession->handle(Object(Illuminate\\Http\\Request), Object(Closure))
#22 /var/www/TRDSv2_memo/vendor/laravel/framework/src/Illuminate/Routing/Pipeline.php(53): Illuminate\\Pipeline\\Pipeline->Illuminate\\Pipeline\\{closure}(Object(Illuminate\\Http\\Request))
#23 /var/www/TRDSv2_memo/vendor/laravel/framework/src/Illuminate/Cookie/Middleware/AddQueuedCookiesToResponse.php(37): Illuminate\\Routing\\Pipeline->Illuminate\\Routing\\{closure}(Object(Illuminate\\Http\\Request))
#24 /var/www/TRDSv2_memo/vendor/laravel/framework/src/Illuminate/Pipeline/Pipeline.php(163): Illuminate\\Cookie\\Middleware\\AddQueuedCookiesToResponse->handle(Object(Illuminate\\Http\\Request), Object(Closure))
#25 /var/www/TRDSv2_memo/vendor/laravel/framework/src/Illuminate/Routing/Pipeline.php(53): Illuminate\\Pipeline\\Pipeline->Illuminate\\Pipeline\\{closure}(Object(Illuminate\\Http\\Request))
#26 /var/www/TRDSv2_memo/vendor/laravel/framework/src/Illuminate/Cookie/Middleware/EncryptCookies.php(66): Illuminate\\Routing\\Pipeline->Illuminate\\Routing\\{closure}(Object(Illuminate\\Http\\Request))
#27 /var/www/TRDSv2_memo/vendor/laravel/framework/src/Illuminate/Pipeline/Pipeline.php(163): Illuminate\\Cookie\\Middleware\\EncryptCookies->handle(Object(Illuminate\\Http\\Request), Object(Closure))
#28 /var/www/TRDSv2_memo/vendor/laravel/framework/src/Illuminate/Routing/Pipeline.php(53): Illuminate\\Pipeline\\Pipeline->Illuminate\\Pipeline\\{closure}(Object(Illuminate\\Http\\Request))
#29 /var/www/TRDSv2_memo/vendor/laravel/framework/src/Illuminate/Pipeline/Pipeline.php(104): Illuminate\\Routing\\Pipeline->Illuminate\\Routing\\{closure}(Object(Illuminate\\Http\\Request))
#30 /var/www/TRDSv2_memo/vendor/laravel/framework/src/Illuminate/Routing/Router.php(682): Illuminate\\Pipeline\\Pipeline->then(Object(Closure))
#31 /var/www/TRDSv2_memo/vendor/laravel/framework/src/Illuminate/Routing/Router.php(657): Illuminate\\Routing\\Router->runRouteWithinStack(Object(Illuminate\\Routing\\Route), Object(Illuminate\\Http\\Request))
#32 /var/www/TRDSv2_memo/vendor/laravel/framework/src/Illuminate/Routing/Router.php(623): Illuminate\\Routing\\Router->runRoute(Object(Illuminate\\Http\\Request), Object(Illuminate\\Routing\\Route))
#33 /var/www/TRDSv2_memo/vendor/laravel/framework/src/Illuminate/Routing/Router.php(612): Illuminate\\Routing\\Router->dispatchToRoute(Object(Illuminate\\Http\\Request))
#34 /var/www/TRDSv2_memo/vendor/laravel/framework/src/Illuminate/Foundation/Http/Kernel.php(176): Illuminate\\Routing\\Router->dispatch(Object(Illuminate\\Http\\Request))
#35 /var/www/TRDSv2_memo/vendor/laravel/framework/src/Illuminate/Routing/Pipeline.php(30): Illuminate\\Foundation\\Http\\Kernel->Illuminate\\Foundation\\Http\\{closure}(Object(Illuminate\\Http\\Request))
#36 /var/www/TRDSv2_memo/vendor/laravel/framework/src/Illuminate/Foundation/Http/Middleware/TransformsRequest.php(21): Illuminate\\Routing\\Pipeline->Illuminate\\Routing\\{closure}(Object(Illuminate\\Http\\Request))
#37 /var/www/TRDSv2_memo/vendor/laravel/framework/src/Illuminate/Pipeline/Pipeline.php(163): Illuminate\\Foundation\\Http\\Middleware\\TransformsRequest->handle(Object(Illuminate\\Http\\Request), Object(Closure))
#38 /var/www/TRDSv2_memo/vendor/laravel/framework/src/Illuminate/Routing/Pipeline.php(53): Illuminate\\Pipeline\\Pipeline->Illuminate\\Pipeline\\{closure}(Object(Illuminate\\Http\\Request))
#39 /var/www/TRDSv2_memo/vendor/laravel/framework/src/Illuminate/Foundation/Http/Middleware/TransformsRequest.php(21): Illuminate\\Routing\\Pipeline->Illuminate\\Routing\\{closure}(Object(Illuminate\\Http\\Request))
#40 /var/www/TRDSv2_memo/vendor/laravel/framework/src/Illuminate/Pipeline/Pipeline.php(163): Illuminate\\Foundation\\Http\\Middleware\\TransformsRequest->handle(Object(Illuminate\\Http\\Request), Object(Closure))
#41 /var/www/TRDSv2_memo/vendor/laravel/framework/src/Illuminate/Routing/Pipeline.php(53): Illuminate\\Pipeline\\Pipeline->Illuminate\\Pipeline\\{closure}(Object(Illuminate\\Http\\Request))
#42 /var/www/TRDSv2_memo/vendor/laravel/framework/src/Illuminate/Foundation/Http/Middleware/ValidatePostSize.php(27): Illuminate\\Routing\\Pipeline->Illuminate\\Routing\\{closure}(Object(Illuminate\\Http\\Request))
#43 /var/www/TRDSv2_memo/vendor/laravel/framework/src/Illuminate/Pipeline/Pipeline.php(163): Illuminate\\Foundation\\Http\\Middleware\\ValidatePostSize->handle(Object(Illuminate\\Http\\Request), Object(Closure))
#44 /var/www/TRDSv2_memo/vendor/laravel/framework/src/Illuminate/Routing/Pipeline.php(53): Illuminate\\Pipeline\\Pipeline->Illuminate\\Pipeline\\{closure}(Object(Illuminate\\Http\\Request))
#45 /var/www/TRDSv2_memo/vendor/laravel/framework/src/Illuminate/Foundation/Http/Middleware/CheckForMaintenanceMode.php(62): Illuminate\\Routing\\Pipeline->Illuminate\\Routing\\{closure}(Object(Illuminate\\Http\\Request))
#46 /var/www/TRDSv2_memo/vendor/laravel/framework/src/Illuminate/Pipeline/Pipeline.php(163): Illuminate\\Foundation\\Http\\Middleware\\CheckForMaintenanceMode->handle(Object(Illuminate\\Http\\Request), Object(Closure))
#47 /var/www/TRDSv2_memo/vendor/laravel/framework/src/Illuminate/Routing/Pipeline.php(53): Illuminate\\Pipeline\\Pipeline->Illuminate\\Pipeline\\{closure}(Object(Illuminate\\Http\\Request))
#48 /var/www/TRDSv2_memo/vendor/fideloper/proxy/src/TrustProxies.php(57): Illuminate\\Routing\\Pipeline->Illuminate\\Routing\\{closure}(Object(Illuminate\\Http\\Request))
#49 /var/www/TRDSv2_memo/vendor/laravel/framework/src/Illuminate/Pipeline/Pipeline.php(163): Fideloper\\Proxy\\TrustProxies->handle(Object(Illuminate\\Http\\Request), Object(Closure))
#50 /var/www/TRDSv2_memo/vendor/laravel/framework/src/Illuminate/Routing/Pipeline.php(53): Illuminate\\Pipeline\\Pipeline->Illuminate\\Pipeline\\{closure}(Object(Illuminate\\Http\\Request))
#51 /var/www/TRDSv2_memo/vendor/laravel/framework/src/Illuminate/Pipeline/Pipeline.php(104): Illuminate\\Routing\\Pipeline->Illuminate\\Routing\\{closure}(Object(Illuminate\\Http\\Request))
#52 /var/www/TRDSv2_memo/vendor/laravel/framework/src/Illuminate/Foundation/Http/Kernel.php(151): Illuminate\\Pipeline\\Pipeline->then(Object(Closure))
#53 /var/www/TRDSv2_memo/vendor/laravel/framework/src/Illuminate/Foundation/Http/Kernel.php(116): Illuminate\\Foundation\\Http\\Kernel->sendRequestThroughRouter(Object(Illuminate\\Http\\Request))
#54 /var/www/TRDSv2_memo/index.php(55): Illuminate\\Foundation\\Http\\Kernel->handle(Object(Illuminate\\Http\\Request))
#55 {main}
"} 
[2026-03-03 08:13:38] local.ERROR: Attribute [controller] does not exist. {"exception":"[object] (InvalidArgumentException(code: 0): Attribute [controller] does not exist. at /var/www/TRDSv2_memo/vendor/laravel/framework/src/Illuminate/Routing/RouteRegistrar.php:92)
[stacktrace]
#0 /var/www/TRDSv2_memo/vendor/laravel/framework/src/Illuminate/Routing/Router.php(1275): Illuminate\\Routing\\RouteRegistrar->attribute('controller', 'App\\\\Http\\\\Contro...')
#1 /var/www/TRDSv2_memo/vendor/laravel/framework/src/Illuminate/Support/Facades/Facade.php(239): Illuminate\\Routing\\Router->__call('controller', Array)
#2 /var/www/TRDSv2_memo/routes/web.php(31): Illuminate\\Support\\Facades\\Facade::__callStatic('controller', Array)
#3 /var/www/TRDSv2_memo/vendor/laravel/framework/src/Illuminate/Routing/RouteFileRegistrar.php(35): require('/var/www/TRDSv2...')
#4 /var/www/TRDSv2_memo/vendor/laravel/framework/src/Illuminate/Routing/Router.php(415): Illuminate\\Routing\\RouteFileRegistrar->register('/var/www/TRDSv2...')
#5 /var/www/TRDSv2_memo/vendor/laravel/framework/src/Illuminate/Routing/Router.php(373): Illuminate\\Routing\\Router->loadRoutes('/var/www/TRDSv2...')
#6 /var/www/TRDSv2_memo/vendor/laravel/framework/src/Illuminate/Routing/RouteRegistrar.php(121): Illuminate\\Routing\\Router->group(Array, '/var/www/TRDSv2...')
#7 /var/www/TRDSv2_memo/app/Providers/RouteServiceProvider.php(56): Illuminate\\Routing\\RouteRegistrar->group('/var/www/TRDSv2...')
#8 /var/www/TRDSv2_memo/app/Providers/RouteServiceProvider.php(40): App\\Providers\\RouteServiceProvider->mapWebRoutes()
#9 [internal function]: App\\Providers\\RouteServiceProvider->map()
#10 /var/www/TRDSv2_memo/vendor/laravel/framework/src/Illuminate/Container/BoundMethod.php(32): call_user_func_array(Array, Array)
#11 /var/www/TRDSv2_memo/vendor/laravel/framework/src/Illuminate/Container/BoundMethod.php(90): Illuminate\\Container\\BoundMethod::Illuminate\\Container\\{closure}()
#12 /var/www/TRDSv2_memo/vendor/laravel/framework/src/Illuminate/Container/BoundMethod.php(34): Illuminate\\Container\\BoundMethod::callBoundMethod(Object(Illuminate\\Foundation\\Application), Array, Object(Closure))
#13 /var/www/TRDSv2_memo/vendor/laravel/framework/src/Illuminate/Container/Container.php(576): Illuminate\\Container\\BoundMethod::call(Object(Illuminate\\Foundation\\Application), Array, Array, NULL)
#14 /var/www/TRDSv2_memo/vendor/laravel/framework/src/Illuminate/Foundation/Support/Providers/RouteServiceProvider.php(87): Illuminate\\Container\\Container->call(Array)
#15 /var/www/TRDSv2_memo/vendor/laravel/framework/src/Illuminate/Foundation/Support/Providers/RouteServiceProvider.php(36): Illuminate\\Foundation\\Support\\Providers\\RouteServiceProvider->loadRoutes()
#16 /var/www/TRDSv2_memo/app/Providers/RouteServiceProvider.php(28): Illuminate\\Foundation\\Support\\Providers\\RouteServiceProvider->boot()
#17 [internal function]: App\\Providers\\RouteServiceProvider->boot()
#18 /var/www/TRDSv2_memo/vendor/laravel/framework/src/Illuminate/Container/BoundMethod.php(32): call_user_func_array(Array, Array)
#19 /var/www/TRDSv2_memo/vendor/laravel/framework/src/Illuminate/Container/BoundMethod.php(90): Illuminate\\Container\\BoundMethod::Illuminate\\Container\\{closure}()
#20 /var/www/TRDSv2_memo/vendor/laravel/framework/src/Illuminate/Container/BoundMethod.php(34): Illuminate\\Container\\BoundMethod::callBoundMethod(Object(Illuminate\\Foundation\\Application), Array, Object(Closure))
#21 /var/www/TRDSv2_memo/vendor/laravel/framework/src/Illuminate/Container/Container.php(576): Illuminate\\Container\\BoundMethod::call(Object(Illuminate\\Foundation\\Application), Array, Array, NULL)
#22 /var/www/TRDSv2_memo/vendor/laravel/framework/src/Illuminate/Foundation/Application.php(827): Illuminate\\Container\\Container->call(Array)
#23 /var/www/TRDSv2_memo/vendor/laravel/framework/src/Illuminate/Foundation/Application.php(810): Illuminate\\Foundation\\Application->bootProvider(Object(App\\Providers\\RouteServiceProvider))
#24 [internal function]: Illuminate\\Foundation\\Application->Illuminate\\Foundation\\{closure}(Object(App\\Providers\\RouteServiceProvider), 22)
#25 /var/www/TRDSv2_memo/vendor/laravel/framework/src/Illuminate/Foundation/Application.php(811): array_walk(Array, Object(Closure))
#26 /var/www/TRDSv2_memo/vendor/laravel/framework/src/Illuminate/Foundation/Bootstrap/BootProviders.php(17): Illuminate\\Foundation\\Application->boot()
#27 /var/www/TRDSv2_memo/vendor/laravel/framework/src/Illuminate/Foundation/Application.php(210): Illuminate\\Foundation\\Bootstrap\\BootProviders->bootstrap(Object(Illuminate\\Foundation\\Application))
#28 /var/www/TRDSv2_memo/vendor/laravel/framework/src/Illuminate/Foundation/Http/Kernel.php(162): Illuminate\\Foundation\\Application->bootstrapWith(Array)
#29 /var/www/TRDSv2_memo/vendor/laravel/framework/src/Illuminate/Foundation/Http/Kernel.php(146): Illuminate\\Foundation\\Http\\Kernel->bootstrap()
#30 /var/www/TRDSv2_memo/vendor/laravel/framework/src/Illuminate/Foundation/Http/Kernel.php(116): Illuminate\\Foundation\\Http\\Kernel->sendRequestThroughRouter(Object(Illuminate\\Http\\Request))
#31 /var/www/TRDSv2_memo/index.php(55): Illuminate\\Foundation\\Http\\Kernel->handle(Object(Illuminate\\Http\\Request))
#32 {main}
"} 
[2026-03-03 08:14:03] local.ERROR: Attribute [controller] does not exist. {"exception":"[object] (InvalidArgumentException(code: 0): Attribute [controller] does not exist. at /var/www/TRDSv2_memo/vendor/laravel/framework/src/Illuminate/Routing/RouteRegistrar.php:92)
[stacktrace]
#0 /var/www/TRDSv2_memo/vendor/laravel/framework/src/Illuminate/Routing/Router.php(1275): Illuminate\\Routing\\RouteRegistrar->attribute('controller', 'App\\\\Http\\\\Contro...')
#1 /var/www/TRDSv2_memo/vendor/laravel/framework/src/Illuminate/Support/Facades/Facade.php(239): Illuminate\\Routing\\Router->__call('controller', Array)
#2 /var/www/TRDSv2_memo/routes/web.php(32): Illuminate\\Support\\Facades\\Facade::__callStatic('controller', Array)
#3 /var/www/TRDSv2_memo/vendor/laravel/framework/src/Illuminate/Routing/RouteFileRegistrar.php(35): require('/var/www/TRDSv2...')
#4 /var/www/TRDSv2_memo/vendor/laravel/framework/src/Illuminate/Routing/Router.php(415): Illuminate\\Routing\\RouteFileRegistrar->register('/var/www/TRDSv2...')
#5 /var/www/TRDSv2_memo/vendor/laravel/framework/src/Illuminate/Routing/Router.php(373): Illuminate\\Routing\\Router->loadRoutes('/var/www/TRDSv2...')
#6 /var/www/TRDSv2_memo/vendor/laravel/framework/src/Illuminate/Routing/RouteRegistrar.php(121): Illuminate\\Routing\\Router->group(Array, '/var/www/TRDSv2...')
#7 /var/www/TRDSv2_memo/app/Providers/RouteServiceProvider.php(56): Illuminate\\Routing\\RouteRegistrar->group('/var/www/TRDSv2...')
#8 /var/www/TRDSv2_memo/app/Providers/RouteServiceProvider.php(40): App\\Providers\\RouteServiceProvider->mapWebRoutes()
#9 [internal function]: App\\Providers\\RouteServiceProvider->map()
#10 /var/www/TRDSv2_memo/vendor/laravel/framework/src/Illuminate/Container/BoundMethod.php(32): call_user_func_array(Array, Array)
#11 /var/www/TRDSv2_memo/vendor/laravel/framework/src/Illuminate/Container/BoundMethod.php(90): Illuminate\\Container\\BoundMethod::Illuminate\\Container\\{closure}()
#12 /var/www/TRDSv2_memo/vendor/laravel/framework/src/Illuminate/Container/BoundMethod.php(34): Illuminate\\Container\\BoundMethod::callBoundMethod(Object(Illuminate\\Foundation\\Application), Array, Object(Closure))
#13 /var/www/TRDSv2_memo/vendor/laravel/framework/src/Illuminate/Container/Container.php(576): Illuminate\\Container\\BoundMethod::call(Object(Illuminate\\Foundation\\Application), Array, Array, NULL)
#14 /var/www/TRDSv2_memo/vendor/laravel/framework/src/Illuminate/Foundation/Support/Providers/RouteServiceProvider.php(87): Illuminate\\Container\\Container->call(Array)
#15 /var/www/TRDSv2_memo/vendor/laravel/framework/src/Illuminate/Foundation/Support/Providers/RouteServiceProvider.php(36): Illuminate\\Foundation\\Support\\Providers\\RouteServiceProvider->loadRoutes()
#16 /var/www/TRDSv2_memo/app/Providers/RouteServiceProvider.php(28): Illuminate\\Foundation\\Support\\Providers\\RouteServiceProvider->boot()
#17 [internal function]: App\\Providers\\RouteServiceProvider->boot()
#18 /var/www/TRDSv2_memo/vendor/laravel/framework/src/Illuminate/Container/BoundMethod.php(32): call_user_func_array(Array, Array)
#19 /var/www/TRDSv2_memo/vendor/laravel/framework/src/Illuminate/Container/BoundMethod.php(90): Illuminate\\Container\\BoundMethod::Illuminate\\Container\\{closure}()
#20 /var/www/TRDSv2_memo/vendor/laravel/framework/src/Illuminate/Container/BoundMethod.php(34): Illuminate\\Container\\BoundMethod::callBoundMethod(Object(Illuminate\\Foundation\\Application), Array, Object(Closure))
#21 /var/www/TRDSv2_memo/vendor/laravel/framework/src/Illuminate/Container/Container.php(576): Illuminate\\Container\\BoundMethod::call(Object(Illuminate\\Foundation\\Application), Array, Array, NULL)
#22 /var/www/TRDSv2_memo/vendor/laravel/framework/src/Illuminate/Foundation/Application.php(827): Illuminate\\Container\\Container->call(Array)
#23 /var/www/TRDSv2_memo/vendor/laravel/framework/src/Illuminate/Foundation/Application.php(810): Illuminate\\Foundation\\Application->bootProvider(Object(App\\Providers\\RouteServiceProvider))
#24 [internal function]: Illuminate\\Foundation\\Application->Illuminate\\Foundation\\{closure}(Object(App\\Providers\\RouteServiceProvider), 22)
#25 /var/www/TRDSv2_memo/vendor/laravel/framework/src/Illuminate/Foundation/Application.php(811): array_walk(Array, Object(Closure))
#26 /var/www/TRDSv2_memo/vendor/laravel/framework/src/Illuminate/Foundation/Bootstrap/BootProviders.php(17): Illuminate\\Foundation\\Application->boot()
#27 /var/www/TRDSv2_memo/vendor/laravel/framework/src/Illuminate/Foundation/Application.php(210): Illuminate\\Foundation\\Bootstrap\\BootProviders->bootstrap(Object(Illuminate\\Foundation\\Application))
#28 /var/www/TRDSv2_memo/vendor/laravel/framework/src/Illuminate/Foundation/Http/Kernel.php(162): Illuminate\\Foundation\\Application->bootstrapWith(Array)
#29 /var/www/TRDSv2_memo/vendor/laravel/framework/src/Illuminate/Foundation/Http/Kernel.php(146): Illuminate\\Foundation\\Http\\Kernel->bootstrap()
#30 /var/www/TRDSv2_memo/vendor/laravel/framework/src/Illuminate/Foundation/Http/Kernel.php(116): Illuminate\\Foundation\\Http\\Kernel->sendRequestThroughRouter(Object(Illuminate\\Http\\Request))
#31 /var/www/TRDSv2_memo/index.php(55): Illuminate\\Foundation\\Http\\Kernel->handle(Object(Illuminate\\Http\\Request))
#32 {main}
"} 
[2026-03-03 08:14:04] local.ERROR: Attribute [controller] does not exist. {"exception":"[object] (InvalidArgumentException(code: 0): Attribute [controller] does not exist. at /var/www/TRDSv2_memo/vendor/laravel/framework/src/Illuminate/Routing/RouteRegistrar.php:92)
[stacktrace]
#0 /var/www/TRDSv2_memo/vendor/laravel/framework/src/Illuminate/Routing/Router.php(1275): Illuminate\\Routing\\RouteRegistrar->attribute('controller', 'App\\\\Http\\\\Contro...')
#1 /var/www/TRDSv2_memo/vendor/laravel/framework/src/Illuminate/Support/Facades/Facade.php(239): Illuminate\\Routing\\Router->__call('controller', Array)
#2 /var/www/TRDSv2_memo/routes/web.php(32): Illuminate\\Support\\Facades\\Facade::__callStatic('controller', Array)
#3 /var/www/TRDSv2_memo/vendor/laravel/framework/src/Illuminate/Routing/RouteFileRegistrar.php(35): require('/var/www/TRDSv2...')
#4 /var/www/TRDSv2_memo/vendor/laravel/framework/src/Illuminate/Routing/Router.php(415): Illuminate\\Routing\\RouteFileRegistrar->register('/var/www/TRDSv2...')
#5 /var/www/TRDSv2_memo/vendor/laravel/framework/src/Illuminate/Routing/Router.php(373): Illuminate\\Routing\\Router->loadRoutes('/var/www/TRDSv2...')
#6 /var/www/TRDSv2_memo/vendor/laravel/framework/src/Illuminate/Routing/RouteRegistrar.php(121): Illuminate\\Routing\\Router->group(Array, '/var/www/TRDSv2...')
#7 /var/www/TRDSv2_memo/app/Providers/RouteServiceProvider.php(56): Illuminate\\Routing\\RouteRegistrar->group('/var/www/TRDSv2...')
#8 /var/www/TRDSv2_memo/app/Providers/RouteServiceProvider.php(40): App\\Providers\\RouteServiceProvider->mapWebRoutes()
#9 [internal function]: App\\Providers\\RouteServiceProvider->map()
#10 /var/www/TRDSv2_memo/vendor/laravel/framework/src/Illuminate/Container/BoundMethod.php(32): call_user_func_array(Array, Array)
#11 /var/www/TRDSv2_memo/vendor/laravel/framework/src/Illuminate/Container/BoundMethod.php(90): Illuminate\\Container\\BoundMethod::Illuminate\\Container\\{closure}()
#12 /var/www/TRDSv2_memo/vendor/laravel/framework/src/Illuminate/Container/BoundMethod.php(34): Illuminate\\Container\\BoundMethod::callBoundMethod(Object(Illuminate\\Foundation\\Application), Array, Object(Closure))
#13 /var/www/TRDSv2_memo/vendor/laravel/framework/src/Illuminate/Container/Container.php(576): Illuminate\\Container\\BoundMethod::call(Object(Illuminate\\Foundation\\Application), Array, Array, NULL)
#14 /var/www/TRDSv2_memo/vendor/laravel/framework/src/Illuminate/Foundation/Support/Providers/RouteServiceProvider.php(87): Illuminate\\Container\\Container->call(Array)
#15 /var/www/TRDSv2_memo/vendor/laravel/framework/src/Illuminate/Foundation/Support/Providers/RouteServiceProvider.php(36): Illuminate\\Foundation\\Support\\Providers\\RouteServiceProvider->loadRoutes()
#16 /var/www/TRDSv2_memo/app/Providers/RouteServiceProvider.php(28): Illuminate\\Foundation\\Support\\Providers\\RouteServiceProvider->boot()
#17 [internal function]: App\\Providers\\RouteServiceProvider->boot()
#18 /var/www/TRDSv2_memo/vendor/laravel/framework/src/Illuminate/Container/BoundMethod.php(32): call_user_func_array(Array, Array)
#19 /var/www/TRDSv2_memo/vendor/laravel/framework/src/Illuminate/Container/BoundMethod.php(90): Illuminate\\Container\\BoundMethod::Illuminate\\Container\\{closure}()
#20 /var/www/TRDSv2_memo/vendor/laravel/framework/src/Illuminate/Container/BoundMethod.php(34): Illuminate\\Container\\BoundMethod::callBoundMethod(Object(Illuminate\\Foundation\\Application), Array, Object(Closure))
#21 /var/www/TRDSv2_memo/vendor/laravel/framework/src/Illuminate/Container/Container.php(576): Illuminate\\Container\\BoundMethod::call(Object(Illuminate\\Foundation\\Application), Array, Array, NULL)
#22 /var/www/TRDSv2_memo/vendor/laravel/framework/src/Illuminate/Foundation/Application.php(827): Illuminate\\Container\\Container->call(Array)
#23 /var/www/TRDSv2_memo/vendor/laravel/framework/src/Illuminate/Foundation/Application.php(810): Illuminate\\Foundation\\Application->bootProvider(Object(App\\Providers\\RouteServiceProvider))
#24 [internal function]: Illuminate\\Foundation\\Application->Illuminate\\Foundation\\{closure}(Object(App\\Providers\\RouteServiceProvider), 22)
#25 /var/www/TRDSv2_memo/vendor/laravel/framework/src/Illuminate/Foundation/Application.php(811): array_walk(Array, Object(Closure))
#26 /var/www/TRDSv2_memo/vendor/laravel/framework/src/Illuminate/Foundation/Bootstrap/BootProviders.php(17): Illuminate\\Foundation\\Application->boot()
#27 /var/www/TRDSv2_memo/vendor/laravel/framework/src/Illuminate/Foundation/Application.php(210): Illuminate\\Foundation\\Bootstrap\\BootProviders->bootstrap(Object(Illuminate\\Foundation\\Application))
#28 /var/www/TRDSv2_memo/vendor/laravel/framework/src/Illuminate/Foundation/Http/Kernel.php(162): Illuminate\\Foundation\\Application->bootstrapWith(Array)
#29 /var/www/TRDSv2_memo/vendor/laravel/framework/src/Illuminate/Foundation/Http/Kernel.php(146): Illuminate\\Foundation\\Http\\Kernel->bootstrap()
#30 /var/www/TRDSv2_memo/vendor/laravel/framework/src/Illuminate/Foundation/Http/Kernel.php(116): Illuminate\\Foundation\\Http\\Kernel->sendRequestThroughRouter(Object(Illuminate\\Http\\Request))
#31 /var/www/TRDSv2_memo/index.php(55): Illuminate\\Foundation\\Http\\Kernel->handle(Object(Illuminate\\Http\\Request))
#32 {main}
"} 
[2026-03-03 08:14:04] local.ERROR: Attribute [controller] does not exist. {"exception":"[object] (InvalidArgumentException(code: 0): Attribute [controller] does not exist. at /var/www/TRDSv2_memo/vendor/laravel/framework/src/Illuminate/Routing/RouteRegistrar.php:92)
[stacktrace]
#0 /var/www/TRDSv2_memo/vendor/laravel/framework/src/Illuminate/Routing/Router.php(1275): Illuminate\\Routing\\RouteRegistrar->attribute('controller', 'App\\\\Http\\\\Contro...')
#1 /var/www/TRDSv2_memo/vendor/laravel/framework/src/Illuminate/Support/Facades/Facade.php(239): Illuminate\\Routing\\Router->__call('controller', Array)
#2 /var/www/TRDSv2_memo/routes/web.php(32): Illuminate\\Support\\Facades\\Facade::__callStatic('controller', Array)
#3 /var/www/TRDSv2_memo/vendor/laravel/framework/src/Illuminate/Routing/RouteFileRegistrar.php(35): require('/var/www/TRDSv2...')
#4 /var/www/TRDSv2_memo/vendor/laravel/framework/src/Illuminate/Routing/Router.php(415): Illuminate\\Routing\\RouteFileRegistrar->register('/var/www/TRDSv2...')
#5 /var/www/TRDSv2_memo/vendor/laravel/framework/src/Illuminate/Routing/Router.php(373): Illuminate\\Routing\\Router->loadRoutes('/var/www/TRDSv2...')
#6 /var/www/TRDSv2_memo/vendor/laravel/framework/src/Illuminate/Routing/RouteRegistrar.php(121): Illuminate\\Routing\\Router->group(Array, '/var/www/TRDSv2...')
#7 /var/www/TRDSv2_memo/app/Providers/RouteServiceProvider.php(56): Illuminate\\Routing\\RouteRegistrar->group('/var/www/TRDSv2...')
#8 /var/www/TRDSv2_memo/app/Providers/RouteServiceProvider.php(40): App\\Providers\\RouteServiceProvider->mapWebRoutes()
#9 [internal function]: App\\Providers\\RouteServiceProvider->map()
#10 /var/www/TRDSv2_memo/vendor/laravel/framework/src/Illuminate/Container/BoundMethod.php(32): call_user_func_array(Array, Array)
#11 /var/www/TRDSv2_memo/vendor/laravel/framework/src/Illuminate/Container/BoundMethod.php(90): Illuminate\\Container\\BoundMethod::Illuminate\\Container\\{closure}()
#12 /var/www/TRDSv2_memo/vendor/laravel/framework/src/Illuminate/Container/BoundMethod.php(34): Illuminate\\Container\\BoundMethod::callBoundMethod(Object(Illuminate\\Foundation\\Application), Array, Object(Closure))
#13 /var/www/TRDSv2_memo/vendor/laravel/framework/src/Illuminate/Container/Container.php(576): Illuminate\\Container\\BoundMethod::call(Object(Illuminate\\Foundation\\Application), Array, Array, NULL)
#14 /var/www/TRDSv2_memo/vendor/laravel/framework/src/Illuminate/Foundation/Support/Providers/RouteServiceProvider.php(87): Illuminate\\Container\\Container->call(Array)
#15 /var/www/TRDSv2_memo/vendor/laravel/framework/src/Illuminate/Foundation/Support/Providers/RouteServiceProvider.php(36): Illuminate\\Foundation\\Support\\Providers\\RouteServiceProvider->loadRoutes()
#16 /var/www/TRDSv2_memo/app/Providers/RouteServiceProvider.php(28): Illuminate\\Foundation\\Support\\Providers\\RouteServiceProvider->boot()
#17 [internal function]: App\\Providers\\RouteServiceProvider->boot()
#18 /var/www/TRDSv2_memo/vendor/laravel/framework/src/Illuminate/Container/BoundMethod.php(32): call_user_func_array(Array, Array)
#19 /var/www/TRDSv2_memo/vendor/laravel/framework/src/Illuminate/Container/BoundMethod.php(90): Illuminate\\Container\\BoundMethod::Illuminate\\Container\\{closure}()
#20 /var/www/TRDSv2_memo/vendor/laravel/framework/src/Illuminate/Container/BoundMethod.php(34): Illuminate\\Container\\BoundMethod::callBoundMethod(Object(Illuminate\\Foundation\\Application), Array, Object(Closure))
#21 /var/www/TRDSv2_memo/vendor/laravel/framework/src/Illuminate/Container/Container.php(576): Illuminate\\Container\\BoundMethod::call(Object(Illuminate\\Foundation\\Application), Array, Array, NULL)
#22 /var/www/TRDSv2_memo/vendor/laravel/framework/src/Illuminate/Foundation/Application.php(827): Illuminate\\Container\\Container->call(Array)
#23 /var/www/TRDSv2_memo/vendor/laravel/framework/src/Illuminate/Foundation/Application.php(810): Illuminate\\Foundation\\Application->bootProvider(Object(App\\Providers\\RouteServiceProvider))
#24 [internal function]: Illuminate\\Foundation\\Application->Illuminate\\Foundation\\{closure}(Object(App\\Providers\\RouteServiceProvider), 22)
#25 /var/www/TRDSv2_memo/vendor/laravel/framework/src/Illuminate/Foundation/Application.php(811): array_walk(Array, Object(Closure))
#26 /var/www/TRDSv2_memo/vendor/laravel/framework/src/Illuminate/Foundation/Bootstrap/BootProviders.php(17): Illuminate\\Foundation\\Application->boot()
#27 /var/www/TRDSv2_memo/vendor/laravel/framework/src/Illuminate/Foundation/Application.php(210): Illuminate\\Foundation\\Bootstrap\\BootProviders->bootstrap(Object(Illuminate\\Foundation\\Application))
#28 /var/www/TRDSv2_memo/vendor/laravel/framework/src/Illuminate/Foundation/Http/Kernel.php(162): Illuminate\\Foundation\\Application->bootstrapWith(Array)
#29 /var/www/TRDSv2_memo/vendor/laravel/framework/src/Illuminate/Foundation/Http/Kernel.php(146): Illuminate\\Foundation\\Http\\Kernel->bootstrap()
#30 /var/www/TRDSv2_memo/vendor/laravel/framework/src/Illuminate/Foundation/Http/Kernel.php(116): Illuminate\\Foundation\\Http\\Kernel->sendRequestThroughRouter(Object(Illuminate\\Http\\Request))
#31 /var/www/TRDSv2_memo/index.php(55): Illuminate\\Foundation\\Http\\Kernel->handle(Object(Illuminate\\Http\\Request))
#32 {main}
"} 
[2026-03-03 08:14:05] local.ERROR: Attribute [controller] does not exist. {"exception":"[object] (InvalidArgumentException(code: 0): Attribute [controller] does not exist. at /var/www/TRDSv2_memo/vendor/laravel/framework/src/Illuminate/Routing/RouteRegistrar.php:92)
[stacktrace]
#0 /var/www/TRDSv2_memo/vendor/laravel/framework/src/Illuminate/Routing/Router.php(1275): Illuminate\\Routing\\RouteRegistrar->attribute('controller', 'App\\\\Http\\\\Contro...')
#1 /var/www/TRDSv2_memo/vendor/laravel/framework/src/Illuminate/Support/Facades/Facade.php(239): Illuminate\\Routing\\Router->__call('controller', Array)
#2 /var/www/TRDSv2_memo/routes/web.php(32): Illuminate\\Support\\Facades\\Facade::__callStatic('controller', Array)
#3 /var/www/TRDSv2_memo/vendor/laravel/framework/src/Illuminate/Routing/RouteFileRegistrar.php(35): require('/var/www/TRDSv2...')
#4 /var/www/TRDSv2_memo/vendor/laravel/framework/src/Illuminate/Routing/Router.php(415): Illuminate\\Routing\\RouteFileRegistrar->register('/var/www/TRDSv2...')
#5 /var/www/TRDSv2_memo/vendor/laravel/framework/src/Illuminate/Routing/Router.php(373): Illuminate\\Routing\\Router->loadRoutes('/var/www/TRDSv2...')
#6 /var/www/TRDSv2_memo/vendor/laravel/framework/src/Illuminate/Routing/RouteRegistrar.php(121): Illuminate\\Routing\\Router->group(Array, '/var/www/TRDSv2...')
#7 /var/www/TRDSv2_memo/app/Providers/RouteServiceProvider.php(56): Illuminate\\Routing\\RouteRegistrar->group('/var/www/TRDSv2...')
#8 /var/www/TRDSv2_memo/app/Providers/RouteServiceProvider.php(40): App\\Providers\\RouteServiceProvider->mapWebRoutes()
#9 [internal function]: App\\Providers\\RouteServiceProvider->map()
#10 /var/www/TRDSv2_memo/vendor/laravel/framework/src/Illuminate/Container/BoundMethod.php(32): call_user_func_array(Array, Array)
#11 /var/www/TRDSv2_memo/vendor/laravel/framework/src/Illuminate/Container/BoundMethod.php(90): Illuminate\\Container\\BoundMethod::Illuminate\\Container\\{closure}()
#12 /var/www/TRDSv2_memo/vendor/laravel/framework/src/Illuminate/Container/BoundMethod.php(34): Illuminate\\Container\\BoundMethod::callBoundMethod(Object(Illuminate\\Foundation\\Application), Array, Object(Closure))
#13 /var/www/TRDSv2_memo/vendor/laravel/framework/src/Illuminate/Container/Container.php(576): Illuminate\\Container\\BoundMethod::call(Object(Illuminate\\Foundation\\Application), Array, Array, NULL)
#14 /var/www/TRDSv2_memo/vendor/laravel/framework/src/Illuminate/Foundation/Support/Providers/RouteServiceProvider.php(87): Illuminate\\Container\\Container->call(Array)
#15 /var/www/TRDSv2_memo/vendor/laravel/framework/src/Illuminate/Foundation/Support/Providers/RouteServiceProvider.php(36): Illuminate\\Foundation\\Support\\Providers\\RouteServiceProvider->loadRoutes()
#16 /var/www/TRDSv2_memo/app/Providers/RouteServiceProvider.php(28): Illuminate\\Foundation\\Support\\Providers\\RouteServiceProvider->boot()
#17 [internal function]: App\\Providers\\RouteServiceProvider->boot()
#18 /var/www/TRDSv2_memo/vendor/laravel/framework/src/Illuminate/Container/BoundMethod.php(32): call_user_func_array(Array, Array)
#19 /var/www/TRDSv2_memo/vendor/laravel/framework/src/Illuminate/Container/BoundMethod.php(90): Illuminate\\Container\\BoundMethod::Illuminate\\Container\\{closure}()
#20 /var/www/TRDSv2_memo/vendor/laravel/framework/src/Illuminate/Container/BoundMethod.php(34): Illuminate\\Container\\BoundMethod::callBoundMethod(Object(Illuminate\\Foundation\\Application), Array, Object(Closure))
#21 /var/www/TRDSv2_memo/vendor/laravel/framework/src/Illuminate/Container/Container.php(576): Illuminate\\Container\\BoundMethod::call(Object(Illuminate\\Foundation\\Application), Array, Array, NULL)
#22 /var/www/TRDSv2_memo/vendor/laravel/framework/src/Illuminate/Foundation/Application.php(827): Illuminate\\Container\\Container->call(Array)
#23 /var/www/TRDSv2_memo/vendor/laravel/framework/src/Illuminate/Foundation/Application.php(810): Illuminate\\Foundation\\Application->bootProvider(Object(App\\Providers\\RouteServiceProvider))
#24 [internal function]: Illuminate\\Foundation\\Application->Illuminate\\Foundation\\{closure}(Object(App\\Providers\\RouteServiceProvider), 22)
#25 /var/www/TRDSv2_memo/vendor/laravel/framework/src/Illuminate/Foundation/Application.php(811): array_walk(Array, Object(Closure))
#26 /var/www/TRDSv2_memo/vendor/laravel/framework/src/Illuminate/Foundation/Bootstrap/BootProviders.php(17): Illuminate\\Foundation\\Application->boot()
#27 /var/www/TRDSv2_memo/vendor/laravel/framework/src/Illuminate/Foundation/Application.php(210): Illuminate\\Foundation\\Bootstrap\\BootProviders->bootstrap(Object(Illuminate\\Foundation\\Application))
#28 /var/www/TRDSv2_memo/vendor/laravel/framework/src/Illuminate/Foundation/Http/Kernel.php(162): Illuminate\\Foundation\\Application->bootstrapWith(Array)
#29 /var/www/TRDSv2_memo/vendor/laravel/framework/src/Illuminate/Foundation/Http/Kernel.php(146): Illuminate\\Foundation\\Http\\Kernel->bootstrap()
#30 /var/www/TRDSv2_memo/vendor/laravel/framework/src/Illuminate/Foundation/Http/Kernel.php(116): Illuminate\\Foundation\\Http\\Kernel->sendRequestThroughRouter(Object(Illuminate\\Http\\Request))
#31 /var/www/TRDSv2_memo/index.php(55): Illuminate\\Foundation\\Http\\Kernel->handle(Object(Illuminate\\Http\\Request))
#32 {main}
"} 
[2026-03-03 08:14:37] local.ERROR: Attribute [controller] does not exist. {"exception":"[object] (InvalidArgumentException(code: 0): Attribute [controller] does not exist. at /var/www/TRDSv2_memo/vendor/laravel/framework/src/Illuminate/Routing/RouteRegistrar.php:92)
[stacktrace]
#0 /var/www/TRDSv2_memo/vendor/laravel/framework/src/Illuminate/Routing/Router.php(1275): Illuminate\\Routing\\RouteRegistrar->attribute('controller', 'App\\\\Http\\\\Contro...')
#1 /var/www/TRDSv2_memo/vendor/laravel/framework/src/Illuminate/Support/Facades/Facade.php(239): Illuminate\\Routing\\Router->__call('controller', Array)
#2 /var/www/TRDSv2_memo/routes/web.php(32): Illuminate\\Support\\Facades\\Facade::__callStatic('controller', Array)
#3 /var/www/TRDSv2_memo/vendor/laravel/framework/src/Illuminate/Routing/RouteFileRegistrar.php(35): require('/var/www/TRDSv2...')
#4 /var/www/TRDSv2_memo/vendor/laravel/framework/src/Illuminate/Routing/Router.php(415): Illuminate\\Routing\\RouteFileRegistrar->register('/var/www/TRDSv2...')
#5 /var/www/TRDSv2_memo/vendor/laravel/framework/src/Illuminate/Routing/Router.php(373): Illuminate\\Routing\\Router->loadRoutes('/var/www/TRDSv2...')
#6 /var/www/TRDSv2_memo/vendor/laravel/framework/src/Illuminate/Routing/RouteRegistrar.php(121): Illuminate\\Routing\\Router->group(Array, '/var/www/TRDSv2...')
#7 /var/www/TRDSv2_memo/app/Providers/RouteServiceProvider.php(56): Illuminate\\Routing\\RouteRegistrar->group('/var/www/TRDSv2...')
#8 /var/www/TRDSv2_memo/app/Providers/RouteServiceProvider.php(40): App\\Providers\\RouteServiceProvider->mapWebRoutes()
#9 [internal function]: App\\Providers\\RouteServiceProvider->map()
#10 /var/www/TRDSv2_memo/vendor/laravel/framework/src/Illuminate/Container/BoundMethod.php(32): call_user_func_array(Array, Array)
#11 /var/www/TRDSv2_memo/vendor/laravel/framework/src/Illuminate/Container/BoundMethod.php(90): Illuminate\\Container\\BoundMethod::Illuminate\\Container\\{closure}()
#12 /var/www/TRDSv2_memo/vendor/laravel/framework/src/Illuminate/Container/BoundMethod.php(34): Illuminate\\Container\\BoundMethod::callBoundMethod(Object(Illuminate\\Foundation\\Application), Array, Object(Closure))
#13 /var/www/TRDSv2_memo/vendor/laravel/framework/src/Illuminate/Container/Container.php(576): Illuminate\\Container\\BoundMethod::call(Object(Illuminate\\Foundation\\Application), Array, Array, NULL)
#14 /var/www/TRDSv2_memo/vendor/laravel/framework/src/Illuminate/Foundation/Support/Providers/RouteServiceProvider.php(87): Illuminate\\Container\\Container->call(Array)
#15 /var/www/TRDSv2_memo/vendor/laravel/framework/src/Illuminate/Foundation/Support/Providers/RouteServiceProvider.php(36): Illuminate\\Foundation\\Support\\Providers\\RouteServiceProvider->loadRoutes()
#16 /var/www/TRDSv2_memo/app/Providers/RouteServiceProvider.php(28): Illuminate\\Foundation\\Support\\Providers\\RouteServiceProvider->boot()
#17 [internal function]: App\\Providers\\RouteServiceProvider->boot()
#18 /var/www/TRDSv2_memo/vendor/laravel/framework/src/Illuminate/Container/BoundMethod.php(32): call_user_func_array(Array, Array)
#19 /var/www/TRDSv2_memo/vendor/laravel/framework/src/Illuminate/Container/BoundMethod.php(90): Illuminate\\Container\\BoundMethod::Illuminate\\Container\\{closure}()
#20 /var/www/TRDSv2_memo/vendor/laravel/framework/src/Illuminate/Container/BoundMethod.php(34): Illuminate\\Container\\BoundMethod::callBoundMethod(Object(Illuminate\\Foundation\\Application), Array, Object(Closure))
#21 /var/www/TRDSv2_memo/vendor/laravel/framework/src/Illuminate/Container/Container.php(576): Illuminate\\Container\\BoundMethod::call(Object(Illuminate\\Foundation\\Application), Array, Array, NULL)
#22 /var/www/TRDSv2_memo/vendor/laravel/framework/src/Illuminate/Foundation/Application.php(827): Illuminate\\Container\\Container->call(Array)
#23 /var/www/TRDSv2_memo/vendor/laravel/framework/src/Illuminate/Foundation/Application.php(810): Illuminate\\Foundation\\Application->bootProvider(Object(App\\Providers\\RouteServiceProvider))
#24 [internal function]: Illuminate\\Foundation\\Application->Illuminate\\Foundation\\{closure}(Object(App\\Providers\\RouteServiceProvider), 22)
#25 /var/www/TRDSv2_memo/vendor/laravel/framework/src/Illuminate/Foundation/Application.php(811): array_walk(Array, Object(Closure))
#26 /var/www/TRDSv2_memo/vendor/laravel/framework/src/Illuminate/Foundation/Bootstrap/BootProviders.php(17): Illuminate\\Foundation\\Application->boot()
#27 /var/www/TRDSv2_memo/vendor/laravel/framework/src/Illuminate/Foundation/Application.php(210): Illuminate\\Foundation\\Bootstrap\\BootProviders->bootstrap(Object(Illuminate\\Foundation\\Application))
#28 /var/www/TRDSv2_memo/vendor/laravel/framework/src/Illuminate/Foundation/Http/Kernel.php(162): Illuminate\\Foundation\\Application->bootstrapWith(Array)
#29 /var/www/TRDSv2_memo/vendor/laravel/framework/src/Illuminate/Foundation/Http/Kernel.php(146): Illuminate\\Foundation\\Http\\Kernel->bootstrap()
#30 /var/www/TRDSv2_memo/vendor/laravel/framework/src/Illuminate/Foundation/Http/Kernel.php(116): Illuminate\\Foundation\\Http\\Kernel->sendRequestThroughRouter(Object(Illuminate\\Http\\Request))
#31 /var/www/TRDSv2_memo/index.php(55): Illuminate\\Foundation\\Http\\Kernel->handle(Object(Illuminate\\Http\\Request))
#32 {main}
"} 
[2026-03-03 08:15:41] local.ERROR: Attribute [controller] does not exist. {"exception":"[object] (InvalidArgumentException(code: 0): Attribute [controller] does not exist. at /var/www/TRDSv2_memo/vendor/laravel/framework/src/Illuminate/Routing/RouteRegistrar.php:92)
[stacktrace]
#0 /var/www/TRDSv2_memo/vendor/laravel/framework/src/Illuminate/Routing/Router.php(1275): Illuminate\\Routing\\RouteRegistrar->attribute('controller', 'App\\\\Http\\\\Contro...')
#1 /var/www/TRDSv2_memo/vendor/laravel/framework/src/Illuminate/Support/Facades/Facade.php(239): Illuminate\\Routing\\Router->__call('controller', Array)
#2 /var/www/TRDSv2_memo/routes/web.php(32): Illuminate\\Support\\Facades\\Facade::__callStatic('controller', Array)
#3 /var/www/TRDSv2_memo/vendor/laravel/framework/src/Illuminate/Routing/RouteFileRegistrar.php(35): require('/var/www/TRDSv2...')
#4 /var/www/TRDSv2_memo/vendor/laravel/framework/src/Illuminate/Routing/Router.php(415): Illuminate\\Routing\\RouteFileRegistrar->register('/var/www/TRDSv2...')
#5 /var/www/TRDSv2_memo/vendor/laravel/framework/src/Illuminate/Routing/Router.php(373): Illuminate\\Routing\\Router->loadRoutes('/var/www/TRDSv2...')
#6 /var/www/TRDSv2_memo/vendor/laravel/framework/src/Illuminate/Routing/RouteRegistrar.php(121): Illuminate\\Routing\\Router->group(Array, '/var/www/TRDSv2...')
#7 /var/www/TRDSv2_memo/app/Providers/RouteServiceProvider.php(56): Illuminate\\Routing\\RouteRegistrar->group('/var/www/TRDSv2...')
#8 /var/www/TRDSv2_memo/app/Providers/RouteServiceProvider.php(40): App\\Providers\\RouteServiceProvider->mapWebRoutes()
#9 [internal function]: App\\Providers\\RouteServiceProvider->map()
#10 /var/www/TRDSv2_memo/vendor/laravel/framework/src/Illuminate/Container/BoundMethod.php(32): call_user_func_array(Array, Array)
#11 /var/www/TRDSv2_memo/vendor/laravel/framework/src/Illuminate/Container/BoundMethod.php(90): Illuminate\\Container\\BoundMethod::Illuminate\\Container\\{closure}()
#12 /var/www/TRDSv2_memo/vendor/laravel/framework/src/Illuminate/Container/BoundMethod.php(34): Illuminate\\Container\\BoundMethod::callBoundMethod(Object(Illuminate\\Foundation\\Application), Array, Object(Closure))
#13 /var/www/TRDSv2_memo/vendor/laravel/framework/src/Illuminate/Container/Container.php(576): Illuminate\\Container\\BoundMethod::call(Object(Illuminate\\Foundation\\Application), Array, Array, NULL)
#14 /var/www/TRDSv2_memo/vendor/laravel/framework/src/Illuminate/Foundation/Support/Providers/RouteServiceProvider.php(87): Illuminate\\Container\\Container->call(Array)
#15 /var/www/TRDSv2_memo/vendor/laravel/framework/src/Illuminate/Foundation/Support/Providers/RouteServiceProvider.php(36): Illuminate\\Foundation\\Support\\Providers\\RouteServiceProvider->loadRoutes()
#16 /var/www/TRDSv2_memo/app/Providers/RouteServiceProvider.php(28): Illuminate\\Foundation\\Support\\Providers\\RouteServiceProvider->boot()
#17 [internal function]: App\\Providers\\RouteServiceProvider->boot()
#18 /var/www/TRDSv2_memo/vendor/laravel/framework/src/Illuminate/Container/BoundMethod.php(32): call_user_func_array(Array, Array)
#19 /var/www/TRDSv2_memo/vendor/laravel/framework/src/Illuminate/Container/BoundMethod.php(90): Illuminate\\Container\\BoundMethod::Illuminate\\Container\\{closure}()
#20 /var/www/TRDSv2_memo/vendor/laravel/framework/src/Illuminate/Container/BoundMethod.php(34): Illuminate\\Container\\BoundMethod::callBoundMethod(Object(Illuminate\\Foundation\\Application), Array, Object(Closure))
#21 /var/www/TRDSv2_memo/vendor/laravel/framework/src/Illuminate/Container/Container.php(576): Illuminate\\Container\\BoundMethod::call(Object(Illuminate\\Foundation\\Application), Array, Array, NULL)
#22 /var/www/TRDSv2_memo/vendor/laravel/framework/src/Illuminate/Foundation/Application.php(827): Illuminate\\Container\\Container->call(Array)
#23 /var/www/TRDSv2_memo/vendor/laravel/framework/src/Illuminate/Foundation/Application.php(810): Illuminate\\Foundation\\Application->bootProvider(Object(App\\Providers\\RouteServiceProvider))
#24 [internal function]: Illuminate\\Foundation\\Application->Illuminate\\Foundation\\{closure}(Object(App\\Providers\\RouteServiceProvider), 22)
#25 /var/www/TRDSv2_memo/vendor/laravel/framework/src/Illuminate/Foundation/Application.php(811): array_walk(Array, Object(Closure))
#26 /var/www/TRDSv2_memo/vendor/laravel/framework/src/Illuminate/Foundation/Bootstrap/BootProviders.php(17): Illuminate\\Foundation\\Application->boot()
#27 /var/www/TRDSv2_memo/vendor/laravel/framework/src/Illuminate/Foundation/Application.php(210): Illuminate\\Foundation\\Bootstrap\\BootProviders->bootstrap(Object(Illuminate\\Foundation\\Application))
#28 /var/www/TRDSv2_memo/vendor/laravel/framework/src/Illuminate/Foundation/Http/Kernel.php(162): Illuminate\\Foundation\\Application->bootstrapWith(Array)
#29 /var/www/TRDSv2_memo/vendor/laravel/framework/src/Illuminate/Foundation/Http/Kernel.php(146): Illuminate\\Foundation\\Http\\Kernel->bootstrap()
#30 /var/www/TRDSv2_memo/vendor/laravel/framework/src/Illuminate/Foundation/Http/Kernel.php(116): Illuminate\\Foundation\\Http\\Kernel->sendRequestThroughRouter(Object(Illuminate\\Http\\Request))
#31 /var/www/TRDSv2_memo/index.php(55): Illuminate\\Foundation\\Http\\Kernel->handle(Object(Illuminate\\Http\\Request))
#32 {main}
"} 
[2026-03-03 08:15:42] local.ERROR: Attribute [controller] does not exist. {"exception":"[object] (InvalidArgumentException(code: 0): Attribute [controller] does not exist. at /var/www/TRDSv2_memo/vendor/laravel/framework/src/Illuminate/Routing/RouteRegistrar.php:92)
[stacktrace]
#0 /var/www/TRDSv2_memo/vendor/laravel/framework/src/Illuminate/Routing/Router.php(1275): Illuminate\\Routing\\RouteRegistrar->attribute('controller', 'App\\\\Http\\\\Contro...')
#1 /var/www/TRDSv2_memo/vendor/laravel/framework/src/Illuminate/Support/Facades/Facade.php(239): Illuminate\\Routing\\Router->__call('controller', Array)
#2 /var/www/TRDSv2_memo/routes/web.php(32): Illuminate\\Support\\Facades\\Facade::__callStatic('controller', Array)
#3 /var/www/TRDSv2_memo/vendor/laravel/framework/src/Illuminate/Routing/RouteFileRegistrar.php(35): require('/var/www/TRDSv2...')
#4 /var/www/TRDSv2_memo/vendor/laravel/framework/src/Illuminate/Routing/Router.php(415): Illuminate\\Routing\\RouteFileRegistrar->register('/var/www/TRDSv2...')
#5 /var/www/TRDSv2_memo/vendor/laravel/framework/src/Illuminate/Routing/Router.php(373): Illuminate\\Routing\\Router->loadRoutes('/var/www/TRDSv2...')
#6 /var/www/TRDSv2_memo/vendor/laravel/framework/src/Illuminate/Routing/RouteRegistrar.php(121): Illuminate\\Routing\\Router->group(Array, '/var/www/TRDSv2...')
#7 /var/www/TRDSv2_memo/app/Providers/RouteServiceProvider.php(56): Illuminate\\Routing\\RouteRegistrar->group('/var/www/TRDSv2...')
#8 /var/www/TRDSv2_memo/app/Providers/RouteServiceProvider.php(40): App\\Providers\\RouteServiceProvider->mapWebRoutes()
#9 [internal function]: App\\Providers\\RouteServiceProvider->map()
#10 /var/www/TRDSv2_memo/vendor/laravel/framework/src/Illuminate/Container/BoundMethod.php(32): call_user_func_array(Array, Array)
#11 /var/www/TRDSv2_memo/vendor/laravel/framework/src/Illuminate/Container/BoundMethod.php(90): Illuminate\\Container\\BoundMethod::Illuminate\\Container\\{closure}()
#12 /var/www/TRDSv2_memo/vendor/laravel/framework/src/Illuminate/Container/BoundMethod.php(34): Illuminate\\Container\\BoundMethod::callBoundMethod(Object(Illuminate\\Foundation\\Application), Array, Object(Closure))
#13 /var/www/TRDSv2_memo/vendor/laravel/framework/src/Illuminate/Container/Container.php(576): Illuminate\\Container\\BoundMethod::call(Object(Illuminate\\Foundation\\Application), Array, Array, NULL)
#14 /var/www/TRDSv2_memo/vendor/laravel/framework/src/Illuminate/Foundation/Support/Providers/RouteServiceProvider.php(87): Illuminate\\Container\\Container->call(Array)
#15 /var/www/TRDSv2_memo/vendor/laravel/framework/src/Illuminate/Foundation/Support/Providers/RouteServiceProvider.php(36): Illuminate\\Foundation\\Support\\Providers\\RouteServiceProvider->loadRoutes()
#16 /var/www/TRDSv2_memo/app/Providers/RouteServiceProvider.php(28): Illuminate\\Foundation\\Support\\Providers\\RouteServiceProvider->boot()
#17 [internal function]: App\\Providers\\RouteServiceProvider->boot()
#18 /var/www/TRDSv2_memo/vendor/laravel/framework/src/Illuminate/Container/BoundMethod.php(32): call_user_func_array(Array, Array)
#19 /var/www/TRDSv2_memo/vendor/laravel/framework/src/Illuminate/Container/BoundMethod.php(90): Illuminate\\Container\\BoundMethod::Illuminate\\Container\\{closure}()
#20 /var/www/TRDSv2_memo/vendor/laravel/framework/src/Illuminate/Container/BoundMethod.php(34): Illuminate\\Container\\BoundMethod::callBoundMethod(Object(Illuminate\\Foundation\\Application), Array, Object(Closure))
#21 /var/www/TRDSv2_memo/vendor/laravel/framework/src/Illuminate/Container/Container.php(576): Illuminate\\Container\\BoundMethod::call(Object(Illuminate\\Foundation\\Application), Array, Array, NULL)
#22 /var/www/TRDSv2_memo/vendor/laravel/framework/src/Illuminate/Foundation/Application.php(827): Illuminate\\Container\\Container->call(Array)
#23 /var/www/TRDSv2_memo/vendor/laravel/framework/src/Illuminate/Foundation/Application.php(810): Illuminate\\Foundation\\Application->bootProvider(Object(App\\Providers\\RouteServiceProvider))
#24 [internal function]: Illuminate\\Foundation\\Application->Illuminate\\Foundation\\{closure}(Object(App\\Providers\\RouteServiceProvider), 22)
#25 /var/www/TRDSv2_memo/vendor/laravel/framework/src/Illuminate/Foundation/Application.php(811): array_walk(Array, Object(Closure))
#26 /var/www/TRDSv2_memo/vendor/laravel/framework/src/Illuminate/Foundation/Bootstrap/BootProviders.php(17): Illuminate\\Foundation\\Application->boot()
#27 /var/www/TRDSv2_memo/vendor/laravel/framework/src/Illuminate/Foundation/Application.php(210): Illuminate\\Foundation\\Bootstrap\\BootProviders->bootstrap(Object(Illuminate\\Foundation\\Application))
#28 /var/www/TRDSv2_memo/vendor/laravel/framework/src/Illuminate/Foundation/Http/Kernel.php(162): Illuminate\\Foundation\\Application->bootstrapWith(Array)
#29 /var/www/TRDSv2_memo/vendor/laravel/framework/src/Illuminate/Foundation/Http/Kernel.php(146): Illuminate\\Foundation\\Http\\Kernel->bootstrap()
#30 /var/www/TRDSv2_memo/vendor/laravel/framework/src/Illuminate/Foundation/Http/Kernel.php(116): Illuminate\\Foundation\\Http\\Kernel->sendRequestThroughRouter(Object(Illuminate\\Http\\Request))
#31 /var/www/TRDSv2_memo/index.php(55): Illuminate\\Foundation\\Http\\Kernel->handle(Object(Illuminate\\Http\\Request))
#32 {main}
"} 
[2026-03-03 08:15:42] local.ERROR: Attribute [controller] does not exist. {"exception":"[object] (InvalidArgumentException(code: 0): Attribute [controller] does not exist. at /var/www/TRDSv2_memo/vendor/laravel/framework/src/Illuminate/Routing/RouteRegistrar.php:92)
[stacktrace]
#0 /var/www/TRDSv2_memo/vendor/laravel/framework/src/Illuminate/Routing/Router.php(1275): Illuminate\\Routing\\RouteRegistrar->attribute('controller', 'App\\\\Http\\\\Contro...')
#1 /var/www/TRDSv2_memo/vendor/laravel/framework/src/Illuminate/Support/Facades/Facade.php(239): Illuminate\\Routing\\Router->__call('controller', Array)
#2 /var/www/TRDSv2_memo/routes/web.php(32): Illuminate\\Support\\Facades\\Facade::__callStatic('controller', Array)
#3 /var/www/TRDSv2_memo/vendor/laravel/framework/src/Illuminate/Routing/RouteFileRegistrar.php(35): require('/var/www/TRDSv2...')
#4 /var/www/TRDSv2_memo/vendor/laravel/framework/src/Illuminate/Routing/Router.php(415): Illuminate\\Routing\\RouteFileRegistrar->register('/var/www/TRDSv2...')
#5 /var/www/TRDSv2_memo/vendor/laravel/framework/src/Illuminate/Routing/Router.php(373): Illuminate\\Routing\\Router->loadRoutes('/var/www/TRDSv2...')
#6 /var/www/TRDSv2_memo/vendor/laravel/framework/src/Illuminate/Routing/RouteRegistrar.php(121): Illuminate\\Routing\\Router->group(Array, '/var/www/TRDSv2...')
#7 /var/www/TRDSv2_memo/app/Providers/RouteServiceProvider.php(56): Illuminate\\Routing\\RouteRegistrar->group('/var/www/TRDSv2...')
#8 /var/www/TRDSv2_memo/app/Providers/RouteServiceProvider.php(40): App\\Providers\\RouteServiceProvider->mapWebRoutes()
#9 [internal function]: App\\Providers\\RouteServiceProvider->map()
#10 /var/www/TRDSv2_memo/vendor/laravel/framework/src/Illuminate/Container/BoundMethod.php(32): call_user_func_array(Array, Array)
#11 /var/www/TRDSv2_memo/vendor/laravel/framework/src/Illuminate/Container/BoundMethod.php(90): Illuminate\\Container\\BoundMethod::Illuminate\\Container\\{closure}()
#12 /var/www/TRDSv2_memo/vendor/laravel/framework/src/Illuminate/Container/BoundMethod.php(34): Illuminate\\Container\\BoundMethod::callBoundMethod(Object(Illuminate\\Foundation\\Application), Array, Object(Closure))
#13 /var/www/TRDSv2_memo/vendor/laravel/framework/src/Illuminate/Container/Container.php(576): Illuminate\\Container\\BoundMethod::call(Object(Illuminate\\Foundation\\Application), Array, Array, NULL)
#14 /var/www/TRDSv2_memo/vendor/laravel/framework/src/Illuminate/Foundation/Support/Providers/RouteServiceProvider.php(87): Illuminate\\Container\\Container->call(Array)
#15 /var/www/TRDSv2_memo/vendor/laravel/framework/src/Illuminate/Foundation/Support/Providers/RouteServiceProvider.php(36): Illuminate\\Foundation\\Support\\Providers\\RouteServiceProvider->loadRoutes()
#16 /var/www/TRDSv2_memo/app/Providers/RouteServiceProvider.php(28): Illuminate\\Foundation\\Support\\Providers\\RouteServiceProvider->boot()
#17 [internal function]: App\\Providers\\RouteServiceProvider->boot()
#18 /var/www/TRDSv2_memo/vendor/laravel/framework/src/Illuminate/Container/BoundMethod.php(32): call_user_func_array(Array, Array)
#19 /var/www/TRDSv2_memo/vendor/laravel/framework/src/Illuminate/Container/BoundMethod.php(90): Illuminate\\Container\\BoundMethod::Illuminate\\Container\\{closure}()
#20 /var/www/TRDSv2_memo/vendor/laravel/framework/src/Illuminate/Container/BoundMethod.php(34): Illuminate\\Container\\BoundMethod::callBoundMethod(Object(Illuminate\\Foundation\\Application), Array, Object(Closure))
#21 /var/www/TRDSv2_memo/vendor/laravel/framework/src/Illuminate/Container/Container.php(576): Illuminate\\Container\\BoundMethod::call(Object(Illuminate\\Foundation\\Application), Array, Array, NULL)
#22 /var/www/TRDSv2_memo/vendor/laravel/framework/src/Illuminate/Foundation/Application.php(827): Illuminate\\Container\\Container->call(Array)
#23 /var/www/TRDSv2_memo/vendor/laravel/framework/src/Illuminate/Foundation/Application.php(810): Illuminate\\Foundation\\Application->bootProvider(Object(App\\Providers\\RouteServiceProvider))
#24 [internal function]: Illuminate\\Foundation\\Application->Illuminate\\Foundation\\{closure}(Object(App\\Providers\\RouteServiceProvider), 22)
#25 /var/www/TRDSv2_memo/vendor/laravel/framework/src/Illuminate/Foundation/Application.php(811): array_walk(Array, Object(Closure))
#26 /var/www/TRDSv2_memo/vendor/laravel/framework/src/Illuminate/Foundation/Bootstrap/BootProviders.php(17): Illuminate\\Foundation\\Application->boot()
#27 /var/www/TRDSv2_memo/vendor/laravel/framework/src/Illuminate/Foundation/Application.php(210): Illuminate\\Foundation\\Bootstrap\\BootProviders->bootstrap(Object(Illuminate\\Foundation\\Application))
#28 /var/www/TRDSv2_memo/vendor/laravel/framework/src/Illuminate/Foundation/Http/Kernel.php(162): Illuminate\\Foundation\\Application->bootstrapWith(Array)
#29 /var/www/TRDSv2_memo/vendor/laravel/framework/src/Illuminate/Foundation/Http/Kernel.php(146): Illuminate\\Foundation\\Http\\Kernel->bootstrap()
#30 /var/www/TRDSv2_memo/vendor/laravel/framework/src/Illuminate/Foundation/Http/Kernel.php(116): Illuminate\\Foundation\\Http\\Kernel->sendRequestThroughRouter(Object(Illuminate\\Http\\Request))
#31 /var/www/TRDSv2_memo/index.php(55): Illuminate\\Foundation\\Http\\Kernel->handle(Object(Illuminate\\Http\\Request))
#32 {main}
"} 
[2026-03-03 08:15:42] local.ERROR: Attribute [controller] does not exist. {"exception":"[object] (InvalidArgumentException(code: 0): Attribute [controller] does not exist. at /var/www/TRDSv2_memo/vendor/laravel/framework/src/Illuminate/Routing/RouteRegistrar.php:92)
[stacktrace]
#0 /var/www/TRDSv2_memo/vendor/laravel/framework/src/Illuminate/Routing/Router.php(1275): Illuminate\\Routing\\RouteRegistrar->attribute('controller', 'App\\\\Http\\\\Contro...')
#1 /var/www/TRDSv2_memo/vendor/laravel/framework/src/Illuminate/Support/Facades/Facade.php(239): Illuminate\\Routing\\Router->__call('controller', Array)
#2 /var/www/TRDSv2_memo/routes/web.php(32): Illuminate\\Support\\Facades\\Facade::__callStatic('controller', Array)
#3 /var/www/TRDSv2_memo/vendor/laravel/framework/src/Illuminate/Routing/RouteFileRegistrar.php(35): require('/var/www/TRDSv2...')
#4 /var/www/TRDSv2_memo/vendor/laravel/framework/src/Illuminate/Routing/Router.php(415): Illuminate\\Routing\\RouteFileRegistrar->register('/var/www/TRDSv2...')
#5 /var/www/TRDSv2_memo/vendor/laravel/framework/src/Illuminate/Routing/Router.php(373): Illuminate\\Routing\\Router->loadRoutes('/var/www/TRDSv2...')
#6 /var/www/TRDSv2_memo/vendor/laravel/framework/src/Illuminate/Routing/RouteRegistrar.php(121): Illuminate\\Routing\\Router->group(Array, '/var/www/TRDSv2...')
#7 /var/www/TRDSv2_memo/app/Providers/RouteServiceProvider.php(56): Illuminate\\Routing\\RouteRegistrar->group('/var/www/TRDSv2...')
#8 /var/www/TRDSv2_memo/app/Providers/RouteServiceProvider.php(40): App\\Providers\\RouteServiceProvider->mapWebRoutes()
#9 [internal function]: App\\Providers\\RouteServiceProvider->map()
#10 /var/www/TRDSv2_memo/vendor/laravel/framework/src/Illuminate/Container/BoundMethod.php(32): call_user_func_array(Array, Array)
#11 /var/www/TRDSv2_memo/vendor/laravel/framework/src/Illuminate/Container/BoundMethod.php(90): Illuminate\\Container\\BoundMethod::Illuminate\\Container\\{closure}()
#12 /var/www/TRDSv2_memo/vendor/laravel/framework/src/Illuminate/Container/BoundMethod.php(34): Illuminate\\Container\\BoundMethod::callBoundMethod(Object(Illuminate\\Foundation\\Application), Array, Object(Closure))
#13 /var/www/TRDSv2_memo/vendor/laravel/framework/src/Illuminate/Container/Container.php(576): Illuminate\\Container\\BoundMethod::call(Object(Illuminate\\Foundation\\Application), Array, Array, NULL)
#14 /var/www/TRDSv2_memo/vendor/laravel/framework/src/Illuminate/Foundation/Support/Providers/RouteServiceProvider.php(87): Illuminate\\Container\\Container->call(Array)
#15 /var/www/TRDSv2_memo/vendor/laravel/framework/src/Illuminate/Foundation/Support/Providers/RouteServiceProvider.php(36): Illuminate\\Foundation\\Support\\Providers\\RouteServiceProvider->loadRoutes()
#16 /var/www/TRDSv2_memo/app/Providers/RouteServiceProvider.php(28): Illuminate\\Foundation\\Support\\Providers\\RouteServiceProvider->boot()
#17 [internal function]: App\\Providers\\RouteServiceProvider->boot()
#18 /var/www/TRDSv2_memo/vendor/laravel/framework/src/Illuminate/Container/BoundMethod.php(32): call_user_func_array(Array, Array)
#19 /var/www/TRDSv2_memo/vendor/laravel/framework/src/Illuminate/Container/BoundMethod.php(90): Illuminate\\Container\\BoundMethod::Illuminate\\Container\\{closure}()
#20 /var/www/TRDSv2_memo/vendor/laravel/framework/src/Illuminate/Container/BoundMethod.php(34): Illuminate\\Container\\BoundMethod::callBoundMethod(Object(Illuminate\\Foundation\\Application), Array, Object(Closure))
#21 /var/www/TRDSv2_memo/vendor/laravel/framework/src/Illuminate/Container/Container.php(576): Illuminate\\Container\\BoundMethod::call(Object(Illuminate\\Foundation\\Application), Array, Array, NULL)
#22 /var/www/TRDSv2_memo/vendor/laravel/framework/src/Illuminate/Foundation/Application.php(827): Illuminate\\Container\\Container->call(Array)
#23 /var/www/TRDSv2_memo/vendor/laravel/framework/src/Illuminate/Foundation/Application.php(810): Illuminate\\Foundation\\Application->bootProvider(Object(App\\Providers\\RouteServiceProvider))
#24 [internal function]: Illuminate\\Foundation\\Application->Illuminate\\Foundation\\{closure}(Object(App\\Providers\\RouteServiceProvider), 22)
#25 /var/www/TRDSv2_memo/vendor/laravel/framework/src/Illuminate/Foundation/Application.php(811): array_walk(Array, Object(Closure))
#26 /var/www/TRDSv2_memo/vendor/laravel/framework/src/Illuminate/Foundation/Bootstrap/BootProviders.php(17): Illuminate\\Foundation\\Application->boot()
#27 /var/www/TRDSv2_memo/vendor/laravel/framework/src/Illuminate/Foundation/Application.php(210): Illuminate\\Foundation\\Bootstrap\\BootProviders->bootstrap(Object(Illuminate\\Foundation\\Application))
#28 /var/www/TRDSv2_memo/vendor/laravel/framework/src/Illuminate/Foundation/Http/Kernel.php(162): Illuminate\\Foundation\\Application->bootstrapWith(Array)
#29 /var/www/TRDSv2_memo/vendor/laravel/framework/src/Illuminate/Foundation/Http/Kernel.php(146): Illuminate\\Foundation\\Http\\Kernel->bootstrap()
#30 /var/www/TRDSv2_memo/vendor/laravel/framework/src/Illuminate/Foundation/Http/Kernel.php(116): Illuminate\\Foundation\\Http\\Kernel->sendRequestThroughRouter(Object(Illuminate\\Http\\Request))
#31 /var/www/TRDSv2_memo/index.php(55): Illuminate\\Foundation\\Http\\Kernel->handle(Object(Illuminate\\Http\\Request))
#32 {main}
"} 
[2026-03-03 08:15:43] local.ERROR: Attribute [controller] does not exist. {"exception":"[object] (InvalidArgumentException(code: 0): Attribute [controller] does not exist. at /var/www/TRDSv2_memo/vendor/laravel/framework/src/Illuminate/Routing/RouteRegistrar.php:92)
[stacktrace]
#0 /var/www/TRDSv2_memo/vendor/laravel/framework/src/Illuminate/Routing/Router.php(1275): Illuminate\\Routing\\RouteRegistrar->attribute('controller', 'App\\\\Http\\\\Contro...')
#1 /var/www/TRDSv2_memo/vendor/laravel/framework/src/Illuminate/Support/Facades/Facade.php(239): Illuminate\\Routing\\Router->__call('controller', Array)
#2 /var/www/TRDSv2_memo/routes/web.php(32): Illuminate\\Support\\Facades\\Facade::__callStatic('controller', Array)
#3 /var/www/TRDSv2_memo/vendor/laravel/framework/src/Illuminate/Routing/RouteFileRegistrar.php(35): require('/var/www/TRDSv2...')
#4 /var/www/TRDSv2_memo/vendor/laravel/framework/src/Illuminate/Routing/Router.php(415): Illuminate\\Routing\\RouteFileRegistrar->register('/var/www/TRDSv2...')
#5 /var/www/TRDSv2_memo/vendor/laravel/framework/src/Illuminate/Routing/Router.php(373): Illuminate\\Routing\\Router->loadRoutes('/var/www/TRDSv2...')
#6 /var/www/TRDSv2_memo/vendor/laravel/framework/src/Illuminate/Routing/RouteRegistrar.php(121): Illuminate\\Routing\\Router->group(Array, '/var/www/TRDSv2...')
#7 /var/www/TRDSv2_memo/app/Providers/RouteServiceProvider.php(56): Illuminate\\Routing\\RouteRegistrar->group('/var/www/TRDSv2...')
#8 /var/www/TRDSv2_memo/app/Providers/RouteServiceProvider.php(40): App\\Providers\\RouteServiceProvider->mapWebRoutes()
#9 [internal function]: App\\Providers\\RouteServiceProvider->map()
#10 /var/www/TRDSv2_memo/vendor/laravel/framework/src/Illuminate/Container/BoundMethod.php(32): call_user_func_array(Array, Array)
#11 /var/www/TRDSv2_memo/vendor/laravel/framework/src/Illuminate/Container/BoundMethod.php(90): Illuminate\\Container\\BoundMethod::Illuminate\\Container\\{closure}()
#12 /var/www/TRDSv2_memo/vendor/laravel/framework/src/Illuminate/Container/BoundMethod.php(34): Illuminate\\Container\\BoundMethod::callBoundMethod(Object(Illuminate\\Foundation\\Application), Array, Object(Closure))
#13 /var/www/TRDSv2_memo/vendor/laravel/framework/src/Illuminate/Container/Container.php(576): Illuminate\\Container\\BoundMethod::call(Object(Illuminate\\Foundation\\Application), Array, Array, NULL)
#14 /var/www/TRDSv2_memo/vendor/laravel/framework/src/Illuminate/Foundation/Support/Providers/RouteServiceProvider.php(87): Illuminate\\Container\\Container->call(Array)
#15 /var/www/TRDSv2_memo/vendor/laravel/framework/src/Illuminate/Foundation/Support/Providers/RouteServiceProvider.php(36): Illuminate\\Foundation\\Support\\Providers\\RouteServiceProvider->loadRoutes()
#16 /var/www/TRDSv2_memo/app/Providers/RouteServiceProvider.php(28): Illuminate\\Foundation\\Support\\Providers\\RouteServiceProvider->boot()
#17 [internal function]: App\\Providers\\RouteServiceProvider->boot()
#18 /var/www/TRDSv2_memo/vendor/laravel/framework/src/Illuminate/Container/BoundMethod.php(32): call_user_func_array(Array, Array)
#19 /var/www/TRDSv2_memo/vendor/laravel/framework/src/Illuminate/Container/BoundMethod.php(90): Illuminate\\Container\\BoundMethod::Illuminate\\Container\\{closure}()
#20 /var/www/TRDSv2_memo/vendor/laravel/framework/src/Illuminate/Container/BoundMethod.php(34): Illuminate\\Container\\BoundMethod::callBoundMethod(Object(Illuminate\\Foundation\\Application), Array, Object(Closure))
#21 /var/www/TRDSv2_memo/vendor/laravel/framework/src/Illuminate/Container/Container.php(576): Illuminate\\Container\\BoundMethod::call(Object(Illuminate\\Foundation\\Application), Array, Array, NULL)
#22 /var/www/TRDSv2_memo/vendor/laravel/framework/src/Illuminate/Foundation/Application.php(827): Illuminate\\Container\\Container->call(Array)
#23 /var/www/TRDSv2_memo/vendor/laravel/framework/src/Illuminate/Foundation/Application.php(810): Illuminate\\Foundation\\Application->bootProvider(Object(App\\Providers\\RouteServiceProvider))
#24 [internal function]: Illuminate\\Foundation\\Application->Illuminate\\Foundation\\{closure}(Object(App\\Providers\\RouteServiceProvider), 22)
#25 /var/www/TRDSv2_memo/vendor/laravel/framework/src/Illuminate/Foundation/Application.php(811): array_walk(Array, Object(Closure))
#26 /var/www/TRDSv2_memo/vendor/laravel/framework/src/Illuminate/Foundation/Bootstrap/BootProviders.php(17): Illuminate\\Foundation\\Application->boot()
#27 /var/www/TRDSv2_memo/vendor/laravel/framework/src/Illuminate/Foundation/Application.php(210): Illuminate\\Foundation\\Bootstrap\\BootProviders->bootstrap(Object(Illuminate\\Foundation\\Application))
#28 /var/www/TRDSv2_memo/vendor/laravel/framework/src/Illuminate/Foundation/Http/Kernel.php(162): Illuminate\\Foundation\\Application->bootstrapWith(Array)
#29 /var/www/TRDSv2_memo/vendor/laravel/framework/src/Illuminate/Foundation/Http/Kernel.php(146): Illuminate\\Foundation\\Http\\Kernel->bootstrap()
#30 /var/www/TRDSv2_memo/vendor/laravel/framework/src/Illuminate/Foundation/Http/Kernel.php(116): Illuminate\\Foundation\\Http\\Kernel->sendRequestThroughRouter(Object(Illuminate\\Http\\Request))
#31 /var/www/TRDSv2_memo/index.php(55): Illuminate\\Foundation\\Http\\Kernel->handle(Object(Illuminate\\Http\\Request))
#32 {main}
"} 
[2026-03-03 08:15:43] local.ERROR: Attribute [controller] does not exist. {"exception":"[object] (InvalidArgumentException(code: 0): Attribute [controller] does not exist. at /var/www/TRDSv2_memo/vendor/laravel/framework/src/Illuminate/Routing/RouteRegistrar.php:92)
[stacktrace]
#0 /var/www/TRDSv2_memo/vendor/laravel/framework/src/Illuminate/Routing/Router.php(1275): Illuminate\\Routing\\RouteRegistrar->attribute('controller', 'App\\\\Http\\\\Contro...')
#1 /var/www/TRDSv2_memo/vendor/laravel/framework/src/Illuminate/Support/Facades/Facade.php(239): Illuminate\\Routing\\Router->__call('controller', Array)
#2 /var/www/TRDSv2_memo/routes/web.php(32): Illuminate\\Support\\Facades\\Facade::__callStatic('controller', Array)
#3 /var/www/TRDSv2_memo/vendor/laravel/framework/src/Illuminate/Routing/RouteFileRegistrar.php(35): require('/var/www/TRDSv2...')
#4 /var/www/TRDSv2_memo/vendor/laravel/framework/src/Illuminate/Routing/Router.php(415): Illuminate\\Routing\\RouteFileRegistrar->register('/var/www/TRDSv2...')
#5 /var/www/TRDSv2_memo/vendor/laravel/framework/src/Illuminate/Routing/Router.php(373): Illuminate\\Routing\\Router->loadRoutes('/var/www/TRDSv2...')
#6 /var/www/TRDSv2_memo/vendor/laravel/framework/src/Illuminate/Routing/RouteRegistrar.php(121): Illuminate\\Routing\\Router->group(Array, '/var/www/TRDSv2...')
#7 /var/www/TRDSv2_memo/app/Providers/RouteServiceProvider.php(56): Illuminate\\Routing\\RouteRegistrar->group('/var/www/TRDSv2...')
#8 /var/www/TRDSv2_memo/app/Providers/RouteServiceProvider.php(40): App\\Providers\\RouteServiceProvider->mapWebRoutes()
#9 [internal function]: App\\Providers\\RouteServiceProvider->map()
#10 /var/www/TRDSv2_memo/vendor/laravel/framework/src/Illuminate/Container/BoundMethod.php(32): call_user_func_array(Array, Array)
#11 /var/www/TRDSv2_memo/vendor/laravel/framework/src/Illuminate/Container/BoundMethod.php(90): Illuminate\\Container\\BoundMethod::Illuminate\\Container\\{closure}()
#12 /var/www/TRDSv2_memo/vendor/laravel/framework/src/Illuminate/Container/BoundMethod.php(34): Illuminate\\Container\\BoundMethod::callBoundMethod(Object(Illuminate\\Foundation\\Application), Array, Object(Closure))
#13 /var/www/TRDSv2_memo/vendor/laravel/framework/src/Illuminate/Container/Container.php(576): Illuminate\\Container\\BoundMethod::call(Object(Illuminate\\Foundation\\Application), Array, Array, NULL)
#14 /var/www/TRDSv2_memo/vendor/laravel/framework/src/Illuminate/Foundation/Support/Providers/RouteServiceProvider.php(87): Illuminate\\Container\\Container->call(Array)
#15 /var/www/TRDSv2_memo/vendor/laravel/framework/src/Illuminate/Foundation/Support/Providers/RouteServiceProvider.php(36): Illuminate\\Foundation\\Support\\Providers\\RouteServiceProvider->loadRoutes()
#16 /var/www/TRDSv2_memo/app/Providers/RouteServiceProvider.php(28): Illuminate\\Foundation\\Support\\Providers\\RouteServiceProvider->boot()
#17 [internal function]: App\\Providers\\RouteServiceProvider->boot()
#18 /var/www/TRDSv2_memo/vendor/laravel/framework/src/Illuminate/Container/BoundMethod.php(32): call_user_func_array(Array, Array)
#19 /var/www/TRDSv2_memo/vendor/laravel/framework/src/Illuminate/Container/BoundMethod.php(90): Illuminate\\Container\\BoundMethod::Illuminate\\Container\\{closure}()
#20 /var/www/TRDSv2_memo/vendor/laravel/framework/src/Illuminate/Container/BoundMethod.php(34): Illuminate\\Container\\BoundMethod::callBoundMethod(Object(Illuminate\\Foundation\\Application), Array, Object(Closure))
#21 /var/www/TRDSv2_memo/vendor/laravel/framework/src/Illuminate/Container/Container.php(576): Illuminate\\Container\\BoundMethod::call(Object(Illuminate\\Foundation\\Application), Array, Array, NULL)
#22 /var/www/TRDSv2_memo/vendor/laravel/framework/src/Illuminate/Foundation/Application.php(827): Illuminate\\Container\\Container->call(Array)
#23 /var/www/TRDSv2_memo/vendor/laravel/framework/src/Illuminate/Foundation/Application.php(810): Illuminate\\Foundation\\Application->bootProvider(Object(App\\Providers\\RouteServiceProvider))
#24 [internal function]: Illuminate\\Foundation\\Application->Illuminate\\Foundation\\{closure}(Object(App\\Providers\\RouteServiceProvider), 22)
#25 /var/www/TRDSv2_memo/vendor/laravel/framework/src/Illuminate/Foundation/Application.php(811): array_walk(Array, Object(Closure))
#26 /var/www/TRDSv2_memo/vendor/laravel/framework/src/Illuminate/Foundation/Bootstrap/BootProviders.php(17): Illuminate\\Foundation\\Application->boot()
#27 /var/www/TRDSv2_memo/vendor/laravel/framework/src/Illuminate/Foundation/Application.php(210): Illuminate\\Foundation\\Bootstrap\\BootProviders->bootstrap(Object(Illuminate\\Foundation\\Application))
#28 /var/www/TRDSv2_memo/vendor/laravel/framework/src/Illuminate/Foundation/Http/Kernel.php(162): Illuminate\\Foundation\\Application->bootstrapWith(Array)
#29 /var/www/TRDSv2_memo/vendor/laravel/framework/src/Illuminate/Foundation/Http/Kernel.php(146): Illuminate\\Foundation\\Http\\Kernel->bootstrap()
#30 /var/www/TRDSv2_memo/vendor/laravel/framework/src/Illuminate/Foundation/Http/Kernel.php(116): Illuminate\\Foundation\\Http\\Kernel->sendRequestThroughRouter(Object(Illuminate\\Http\\Request))
#31 /var/www/TRDSv2_memo/index.php(55): Illuminate\\Foundation\\Http\\Kernel->handle(Object(Illuminate\\Http\\Request))
#32 {main}
"} 
[2026-03-03 08:15:43] local.ERROR: Attribute [controller] does not exist. {"exception":"[object] (InvalidArgumentException(code: 0): Attribute [controller] does not exist. at /var/www/TRDSv2_memo/vendor/laravel/framework/src/Illuminate/Routing/RouteRegistrar.php:92)
[stacktrace]
#0 /var/www/TRDSv2_memo/vendor/laravel/framework/src/Illuminate/Routing/Router.php(1275): Illuminate\\Routing\\RouteRegistrar->attribute('controller', 'App\\\\Http\\\\Contro...')
#1 /var/www/TRDSv2_memo/vendor/laravel/framework/src/Illuminate/Support/Facades/Facade.php(239): Illuminate\\Routing\\Router->__call('controller', Array)
#2 /var/www/TRDSv2_memo/routes/web.php(32): Illuminate\\Support\\Facades\\Facade::__callStatic('controller', Array)
#3 /var/www/TRDSv2_memo/vendor/laravel/framework/src/Illuminate/Routing/RouteFileRegistrar.php(35): require('/var/www/TRDSv2...')
#4 /var/www/TRDSv2_memo/vendor/laravel/framework/src/Illuminate/Routing/Router.php(415): Illuminate\\Routing\\RouteFileRegistrar->register('/var/www/TRDSv2...')
#5 /var/www/TRDSv2_memo/vendor/laravel/framework/src/Illuminate/Routing/Router.php(373): Illuminate\\Routing\\Router->loadRoutes('/var/www/TRDSv2...')
#6 /var/www/TRDSv2_memo/vendor/laravel/framework/src/Illuminate/Routing/RouteRegistrar.php(121): Illuminate\\Routing\\Router->group(Array, '/var/www/TRDSv2...')
#7 /var/www/TRDSv2_memo/app/Providers/RouteServiceProvider.php(56): Illuminate\\Routing\\RouteRegistrar->group('/var/www/TRDSv2...')
#8 /var/www/TRDSv2_memo/app/Providers/RouteServiceProvider.php(40): App\\Providers\\RouteServiceProvider->mapWebRoutes()
#9 [internal function]: App\\Providers\\RouteServiceProvider->map()
#10 /var/www/TRDSv2_memo/vendor/laravel/framework/src/Illuminate/Container/BoundMethod.php(32): call_user_func_array(Array, Array)
#11 /var/www/TRDSv2_memo/vendor/laravel/framework/src/Illuminate/Container/BoundMethod.php(90): Illuminate\\Container\\BoundMethod::Illuminate\\Container\\{closure}()
#12 /var/www/TRDSv2_memo/vendor/laravel/framework/src/Illuminate/Container/BoundMethod.php(34): Illuminate\\Container\\BoundMethod::callBoundMethod(Object(Illuminate\\Foundation\\Application), Array, Object(Closure))
#13 /var/www/TRDSv2_memo/vendor/laravel/framework/src/Illuminate/Container/Container.php(576): Illuminate\\Container\\BoundMethod::call(Object(Illuminate\\Foundation\\Application), Array, Array, NULL)
#14 /var/www/TRDSv2_memo/vendor/laravel/framework/src/Illuminate/Foundation/Support/Providers/RouteServiceProvider.php(87): Illuminate\\Container\\Container->call(Array)
#15 /var/www/TRDSv2_memo/vendor/laravel/framework/src/Illuminate/Foundation/Support/Providers/RouteServiceProvider.php(36): Illuminate\\Foundation\\Support\\Providers\\RouteServiceProvider->loadRoutes()
#16 /var/www/TRDSv2_memo/app/Providers/RouteServiceProvider.php(28): Illuminate\\Foundation\\Support\\Providers\\RouteServiceProvider->boot()
#17 [internal function]: App\\Providers\\RouteServiceProvider->boot()
#18 /var/www/TRDSv2_memo/vendor/laravel/framework/src/Illuminate/Container/BoundMethod.php(32): call_user_func_array(Array, Array)
#19 /var/www/TRDSv2_memo/vendor/laravel/framework/src/Illuminate/Container/BoundMethod.php(90): Illuminate\\Container\\BoundMethod::Illuminate\\Container\\{closure}()
#20 /var/www/TRDSv2_memo/vendor/laravel/framework/src/Illuminate/Container/BoundMethod.php(34): Illuminate\\Container\\BoundMethod::callBoundMethod(Object(Illuminate\\Foundation\\Application), Array, Object(Closure))
#21 /var/www/TRDSv2_memo/vendor/laravel/framework/src/Illuminate/Container/Container.php(576): Illuminate\\Container\\BoundMethod::call(Object(Illuminate\\Foundation\\Application), Array, Array, NULL)
#22 /var/www/TRDSv2_memo/vendor/laravel/framework/src/Illuminate/Foundation/Application.php(827): Illuminate\\Container\\Container->call(Array)
#23 /var/www/TRDSv2_memo/vendor/laravel/framework/src/Illuminate/Foundation/Application.php(810): Illuminate\\Foundation\\Application->bootProvider(Object(App\\Providers\\RouteServiceProvider))
#24 [internal function]: Illuminate\\Foundation\\Application->Illuminate\\Foundation\\{closure}(Object(App\\Providers\\RouteServiceProvider), 22)
#25 /var/www/TRDSv2_memo/vendor/laravel/framework/src/Illuminate/Foundation/Application.php(811): array_walk(Array, Object(Closure))
#26 /var/www/TRDSv2_memo/vendor/laravel/framework/src/Illuminate/Foundation/Bootstrap/BootProviders.php(17): Illuminate\\Foundation\\Application->boot()
#27 /var/www/TRDSv2_memo/vendor/laravel/framework/src/Illuminate/Foundation/Application.php(210): Illuminate\\Foundation\\Bootstrap\\BootProviders->bootstrap(Object(Illuminate\\Foundation\\Application))
#28 /var/www/TRDSv2_memo/vendor/laravel/framework/src/Illuminate/Foundation/Http/Kernel.php(162): Illuminate\\Foundation\\Application->bootstrapWith(Array)
#29 /var/www/TRDSv2_memo/vendor/laravel/framework/src/Illuminate/Foundation/Http/Kernel.php(146): Illuminate\\Foundation\\Http\\Kernel->bootstrap()
#30 /var/www/TRDSv2_memo/vendor/laravel/framework/src/Illuminate/Foundation/Http/Kernel.php(116): Illuminate\\Foundation\\Http\\Kernel->sendRequestThroughRouter(Object(Illuminate\\Http\\Request))
#31 /var/www/TRDSv2_memo/index.php(55): Illuminate\\Foundation\\Http\\Kernel->handle(Object(Illuminate\\Http\\Request))
#32 {main}
"} 
[2026-03-03 08:15:43] local.ERROR: Attribute [controller] does not exist. {"exception":"[object] (InvalidArgumentException(code: 0): Attribute [controller] does not exist. at /var/www/TRDSv2_memo/vendor/laravel/framework/src/Illuminate/Routing/RouteRegistrar.php:92)
[stacktrace]
#0 /var/www/TRDSv2_memo/vendor/laravel/framework/src/Illuminate/Routing/Router.php(1275): Illuminate\\Routing\\RouteRegistrar->attribute('controller', 'App\\\\Http\\\\Contro...')
#1 /var/www/TRDSv2_memo/vendor/laravel/framework/src/Illuminate/Support/Facades/Facade.php(239): Illuminate\\Routing\\Router->__call('controller', Array)
#2 /var/www/TRDSv2_memo/routes/web.php(32): Illuminate\\Support\\Facades\\Facade::__callStatic('controller', Array)
#3 /var/www/TRDSv2_memo/vendor/laravel/framework/src/Illuminate/Routing/RouteFileRegistrar.php(35): require('/var/www/TRDSv2...')
#4 /var/www/TRDSv2_memo/vendor/laravel/framework/src/Illuminate/Routing/Router.php(415): Illuminate\\Routing\\RouteFileRegistrar->register('/var/www/TRDSv2...')
#5 /var/www/TRDSv2_memo/vendor/laravel/framework/src/Illuminate/Routing/Router.php(373): Illuminate\\Routing\\Router->loadRoutes('/var/www/TRDSv2...')
#6 /var/www/TRDSv2_memo/vendor/laravel/framework/src/Illuminate/Routing/RouteRegistrar.php(121): Illuminate\\Routing\\Router->group(Array, '/var/www/TRDSv2...')
#7 /var/www/TRDSv2_memo/app/Providers/RouteServiceProvider.php(56): Illuminate\\Routing\\RouteRegistrar->group('/var/www/TRDSv2...')
#8 /var/www/TRDSv2_memo/app/Providers/RouteServiceProvider.php(40): App\\Providers\\RouteServiceProvider->mapWebRoutes()
#9 [internal function]: App\\Providers\\RouteServiceProvider->map()
#10 /var/www/TRDSv2_memo/vendor/laravel/framework/src/Illuminate/Container/BoundMethod.php(32): call_user_func_array(Array, Array)
#11 /var/www/TRDSv2_memo/vendor/laravel/framework/src/Illuminate/Container/BoundMethod.php(90): Illuminate\\Container\\BoundMethod::Illuminate\\Container\\{closure}()
#12 /var/www/TRDSv2_memo/vendor/laravel/framework/src/Illuminate/Container/BoundMethod.php(34): Illuminate\\Container\\BoundMethod::callBoundMethod(Object(Illuminate\\Foundation\\Application), Array, Object(Closure))
#13 /var/www/TRDSv2_memo/vendor/laravel/framework/src/Illuminate/Container/Container.php(576): Illuminate\\Container\\BoundMethod::call(Object(Illuminate\\Foundation\\Application), Array, Array, NULL)
#14 /var/www/TRDSv2_memo/vendor/laravel/framework/src/Illuminate/Foundation/Support/Providers/RouteServiceProvider.php(87): Illuminate\\Container\\Container->call(Array)
#15 /var/www/TRDSv2_memo/vendor/laravel/framework/src/Illuminate/Foundation/Support/Providers/RouteServiceProvider.php(36): Illuminate\\Foundation\\Support\\Providers\\RouteServiceProvider->loadRoutes()
#16 /var/www/TRDSv2_memo/app/Providers/RouteServiceProvider.php(28): Illuminate\\Foundation\\Support\\Providers\\RouteServiceProvider->boot()
#17 [internal function]: App\\Providers\\RouteServiceProvider->boot()
#18 /var/www/TRDSv2_memo/vendor/laravel/framework/src/Illuminate/Container/BoundMethod.php(32): call_user_func_array(Array, Array)
#19 /var/www/TRDSv2_memo/vendor/laravel/framework/src/Illuminate/Container/BoundMethod.php(90): Illuminate\\Container\\BoundMethod::Illuminate\\Container\\{closure}()
#20 /var/www/TRDSv2_memo/vendor/laravel/framework/src/Illuminate/Container/BoundMethod.php(34): Illuminate\\Container\\BoundMethod::callBoundMethod(Object(Illuminate\\Foundation\\Application), Array, Object(Closure))
#21 /var/www/TRDSv2_memo/vendor/laravel/framework/src/Illuminate/Container/Container.php(576): Illuminate\\Container\\BoundMethod::call(Object(Illuminate\\Foundation\\Application), Array, Array, NULL)
#22 /var/www/TRDSv2_memo/vendor/laravel/framework/src/Illuminate/Foundation/Application.php(827): Illuminate\\Container\\Container->call(Array)
#23 /var/www/TRDSv2_memo/vendor/laravel/framework/src/Illuminate/Foundation/Application.php(810): Illuminate\\Foundation\\Application->bootProvider(Object(App\\Providers\\RouteServiceProvider))
#24 [internal function]: Illuminate\\Foundation\\Application->Illuminate\\Foundation\\{closure}(Object(App\\Providers\\RouteServiceProvider), 22)
#25 /var/www/TRDSv2_memo/vendor/laravel/framework/src/Illuminate/Foundation/Application.php(811): array_walk(Array, Object(Closure))
#26 /var/www/TRDSv2_memo/vendor/laravel/framework/src/Illuminate/Foundation/Bootstrap/BootProviders.php(17): Illuminate\\Foundation\\Application->boot()
#27 /var/www/TRDSv2_memo/vendor/laravel/framework/src/Illuminate/Foundation/Application.php(210): Illuminate\\Foundation\\Bootstrap\\BootProviders->bootstrap(Object(Illuminate\\Foundation\\Application))
#28 /var/www/TRDSv2_memo/vendor/laravel/framework/src/Illuminate/Foundation/Http/Kernel.php(162): Illuminate\\Foundation\\Application->bootstrapWith(Array)
#29 /var/www/TRDSv2_memo/vendor/laravel/framework/src/Illuminate/Foundation/Http/Kernel.php(146): Illuminate\\Foundation\\Http\\Kernel->bootstrap()
#30 /var/www/TRDSv2_memo/vendor/laravel/framework/src/Illuminate/Foundation/Http/Kernel.php(116): Illuminate\\Foundation\\Http\\Kernel->sendRequestThroughRouter(Object(Illuminate\\Http\\Request))
#31 /var/www/TRDSv2_memo/index.php(55): Illuminate\\Foundation\\Http\\Kernel->handle(Object(Illuminate\\Http\\Request))
#32 {main}
"} 
[2026-03-03 08:15:43] local.ERROR: Attribute [controller] does not exist. {"exception":"[object] (InvalidArgumentException(code: 0): Attribute [controller] does not exist. at /var/www/TRDSv2_memo/vendor/laravel/framework/src/Illuminate/Routing/RouteRegistrar.php:92)
[stacktrace]
#0 /var/www/TRDSv2_memo/vendor/laravel/framework/src/Illuminate/Routing/Router.php(1275): Illuminate\\Routing\\RouteRegistrar->attribute('controller', 'App\\\\Http\\\\Contro...')
#1 /var/www/TRDSv2_memo/vendor/laravel/framework/src/Illuminate/Support/Facades/Facade.php(239): Illuminate\\Routing\\Router->__call('controller', Array)
#2 /var/www/TRDSv2_memo/routes/web.php(32): Illuminate\\Support\\Facades\\Facade::__callStatic('controller', Array)
#3 /var/www/TRDSv2_memo/vendor/laravel/framework/src/Illuminate/Routing/RouteFileRegistrar.php(35): require('/var/www/TRDSv2...')
#4 /var/www/TRDSv2_memo/vendor/laravel/framework/src/Illuminate/Routing/Router.php(415): Illuminate\\Routing\\RouteFileRegistrar->register('/var/www/TRDSv2...')
#5 /var/www/TRDSv2_memo/vendor/laravel/framework/src/Illuminate/Routing/Router.php(373): Illuminate\\Routing\\Router->loadRoutes('/var/www/TRDSv2...')
#6 /var/www/TRDSv2_memo/vendor/laravel/framework/src/Illuminate/Routing/RouteRegistrar.php(121): Illuminate\\Routing\\Router->group(Array, '/var/www/TRDSv2...')
#7 /var/www/TRDSv2_memo/app/Providers/RouteServiceProvider.php(56): Illuminate\\Routing\\RouteRegistrar->group('/var/www/TRDSv2...')
#8 /var/www/TRDSv2_memo/app/Providers/RouteServiceProvider.php(40): App\\Providers\\RouteServiceProvider->mapWebRoutes()
#9 [internal function]: App\\Providers\\RouteServiceProvider->map()
#10 /var/www/TRDSv2_memo/vendor/laravel/framework/src/Illuminate/Container/BoundMethod.php(32): call_user_func_array(Array, Array)
#11 /var/www/TRDSv2_memo/vendor/laravel/framework/src/Illuminate/Container/BoundMethod.php(90): Illuminate\\Container\\BoundMethod::Illuminate\\Container\\{closure}()
#12 /var/www/TRDSv2_memo/vendor/laravel/framework/src/Illuminate/Container/BoundMethod.php(34): Illuminate\\Container\\BoundMethod::callBoundMethod(Object(Illuminate\\Foundation\\Application), Array, Object(Closure))
#13 /var/www/TRDSv2_memo/vendor/laravel/framework/src/Illuminate/Container/Container.php(576): Illuminate\\Container\\BoundMethod::call(Object(Illuminate\\Foundation\\Application), Array, Array, NULL)
#14 /var/www/TRDSv2_memo/vendor/laravel/framework/src/Illuminate/Foundation/Support/Providers/RouteServiceProvider.php(87): Illuminate\\Container\\Container->call(Array)
#15 /var/www/TRDSv2_memo/vendor/laravel/framework/src/Illuminate/Foundation/Support/Providers/RouteServiceProvider.php(36): Illuminate\\Foundation\\Support\\Providers\\RouteServiceProvider->loadRoutes()
#16 /var/www/TRDSv2_memo/app/Providers/RouteServiceProvider.php(28): Illuminate\\Foundation\\Support\\Providers\\RouteServiceProvider->boot()
#17 [internal function]: App\\Providers\\RouteServiceProvider->boot()
#18 /var/www/TRDSv2_memo/vendor/laravel/framework/src/Illuminate/Container/BoundMethod.php(32): call_user_func_array(Array, Array)
#19 /var/www/TRDSv2_memo/vendor/laravel/framework/src/Illuminate/Container/BoundMethod.php(90): Illuminate\\Container\\BoundMethod::Illuminate\\Container\\{closure}()
#20 /var/www/TRDSv2_memo/vendor/laravel/framework/src/Illuminate/Container/BoundMethod.php(34): Illuminate\\Container\\BoundMethod::callBoundMethod(Object(Illuminate\\Foundation\\Application), Array, Object(Closure))
#21 /var/www/TRDSv2_memo/vendor/laravel/framework/src/Illuminate/Container/Container.php(576): Illuminate\\Container\\BoundMethod::call(Object(Illuminate\\Foundation\\Application), Array, Array, NULL)
#22 /var/www/TRDSv2_memo/vendor/laravel/framework/src/Illuminate/Foundation/Application.php(827): Illuminate\\Container\\Container->call(Array)
#23 /var/www/TRDSv2_memo/vendor/laravel/framework/src/Illuminate/Foundation/Application.php(810): Illuminate\\Foundation\\Application->bootProvider(Object(App\\Providers\\RouteServiceProvider))
#24 [internal function]: Illuminate\\Foundation\\Application->Illuminate\\Foundation\\{closure}(Object(App\\Providers\\RouteServiceProvider), 22)
#25 /var/www/TRDSv2_memo/vendor/laravel/framework/src/Illuminate/Foundation/Application.php(811): array_walk(Array, Object(Closure))
#26 /var/www/TRDSv2_memo/vendor/laravel/framework/src/Illuminate/Foundation/Bootstrap/BootProviders.php(17): Illuminate\\Foundation\\Application->boot()
#27 /var/www/TRDSv2_memo/vendor/laravel/framework/src/Illuminate/Foundation/Application.php(210): Illuminate\\Foundation\\Bootstrap\\BootProviders->bootstrap(Object(Illuminate\\Foundation\\Application))
#28 /var/www/TRDSv2_memo/vendor/laravel/framework/src/Illuminate/Foundation/Http/Kernel.php(162): Illuminate\\Foundation\\Application->bootstrapWith(Array)
#29 /var/www/TRDSv2_memo/vendor/laravel/framework/src/Illuminate/Foundation/Http/Kernel.php(146): Illuminate\\Foundation\\Http\\Kernel->bootstrap()
#30 /var/www/TRDSv2_memo/vendor/laravel/framework/src/Illuminate/Foundation/Http/Kernel.php(116): Illuminate\\Foundation\\Http\\Kernel->sendRequestThroughRouter(Object(Illuminate\\Http\\Request))
#31 /var/www/TRDSv2_memo/index.php(55): Illuminate\\Foundation\\Http\\Kernel->handle(Object(Illuminate\\Http\\Request))
#32 {main}
"} 
[2026-03-03 08:16:34] local.ERROR: Attribute [controller] does not exist. {"exception":"[object] (InvalidArgumentException(code: 0): Attribute [controller] does not exist. at /var/www/TRDSv2_memo/vendor/laravel/framework/src/Illuminate/Routing/RouteRegistrar.php:92)
[stacktrace]
#0 /var/www/TRDSv2_memo/vendor/laravel/framework/src/Illuminate/Routing/Router.php(1275): Illuminate\\Routing\\RouteRegistrar->attribute('controller', 'app\\\\Http\\\\Contro...')
#1 /var/www/TRDSv2_memo/vendor/laravel/framework/src/Illuminate/Support/Facades/Facade.php(239): Illuminate\\Routing\\Router->__call('controller', Array)
#2 /var/www/TRDSv2_memo/routes/web.php(32): Illuminate\\Support\\Facades\\Facade::__callStatic('controller', Array)
#3 /var/www/TRDSv2_memo/vendor/laravel/framework/src/Illuminate/Routing/RouteFileRegistrar.php(35): require('/var/www/TRDSv2...')
#4 /var/www/TRDSv2_memo/vendor/laravel/framework/src/Illuminate/Routing/Router.php(415): Illuminate\\Routing\\RouteFileRegistrar->register('/var/www/TRDSv2...')
#5 /var/www/TRDSv2_memo/vendor/laravel/framework/src/Illuminate/Routing/Router.php(373): Illuminate\\Routing\\Router->loadRoutes('/var/www/TRDSv2...')
#6 /var/www/TRDSv2_memo/vendor/laravel/framework/src/Illuminate/Routing/RouteRegistrar.php(121): Illuminate\\Routing\\Router->group(Array, '/var/www/TRDSv2...')
#7 /var/www/TRDSv2_memo/app/Providers/RouteServiceProvider.php(56): Illuminate\\Routing\\RouteRegistrar->group('/var/www/TRDSv2...')
#8 /var/www/TRDSv2_memo/app/Providers/RouteServiceProvider.php(40): App\\Providers\\RouteServiceProvider->mapWebRoutes()
#9 [internal function]: App\\Providers\\RouteServiceProvider->map()
#10 /var/www/TRDSv2_memo/vendor/laravel/framework/src/Illuminate/Container/BoundMethod.php(32): call_user_func_array(Array, Array)
#11 /var/www/TRDSv2_memo/vendor/laravel/framework/src/Illuminate/Container/BoundMethod.php(90): Illuminate\\Container\\BoundMethod::Illuminate\\Container\\{closure}()
#12 /var/www/TRDSv2_memo/vendor/laravel/framework/src/Illuminate/Container/BoundMethod.php(34): Illuminate\\Container\\BoundMethod::callBoundMethod(Object(Illuminate\\Foundation\\Application), Array, Object(Closure))
#13 /var/www/TRDSv2_memo/vendor/laravel/framework/src/Illuminate/Container/Container.php(576): Illuminate\\Container\\BoundMethod::call(Object(Illuminate\\Foundation\\Application), Array, Array, NULL)
#14 /var/www/TRDSv2_memo/vendor/laravel/framework/src/Illuminate/Foundation/Support/Providers/RouteServiceProvider.php(87): Illuminate\\Container\\Container->call(Array)
#15 /var/www/TRDSv2_memo/vendor/laravel/framework/src/Illuminate/Foundation/Support/Providers/RouteServiceProvider.php(36): Illuminate\\Foundation\\Support\\Providers\\RouteServiceProvider->loadRoutes()
#16 /var/www/TRDSv2_memo/app/Providers/RouteServiceProvider.php(28): Illuminate\\Foundation\\Support\\Providers\\RouteServiceProvider->boot()
#17 [internal function]: App\\Providers\\RouteServiceProvider->boot()
#18 /var/www/TRDSv2_memo/vendor/laravel/framework/src/Illuminate/Container/BoundMethod.php(32): call_user_func_array(Array, Array)
#19 /var/www/TRDSv2_memo/vendor/laravel/framework/src/Illuminate/Container/BoundMethod.php(90): Illuminate\\Container\\BoundMethod::Illuminate\\Container\\{closure}()
#20 /var/www/TRDSv2_memo/vendor/laravel/framework/src/Illuminate/Container/BoundMethod.php(34): Illuminate\\Container\\BoundMethod::callBoundMethod(Object(Illuminate\\Foundation\\Application), Array, Object(Closure))
#21 /var/www/TRDSv2_memo/vendor/laravel/framework/src/Illuminate/Container/Container.php(576): Illuminate\\Container\\BoundMethod::call(Object(Illuminate\\Foundation\\Application), Array, Array, NULL)
#22 /var/www/TRDSv2_memo/vendor/laravel/framework/src/Illuminate/Foundation/Application.php(827): Illuminate\\Container\\Container->call(Array)
#23 /var/www/TRDSv2_memo/vendor/laravel/framework/src/Illuminate/Foundation/Application.php(810): Illuminate\\Foundation\\Application->bootProvider(Object(App\\Providers\\RouteServiceProvider))
#24 [internal function]: Illuminate\\Foundation\\Application->Illuminate\\Foundation\\{closure}(Object(App\\Providers\\RouteServiceProvider), 22)
#25 /var/www/TRDSv2_memo/vendor/laravel/framework/src/Illuminate/Foundation/Application.php(811): array_walk(Array, Object(Closure))
#26 /var/www/TRDSv2_memo/vendor/laravel/framework/src/Illuminate/Foundation/Bootstrap/BootProviders.php(17): Illuminate\\Foundation\\Application->boot()
#27 /var/www/TRDSv2_memo/vendor/laravel/framework/src/Illuminate/Foundation/Application.php(210): Illuminate\\Foundation\\Bootstrap\\BootProviders->bootstrap(Object(Illuminate\\Foundation\\Application))
#28 /var/www/TRDSv2_memo/vendor/laravel/framework/src/Illuminate/Foundation/Http/Kernel.php(162): Illuminate\\Foundation\\Application->bootstrapWith(Array)
#29 /var/www/TRDSv2_memo/vendor/laravel/framework/src/Illuminate/Foundation/Http/Kernel.php(146): Illuminate\\Foundation\\Http\\Kernel->bootstrap()
#30 /var/www/TRDSv2_memo/vendor/laravel/framework/src/Illuminate/Foundation/Http/Kernel.php(116): Illuminate\\Foundation\\Http\\Kernel->sendRequestThroughRouter(Object(Illuminate\\Http\\Request))
#31 /var/www/TRDSv2_memo/index.php(55): Illuminate\\Foundation\\Http\\Kernel->handle(Object(Illuminate\\Http\\Request))
#32 {main}
"} 
[2026-03-03 08:16:34] local.ERROR: Attribute [controller] does not exist. {"exception":"[object] (InvalidArgumentException(code: 0): Attribute [controller] does not exist. at /var/www/TRDSv2_memo/vendor/laravel/framework/src/Illuminate/Routing/RouteRegistrar.php:92)
[stacktrace]
#0 /var/www/TRDSv2_memo/vendor/laravel/framework/src/Illuminate/Routing/Router.php(1275): Illuminate\\Routing\\RouteRegistrar->attribute('controller', 'app\\\\Http\\\\Contro...')
#1 /var/www/TRDSv2_memo/vendor/laravel/framework/src/Illuminate/Support/Facades/Facade.php(239): Illuminate\\Routing\\Router->__call('controller', Array)
#2 /var/www/TRDSv2_memo/routes/web.php(32): Illuminate\\Support\\Facades\\Facade::__callStatic('controller', Array)
#3 /var/www/TRDSv2_memo/vendor/laravel/framework/src/Illuminate/Routing/RouteFileRegistrar.php(35): require('/var/www/TRDSv2...')
#4 /var/www/TRDSv2_memo/vendor/laravel/framework/src/Illuminate/Routing/Router.php(415): Illuminate\\Routing\\RouteFileRegistrar->register('/var/www/TRDSv2...')
#5 /var/www/TRDSv2_memo/vendor/laravel/framework/src/Illuminate/Routing/Router.php(373): Illuminate\\Routing\\Router->loadRoutes('/var/www/TRDSv2...')
#6 /var/www/TRDSv2_memo/vendor/laravel/framework/src/Illuminate/Routing/RouteRegistrar.php(121): Illuminate\\Routing\\Router->group(Array, '/var/www/TRDSv2...')
#7 /var/www/TRDSv2_memo/app/Providers/RouteServiceProvider.php(56): Illuminate\\Routing\\RouteRegistrar->group('/var/www/TRDSv2...')
#8 /var/www/TRDSv2_memo/app/Providers/RouteServiceProvider.php(40): App\\Providers\\RouteServiceProvider->mapWebRoutes()
#9 [internal function]: App\\Providers\\RouteServiceProvider->map()
#10 /var/www/TRDSv2_memo/vendor/laravel/framework/src/Illuminate/Container/BoundMethod.php(32): call_user_func_array(Array, Array)
#11 /var/www/TRDSv2_memo/vendor/laravel/framework/src/Illuminate/Container/BoundMethod.php(90): Illuminate\\Container\\BoundMethod::Illuminate\\Container\\{closure}()
#12 /var/www/TRDSv2_memo/vendor/laravel/framework/src/Illuminate/Container/BoundMethod.php(34): Illuminate\\Container\\BoundMethod::callBoundMethod(Object(Illuminate\\Foundation\\Application), Array, Object(Closure))
#13 /var/www/TRDSv2_memo/vendor/laravel/framework/src/Illuminate/Container/Container.php(576): Illuminate\\Container\\BoundMethod::call(Object(Illuminate\\Foundation\\Application), Array, Array, NULL)
#14 /var/www/TRDSv2_memo/vendor/laravel/framework/src/Illuminate/Foundation/Support/Providers/RouteServiceProvider.php(87): Illuminate\\Container\\Container->call(Array)
#15 /var/www/TRDSv2_memo/vendor/laravel/framework/src/Illuminate/Foundation/Support/Providers/RouteServiceProvider.php(36): Illuminate\\Foundation\\Support\\Providers\\RouteServiceProvider->loadRoutes()
#16 /var/www/TRDSv2_memo/app/Providers/RouteServiceProvider.php(28): Illuminate\\Foundation\\Support\\Providers\\RouteServiceProvider->boot()
#17 [internal function]: App\\Providers\\RouteServiceProvider->boot()
#18 /var/www/TRDSv2_memo/vendor/laravel/framework/src/Illuminate/Container/BoundMethod.php(32): call_user_func_array(Array, Array)
#19 /var/www/TRDSv2_memo/vendor/laravel/framework/src/Illuminate/Container/BoundMethod.php(90): Illuminate\\Container\\BoundMethod::Illuminate\\Container\\{closure}()
#20 /var/www/TRDSv2_memo/vendor/laravel/framework/src/Illuminate/Container/BoundMethod.php(34): Illuminate\\Container\\BoundMethod::callBoundMethod(Object(Illuminate\\Foundation\\Application), Array, Object(Closure))
#21 /var/www/TRDSv2_memo/vendor/laravel/framework/src/Illuminate/Container/Container.php(576): Illuminate\\Container\\BoundMethod::call(Object(Illuminate\\Foundation\\Application), Array, Array, NULL)
#22 /var/www/TRDSv2_memo/vendor/laravel/framework/src/Illuminate/Foundation/Application.php(827): Illuminate\\Container\\Container->call(Array)
#23 /var/www/TRDSv2_memo/vendor/laravel/framework/src/Illuminate/Foundation/Application.php(810): Illuminate\\Foundation\\Application->bootProvider(Object(App\\Providers\\RouteServiceProvider))
#24 [internal function]: Illuminate\\Foundation\\Application->Illuminate\\Foundation\\{closure}(Object(App\\Providers\\RouteServiceProvider), 22)
#25 /var/www/TRDSv2_memo/vendor/laravel/framework/src/Illuminate/Foundation/Application.php(811): array_walk(Array, Object(Closure))
#26 /var/www/TRDSv2_memo/vendor/laravel/framework/src/Illuminate/Foundation/Bootstrap/BootProviders.php(17): Illuminate\\Foundation\\Application->boot()
#27 /var/www/TRDSv2_memo/vendor/laravel/framework/src/Illuminate/Foundation/Application.php(210): Illuminate\\Foundation\\Bootstrap\\BootProviders->bootstrap(Object(Illuminate\\Foundation\\Application))
#28 /var/www/TRDSv2_memo/vendor/laravel/framework/src/Illuminate/Foundation/Http/Kernel.php(162): Illuminate\\Foundation\\Application->bootstrapWith(Array)
#29 /var/www/TRDSv2_memo/vendor/laravel/framework/src/Illuminate/Foundation/Http/Kernel.php(146): Illuminate\\Foundation\\Http\\Kernel->bootstrap()
#30 /var/www/TRDSv2_memo/vendor/laravel/framework/src/Illuminate/Foundation/Http/Kernel.php(116): Illuminate\\Foundation\\Http\\Kernel->sendRequestThroughRouter(Object(Illuminate\\Http\\Request))
#31 /var/www/TRDSv2_memo/index.php(55): Illuminate\\Foundation\\Http\\Kernel->handle(Object(Illuminate\\Http\\Request))
#32 {main}
"} 
[2026-03-03 08:16:34] local.ERROR: Attribute [controller] does not exist. {"exception":"[object] (InvalidArgumentException(code: 0): Attribute [controller] does not exist. at /var/www/TRDSv2_memo/vendor/laravel/framework/src/Illuminate/Routing/RouteRegistrar.php:92)
[stacktrace]
#0 /var/www/TRDSv2_memo/vendor/laravel/framework/src/Illuminate/Routing/Router.php(1275): Illuminate\\Routing\\RouteRegistrar->attribute('controller', 'app\\\\Http\\\\Contro...')
#1 /var/www/TRDSv2_memo/vendor/laravel/framework/src/Illuminate/Support/Facades/Facade.php(239): Illuminate\\Routing\\Router->__call('controller', Array)
#2 /var/www/TRDSv2_memo/routes/web.php(32): Illuminate\\Support\\Facades\\Facade::__callStatic('controller', Array)
#3 /var/www/TRDSv2_memo/vendor/laravel/framework/src/Illuminate/Routing/RouteFileRegistrar.php(35): require('/var/www/TRDSv2...')
#4 /var/www/TRDSv2_memo/vendor/laravel/framework/src/Illuminate/Routing/Router.php(415): Illuminate\\Routing\\RouteFileRegistrar->register('/var/www/TRDSv2...')
#5 /var/www/TRDSv2_memo/vendor/laravel/framework/src/Illuminate/Routing/Router.php(373): Illuminate\\Routing\\Router->loadRoutes('/var/www/TRDSv2...')
#6 /var/www/TRDSv2_memo/vendor/laravel/framework/src/Illuminate/Routing/RouteRegistrar.php(121): Illuminate\\Routing\\Router->group(Array, '/var/www/TRDSv2...')
#7 /var/www/TRDSv2_memo/app/Providers/RouteServiceProvider.php(56): Illuminate\\Routing\\RouteRegistrar->group('/var/www/TRDSv2...')
#8 /var/www/TRDSv2_memo/app/Providers/RouteServiceProvider.php(40): App\\Providers\\RouteServiceProvider->mapWebRoutes()
#9 [internal function]: App\\Providers\\RouteServiceProvider->map()
#10 /var/www/TRDSv2_memo/vendor/laravel/framework/src/Illuminate/Container/BoundMethod.php(32): call_user_func_array(Array, Array)
#11 /var/www/TRDSv2_memo/vendor/laravel/framework/src/Illuminate/Container/BoundMethod.php(90): Illuminate\\Container\\BoundMethod::Illuminate\\Container\\{closure}()
#12 /var/www/TRDSv2_memo/vendor/laravel/framework/src/Illuminate/Container/BoundMethod.php(34): Illuminate\\Container\\BoundMethod::callBoundMethod(Object(Illuminate\\Foundation\\Application), Array, Object(Closure))
#13 /var/www/TRDSv2_memo/vendor/laravel/framework/src/Illuminate/Container/Container.php(576): Illuminate\\Container\\BoundMethod::call(Object(Illuminate\\Foundation\\Application), Array, Array, NULL)
#14 /var/www/TRDSv2_memo/vendor/laravel/framework/src/Illuminate/Foundation/Support/Providers/RouteServiceProvider.php(87): Illuminate\\Container\\Container->call(Array)
#15 /var/www/TRDSv2_memo/vendor/laravel/framework/src/Illuminate/Foundation/Support/Providers/RouteServiceProvider.php(36): Illuminate\\Foundation\\Support\\Providers\\RouteServiceProvider->loadRoutes()
#16 /var/www/TRDSv2_memo/app/Providers/RouteServiceProvider.php(28): Illuminate\\Foundation\\Support\\Providers\\RouteServiceProvider->boot()
#17 [internal function]: App\\Providers\\RouteServiceProvider->boot()
#18 /var/www/TRDSv2_memo/vendor/laravel/framework/src/Illuminate/Container/BoundMethod.php(32): call_user_func_array(Array, Array)
#19 /var/www/TRDSv2_memo/vendor/laravel/framework/src/Illuminate/Container/BoundMethod.php(90): Illuminate\\Container\\BoundMethod::Illuminate\\Container\\{closure}()
#20 /var/www/TRDSv2_memo/vendor/laravel/framework/src/Illuminate/Container/BoundMethod.php(34): Illuminate\\Container\\BoundMethod::callBoundMethod(Object(Illuminate\\Foundation\\Application), Array, Object(Closure))
#21 /var/www/TRDSv2_memo/vendor/laravel/framework/src/Illuminate/Container/Container.php(576): Illuminate\\Container\\BoundMethod::call(Object(Illuminate\\Foundation\\Application), Array, Array, NULL)
#22 /var/www/TRDSv2_memo/vendor/laravel/framework/src/Illuminate/Foundation/Application.php(827): Illuminate\\Container\\Container->call(Array)
#23 /var/www/TRDSv2_memo/vendor/laravel/framework/src/Illuminate/Foundation/Application.php(810): Illuminate\\Foundation\\Application->bootProvider(Object(App\\Providers\\RouteServiceProvider))
#24 [internal function]: Illuminate\\Foundation\\Application->Illuminate\\Foundation\\{closure}(Object(App\\Providers\\RouteServiceProvider), 22)
#25 /var/www/TRDSv2_memo/vendor/laravel/framework/src/Illuminate/Foundation/Application.php(811): array_walk(Array, Object(Closure))
#26 /var/www/TRDSv2_memo/vendor/laravel/framework/src/Illuminate/Foundation/Bootstrap/BootProviders.php(17): Illuminate\\Foundation\\Application->boot()
#27 /var/www/TRDSv2_memo/vendor/laravel/framework/src/Illuminate/Foundation/Application.php(210): Illuminate\\Foundation\\Bootstrap\\BootProviders->bootstrap(Object(Illuminate\\Foundation\\Application))
#28 /var/www/TRDSv2_memo/vendor/laravel/framework/src/Illuminate/Foundation/Http/Kernel.php(162): Illuminate\\Foundation\\Application->bootstrapWith(Array)
#29 /var/www/TRDSv2_memo/vendor/laravel/framework/src/Illuminate/Foundation/Http/Kernel.php(146): Illuminate\\Foundation\\Http\\Kernel->bootstrap()
#30 /var/www/TRDSv2_memo/vendor/laravel/framework/src/Illuminate/Foundation/Http/Kernel.php(116): Illuminate\\Foundation\\Http\\Kernel->sendRequestThroughRouter(Object(Illuminate\\Http\\Request))
#31 /var/www/TRDSv2_memo/index.php(55): Illuminate\\Foundation\\Http\\Kernel->handle(Object(Illuminate\\Http\\Request))
#32 {main}
"} 
[2026-03-03 08:16:35] local.ERROR: Attribute [controller] does not exist. {"exception":"[object] (InvalidArgumentException(code: 0): Attribute [controller] does not exist. at /var/www/TRDSv2_memo/vendor/laravel/framework/src/Illuminate/Routing/RouteRegistrar.php:92)
[stacktrace]
#0 /var/www/TRDSv2_memo/vendor/laravel/framework/src/Illuminate/Routing/Router.php(1275): Illuminate\\Routing\\RouteRegistrar->attribute('controller', 'app\\\\Http\\\\Contro...')
#1 /var/www/TRDSv2_memo/vendor/laravel/framework/src/Illuminate/Support/Facades/Facade.php(239): Illuminate\\Routing\\Router->__call('controller', Array)
#2 /var/www/TRDSv2_memo/routes/web.php(32): Illuminate\\Support\\Facades\\Facade::__callStatic('controller', Array)
#3 /var/www/TRDSv2_memo/vendor/laravel/framework/src/Illuminate/Routing/RouteFileRegistrar.php(35): require('/var/www/TRDSv2...')
#4 /var/www/TRDSv2_memo/vendor/laravel/framework/src/Illuminate/Routing/Router.php(415): Illuminate\\Routing\\RouteFileRegistrar->register('/var/www/TRDSv2...')
#5 /var/www/TRDSv2_memo/vendor/laravel/framework/src/Illuminate/Routing/Router.php(373): Illuminate\\Routing\\Router->loadRoutes('/var/www/TRDSv2...')
#6 /var/www/TRDSv2_memo/vendor/laravel/framework/src/Illuminate/Routing/RouteRegistrar.php(121): Illuminate\\Routing\\Router->group(Array, '/var/www/TRDSv2...')
#7 /var/www/TRDSv2_memo/app/Providers/RouteServiceProvider.php(56): Illuminate\\Routing\\RouteRegistrar->group('/var/www/TRDSv2...')
#8 /var/www/TRDSv2_memo/app/Providers/RouteServiceProvider.php(40): App\\Providers\\RouteServiceProvider->mapWebRoutes()
#9 [internal function]: App\\Providers\\RouteServiceProvider->map()
#10 /var/www/TRDSv2_memo/vendor/laravel/framework/src/Illuminate/Container/BoundMethod.php(32): call_user_func_array(Array, Array)
#11 /var/www/TRDSv2_memo/vendor/laravel/framework/src/Illuminate/Container/BoundMethod.php(90): Illuminate\\Container\\BoundMethod::Illuminate\\Container\\{closure}()
#12 /var/www/TRDSv2_memo/vendor/laravel/framework/src/Illuminate/Container/BoundMethod.php(34): Illuminate\\Container\\BoundMethod::callBoundMethod(Object(Illuminate\\Foundation\\Application), Array, Object(Closure))
#13 /var/www/TRDSv2_memo/vendor/laravel/framework/src/Illuminate/Container/Container.php(576): Illuminate\\Container\\BoundMethod::call(Object(Illuminate\\Foundation\\Application), Array, Array, NULL)
#14 /var/www/TRDSv2_memo/vendor/laravel/framework/src/Illuminate/Foundation/Support/Providers/RouteServiceProvider.php(87): Illuminate\\Container\\Container->call(Array)
#15 /var/www/TRDSv2_memo/vendor/laravel/framework/src/Illuminate/Foundation/Support/Providers/RouteServiceProvider.php(36): Illuminate\\Foundation\\Support\\Providers\\RouteServiceProvider->loadRoutes()
#16 /var/www/TRDSv2_memo/app/Providers/RouteServiceProvider.php(28): Illuminate\\Foundation\\Support\\Providers\\RouteServiceProvider->boot()
#17 [internal function]: App\\Providers\\RouteServiceProvider->boot()
#18 /var/www/TRDSv2_memo/vendor/laravel/framework/src/Illuminate/Container/BoundMethod.php(32): call_user_func_array(Array, Array)
#19 /var/www/TRDSv2_memo/vendor/laravel/framework/src/Illuminate/Container/BoundMethod.php(90): Illuminate\\Container\\BoundMethod::Illuminate\\Container\\{closure}()
#20 /var/www/TRDSv2_memo/vendor/laravel/framework/src/Illuminate/Container/BoundMethod.php(34): Illuminate\\Container\\BoundMethod::callBoundMethod(Object(Illuminate\\Foundation\\Application), Array, Object(Closure))
#21 /var/www/TRDSv2_memo/vendor/laravel/framework/src/Illuminate/Container/Container.php(576): Illuminate\\Container\\BoundMethod::call(Object(Illuminate\\Foundation\\Application), Array, Array, NULL)
#22 /var/www/TRDSv2_memo/vendor/laravel/framework/src/Illuminate/Foundation/Application.php(827): Illuminate\\Container\\Container->call(Array)
#23 /var/www/TRDSv2_memo/vendor/laravel/framework/src/Illuminate/Foundation/Application.php(810): Illuminate\\Foundation\\Application->bootProvider(Object(App\\Providers\\RouteServiceProvider))
#24 [internal function]: Illuminate\\Foundation\\Application->Illuminate\\Foundation\\{closure}(Object(App\\Providers\\RouteServiceProvider), 22)
#25 /var/www/TRDSv2_memo/vendor/laravel/framework/src/Illuminate/Foundation/Application.php(811): array_walk(Array, Object(Closure))
#26 /var/www/TRDSv2_memo/vendor/laravel/framework/src/Illuminate/Foundation/Bootstrap/BootProviders.php(17): Illuminate\\Foundation\\Application->boot()
#27 /var/www/TRDSv2_memo/vendor/laravel/framework/src/Illuminate/Foundation/Application.php(210): Illuminate\\Foundation\\Bootstrap\\BootProviders->bootstrap(Object(Illuminate\\Foundation\\Application))
#28 /var/www/TRDSv2_memo/vendor/laravel/framework/src/Illuminate/Foundation/Http/Kernel.php(162): Illuminate\\Foundation\\Application->bootstrapWith(Array)
#29 /var/www/TRDSv2_memo/vendor/laravel/framework/src/Illuminate/Foundation/Http/Kernel.php(146): Illuminate\\Foundation\\Http\\Kernel->bootstrap()
#30 /var/www/TRDSv2_memo/vendor/laravel/framework/src/Illuminate/Foundation/Http/Kernel.php(116): Illuminate\\Foundation\\Http\\Kernel->sendRequestThroughRouter(Object(Illuminate\\Http\\Request))
#31 /var/www/TRDSv2_memo/index.php(55): Illuminate\\Foundation\\Http\\Kernel->handle(Object(Illuminate\\Http\\Request))
#32 {main}
"} 
[2026-03-03 08:16:35] local.ERROR: Attribute [controller] does not exist. {"exception":"[object] (InvalidArgumentException(code: 0): Attribute [controller] does not exist. at /var/www/TRDSv2_memo/vendor/laravel/framework/src/Illuminate/Routing/RouteRegistrar.php:92)
[stacktrace]
#0 /var/www/TRDSv2_memo/vendor/laravel/framework/src/Illuminate/Routing/Router.php(1275): Illuminate\\Routing\\RouteRegistrar->attribute('controller', 'app\\\\Http\\\\Contro...')
#1 /var/www/TRDSv2_memo/vendor/laravel/framework/src/Illuminate/Support/Facades/Facade.php(239): Illuminate\\Routing\\Router->__call('controller', Array)
#2 /var/www/TRDSv2_memo/routes/web.php(32): Illuminate\\Support\\Facades\\Facade::__callStatic('controller', Array)
#3 /var/www/TRDSv2_memo/vendor/laravel/framework/src/Illuminate/Routing/RouteFileRegistrar.php(35): require('/var/www/TRDSv2...')
#4 /var/www/TRDSv2_memo/vendor/laravel/framework/src/Illuminate/Routing/Router.php(415): Illuminate\\Routing\\RouteFileRegistrar->register('/var/www/TRDSv2...')
#5 /var/www/TRDSv2_memo/vendor/laravel/framework/src/Illuminate/Routing/Router.php(373): Illuminate\\Routing\\Router->loadRoutes('/var/www/TRDSv2...')
#6 /var/www/TRDSv2_memo/vendor/laravel/framework/src/Illuminate/Routing/RouteRegistrar.php(121): Illuminate\\Routing\\Router->group(Array, '/var/www/TRDSv2...')
#7 /var/www/TRDSv2_memo/app/Providers/RouteServiceProvider.php(56): Illuminate\\Routing\\RouteRegistrar->group('/var/www/TRDSv2...')
#8 /var/www/TRDSv2_memo/app/Providers/RouteServiceProvider.php(40): App\\Providers\\RouteServiceProvider->mapWebRoutes()
#9 [internal function]: App\\Providers\\RouteServiceProvider->map()
#10 /var/www/TRDSv2_memo/vendor/laravel/framework/src/Illuminate/Container/BoundMethod.php(32): call_user_func_array(Array, Array)
#11 /var/www/TRDSv2_memo/vendor/laravel/framework/src/Illuminate/Container/BoundMethod.php(90): Illuminate\\Container\\BoundMethod::Illuminate\\Container\\{closure}()
#12 /var/www/TRDSv2_memo/vendor/laravel/framework/src/Illuminate/Container/BoundMethod.php(34): Illuminate\\Container\\BoundMethod::callBoundMethod(Object(Illuminate\\Foundation\\Application), Array, Object(Closure))
#13 /var/www/TRDSv2_memo/vendor/laravel/framework/src/Illuminate/Container/Container.php(576): Illuminate\\Container\\BoundMethod::call(Object(Illuminate\\Foundation\\Application), Array, Array, NULL)
#14 /var/www/TRDSv2_memo/vendor/laravel/framework/src/Illuminate/Foundation/Support/Providers/RouteServiceProvider.php(87): Illuminate\\Container\\Container->call(Array)
#15 /var/www/TRDSv2_memo/vendor/laravel/framework/src/Illuminate/Foundation/Support/Providers/RouteServiceProvider.php(36): Illuminate\\Foundation\\Support\\Providers\\RouteServiceProvider->loadRoutes()
#16 /var/www/TRDSv2_memo/app/Providers/RouteServiceProvider.php(28): Illuminate\\Foundation\\Support\\Providers\\RouteServiceProvider->boot()
#17 [internal function]: App\\Providers\\RouteServiceProvider->boot()
#18 /var/www/TRDSv2_memo/vendor/laravel/framework/src/Illuminate/Container/BoundMethod.php(32): call_user_func_array(Array, Array)
#19 /var/www/TRDSv2_memo/vendor/laravel/framework/src/Illuminate/Container/BoundMethod.php(90): Illuminate\\Container\\BoundMethod::Illuminate\\Container\\{closure}()
#20 /var/www/TRDSv2_memo/vendor/laravel/framework/src/Illuminate/Container/BoundMethod.php(34): Illuminate\\Container\\BoundMethod::callBoundMethod(Object(Illuminate\\Foundation\\Application), Array, Object(Closure))
#21 /var/www/TRDSv2_memo/vendor/laravel/framework/src/Illuminate/Container/Container.php(576): Illuminate\\Container\\BoundMethod::call(Object(Illuminate\\Foundation\\Application), Array, Array, NULL)
#22 /var/www/TRDSv2_memo/vendor/laravel/framework/src/Illuminate/Foundation/Application.php(827): Illuminate\\Container\\Container->call(Array)
#23 /var/www/TRDSv2_memo/vendor/laravel/framework/src/Illuminate/Foundation/Application.php(810): Illuminate\\Foundation\\Application->bootProvider(Object(App\\Providers\\RouteServiceProvider))
#24 [internal function]: Illuminate\\Foundation\\Application->Illuminate\\Foundation\\{closure}(Object(App\\Providers\\RouteServiceProvider), 22)
#25 /var/www/TRDSv2_memo/vendor/laravel/framework/src/Illuminate/Foundation/Application.php(811): array_walk(Array, Object(Closure))
#26 /var/www/TRDSv2_memo/vendor/laravel/framework/src/Illuminate/Foundation/Bootstrap/BootProviders.php(17): Illuminate\\Foundation\\Application->boot()
#27 /var/www/TRDSv2_memo/vendor/laravel/framework/src/Illuminate/Foundation/Application.php(210): Illuminate\\Foundation\\Bootstrap\\BootProviders->bootstrap(Object(Illuminate\\Foundation\\Application))
#28 /var/www/TRDSv2_memo/vendor/laravel/framework/src/Illuminate/Foundation/Http/Kernel.php(162): Illuminate\\Foundation\\Application->bootstrapWith(Array)
#29 /var/www/TRDSv2_memo/vendor/laravel/framework/src/Illuminate/Foundation/Http/Kernel.php(146): Illuminate\\Foundation\\Http\\Kernel->bootstrap()
#30 /var/www/TRDSv2_memo/vendor/laravel/framework/src/Illuminate/Foundation/Http/Kernel.php(116): Illuminate\\Foundation\\Http\\Kernel->sendRequestThroughRouter(Object(Illuminate\\Http\\Request))
#31 /var/www/TRDSv2_memo/index.php(55): Illuminate\\Foundation\\Http\\Kernel->handle(Object(Illuminate\\Http\\Request))
#32 {main}
"} 
[2026-03-03 08:16:35] local.ERROR: Attribute [controller] does not exist. {"exception":"[object] (InvalidArgumentException(code: 0): Attribute [controller] does not exist. at /var/www/TRDSv2_memo/vendor/laravel/framework/src/Illuminate/Routing/RouteRegistrar.php:92)
[stacktrace]
#0 /var/www/TRDSv2_memo/vendor/laravel/framework/src/Illuminate/Routing/Router.php(1275): Illuminate\\Routing\\RouteRegistrar->attribute('controller', 'app\\\\Http\\\\Contro...')
#1 /var/www/TRDSv2_memo/vendor/laravel/framework/src/Illuminate/Support/Facades/Facade.php(239): Illuminate\\Routing\\Router->__call('controller', Array)
#2 /var/www/TRDSv2_memo/routes/web.php(32): Illuminate\\Support\\Facades\\Facade::__callStatic('controller', Array)
#3 /var/www/TRDSv2_memo/vendor/laravel/framework/src/Illuminate/Routing/RouteFileRegistrar.php(35): require('/var/www/TRDSv2...')
#4 /var/www/TRDSv2_memo/vendor/laravel/framework/src/Illuminate/Routing/Router.php(415): Illuminate\\Routing\\RouteFileRegistrar->register('/var/www/TRDSv2...')
#5 /var/www/TRDSv2_memo/vendor/laravel/framework/src/Illuminate/Routing/Router.php(373): Illuminate\\Routing\\Router->loadRoutes('/var/www/TRDSv2...')
#6 /var/www/TRDSv2_memo/vendor/laravel/framework/src/Illuminate/Routing/RouteRegistrar.php(121): Illuminate\\Routing\\Router->group(Array, '/var/www/TRDSv2...')
#7 /var/www/TRDSv2_memo/app/Providers/RouteServiceProvider.php(56): Illuminate\\Routing\\RouteRegistrar->group('/var/www/TRDSv2...')
#8 /var/www/TRDSv2_memo/app/Providers/RouteServiceProvider.php(40): App\\Providers\\RouteServiceProvider->mapWebRoutes()
#9 [internal function]: App\\Providers\\RouteServiceProvider->map()
#10 /var/www/TRDSv2_memo/vendor/laravel/framework/src/Illuminate/Container/BoundMethod.php(32): call_user_func_array(Array, Array)
#11 /var/www/TRDSv2_memo/vendor/laravel/framework/src/Illuminate/Container/BoundMethod.php(90): Illuminate\\Container\\BoundMethod::Illuminate\\Container\\{closure}()
#12 /var/www/TRDSv2_memo/vendor/laravel/framework/src/Illuminate/Container/BoundMethod.php(34): Illuminate\\Container\\BoundMethod::callBoundMethod(Object(Illuminate\\Foundation\\Application), Array, Object(Closure))
#13 /var/www/TRDSv2_memo/vendor/laravel/framework/src/Illuminate/Container/Container.php(576): Illuminate\\Container\\BoundMethod::call(Object(Illuminate\\Foundation\\Application), Array, Array, NULL)
#14 /var/www/TRDSv2_memo/vendor/laravel/framework/src/Illuminate/Foundation/Support/Providers/RouteServiceProvider.php(87): Illuminate\\Container\\Container->call(Array)
#15 /var/www/TRDSv2_memo/vendor/laravel/framework/src/Illuminate/Foundation/Support/Providers/RouteServiceProvider.php(36): Illuminate\\Foundation\\Support\\Providers\\RouteServiceProvider->loadRoutes()
#16 /var/www/TRDSv2_memo/app/Providers/RouteServiceProvider.php(28): Illuminate\\Foundation\\Support\\Providers\\RouteServiceProvider->boot()
#17 [internal function]: App\\Providers\\RouteServiceProvider->boot()
#18 /var/www/TRDSv2_memo/vendor/laravel/framework/src/Illuminate/Container/BoundMethod.php(32): call_user_func_array(Array, Array)
#19 /var/www/TRDSv2_memo/vendor/laravel/framework/src/Illuminate/Container/BoundMethod.php(90): Illuminate\\Container\\BoundMethod::Illuminate\\Container\\{closure}()
#20 /var/www/TRDSv2_memo/vendor/laravel/framework/src/Illuminate/Container/BoundMethod.php(34): Illuminate\\Container\\BoundMethod::callBoundMethod(Object(Illuminate\\Foundation\\Application), Array, Object(Closure))
#21 /var/www/TRDSv2_memo/vendor/laravel/framework/src/Illuminate/Container/Container.php(576): Illuminate\\Container\\BoundMethod::call(Object(Illuminate\\Foundation\\Application), Array, Array, NULL)
#22 /var/www/TRDSv2_memo/vendor/laravel/framework/src/Illuminate/Foundation/Application.php(827): Illuminate\\Container\\Container->call(Array)
#23 /var/www/TRDSv2_memo/vendor/laravel/framework/src/Illuminate/Foundation/Application.php(810): Illuminate\\Foundation\\Application->bootProvider(Object(App\\Providers\\RouteServiceProvider))
#24 [internal function]: Illuminate\\Foundation\\Application->Illuminate\\Foundation\\{closure}(Object(App\\Providers\\RouteServiceProvider), 22)
#25 /var/www/TRDSv2_memo/vendor/laravel/framework/src/Illuminate/Foundation/Application.php(811): array_walk(Array, Object(Closure))
#26 /var/www/TRDSv2_memo/vendor/laravel/framework/src/Illuminate/Foundation/Bootstrap/BootProviders.php(17): Illuminate\\Foundation\\Application->boot()
#27 /var/www/TRDSv2_memo/vendor/laravel/framework/src/Illuminate/Foundation/Application.php(210): Illuminate\\Foundation\\Bootstrap\\BootProviders->bootstrap(Object(Illuminate\\Foundation\\Application))
#28 /var/www/TRDSv2_memo/vendor/laravel/framework/src/Illuminate/Foundation/Http/Kernel.php(162): Illuminate\\Foundation\\Application->bootstrapWith(Array)
#29 /var/www/TRDSv2_memo/vendor/laravel/framework/src/Illuminate/Foundation/Http/Kernel.php(146): Illuminate\\Foundation\\Http\\Kernel->bootstrap()
#30 /var/www/TRDSv2_memo/vendor/laravel/framework/src/Illuminate/Foundation/Http/Kernel.php(116): Illuminate\\Foundation\\Http\\Kernel->sendRequestThroughRouter(Object(Illuminate\\Http\\Request))
#31 /var/www/TRDSv2_memo/index.php(55): Illuminate\\Foundation\\Http\\Kernel->handle(Object(Illuminate\\Http\\Request))
#32 {main}
"} 
[2026-03-03 08:16:35] local.ERROR: Attribute [controller] does not exist. {"exception":"[object] (InvalidArgumentException(code: 0): Attribute [controller] does not exist. at /var/www/TRDSv2_memo/vendor/laravel/framework/src/Illuminate/Routing/RouteRegistrar.php:92)
[stacktrace]
#0 /var/www/TRDSv2_memo/vendor/laravel/framework/src/Illuminate/Routing/Router.php(1275): Illuminate\\Routing\\RouteRegistrar->attribute('controller', 'app\\\\Http\\\\Contro...')
#1 /var/www/TRDSv2_memo/vendor/laravel/framework/src/Illuminate/Support/Facades/Facade.php(239): Illuminate\\Routing\\Router->__call('controller', Array)
#2 /var/www/TRDSv2_memo/routes/web.php(32): Illuminate\\Support\\Facades\\Facade::__callStatic('controller', Array)
#3 /var/www/TRDSv2_memo/vendor/laravel/framework/src/Illuminate/Routing/RouteFileRegistrar.php(35): require('/var/www/TRDSv2...')
#4 /var/www/TRDSv2_memo/vendor/laravel/framework/src/Illuminate/Routing/Router.php(415): Illuminate\\Routing\\RouteFileRegistrar->register('/var/www/TRDSv2...')
#5 /var/www/TRDSv2_memo/vendor/laravel/framework/src/Illuminate/Routing/Router.php(373): Illuminate\\Routing\\Router->loadRoutes('/var/www/TRDSv2...')
#6 /var/www/TRDSv2_memo/vendor/laravel/framework/src/Illuminate/Routing/RouteRegistrar.php(121): Illuminate\\Routing\\Router->group(Array, '/var/www/TRDSv2...')
#7 /var/www/TRDSv2_memo/app/Providers/RouteServiceProvider.php(56): Illuminate\\Routing\\RouteRegistrar->group('/var/www/TRDSv2...')
#8 /var/www/TRDSv2_memo/app/Providers/RouteServiceProvider.php(40): App\\Providers\\RouteServiceProvider->mapWebRoutes()
#9 [internal function]: App\\Providers\\RouteServiceProvider->map()
#10 /var/www/TRDSv2_memo/vendor/laravel/framework/src/Illuminate/Container/BoundMethod.php(32): call_user_func_array(Array, Array)
#11 /var/www/TRDSv2_memo/vendor/laravel/framework/src/Illuminate/Container/BoundMethod.php(90): Illuminate\\Container\\BoundMethod::Illuminate\\Container\\{closure}()
#12 /var/www/TRDSv2_memo/vendor/laravel/framework/src/Illuminate/Container/BoundMethod.php(34): Illuminate\\Container\\BoundMethod::callBoundMethod(Object(Illuminate\\Foundation\\Application), Array, Object(Closure))
#13 /var/www/TRDSv2_memo/vendor/laravel/framework/src/Illuminate/Container/Container.php(576): Illuminate\\Container\\BoundMethod::call(Object(Illuminate\\Foundation\\Application), Array, Array, NULL)
#14 /var/www/TRDSv2_memo/vendor/laravel/framework/src/Illuminate/Foundation/Support/Providers/RouteServiceProvider.php(87): Illuminate\\Container\\Container->call(Array)
#15 /var/www/TRDSv2_memo/vendor/laravel/framework/src/Illuminate/Foundation/Support/Providers/RouteServiceProvider.php(36): Illuminate\\Foundation\\Support\\Providers\\RouteServiceProvider->loadRoutes()
#16 /var/www/TRDSv2_memo/app/Providers/RouteServiceProvider.php(28): Illuminate\\Foundation\\Support\\Providers\\RouteServiceProvider->boot()
#17 [internal function]: App\\Providers\\RouteServiceProvider->boot()
#18 /var/www/TRDSv2_memo/vendor/laravel/framework/src/Illuminate/Container/BoundMethod.php(32): call_user_func_array(Array, Array)
#19 /var/www/TRDSv2_memo/vendor/laravel/framework/src/Illuminate/Container/BoundMethod.php(90): Illuminate\\Container\\BoundMethod::Illuminate\\Container\\{closure}()
#20 /var/www/TRDSv2_memo/vendor/laravel/framework/src/Illuminate/Container/BoundMethod.php(34): Illuminate\\Container\\BoundMethod::callBoundMethod(Object(Illuminate\\Foundation\\Application), Array, Object(Closure))
#21 /var/www/TRDSv2_memo/vendor/laravel/framework/src/Illuminate/Container/Container.php(576): Illuminate\\Container\\BoundMethod::call(Object(Illuminate\\Foundation\\Application), Array, Array, NULL)
#22 /var/www/TRDSv2_memo/vendor/laravel/framework/src/Illuminate/Foundation/Application.php(827): Illuminate\\Container\\Container->call(Array)
#23 /var/www/TRDSv2_memo/vendor/laravel/framework/src/Illuminate/Foundation/Application.php(810): Illuminate\\Foundation\\Application->bootProvider(Object(App\\Providers\\RouteServiceProvider))
#24 [internal function]: Illuminate\\Foundation\\Application->Illuminate\\Foundation\\{closure}(Object(App\\Providers\\RouteServiceProvider), 22)
#25 /var/www/TRDSv2_memo/vendor/laravel/framework/src/Illuminate/Foundation/Application.php(811): array_walk(Array, Object(Closure))
#26 /var/www/TRDSv2_memo/vendor/laravel/framework/src/Illuminate/Foundation/Bootstrap/BootProviders.php(17): Illuminate\\Foundation\\Application->boot()
#27 /var/www/TRDSv2_memo/vendor/laravel/framework/src/Illuminate/Foundation/Application.php(210): Illuminate\\Foundation\\Bootstrap\\BootProviders->bootstrap(Object(Illuminate\\Foundation\\Application))
#28 /var/www/TRDSv2_memo/vendor/laravel/framework/src/Illuminate/Foundation/Http/Kernel.php(162): Illuminate\\Foundation\\Application->bootstrapWith(Array)
#29 /var/www/TRDSv2_memo/vendor/laravel/framework/src/Illuminate/Foundation/Http/Kernel.php(146): Illuminate\\Foundation\\Http\\Kernel->bootstrap()
#30 /var/www/TRDSv2_memo/vendor/laravel/framework/src/Illuminate/Foundation/Http/Kernel.php(116): Illuminate\\Foundation\\Http\\Kernel->sendRequestThroughRouter(Object(Illuminate\\Http\\Request))
#31 /var/www/TRDSv2_memo/index.php(55): Illuminate\\Foundation\\Http\\Kernel->handle(Object(Illuminate\\Http\\Request))
#32 {main}
"} 
[2026-03-03 08:16:35] local.ERROR: Attribute [controller] does not exist. {"exception":"[object] (InvalidArgumentException(code: 0): Attribute [controller] does not exist. at /var/www/TRDSv2_memo/vendor/laravel/framework/src/Illuminate/Routing/RouteRegistrar.php:92)
[stacktrace]
#0 /var/www/TRDSv2_memo/vendor/laravel/framework/src/Illuminate/Routing/Router.php(1275): Illuminate\\Routing\\RouteRegistrar->attribute('controller', 'app\\\\Http\\\\Contro...')
#1 /var/www/TRDSv2_memo/vendor/laravel/framework/src/Illuminate/Support/Facades/Facade.php(239): Illuminate\\Routing\\Router->__call('controller', Array)
#2 /var/www/TRDSv2_memo/routes/web.php(32): Illuminate\\Support\\Facades\\Facade::__callStatic('controller', Array)
#3 /var/www/TRDSv2_memo/vendor/laravel/framework/src/Illuminate/Routing/RouteFileRegistrar.php(35): require('/var/www/TRDSv2...')
#4 /var/www/TRDSv2_memo/vendor/laravel/framework/src/Illuminate/Routing/Router.php(415): Illuminate\\Routing\\RouteFileRegistrar->register('/var/www/TRDSv2...')
#5 /var/www/TRDSv2_memo/vendor/laravel/framework/src/Illuminate/Routing/Router.php(373): Illuminate\\Routing\\Router->loadRoutes('/var/www/TRDSv2...')
#6 /var/www/TRDSv2_memo/vendor/laravel/framework/src/Illuminate/Routing/RouteRegistrar.php(121): Illuminate\\Routing\\Router->group(Array, '/var/www/TRDSv2...')
#7 /var/www/TRDSv2_memo/app/Providers/RouteServiceProvider.php(56): Illuminate\\Routing\\RouteRegistrar->group('/var/www/TRDSv2...')
#8 /var/www/TRDSv2_memo/app/Providers/RouteServiceProvider.php(40): App\\Providers\\RouteServiceProvider->mapWebRoutes()
#9 [internal function]: App\\Providers\\RouteServiceProvider->map()
#10 /var/www/TRDSv2_memo/vendor/laravel/framework/src/Illuminate/Container/BoundMethod.php(32): call_user_func_array(Array, Array)
#11 /var/www/TRDSv2_memo/vendor/laravel/framework/src/Illuminate/Container/BoundMethod.php(90): Illuminate\\Container\\BoundMethod::Illuminate\\Container\\{closure}()
#12 /var/www/TRDSv2_memo/vendor/laravel/framework/src/Illuminate/Container/BoundMethod.php(34): Illuminate\\Container\\BoundMethod::callBoundMethod(Object(Illuminate\\Foundation\\Application), Array, Object(Closure))
#13 /var/www/TRDSv2_memo/vendor/laravel/framework/src/Illuminate/Container/Container.php(576): Illuminate\\Container\\BoundMethod::call(Object(Illuminate\\Foundation\\Application), Array, Array, NULL)
#14 /var/www/TRDSv2_memo/vendor/laravel/framework/src/Illuminate/Foundation/Support/Providers/RouteServiceProvider.php(87): Illuminate\\Container\\Container->call(Array)
#15 /var/www/TRDSv2_memo/vendor/laravel/framework/src/Illuminate/Foundation/Support/Providers/RouteServiceProvider.php(36): Illuminate\\Foundation\\Support\\Providers\\RouteServiceProvider->loadRoutes()
#16 /var/www/TRDSv2_memo/app/Providers/RouteServiceProvider.php(28): Illuminate\\Foundation\\Support\\Providers\\RouteServiceProvider->boot()
#17 [internal function]: App\\Providers\\RouteServiceProvider->boot()
#18 /var/www/TRDSv2_memo/vendor/laravel/framework/src/Illuminate/Container/BoundMethod.php(32): call_user_func_array(Array, Array)
#19 /var/www/TRDSv2_memo/vendor/laravel/framework/src/Illuminate/Container/BoundMethod.php(90): Illuminate\\Container\\BoundMethod::Illuminate\\Container\\{closure}()
#20 /var/www/TRDSv2_memo/vendor/laravel/framework/src/Illuminate/Container/BoundMethod.php(34): Illuminate\\Container\\BoundMethod::callBoundMethod(Object(Illuminate\\Foundation\\Application), Array, Object(Closure))
#21 /var/www/TRDSv2_memo/vendor/laravel/framework/src/Illuminate/Container/Container.php(576): Illuminate\\Container\\BoundMethod::call(Object(Illuminate\\Foundation\\Application), Array, Array, NULL)
#22 /var/www/TRDSv2_memo/vendor/laravel/framework/src/Illuminate/Foundation/Application.php(827): Illuminate\\Container\\Container->call(Array)
#23 /var/www/TRDSv2_memo/vendor/laravel/framework/src/Illuminate/Foundation/Application.php(810): Illuminate\\Foundation\\Application->bootProvider(Object(App\\Providers\\RouteServiceProvider))
#24 [internal function]: Illuminate\\Foundation\\Application->Illuminate\\Foundation\\{closure}(Object(App\\Providers\\RouteServiceProvider), 22)
#25 /var/www/TRDSv2_memo/vendor/laravel/framework/src/Illuminate/Foundation/Application.php(811): array_walk(Array, Object(Closure))
#26 /var/www/TRDSv2_memo/vendor/laravel/framework/src/Illuminate/Foundation/Bootstrap/BootProviders.php(17): Illuminate\\Foundation\\Application->boot()
#27 /var/www/TRDSv2_memo/vendor/laravel/framework/src/Illuminate/Foundation/Application.php(210): Illuminate\\Foundation\\Bootstrap\\BootProviders->bootstrap(Object(Illuminate\\Foundation\\Application))
#28 /var/www/TRDSv2_memo/vendor/laravel/framework/src/Illuminate/Foundation/Http/Kernel.php(162): Illuminate\\Foundation\\Application->bootstrapWith(Array)
#29 /var/www/TRDSv2_memo/vendor/laravel/framework/src/Illuminate/Foundation/Http/Kernel.php(146): Illuminate\\Foundation\\Http\\Kernel->bootstrap()
#30 /var/www/TRDSv2_memo/vendor/laravel/framework/src/Illuminate/Foundation/Http/Kernel.php(116): Illuminate\\Foundation\\Http\\Kernel->sendRequestThroughRouter(Object(Illuminate\\Http\\Request))
#31 /var/www/TRDSv2_memo/index.php(55): Illuminate\\Foundation\\Http\\Kernel->handle(Object(Illuminate\\Http\\Request))
#32 {main}
"} 
[2026-03-03 08:16:35] local.ERROR: Attribute [controller] does not exist. {"exception":"[object] (InvalidArgumentException(code: 0): Attribute [controller] does not exist. at /var/www/TRDSv2_memo/vendor/laravel/framework/src/Illuminate/Routing/RouteRegistrar.php:92)
[stacktrace]
#0 /var/www/TRDSv2_memo/vendor/laravel/framework/src/Illuminate/Routing/Router.php(1275): Illuminate\\Routing\\RouteRegistrar->attribute('controller', 'app\\\\Http\\\\Contro...')
#1 /var/www/TRDSv2_memo/vendor/laravel/framework/src/Illuminate/Support/Facades/Facade.php(239): Illuminate\\Routing\\Router->__call('controller', Array)
#2 /var/www/TRDSv2_memo/routes/web.php(32): Illuminate\\Support\\Facades\\Facade::__callStatic('controller', Array)
#3 /var/www/TRDSv2_memo/vendor/laravel/framework/src/Illuminate/Routing/RouteFileRegistrar.php(35): require('/var/www/TRDSv2...')
#4 /var/www/TRDSv2_memo/vendor/laravel/framework/src/Illuminate/Routing/Router.php(415): Illuminate\\Routing\\RouteFileRegistrar->register('/var/www/TRDSv2...')
#5 /var/www/TRDSv2_memo/vendor/laravel/framework/src/Illuminate/Routing/Router.php(373): Illuminate\\Routing\\Router->loadRoutes('/var/www/TRDSv2...')
#6 /var/www/TRDSv2_memo/vendor/laravel/framework/src/Illuminate/Routing/RouteRegistrar.php(121): Illuminate\\Routing\\Router->group(Array, '/var/www/TRDSv2...')
#7 /var/www/TRDSv2_memo/app/Providers/RouteServiceProvider.php(56): Illuminate\\Routing\\RouteRegistrar->group('/var/www/TRDSv2...')
#8 /var/www/TRDSv2_memo/app/Providers/RouteServiceProvider.php(40): App\\Providers\\RouteServiceProvider->mapWebRoutes()
#9 [internal function]: App\\Providers\\RouteServiceProvider->map()
#10 /var/www/TRDSv2_memo/vendor/laravel/framework/src/Illuminate/Container/BoundMethod.php(32): call_user_func_array(Array, Array)
#11 /var/www/TRDSv2_memo/vendor/laravel/framework/src/Illuminate/Container/BoundMethod.php(90): Illuminate\\Container\\BoundMethod::Illuminate\\Container\\{closure}()
#12 /var/www/TRDSv2_memo/vendor/laravel/framework/src/Illuminate/Container/BoundMethod.php(34): Illuminate\\Container\\BoundMethod::callBoundMethod(Object(Illuminate\\Foundation\\Application), Array, Object(Closure))
#13 /var/www/TRDSv2_memo/vendor/laravel/framework/src/Illuminate/Container/Container.php(576): Illuminate\\Container\\BoundMethod::call(Object(Illuminate\\Foundation\\Application), Array, Array, NULL)
#14 /var/www/TRDSv2_memo/vendor/laravel/framework/src/Illuminate/Foundation/Support/Providers/RouteServiceProvider.php(87): Illuminate\\Container\\Container->call(Array)
#15 /var/www/TRDSv2_memo/vendor/laravel/framework/src/Illuminate/Foundation/Support/Providers/RouteServiceProvider.php(36): Illuminate\\Foundation\\Support\\Providers\\RouteServiceProvider->loadRoutes()
#16 /var/www/TRDSv2_memo/app/Providers/RouteServiceProvider.php(28): Illuminate\\Foundation\\Support\\Providers\\RouteServiceProvider->boot()
#17 [internal function]: App\\Providers\\RouteServiceProvider->boot()
#18 /var/www/TRDSv2_memo/vendor/laravel/framework/src/Illuminate/Container/BoundMethod.php(32): call_user_func_array(Array, Array)
#19 /var/www/TRDSv2_memo/vendor/laravel/framework/src/Illuminate/Container/BoundMethod.php(90): Illuminate\\Container\\BoundMethod::Illuminate\\Container\\{closure}()
#20 /var/www/TRDSv2_memo/vendor/laravel/framework/src/Illuminate/Container/BoundMethod.php(34): Illuminate\\Container\\BoundMethod::callBoundMethod(Object(Illuminate\\Foundation\\Application), Array, Object(Closure))
#21 /var/www/TRDSv2_memo/vendor/laravel/framework/src/Illuminate/Container/Container.php(576): Illuminate\\Container\\BoundMethod::call(Object(Illuminate\\Foundation\\Application), Array, Array, NULL)
#22 /var/www/TRDSv2_memo/vendor/laravel/framework/src/Illuminate/Foundation/Application.php(827): Illuminate\\Container\\Container->call(Array)
#23 /var/www/TRDSv2_memo/vendor/laravel/framework/src/Illuminate/Foundation/Application.php(810): Illuminate\\Foundation\\Application->bootProvider(Object(App\\Providers\\RouteServiceProvider))
#24 [internal function]: Illuminate\\Foundation\\Application->Illuminate\\Foundation\\{closure}(Object(App\\Providers\\RouteServiceProvider), 22)
#25 /var/www/TRDSv2_memo/vendor/laravel/framework/src/Illuminate/Foundation/Application.php(811): array_walk(Array, Object(Closure))
#26 /var/www/TRDSv2_memo/vendor/laravel/framework/src/Illuminate/Foundation/Bootstrap/BootProviders.php(17): Illuminate\\Foundation\\Application->boot()
#27 /var/www/TRDSv2_memo/vendor/laravel/framework/src/Illuminate/Foundation/Application.php(210): Illuminate\\Foundation\\Bootstrap\\BootProviders->bootstrap(Object(Illuminate\\Foundation\\Application))
#28 /var/www/TRDSv2_memo/vendor/laravel/framework/src/Illuminate/Foundation/Http/Kernel.php(162): Illuminate\\Foundation\\Application->bootstrapWith(Array)
#29 /var/www/TRDSv2_memo/vendor/laravel/framework/src/Illuminate/Foundation/Http/Kernel.php(146): Illuminate\\Foundation\\Http\\Kernel->bootstrap()
#30 /var/www/TRDSv2_memo/vendor/laravel/framework/src/Illuminate/Foundation/Http/Kernel.php(116): Illuminate\\Foundation\\Http\\Kernel->sendRequestThroughRouter(Object(Illuminate\\Http\\Request))
#31 /var/www/TRDSv2_memo/index.php(55): Illuminate\\Foundation\\Http\\Kernel->handle(Object(Illuminate\\Http\\Request))
#32 {main}
"} 
[2026-03-03 08:16:36] local.ERROR: Attribute [controller] does not exist. {"exception":"[object] (InvalidArgumentException(code: 0): Attribute [controller] does not exist. at /var/www/TRDSv2_memo/vendor/laravel/framework/src/Illuminate/Routing/RouteRegistrar.php:92)
[stacktrace]
#0 /var/www/TRDSv2_memo/vendor/laravel/framework/src/Illuminate/Routing/Router.php(1275): Illuminate\\Routing\\RouteRegistrar->attribute('controller', 'app\\\\Http\\\\Contro...')
#1 /var/www/TRDSv2_memo/vendor/laravel/framework/src/Illuminate/Support/Facades/Facade.php(239): Illuminate\\Routing\\Router->__call('controller', Array)
#2 /var/www/TRDSv2_memo/routes/web.php(32): Illuminate\\Support\\Facades\\Facade::__callStatic('controller', Array)
#3 /var/www/TRDSv2_memo/vendor/laravel/framework/src/Illuminate/Routing/RouteFileRegistrar.php(35): require('/var/www/TRDSv2...')
#4 /var/www/TRDSv2_memo/vendor/laravel/framework/src/Illuminate/Routing/Router.php(415): Illuminate\\Routing\\RouteFileRegistrar->register('/var/www/TRDSv2...')
#5 /var/www/TRDSv2_memo/vendor/laravel/framework/src/Illuminate/Routing/Router.php(373): Illuminate\\Routing\\Router->loadRoutes('/var/www/TRDSv2...')
#6 /var/www/TRDSv2_memo/vendor/laravel/framework/src/Illuminate/Routing/RouteRegistrar.php(121): Illuminate\\Routing\\Router->group(Array, '/var/www/TRDSv2...')
#7 /var/www/TRDSv2_memo/app/Providers/RouteServiceProvider.php(56): Illuminate\\Routing\\RouteRegistrar->group('/var/www/TRDSv2...')
#8 /var/www/TRDSv2_memo/app/Providers/RouteServiceProvider.php(40): App\\Providers\\RouteServiceProvider->mapWebRoutes()
#9 [internal function]: App\\Providers\\RouteServiceProvider->map()
#10 /var/www/TRDSv2_memo/vendor/laravel/framework/src/Illuminate/Container/BoundMethod.php(32): call_user_func_array(Array, Array)
#11 /var/www/TRDSv2_memo/vendor/laravel/framework/src/Illuminate/Container/BoundMethod.php(90): Illuminate\\Container\\BoundMethod::Illuminate\\Container\\{closure}()
#12 /var/www/TRDSv2_memo/vendor/laravel/framework/src/Illuminate/Container/BoundMethod.php(34): Illuminate\\Container\\BoundMethod::callBoundMethod(Object(Illuminate\\Foundation\\Application), Array, Object(Closure))
#13 /var/www/TRDSv2_memo/vendor/laravel/framework/src/Illuminate/Container/Container.php(576): Illuminate\\Container\\BoundMethod::call(Object(Illuminate\\Foundation\\Application), Array, Array, NULL)
#14 /var/www/TRDSv2_memo/vendor/laravel/framework/src/Illuminate/Foundation/Support/Providers/RouteServiceProvider.php(87): Illuminate\\Container\\Container->call(Array)
#15 /var/www/TRDSv2_memo/vendor/laravel/framework/src/Illuminate/Foundation/Support/Providers/RouteServiceProvider.php(36): Illuminate\\Foundation\\Support\\Providers\\RouteServiceProvider->loadRoutes()
#16 /var/www/TRDSv2_memo/app/Providers/RouteServiceProvider.php(28): Illuminate\\Foundation\\Support\\Providers\\RouteServiceProvider->boot()
#17 [internal function]: App\\Providers\\RouteServiceProvider->boot()
#18 /var/www/TRDSv2_memo/vendor/laravel/framework/src/Illuminate/Container/BoundMethod.php(32): call_user_func_array(Array, Array)
#19 /var/www/TRDSv2_memo/vendor/laravel/framework/src/Illuminate/Container/BoundMethod.php(90): Illuminate\\Container\\BoundMethod::Illuminate\\Container\\{closure}()
#20 /var/www/TRDSv2_memo/vendor/laravel/framework/src/Illuminate/Container/BoundMethod.php(34): Illuminate\\Container\\BoundMethod::callBoundMethod(Object(Illuminate\\Foundation\\Application), Array, Object(Closure))
#21 /var/www/TRDSv2_memo/vendor/laravel/framework/src/Illuminate/Container/Container.php(576): Illuminate\\Container\\BoundMethod::call(Object(Illuminate\\Foundation\\Application), Array, Array, NULL)
#22 /var/www/TRDSv2_memo/vendor/laravel/framework/src/Illuminate/Foundation/Application.php(827): Illuminate\\Container\\Container->call(Array)
#23 /var/www/TRDSv2_memo/vendor/laravel/framework/src/Illuminate/Foundation/Application.php(810): Illuminate\\Foundation\\Application->bootProvider(Object(App\\Providers\\RouteServiceProvider))
#24 [internal function]: Illuminate\\Foundation\\Application->Illuminate\\Foundation\\{closure}(Object(App\\Providers\\RouteServiceProvider), 22)
#25 /var/www/TRDSv2_memo/vendor/laravel/framework/src/Illuminate/Foundation/Application.php(811): array_walk(Array, Object(Closure))
#26 /var/www/TRDSv2_memo/vendor/laravel/framework/src/Illuminate/Foundation/Bootstrap/BootProviders.php(17): Illuminate\\Foundation\\Application->boot()
#27 /var/www/TRDSv2_memo/vendor/laravel/framework/src/Illuminate/Foundation/Application.php(210): Illuminate\\Foundation\\Bootstrap\\BootProviders->bootstrap(Object(Illuminate\\Foundation\\Application))
#28 /var/www/TRDSv2_memo/vendor/laravel/framework/src/Illuminate/Foundation/Http/Kernel.php(162): Illuminate\\Foundation\\Application->bootstrapWith(Array)
#29 /var/www/TRDSv2_memo/vendor/laravel/framework/src/Illuminate/Foundation/Http/Kernel.php(146): Illuminate\\Foundation\\Http\\Kernel->bootstrap()
#30 /var/www/TRDSv2_memo/vendor/laravel/framework/src/Illuminate/Foundation/Http/Kernel.php(116): Illuminate\\Foundation\\Http\\Kernel->sendRequestThroughRouter(Object(Illuminate\\Http\\Request))
#31 /var/www/TRDSv2_memo/index.php(55): Illuminate\\Foundation\\Http\\Kernel->handle(Object(Illuminate\\Http\\Request))
#32 {main}
"} 
[2026-03-03 08:16:36] local.ERROR: Attribute [controller] does not exist. {"exception":"[object] (InvalidArgumentException(code: 0): Attribute [controller] does not exist. at /var/www/TRDSv2_memo/vendor/laravel/framework/src/Illuminate/Routing/RouteRegistrar.php:92)
[stacktrace]
#0 /var/www/TRDSv2_memo/vendor/laravel/framework/src/Illuminate/Routing/Router.php(1275): Illuminate\\Routing\\RouteRegistrar->attribute('controller', 'app\\\\Http\\\\Contro...')
#1 /var/www/TRDSv2_memo/vendor/laravel/framework/src/Illuminate/Support/Facades/Facade.php(239): Illuminate\\Routing\\Router->__call('controller', Array)
#2 /var/www/TRDSv2_memo/routes/web.php(32): Illuminate\\Support\\Facades\\Facade::__callStatic('controller', Array)
#3 /var/www/TRDSv2_memo/vendor/laravel/framework/src/Illuminate/Routing/RouteFileRegistrar.php(35): require('/var/www/TRDSv2...')
#4 /var/www/TRDSv2_memo/vendor/laravel/framework/src/Illuminate/Routing/Router.php(415): Illuminate\\Routing\\RouteFileRegistrar->register('/var/www/TRDSv2...')
#5 /var/www/TRDSv2_memo/vendor/laravel/framework/src/Illuminate/Routing/Router.php(373): Illuminate\\Routing\\Router->loadRoutes('/var/www/TRDSv2...')
#6 /var/www/TRDSv2_memo/vendor/laravel/framework/src/Illuminate/Routing/RouteRegistrar.php(121): Illuminate\\Routing\\Router->group(Array, '/var/www/TRDSv2...')
#7 /var/www/TRDSv2_memo/app/Providers/RouteServiceProvider.php(56): Illuminate\\Routing\\RouteRegistrar->group('/var/www/TRDSv2...')
#8 /var/www/TRDSv2_memo/app/Providers/RouteServiceProvider.php(40): App\\Providers\\RouteServiceProvider->mapWebRoutes()
#9 [internal function]: App\\Providers\\RouteServiceProvider->map()
#10 /var/www/TRDSv2_memo/vendor/laravel/framework/src/Illuminate/Container/BoundMethod.php(32): call_user_func_array(Array, Array)
#11 /var/www/TRDSv2_memo/vendor/laravel/framework/src/Illuminate/Container/BoundMethod.php(90): Illuminate\\Container\\BoundMethod::Illuminate\\Container\\{closure}()
#12 /var/www/TRDSv2_memo/vendor/laravel/framework/src/Illuminate/Container/BoundMethod.php(34): Illuminate\\Container\\BoundMethod::callBoundMethod(Object(Illuminate\\Foundation\\Application), Array, Object(Closure))
#13 /var/www/TRDSv2_memo/vendor/laravel/framework/src/Illuminate/Container/Container.php(576): Illuminate\\Container\\BoundMethod::call(Object(Illuminate\\Foundation\\Application), Array, Array, NULL)
#14 /var/www/TRDSv2_memo/vendor/laravel/framework/src/Illuminate/Foundation/Support/Providers/RouteServiceProvider.php(87): Illuminate\\Container\\Container->call(Array)
#15 /var/www/TRDSv2_memo/vendor/laravel/framework/src/Illuminate/Foundation/Support/Providers/RouteServiceProvider.php(36): Illuminate\\Foundation\\Support\\Providers\\RouteServiceProvider->loadRoutes()
#16 /var/www/TRDSv2_memo/app/Providers/RouteServiceProvider.php(28): Illuminate\\Foundation\\Support\\Providers\\RouteServiceProvider->boot()
#17 [internal function]: App\\Providers\\RouteServiceProvider->boot()
#18 /var/www/TRDSv2_memo/vendor/laravel/framework/src/Illuminate/Container/BoundMethod.php(32): call_user_func_array(Array, Array)
#19 /var/www/TRDSv2_memo/vendor/laravel/framework/src/Illuminate/Container/BoundMethod.php(90): Illuminate\\Container\\BoundMethod::Illuminate\\Container\\{closure}()
#20 /var/www/TRDSv2_memo/vendor/laravel/framework/src/Illuminate/Container/BoundMethod.php(34): Illuminate\\Container\\BoundMethod::callBoundMethod(Object(Illuminate\\Foundation\\Application), Array, Object(Closure))
#21 /var/www/TRDSv2_memo/vendor/laravel/framework/src/Illuminate/Container/Container.php(576): Illuminate\\Container\\BoundMethod::call(Object(Illuminate\\Foundation\\Application), Array, Array, NULL)
#22 /var/www/TRDSv2_memo/vendor/laravel/framework/src/Illuminate/Foundation/Application.php(827): Illuminate\\Container\\Container->call(Array)
#23 /var/www/TRDSv2_memo/vendor/laravel/framework/src/Illuminate/Foundation/Application.php(810): Illuminate\\Foundation\\Application->bootProvider(Object(App\\Providers\\RouteServiceProvider))
#24 [internal function]: Illuminate\\Foundation\\Application->Illuminate\\Foundation\\{closure}(Object(App\\Providers\\RouteServiceProvider), 22)
#25 /var/www/TRDSv2_memo/vendor/laravel/framework/src/Illuminate/Foundation/Application.php(811): array_walk(Array, Object(Closure))
#26 /var/www/TRDSv2_memo/vendor/laravel/framework/src/Illuminate/Foundation/Bootstrap/BootProviders.php(17): Illuminate\\Foundation\\Application->boot()
#27 /var/www/TRDSv2_memo/vendor/laravel/framework/src/Illuminate/Foundation/Application.php(210): Illuminate\\Foundation\\Bootstrap\\BootProviders->bootstrap(Object(Illuminate\\Foundation\\Application))
#28 /var/www/TRDSv2_memo/vendor/laravel/framework/src/Illuminate/Foundation/Http/Kernel.php(162): Illuminate\\Foundation\\Application->bootstrapWith(Array)
#29 /var/www/TRDSv2_memo/vendor/laravel/framework/src/Illuminate/Foundation/Http/Kernel.php(146): Illuminate\\Foundation\\Http\\Kernel->bootstrap()
#30 /var/www/TRDSv2_memo/vendor/laravel/framework/src/Illuminate/Foundation/Http/Kernel.php(116): Illuminate\\Foundation\\Http\\Kernel->sendRequestThroughRouter(Object(Illuminate\\Http\\Request))
#31 /var/www/TRDSv2_memo/index.php(55): Illuminate\\Foundation\\Http\\Kernel->handle(Object(Illuminate\\Http\\Request))
#32 {main}
"} 
[2026-03-03 08:16:36] local.ERROR: Attribute [controller] does not exist. {"exception":"[object] (InvalidArgumentException(code: 0): Attribute [controller] does not exist. at /var/www/TRDSv2_memo/vendor/laravel/framework/src/Illuminate/Routing/RouteRegistrar.php:92)
[stacktrace]
#0 /var/www/TRDSv2_memo/vendor/laravel/framework/src/Illuminate/Routing/Router.php(1275): Illuminate\\Routing\\RouteRegistrar->attribute('controller', 'app\\\\Http\\\\Contro...')
#1 /var/www/TRDSv2_memo/vendor/laravel/framework/src/Illuminate/Support/Facades/Facade.php(239): Illuminate\\Routing\\Router->__call('controller', Array)
#2 /var/www/TRDSv2_memo/routes/web.php(32): Illuminate\\Support\\Facades\\Facade::__callStatic('controller', Array)
#3 /var/www/TRDSv2_memo/vendor/laravel/framework/src/Illuminate/Routing/RouteFileRegistrar.php(35): require('/var/www/TRDSv2...')
#4 /var/www/TRDSv2_memo/vendor/laravel/framework/src/Illuminate/Routing/Router.php(415): Illuminate\\Routing\\RouteFileRegistrar->register('/var/www/TRDSv2...')
#5 /var/www/TRDSv2_memo/vendor/laravel/framework/src/Illuminate/Routing/Router.php(373): Illuminate\\Routing\\Router->loadRoutes('/var/www/TRDSv2...')
#6 /var/www/TRDSv2_memo/vendor/laravel/framework/src/Illuminate/Routing/RouteRegistrar.php(121): Illuminate\\Routing\\Router->group(Array, '/var/www/TRDSv2...')
#7 /var/www/TRDSv2_memo/app/Providers/RouteServiceProvider.php(56): Illuminate\\Routing\\RouteRegistrar->group('/var/www/TRDSv2...')
#8 /var/www/TRDSv2_memo/app/Providers/RouteServiceProvider.php(40): App\\Providers\\RouteServiceProvider->mapWebRoutes()
#9 [internal function]: App\\Providers\\RouteServiceProvider->map()
#10 /var/www/TRDSv2_memo/vendor/laravel/framework/src/Illuminate/Container/BoundMethod.php(32): call_user_func_array(Array, Array)
#11 /var/www/TRDSv2_memo/vendor/laravel/framework/src/Illuminate/Container/BoundMethod.php(90): Illuminate\\Container\\BoundMethod::Illuminate\\Container\\{closure}()
#12 /var/www/TRDSv2_memo/vendor/laravel/framework/src/Illuminate/Container/BoundMethod.php(34): Illuminate\\Container\\BoundMethod::callBoundMethod(Object(Illuminate\\Foundation\\Application), Array, Object(Closure))
#13 /var/www/TRDSv2_memo/vendor/laravel/framework/src/Illuminate/Container/Container.php(576): Illuminate\\Container\\BoundMethod::call(Object(Illuminate\\Foundation\\Application), Array, Array, NULL)
#14 /var/www/TRDSv2_memo/vendor/laravel/framework/src/Illuminate/Foundation/Support/Providers/RouteServiceProvider.php(87): Illuminate\\Container\\Container->call(Array)
#15 /var/www/TRDSv2_memo/vendor/laravel/framework/src/Illuminate/Foundation/Support/Providers/RouteServiceProvider.php(36): Illuminate\\Foundation\\Support\\Providers\\RouteServiceProvider->loadRoutes()
#16 /var/www/TRDSv2_memo/app/Providers/RouteServiceProvider.php(28): Illuminate\\Foundation\\Support\\Providers\\RouteServiceProvider->boot()
#17 [internal function]: App\\Providers\\RouteServiceProvider->boot()
#18 /var/www/TRDSv2_memo/vendor/laravel/framework/src/Illuminate/Container/BoundMethod.php(32): call_user_func_array(Array, Array)
#19 /var/www/TRDSv2_memo/vendor/laravel/framework/src/Illuminate/Container/BoundMethod.php(90): Illuminate\\Container\\BoundMethod::Illuminate\\Container\\{closure}()
#20 /var/www/TRDSv2_memo/vendor/laravel/framework/src/Illuminate/Container/BoundMethod.php(34): Illuminate\\Container\\BoundMethod::callBoundMethod(Object(Illuminate\\Foundation\\Application), Array, Object(Closure))
#21 /var/www/TRDSv2_memo/vendor/laravel/framework/src/Illuminate/Container/Container.php(576): Illuminate\\Container\\BoundMethod::call(Object(Illuminate\\Foundation\\Application), Array, Array, NULL)
#22 /var/www/TRDSv2_memo/vendor/laravel/framework/src/Illuminate/Foundation/Application.php(827): Illuminate\\Container\\Container->call(Array)
#23 /var/www/TRDSv2_memo/vendor/laravel/framework/src/Illuminate/Foundation/Application.php(810): Illuminate\\Foundation\\Application->bootProvider(Object(App\\Providers\\RouteServiceProvider))
#24 [internal function]: Illuminate\\Foundation\\Application->Illuminate\\Foundation\\{closure}(Object(App\\Providers\\RouteServiceProvider), 22)
#25 /var/www/TRDSv2_memo/vendor/laravel/framework/src/Illuminate/Foundation/Application.php(811): array_walk(Array, Object(Closure))
#26 /var/www/TRDSv2_memo/vendor/laravel/framework/src/Illuminate/Foundation/Bootstrap/BootProviders.php(17): Illuminate\\Foundation\\Application->boot()
#27 /var/www/TRDSv2_memo/vendor/laravel/framework/src/Illuminate/Foundation/Application.php(210): Illuminate\\Foundation\\Bootstrap\\BootProviders->bootstrap(Object(Illuminate\\Foundation\\Application))
#28 /var/www/TRDSv2_memo/vendor/laravel/framework/src/Illuminate/Foundation/Http/Kernel.php(162): Illuminate\\Foundation\\Application->bootstrapWith(Array)
#29 /var/www/TRDSv2_memo/vendor/laravel/framework/src/Illuminate/Foundation/Http/Kernel.php(146): Illuminate\\Foundation\\Http\\Kernel->bootstrap()
#30 /var/www/TRDSv2_memo/vendor/laravel/framework/src/Illuminate/Foundation/Http/Kernel.php(116): Illuminate\\Foundation\\Http\\Kernel->sendRequestThroughRouter(Object(Illuminate\\Http\\Request))
#31 /var/www/TRDSv2_memo/index.php(55): Illuminate\\Foundation\\Http\\Kernel->handle(Object(Illuminate\\Http\\Request))
#32 {main}
"} 
[2026-03-03 08:16:36] local.ERROR: Attribute [controller] does not exist. {"exception":"[object] (InvalidArgumentException(code: 0): Attribute [controller] does not exist. at /var/www/TRDSv2_memo/vendor/laravel/framework/src/Illuminate/Routing/RouteRegistrar.php:92)
[stacktrace]
#0 /var/www/TRDSv2_memo/vendor/laravel/framework/src/Illuminate/Routing/Router.php(1275): Illuminate\\Routing\\RouteRegistrar->attribute('controller', 'app\\\\Http\\\\Contro...')
#1 /var/www/TRDSv2_memo/vendor/laravel/framework/src/Illuminate/Support/Facades/Facade.php(239): Illuminate\\Routing\\Router->__call('controller', Array)
#2 /var/www/TRDSv2_memo/routes/web.php(32): Illuminate\\Support\\Facades\\Facade::__callStatic('controller', Array)
#3 /var/www/TRDSv2_memo/vendor/laravel/framework/src/Illuminate/Routing/RouteFileRegistrar.php(35): require('/var/www/TRDSv2...')
#4 /var/www/TRDSv2_memo/vendor/laravel/framework/src/Illuminate/Routing/Router.php(415): Illuminate\\Routing\\RouteFileRegistrar->register('/var/www/TRDSv2...')
#5 /var/www/TRDSv2_memo/vendor/laravel/framework/src/Illuminate/Routing/Router.php(373): Illuminate\\Routing\\Router->loadRoutes('/var/www/TRDSv2...')
#6 /var/www/TRDSv2_memo/vendor/laravel/framework/src/Illuminate/Routing/RouteRegistrar.php(121): Illuminate\\Routing\\Router->group(Array, '/var/www/TRDSv2...')
#7 /var/www/TRDSv2_memo/app/Providers/RouteServiceProvider.php(56): Illuminate\\Routing\\RouteRegistrar->group('/var/www/TRDSv2...')
#8 /var/www/TRDSv2_memo/app/Providers/RouteServiceProvider.php(40): App\\Providers\\RouteServiceProvider->mapWebRoutes()
#9 [internal function]: App\\Providers\\RouteServiceProvider->map()
#10 /var/www/TRDSv2_memo/vendor/laravel/framework/src/Illuminate/Container/BoundMethod.php(32): call_user_func_array(Array, Array)
#11 /var/www/TRDSv2_memo/vendor/laravel/framework/src/Illuminate/Container/BoundMethod.php(90): Illuminate\\Container\\BoundMethod::Illuminate\\Container\\{closure}()
#12 /var/www/TRDSv2_memo/vendor/laravel/framework/src/Illuminate/Container/BoundMethod.php(34): Illuminate\\Container\\BoundMethod::callBoundMethod(Object(Illuminate\\Foundation\\Application), Array, Object(Closure))
#13 /var/www/TRDSv2_memo/vendor/laravel/framework/src/Illuminate/Container/Container.php(576): Illuminate\\Container\\BoundMethod::call(Object(Illuminate\\Foundation\\Application), Array, Array, NULL)
#14 /var/www/TRDSv2_memo/vendor/laravel/framework/src/Illuminate/Foundation/Support/Providers/RouteServiceProvider.php(87): Illuminate\\Container\\Container->call(Array)
#15 /var/www/TRDSv2_memo/vendor/laravel/framework/src/Illuminate/Foundation/Support/Providers/RouteServiceProvider.php(36): Illuminate\\Foundation\\Support\\Providers\\RouteServiceProvider->loadRoutes()
#16 /var/www/TRDSv2_memo/app/Providers/RouteServiceProvider.php(28): Illuminate\\Foundation\\Support\\Providers\\RouteServiceProvider->boot()
#17 [internal function]: App\\Providers\\RouteServiceProvider->boot()
#18 /var/www/TRDSv2_memo/vendor/laravel/framework/src/Illuminate/Container/BoundMethod.php(32): call_user_func_array(Array, Array)
#19 /var/www/TRDSv2_memo/vendor/laravel/framework/src/Illuminate/Container/BoundMethod.php(90): Illuminate\\Container\\BoundMethod::Illuminate\\Container\\{closure}()
#20 /var/www/TRDSv2_memo/vendor/laravel/framework/src/Illuminate/Container/BoundMethod.php(34): Illuminate\\Container\\BoundMethod::callBoundMethod(Object(Illuminate\\Foundation\\Application), Array, Object(Closure))
#21 /var/www/TRDSv2_memo/vendor/laravel/framework/src/Illuminate/Container/Container.php(576): Illuminate\\Container\\BoundMethod::call(Object(Illuminate\\Foundation\\Application), Array, Array, NULL)
#22 /var/www/TRDSv2_memo/vendor/laravel/framework/src/Illuminate/Foundation/Application.php(827): Illuminate\\Container\\Container->call(Array)
#23 /var/www/TRDSv2_memo/vendor/laravel/framework/src/Illuminate/Foundation/Application.php(810): Illuminate\\Foundation\\Application->bootProvider(Object(App\\Providers\\RouteServiceProvider))
#24 [internal function]: Illuminate\\Foundation\\Application->Illuminate\\Foundation\\{closure}(Object(App\\Providers\\RouteServiceProvider), 22)
#25 /var/www/TRDSv2_memo/vendor/laravel/framework/src/Illuminate/Foundation/Application.php(811): array_walk(Array, Object(Closure))
#26 /var/www/TRDSv2_memo/vendor/laravel/framework/src/Illuminate/Foundation/Bootstrap/BootProviders.php(17): Illuminate\\Foundation\\Application->boot()
#27 /var/www/TRDSv2_memo/vendor/laravel/framework/src/Illuminate/Foundation/Application.php(210): Illuminate\\Foundation\\Bootstrap\\BootProviders->bootstrap(Object(Illuminate\\Foundation\\Application))
#28 /var/www/TRDSv2_memo/vendor/laravel/framework/src/Illuminate/Foundation/Http/Kernel.php(162): Illuminate\\Foundation\\Application->bootstrapWith(Array)
#29 /var/www/TRDSv2_memo/vendor/laravel/framework/src/Illuminate/Foundation/Http/Kernel.php(146): Illuminate\\Foundation\\Http\\Kernel->bootstrap()
#30 /var/www/TRDSv2_memo/vendor/laravel/framework/src/Illuminate/Foundation/Http/Kernel.php(116): Illuminate\\Foundation\\Http\\Kernel->sendRequestThroughRouter(Object(Illuminate\\Http\\Request))
#31 /var/www/TRDSv2_memo/index.php(55): Illuminate\\Foundation\\Http\\Kernel->handle(Object(Illuminate\\Http\\Request))
#32 {main}
"} 
[2026-03-03 08:16:36] local.ERROR: Attribute [controller] does not exist. {"exception":"[object] (InvalidArgumentException(code: 0): Attribute [controller] does not exist. at /var/www/TRDSv2_memo/vendor/laravel/framework/src/Illuminate/Routing/RouteRegistrar.php:92)
[stacktrace]
#0 /var/www/TRDSv2_memo/vendor/laravel/framework/src/Illuminate/Routing/Router.php(1275): Illuminate\\Routing\\RouteRegistrar->attribute('controller', 'app\\\\Http\\\\Contro...')
#1 /var/www/TRDSv2_memo/vendor/laravel/framework/src/Illuminate/Support/Facades/Facade.php(239): Illuminate\\Routing\\Router->__call('controller', Array)
#2 /var/www/TRDSv2_memo/routes/web.php(32): Illuminate\\Support\\Facades\\Facade::__callStatic('controller', Array)
#3 /var/www/TRDSv2_memo/vendor/laravel/framework/src/Illuminate/Routing/RouteFileRegistrar.php(35): require('/var/www/TRDSv2...')
#4 /var/www/TRDSv2_memo/vendor/laravel/framework/src/Illuminate/Routing/Router.php(415): Illuminate\\Routing\\RouteFileRegistrar->register('/var/www/TRDSv2...')
#5 /var/www/TRDSv2_memo/vendor/laravel/framework/src/Illuminate/Routing/Router.php(373): Illuminate\\Routing\\Router->loadRoutes('/var/www/TRDSv2...')
#6 /var/www/TRDSv2_memo/vendor/laravel/framework/src/Illuminate/Routing/RouteRegistrar.php(121): Illuminate\\Routing\\Router->group(Array, '/var/www/TRDSv2...')
#7 /var/www/TRDSv2_memo/app/Providers/RouteServiceProvider.php(56): Illuminate\\Routing\\RouteRegistrar->group('/var/www/TRDSv2...')
#8 /var/www/TRDSv2_memo/app/Providers/RouteServiceProvider.php(40): App\\Providers\\RouteServiceProvider->mapWebRoutes()
#9 [internal function]: App\\Providers\\RouteServiceProvider->map()
#10 /var/www/TRDSv2_memo/vendor/laravel/framework/src/Illuminate/Container/BoundMethod.php(32): call_user_func_array(Array, Array)
#11 /var/www/TRDSv2_memo/vendor/laravel/framework/src/Illuminate/Container/BoundMethod.php(90): Illuminate\\Container\\BoundMethod::Illuminate\\Container\\{closure}()
#12 /var/www/TRDSv2_memo/vendor/laravel/framework/src/Illuminate/Container/BoundMethod.php(34): Illuminate\\Container\\BoundMethod::callBoundMethod(Object(Illuminate\\Foundation\\Application), Array, Object(Closure))
#13 /var/www/TRDSv2_memo/vendor/laravel/framework/src/Illuminate/Container/Container.php(576): Illuminate\\Container\\BoundMethod::call(Object(Illuminate\\Foundation\\Application), Array, Array, NULL)
#14 /var/www/TRDSv2_memo/vendor/laravel/framework/src/Illuminate/Foundation/Support/Providers/RouteServiceProvider.php(87): Illuminate\\Container\\Container->call(Array)
#15 /var/www/TRDSv2_memo/vendor/laravel/framework/src/Illuminate/Foundation/Support/Providers/RouteServiceProvider.php(36): Illuminate\\Foundation\\Support\\Providers\\RouteServiceProvider->loadRoutes()
#16 /var/www/TRDSv2_memo/app/Providers/RouteServiceProvider.php(28): Illuminate\\Foundation\\Support\\Providers\\RouteServiceProvider->boot()
#17 [internal function]: App\\Providers\\RouteServiceProvider->boot()
#18 /var/www/TRDSv2_memo/vendor/laravel/framework/src/Illuminate/Container/BoundMethod.php(32): call_user_func_array(Array, Array)
#19 /var/www/TRDSv2_memo/vendor/laravel/framework/src/Illuminate/Container/BoundMethod.php(90): Illuminate\\Container\\BoundMethod::Illuminate\\Container\\{closure}()
#20 /var/www/TRDSv2_memo/vendor/laravel/framework/src/Illuminate/Container/BoundMethod.php(34): Illuminate\\Container\\BoundMethod::callBoundMethod(Object(Illuminate\\Foundation\\Application), Array, Object(Closure))
#21 /var/www/TRDSv2_memo/vendor/laravel/framework/src/Illuminate/Container/Container.php(576): Illuminate\\Container\\BoundMethod::call(Object(Illuminate\\Foundation\\Application), Array, Array, NULL)
#22 /var/www/TRDSv2_memo/vendor/laravel/framework/src/Illuminate/Foundation/Application.php(827): Illuminate\\Container\\Container->call(Array)
#23 /var/www/TRDSv2_memo/vendor/laravel/framework/src/Illuminate/Foundation/Application.php(810): Illuminate\\Foundation\\Application->bootProvider(Object(App\\Providers\\RouteServiceProvider))
#24 [internal function]: Illuminate\\Foundation\\Application->Illuminate\\Foundation\\{closure}(Object(App\\Providers\\RouteServiceProvider), 22)
#25 /var/www/TRDSv2_memo/vendor/laravel/framework/src/Illuminate/Foundation/Application.php(811): array_walk(Array, Object(Closure))
#26 /var/www/TRDSv2_memo/vendor/laravel/framework/src/Illuminate/Foundation/Bootstrap/BootProviders.php(17): Illuminate\\Foundation\\Application->boot()
#27 /var/www/TRDSv2_memo/vendor/laravel/framework/src/Illuminate/Foundation/Application.php(210): Illuminate\\Foundation\\Bootstrap\\BootProviders->bootstrap(Object(Illuminate\\Foundation\\Application))
#28 /var/www/TRDSv2_memo/vendor/laravel/framework/src/Illuminate/Foundation/Http/Kernel.php(162): Illuminate\\Foundation\\Application->bootstrapWith(Array)
#29 /var/www/TRDSv2_memo/vendor/laravel/framework/src/Illuminate/Foundation/Http/Kernel.php(146): Illuminate\\Foundation\\Http\\Kernel->bootstrap()
#30 /var/www/TRDSv2_memo/vendor/laravel/framework/src/Illuminate/Foundation/Http/Kernel.php(116): Illuminate\\Foundation\\Http\\Kernel->sendRequestThroughRouter(Object(Illuminate\\Http\\Request))
#31 /var/www/TRDSv2_memo/index.php(55): Illuminate\\Foundation\\Http\\Kernel->handle(Object(Illuminate\\Http\\Request))
#32 {main}
"} 
[2026-03-03 08:16:36] local.ERROR: Attribute [controller] does not exist. {"exception":"[object] (InvalidArgumentException(code: 0): Attribute [controller] does not exist. at /var/www/TRDSv2_memo/vendor/laravel/framework/src/Illuminate/Routing/RouteRegistrar.php:92)
[stacktrace]
#0 /var/www/TRDSv2_memo/vendor/laravel/framework/src/Illuminate/Routing/Router.php(1275): Illuminate\\Routing\\RouteRegistrar->attribute('controller', 'app\\\\Http\\\\Contro...')
#1 /var/www/TRDSv2_memo/vendor/laravel/framework/src/Illuminate/Support/Facades/Facade.php(239): Illuminate\\Routing\\Router->__call('controller', Array)
#2 /var/www/TRDSv2_memo/routes/web.php(32): Illuminate\\Support\\Facades\\Facade::__callStatic('controller', Array)
#3 /var/www/TRDSv2_memo/vendor/laravel/framework/src/Illuminate/Routing/RouteFileRegistrar.php(35): require('/var/www/TRDSv2...')
#4 /var/www/TRDSv2_memo/vendor/laravel/framework/src/Illuminate/Routing/Router.php(415): Illuminate\\Routing\\RouteFileRegistrar->register('/var/www/TRDSv2...')
#5 /var/www/TRDSv2_memo/vendor/laravel/framework/src/Illuminate/Routing/Router.php(373): Illuminate\\Routing\\Router->loadRoutes('/var/www/TRDSv2...')
#6 /var/www/TRDSv2_memo/vendor/laravel/framework/src/Illuminate/Routing/RouteRegistrar.php(121): Illuminate\\Routing\\Router->group(Array, '/var/www/TRDSv2...')
#7 /var/www/TRDSv2_memo/app/Providers/RouteServiceProvider.php(56): Illuminate\\Routing\\RouteRegistrar->group('/var/www/TRDSv2...')
#8 /var/www/TRDSv2_memo/app/Providers/RouteServiceProvider.php(40): App\\Providers\\RouteServiceProvider->mapWebRoutes()
#9 [internal function]: App\\Providers\\RouteServiceProvider->map()
#10 /var/www/TRDSv2_memo/vendor/laravel/framework/src/Illuminate/Container/BoundMethod.php(32): call_user_func_array(Array, Array)
#11 /var/www/TRDSv2_memo/vendor/laravel/framework/src/Illuminate/Container/BoundMethod.php(90): Illuminate\\Container\\BoundMethod::Illuminate\\Container\\{closure}()
#12 /var/www/TRDSv2_memo/vendor/laravel/framework/src/Illuminate/Container/BoundMethod.php(34): Illuminate\\Container\\BoundMethod::callBoundMethod(Object(Illuminate\\Foundation\\Application), Array, Object(Closure))
#13 /var/www/TRDSv2_memo/vendor/laravel/framework/src/Illuminate/Container/Container.php(576): Illuminate\\Container\\BoundMethod::call(Object(Illuminate\\Foundation\\Application), Array, Array, NULL)
#14 /var/www/TRDSv2_memo/vendor/laravel/framework/src/Illuminate/Foundation/Support/Providers/RouteServiceProvider.php(87): Illuminate\\Container\\Container->call(Array)
#15 /var/www/TRDSv2_memo/vendor/laravel/framework/src/Illuminate/Foundation/Support/Providers/RouteServiceProvider.php(36): Illuminate\\Foundation\\Support\\Providers\\RouteServiceProvider->loadRoutes()
#16 /var/www/TRDSv2_memo/app/Providers/RouteServiceProvider.php(28): Illuminate\\Foundation\\Support\\Providers\\RouteServiceProvider->boot()
#17 [internal function]: App\\Providers\\RouteServiceProvider->boot()
#18 /var/www/TRDSv2_memo/vendor/laravel/framework/src/Illuminate/Container/BoundMethod.php(32): call_user_func_array(Array, Array)
#19 /var/www/TRDSv2_memo/vendor/laravel/framework/src/Illuminate/Container/BoundMethod.php(90): Illuminate\\Container\\BoundMethod::Illuminate\\Container\\{closure}()
#20 /var/www/TRDSv2_memo/vendor/laravel/framework/src/Illuminate/Container/BoundMethod.php(34): Illuminate\\Container\\BoundMethod::callBoundMethod(Object(Illuminate\\Foundation\\Application), Array, Object(Closure))
#21 /var/www/TRDSv2_memo/vendor/laravel/framework/src/Illuminate/Container/Container.php(576): Illuminate\\Container\\BoundMethod::call(Object(Illuminate\\Foundation\\Application), Array, Array, NULL)
#22 /var/www/TRDSv2_memo/vendor/laravel/framework/src/Illuminate/Foundation/Application.php(827): Illuminate\\Container\\Container->call(Array)
#23 /var/www/TRDSv2_memo/vendor/laravel/framework/src/Illuminate/Foundation/Application.php(810): Illuminate\\Foundation\\Application->bootProvider(Object(App\\Providers\\RouteServiceProvider))
#24 [internal function]: Illuminate\\Foundation\\Application->Illuminate\\Foundation\\{closure}(Object(App\\Providers\\RouteServiceProvider), 22)
#25 /var/www/TRDSv2_memo/vendor/laravel/framework/src/Illuminate/Foundation/Application.php(811): array_walk(Array, Object(Closure))
#26 /var/www/TRDSv2_memo/vendor/laravel/framework/src/Illuminate/Foundation/Bootstrap/BootProviders.php(17): Illuminate\\Foundation\\Application->boot()
#27 /var/www/TRDSv2_memo/vendor/laravel/framework/src/Illuminate/Foundation/Application.php(210): Illuminate\\Foundation\\Bootstrap\\BootProviders->bootstrap(Object(Illuminate\\Foundation\\Application))
#28 /var/www/TRDSv2_memo/vendor/laravel/framework/src/Illuminate/Foundation/Http/Kernel.php(162): Illuminate\\Foundation\\Application->bootstrapWith(Array)
#29 /var/www/TRDSv2_memo/vendor/laravel/framework/src/Illuminate/Foundation/Http/Kernel.php(146): Illuminate\\Foundation\\Http\\Kernel->bootstrap()
#30 /var/www/TRDSv2_memo/vendor/laravel/framework/src/Illuminate/Foundation/Http/Kernel.php(116): Illuminate\\Foundation\\Http\\Kernel->sendRequestThroughRouter(Object(Illuminate\\Http\\Request))
#31 /var/www/TRDSv2_memo/index.php(55): Illuminate\\Foundation\\Http\\Kernel->handle(Object(Illuminate\\Http\\Request))
#32 {main}
"} 
[2026-03-03 08:17:21] local.ERROR: Attribute [controller] does not exist. {"exception":"[object] (InvalidArgumentException(code: 0): Attribute [controller] does not exist. at /var/www/TRDSv2_memo/vendor/laravel/framework/src/Illuminate/Routing/RouteRegistrar.php:92)
[stacktrace]
#0 /var/www/TRDSv2_memo/vendor/laravel/framework/src/Illuminate/Routing/Router.php(1275): Illuminate\\Routing\\RouteRegistrar->attribute('controller', 'App\\\\Http\\\\Contro...')
#1 /var/www/TRDSv2_memo/vendor/laravel/framework/src/Illuminate/Support/Facades/Facade.php(239): Illuminate\\Routing\\Router->__call('controller', Array)
#2 /var/www/TRDSv2_memo/routes/web.php(32): Illuminate\\Support\\Facades\\Facade::__callStatic('controller', Array)
#3 /var/www/TRDSv2_memo/vendor/laravel/framework/src/Illuminate/Routing/RouteFileRegistrar.php(35): require('/var/www/TRDSv2...')
#4 /var/www/TRDSv2_memo/vendor/laravel/framework/src/Illuminate/Routing/Router.php(415): Illuminate\\Routing\\RouteFileRegistrar->register('/var/www/TRDSv2...')
#5 /var/www/TRDSv2_memo/vendor/laravel/framework/src/Illuminate/Routing/Router.php(373): Illuminate\\Routing\\Router->loadRoutes('/var/www/TRDSv2...')
#6 /var/www/TRDSv2_memo/vendor/laravel/framework/src/Illuminate/Routing/RouteRegistrar.php(121): Illuminate\\Routing\\Router->group(Array, '/var/www/TRDSv2...')
#7 /var/www/TRDSv2_memo/app/Providers/RouteServiceProvider.php(56): Illuminate\\Routing\\RouteRegistrar->group('/var/www/TRDSv2...')
#8 /var/www/TRDSv2_memo/app/Providers/RouteServiceProvider.php(40): App\\Providers\\RouteServiceProvider->mapWebRoutes()
#9 [internal function]: App\\Providers\\RouteServiceProvider->map()
#10 /var/www/TRDSv2_memo/vendor/laravel/framework/src/Illuminate/Container/BoundMethod.php(32): call_user_func_array(Array, Array)
#11 /var/www/TRDSv2_memo/vendor/laravel/framework/src/Illuminate/Container/BoundMethod.php(90): Illuminate\\Container\\BoundMethod::Illuminate\\Container\\{closure}()
#12 /var/www/TRDSv2_memo/vendor/laravel/framework/src/Illuminate/Container/BoundMethod.php(34): Illuminate\\Container\\BoundMethod::callBoundMethod(Object(Illuminate\\Foundation\\Application), Array, Object(Closure))
#13 /var/www/TRDSv2_memo/vendor/laravel/framework/src/Illuminate/Container/Container.php(576): Illuminate\\Container\\BoundMethod::call(Object(Illuminate\\Foundation\\Application), Array, Array, NULL)
#14 /var/www/TRDSv2_memo/vendor/laravel/framework/src/Illuminate/Foundation/Support/Providers/RouteServiceProvider.php(87): Illuminate\\Container\\Container->call(Array)
#15 /var/www/TRDSv2_memo/vendor/laravel/framework/src/Illuminate/Foundation/Support/Providers/RouteServiceProvider.php(36): Illuminate\\Foundation\\Support\\Providers\\RouteServiceProvider->loadRoutes()
#16 /var/www/TRDSv2_memo/app/Providers/RouteServiceProvider.php(28): Illuminate\\Foundation\\Support\\Providers\\RouteServiceProvider->boot()
#17 [internal function]: App\\Providers\\RouteServiceProvider->boot()
#18 /var/www/TRDSv2_memo/vendor/laravel/framework/src/Illuminate/Container/BoundMethod.php(32): call_user_func_array(Array, Array)
#19 /var/www/TRDSv2_memo/vendor/laravel/framework/src/Illuminate/Container/BoundMethod.php(90): Illuminate\\Container\\BoundMethod::Illuminate\\Container\\{closure}()
#20 /var/www/TRDSv2_memo/vendor/laravel/framework/src/Illuminate/Container/BoundMethod.php(34): Illuminate\\Container\\BoundMethod::callBoundMethod(Object(Illuminate\\Foundation\\Application), Array, Object(Closure))
#21 /var/www/TRDSv2_memo/vendor/laravel/framework/src/Illuminate/Container/Container.php(576): Illuminate\\Container\\BoundMethod::call(Object(Illuminate\\Foundation\\Application), Array, Array, NULL)
#22 /var/www/TRDSv2_memo/vendor/laravel/framework/src/Illuminate/Foundation/Application.php(827): Illuminate\\Container\\Container->call(Array)
#23 /var/www/TRDSv2_memo/vendor/laravel/framework/src/Illuminate/Foundation/Application.php(810): Illuminate\\Foundation\\Application->bootProvider(Object(App\\Providers\\RouteServiceProvider))
#24 [internal function]: Illuminate\\Foundation\\Application->Illuminate\\Foundation\\{closure}(Object(App\\Providers\\RouteServiceProvider), 22)
#25 /var/www/TRDSv2_memo/vendor/laravel/framework/src/Illuminate/Foundation/Application.php(811): array_walk(Array, Object(Closure))
#26 /var/www/TRDSv2_memo/vendor/laravel/framework/src/Illuminate/Foundation/Bootstrap/BootProviders.php(17): Illuminate\\Foundation\\Application->boot()
#27 /var/www/TRDSv2_memo/vendor/laravel/framework/src/Illuminate/Foundation/Application.php(210): Illuminate\\Foundation\\Bootstrap\\BootProviders->bootstrap(Object(Illuminate\\Foundation\\Application))
#28 /var/www/TRDSv2_memo/vendor/laravel/framework/src/Illuminate/Foundation/Http/Kernel.php(162): Illuminate\\Foundation\\Application->bootstrapWith(Array)
#29 /var/www/TRDSv2_memo/vendor/laravel/framework/src/Illuminate/Foundation/Http/Kernel.php(146): Illuminate\\Foundation\\Http\\Kernel->bootstrap()
#30 /var/www/TRDSv2_memo/vendor/laravel/framework/src/Illuminate/Foundation/Http/Kernel.php(116): Illuminate\\Foundation\\Http\\Kernel->sendRequestThroughRouter(Object(Illuminate\\Http\\Request))
#31 /var/www/TRDSv2_memo/index.php(55): Illuminate\\Foundation\\Http\\Kernel->handle(Object(Illuminate\\Http\\Request))
#32 {main}
"} 
[2026-03-03 08:17:22] local.ERROR: Attribute [controller] does not exist. {"exception":"[object] (InvalidArgumentException(code: 0): Attribute [controller] does not exist. at /var/www/TRDSv2_memo/vendor/laravel/framework/src/Illuminate/Routing/RouteRegistrar.php:92)
[stacktrace]
#0 /var/www/TRDSv2_memo/vendor/laravel/framework/src/Illuminate/Routing/Router.php(1275): Illuminate\\Routing\\RouteRegistrar->attribute('controller', 'App\\\\Http\\\\Contro...')
#1 /var/www/TRDSv2_memo/vendor/laravel/framework/src/Illuminate/Support/Facades/Facade.php(239): Illuminate\\Routing\\Router->__call('controller', Array)
#2 /var/www/TRDSv2_memo/routes/web.php(32): Illuminate\\Support\\Facades\\Facade::__callStatic('controller', Array)
#3 /var/www/TRDSv2_memo/vendor/laravel/framework/src/Illuminate/Routing/RouteFileRegistrar.php(35): require('/var/www/TRDSv2...')
#4 /var/www/TRDSv2_memo/vendor/laravel/framework/src/Illuminate/Routing/Router.php(415): Illuminate\\Routing\\RouteFileRegistrar->register('/var/www/TRDSv2...')
#5 /var/www/TRDSv2_memo/vendor/laravel/framework/src/Illuminate/Routing/Router.php(373): Illuminate\\Routing\\Router->loadRoutes('/var/www/TRDSv2...')
#6 /var/www/TRDSv2_memo/vendor/laravel/framework/src/Illuminate/Routing/RouteRegistrar.php(121): Illuminate\\Routing\\Router->group(Array, '/var/www/TRDSv2...')
#7 /var/www/TRDSv2_memo/app/Providers/RouteServiceProvider.php(56): Illuminate\\Routing\\RouteRegistrar->group('/var/www/TRDSv2...')
#8 /var/www/TRDSv2_memo/app/Providers/RouteServiceProvider.php(40): App\\Providers\\RouteServiceProvider->mapWebRoutes()
#9 [internal function]: App\\Providers\\RouteServiceProvider->map()
#10 /var/www/TRDSv2_memo/vendor/laravel/framework/src/Illuminate/Container/BoundMethod.php(32): call_user_func_array(Array, Array)
#11 /var/www/TRDSv2_memo/vendor/laravel/framework/src/Illuminate/Container/BoundMethod.php(90): Illuminate\\Container\\BoundMethod::Illuminate\\Container\\{closure}()
#12 /var/www/TRDSv2_memo/vendor/laravel/framework/src/Illuminate/Container/BoundMethod.php(34): Illuminate\\Container\\BoundMethod::callBoundMethod(Object(Illuminate\\Foundation\\Application), Array, Object(Closure))
#13 /var/www/TRDSv2_memo/vendor/laravel/framework/src/Illuminate/Container/Container.php(576): Illuminate\\Container\\BoundMethod::call(Object(Illuminate\\Foundation\\Application), Array, Array, NULL)
#14 /var/www/TRDSv2_memo/vendor/laravel/framework/src/Illuminate/Foundation/Support/Providers/RouteServiceProvider.php(87): Illuminate\\Container\\Container->call(Array)
#15 /var/www/TRDSv2_memo/vendor/laravel/framework/src/Illuminate/Foundation/Support/Providers/RouteServiceProvider.php(36): Illuminate\\Foundation\\Support\\Providers\\RouteServiceProvider->loadRoutes()
#16 /var/www/TRDSv2_memo/app/Providers/RouteServiceProvider.php(28): Illuminate\\Foundation\\Support\\Providers\\RouteServiceProvider->boot()
#17 [internal function]: App\\Providers\\RouteServiceProvider->boot()
#18 /var/www/TRDSv2_memo/vendor/laravel/framework/src/Illuminate/Container/BoundMethod.php(32): call_user_func_array(Array, Array)
#19 /var/www/TRDSv2_memo/vendor/laravel/framework/src/Illuminate/Container/BoundMethod.php(90): Illuminate\\Container\\BoundMethod::Illuminate\\Container\\{closure}()
#20 /var/www/TRDSv2_memo/vendor/laravel/framework/src/Illuminate/Container/BoundMethod.php(34): Illuminate\\Container\\BoundMethod::callBoundMethod(Object(Illuminate\\Foundation\\Application), Array, Object(Closure))
#21 /var/www/TRDSv2_memo/vendor/laravel/framework/src/Illuminate/Container/Container.php(576): Illuminate\\Container\\BoundMethod::call(Object(Illuminate\\Foundation\\Application), Array, Array, NULL)
#22 /var/www/TRDSv2_memo/vendor/laravel/framework/src/Illuminate/Foundation/Application.php(827): Illuminate\\Container\\Container->call(Array)
#23 /var/www/TRDSv2_memo/vendor/laravel/framework/src/Illuminate/Foundation/Application.php(810): Illuminate\\Foundation\\Application->bootProvider(Object(App\\Providers\\RouteServiceProvider))
#24 [internal function]: Illuminate\\Foundation\\Application->Illuminate\\Foundation\\{closure}(Object(App\\Providers\\RouteServiceProvider), 22)
#25 /var/www/TRDSv2_memo/vendor/laravel/framework/src/Illuminate/Foundation/Application.php(811): array_walk(Array, Object(Closure))
#26 /var/www/TRDSv2_memo/vendor/laravel/framework/src/Illuminate/Foundation/Bootstrap/BootProviders.php(17): Illuminate\\Foundation\\Application->boot()
#27 /var/www/TRDSv2_memo/vendor/laravel/framework/src/Illuminate/Foundation/Application.php(210): Illuminate\\Foundation\\Bootstrap\\BootProviders->bootstrap(Object(Illuminate\\Foundation\\Application))
#28 /var/www/TRDSv2_memo/vendor/laravel/framework/src/Illuminate/Foundation/Http/Kernel.php(162): Illuminate\\Foundation\\Application->bootstrapWith(Array)
#29 /var/www/TRDSv2_memo/vendor/laravel/framework/src/Illuminate/Foundation/Http/Kernel.php(146): Illuminate\\Foundation\\Http\\Kernel->bootstrap()
#30 /var/www/TRDSv2_memo/vendor/laravel/framework/src/Illuminate/Foundation/Http/Kernel.php(116): Illuminate\\Foundation\\Http\\Kernel->sendRequestThroughRouter(Object(Illuminate\\Http\\Request))
#31 /var/www/TRDSv2_memo/index.php(55): Illuminate\\Foundation\\Http\\Kernel->handle(Object(Illuminate\\Http\\Request))
#32 {main}
"} 
[2026-03-03 08:17:22] local.ERROR: Attribute [controller] does not exist. {"exception":"[object] (InvalidArgumentException(code: 0): Attribute [controller] does not exist. at /var/www/TRDSv2_memo/vendor/laravel/framework/src/Illuminate/Routing/RouteRegistrar.php:92)
[stacktrace]
#0 /var/www/TRDSv2_memo/vendor/laravel/framework/src/Illuminate/Routing/Router.php(1275): Illuminate\\Routing\\RouteRegistrar->attribute('controller', 'App\\\\Http\\\\Contro...')
#1 /var/www/TRDSv2_memo/vendor/laravel/framework/src/Illuminate/Support/Facades/Facade.php(239): Illuminate\\Routing\\Router->__call('controller', Array)
#2 /var/www/TRDSv2_memo/routes/web.php(32): Illuminate\\Support\\Facades\\Facade::__callStatic('controller', Array)
#3 /var/www/TRDSv2_memo/vendor/laravel/framework/src/Illuminate/Routing/RouteFileRegistrar.php(35): require('/var/www/TRDSv2...')
#4 /var/www/TRDSv2_memo/vendor/laravel/framework/src/Illuminate/Routing/Router.php(415): Illuminate\\Routing\\RouteFileRegistrar->register('/var/www/TRDSv2...')
#5 /var/www/TRDSv2_memo/vendor/laravel/framework/src/Illuminate/Routing/Router.php(373): Illuminate\\Routing\\Router->loadRoutes('/var/www/TRDSv2...')
#6 /var/www/TRDSv2_memo/vendor/laravel/framework/src/Illuminate/Routing/RouteRegistrar.php(121): Illuminate\\Routing\\Router->group(Array, '/var/www/TRDSv2...')
#7 /var/www/TRDSv2_memo/app/Providers/RouteServiceProvider.php(56): Illuminate\\Routing\\RouteRegistrar->group('/var/www/TRDSv2...')
#8 /var/www/TRDSv2_memo/app/Providers/RouteServiceProvider.php(40): App\\Providers\\RouteServiceProvider->mapWebRoutes()
#9 [internal function]: App\\Providers\\RouteServiceProvider->map()
#10 /var/www/TRDSv2_memo/vendor/laravel/framework/src/Illuminate/Container/BoundMethod.php(32): call_user_func_array(Array, Array)
#11 /var/www/TRDSv2_memo/vendor/laravel/framework/src/Illuminate/Container/BoundMethod.php(90): Illuminate\\Container\\BoundMethod::Illuminate\\Container\\{closure}()
#12 /var/www/TRDSv2_memo/vendor/laravel/framework/src/Illuminate/Container/BoundMethod.php(34): Illuminate\\Container\\BoundMethod::callBoundMethod(Object(Illuminate\\Foundation\\Application), Array, Object(Closure))
#13 /var/www/TRDSv2_memo/vendor/laravel/framework/src/Illuminate/Container/Container.php(576): Illuminate\\Container\\BoundMethod::call(Object(Illuminate\\Foundation\\Application), Array, Array, NULL)
#14 /var/www/TRDSv2_memo/vendor/laravel/framework/src/Illuminate/Foundation/Support/Providers/RouteServiceProvider.php(87): Illuminate\\Container\\Container->call(Array)
#15 /var/www/TRDSv2_memo/vendor/laravel/framework/src/Illuminate/Foundation/Support/Providers/RouteServiceProvider.php(36): Illuminate\\Foundation\\Support\\Providers\\RouteServiceProvider->loadRoutes()
#16 /var/www/TRDSv2_memo/app/Providers/RouteServiceProvider.php(28): Illuminate\\Foundation\\Support\\Providers\\RouteServiceProvider->boot()
#17 [internal function]: App\\Providers\\RouteServiceProvider->boot()
#18 /var/www/TRDSv2_memo/vendor/laravel/framework/src/Illuminate/Container/BoundMethod.php(32): call_user_func_array(Array, Array)
#19 /var/www/TRDSv2_memo/vendor/laravel/framework/src/Illuminate/Container/BoundMethod.php(90): Illuminate\\Container\\BoundMethod::Illuminate\\Container\\{closure}()
#20 /var/www/TRDSv2_memo/vendor/laravel/framework/src/Illuminate/Container/BoundMethod.php(34): Illuminate\\Container\\BoundMethod::callBoundMethod(Object(Illuminate\\Foundation\\Application), Array, Object(Closure))
#21 /var/www/TRDSv2_memo/vendor/laravel/framework/src/Illuminate/Container/Container.php(576): Illuminate\\Container\\BoundMethod::call(Object(Illuminate\\Foundation\\Application), Array, Array, NULL)
#22 /var/www/TRDSv2_memo/vendor/laravel/framework/src/Illuminate/Foundation/Application.php(827): Illuminate\\Container\\Container->call(Array)
#23 /var/www/TRDSv2_memo/vendor/laravel/framework/src/Illuminate/Foundation/Application.php(810): Illuminate\\Foundation\\Application->bootProvider(Object(App\\Providers\\RouteServiceProvider))
#24 [internal function]: Illuminate\\Foundation\\Application->Illuminate\\Foundation\\{closure}(Object(App\\Providers\\RouteServiceProvider), 22)
#25 /var/www/TRDSv2_memo/vendor/laravel/framework/src/Illuminate/Foundation/Application.php(811): array_walk(Array, Object(Closure))
#26 /var/www/TRDSv2_memo/vendor/laravel/framework/src/Illuminate/Foundation/Bootstrap/BootProviders.php(17): Illuminate\\Foundation\\Application->boot()
#27 /var/www/TRDSv2_memo/vendor/laravel/framework/src/Illuminate/Foundation/Application.php(210): Illuminate\\Foundation\\Bootstrap\\BootProviders->bootstrap(Object(Illuminate\\Foundation\\Application))
#28 /var/www/TRDSv2_memo/vendor/laravel/framework/src/Illuminate/Foundation/Http/Kernel.php(162): Illuminate\\Foundation\\Application->bootstrapWith(Array)
#29 /var/www/TRDSv2_memo/vendor/laravel/framework/src/Illuminate/Foundation/Http/Kernel.php(146): Illuminate\\Foundation\\Http\\Kernel->bootstrap()
#30 /var/www/TRDSv2_memo/vendor/laravel/framework/src/Illuminate/Foundation/Http/Kernel.php(116): Illuminate\\Foundation\\Http\\Kernel->sendRequestThroughRouter(Object(Illuminate\\Http\\Request))
#31 /var/www/TRDSv2_memo/index.php(55): Illuminate\\Foundation\\Http\\Kernel->handle(Object(Illuminate\\Http\\Request))
#32 {main}
"} 
[2026-03-03 08:17:23] local.ERROR: Attribute [controller] does not exist. {"exception":"[object] (InvalidArgumentException(code: 0): Attribute [controller] does not exist. at /var/www/TRDSv2_memo/vendor/laravel/framework/src/Illuminate/Routing/RouteRegistrar.php:92)
[stacktrace]
#0 /var/www/TRDSv2_memo/vendor/laravel/framework/src/Illuminate/Routing/Router.php(1275): Illuminate\\Routing\\RouteRegistrar->attribute('controller', 'App\\\\Http\\\\Contro...')
#1 /var/www/TRDSv2_memo/vendor/laravel/framework/src/Illuminate/Support/Facades/Facade.php(239): Illuminate\\Routing\\Router->__call('controller', Array)
#2 /var/www/TRDSv2_memo/routes/web.php(32): Illuminate\\Support\\Facades\\Facade::__callStatic('controller', Array)
#3 /var/www/TRDSv2_memo/vendor/laravel/framework/src/Illuminate/Routing/RouteFileRegistrar.php(35): require('/var/www/TRDSv2...')
#4 /var/www/TRDSv2_memo/vendor/laravel/framework/src/Illuminate/Routing/Router.php(415): Illuminate\\Routing\\RouteFileRegistrar->register('/var/www/TRDSv2...')
#5 /var/www/TRDSv2_memo/vendor/laravel/framework/src/Illuminate/Routing/Router.php(373): Illuminate\\Routing\\Router->loadRoutes('/var/www/TRDSv2...')
#6 /var/www/TRDSv2_memo/vendor/laravel/framework/src/Illuminate/Routing/RouteRegistrar.php(121): Illuminate\\Routing\\Router->group(Array, '/var/www/TRDSv2...')
#7 /var/www/TRDSv2_memo/app/Providers/RouteServiceProvider.php(56): Illuminate\\Routing\\RouteRegistrar->group('/var/www/TRDSv2...')
#8 /var/www/TRDSv2_memo/app/Providers/RouteServiceProvider.php(40): App\\Providers\\RouteServiceProvider->mapWebRoutes()
#9 [internal function]: App\\Providers\\RouteServiceProvider->map()
#10 /var/www/TRDSv2_memo/vendor/laravel/framework/src/Illuminate/Container/BoundMethod.php(32): call_user_func_array(Array, Array)
#11 /var/www/TRDSv2_memo/vendor/laravel/framework/src/Illuminate/Container/BoundMethod.php(90): Illuminate\\Container\\BoundMethod::Illuminate\\Container\\{closure}()
#12 /var/www/TRDSv2_memo/vendor/laravel/framework/src/Illuminate/Container/BoundMethod.php(34): Illuminate\\Container\\BoundMethod::callBoundMethod(Object(Illuminate\\Foundation\\Application), Array, Object(Closure))
#13 /var/www/TRDSv2_memo/vendor/laravel/framework/src/Illuminate/Container/Container.php(576): Illuminate\\Container\\BoundMethod::call(Object(Illuminate\\Foundation\\Application), Array, Array, NULL)
#14 /var/www/TRDSv2_memo/vendor/laravel/framework/src/Illuminate/Foundation/Support/Providers/RouteServiceProvider.php(87): Illuminate\\Container\\Container->call(Array)
#15 /var/www/TRDSv2_memo/vendor/laravel/framework/src/Illuminate/Foundation/Support/Providers/RouteServiceProvider.php(36): Illuminate\\Foundation\\Support\\Providers\\RouteServiceProvider->loadRoutes()
#16 /var/www/TRDSv2_memo/app/Providers/RouteServiceProvider.php(28): Illuminate\\Foundation\\Support\\Providers\\RouteServiceProvider->boot()
#17 [internal function]: App\\Providers\\RouteServiceProvider->boot()
#18 /var/www/TRDSv2_memo/vendor/laravel/framework/src/Illuminate/Container/BoundMethod.php(32): call_user_func_array(Array, Array)
#19 /var/www/TRDSv2_memo/vendor/laravel/framework/src/Illuminate/Container/BoundMethod.php(90): Illuminate\\Container\\BoundMethod::Illuminate\\Container\\{closure}()
#20 /var/www/TRDSv2_memo/vendor/laravel/framework/src/Illuminate/Container/BoundMethod.php(34): Illuminate\\Container\\BoundMethod::callBoundMethod(Object(Illuminate\\Foundation\\Application), Array, Object(Closure))
#21 /var/www/TRDSv2_memo/vendor/laravel/framework/src/Illuminate/Container/Container.php(576): Illuminate\\Container\\BoundMethod::call(Object(Illuminate\\Foundation\\Application), Array, Array, NULL)
#22 /var/www/TRDSv2_memo/vendor/laravel/framework/src/Illuminate/Foundation/Application.php(827): Illuminate\\Container\\Container->call(Array)
#23 /var/www/TRDSv2_memo/vendor/laravel/framework/src/Illuminate/Foundation/Application.php(810): Illuminate\\Foundation\\Application->bootProvider(Object(App\\Providers\\RouteServiceProvider))
#24 [internal function]: Illuminate\\Foundation\\Application->Illuminate\\Foundation\\{closure}(Object(App\\Providers\\RouteServiceProvider), 22)
#25 /var/www/TRDSv2_memo/vendor/laravel/framework/src/Illuminate/Foundation/Application.php(811): array_walk(Array, Object(Closure))
#26 /var/www/TRDSv2_memo/vendor/laravel/framework/src/Illuminate/Foundation/Bootstrap/BootProviders.php(17): Illuminate\\Foundation\\Application->boot()
#27 /var/www/TRDSv2_memo/vendor/laravel/framework/src/Illuminate/Foundation/Application.php(210): Illuminate\\Foundation\\Bootstrap\\BootProviders->bootstrap(Object(Illuminate\\Foundation\\Application))
#28 /var/www/TRDSv2_memo/vendor/laravel/framework/src/Illuminate/Foundation/Http/Kernel.php(162): Illuminate\\Foundation\\Application->bootstrapWith(Array)
#29 /var/www/TRDSv2_memo/vendor/laravel/framework/src/Illuminate/Foundation/Http/Kernel.php(146): Illuminate\\Foundation\\Http\\Kernel->bootstrap()
#30 /var/www/TRDSv2_memo/vendor/laravel/framework/src/Illuminate/Foundation/Http/Kernel.php(116): Illuminate\\Foundation\\Http\\Kernel->sendRequestThroughRouter(Object(Illuminate\\Http\\Request))
#31 /var/www/TRDSv2_memo/index.php(55): Illuminate\\Foundation\\Http\\Kernel->handle(Object(Illuminate\\Http\\Request))
#32 {main}
"} 
[2026-03-03 08:17:23] local.ERROR: Attribute [controller] does not exist. {"exception":"[object] (InvalidArgumentException(code: 0): Attribute [controller] does not exist. at /var/www/TRDSv2_memo/vendor/laravel/framework/src/Illuminate/Routing/RouteRegistrar.php:92)
[stacktrace]
#0 /var/www/TRDSv2_memo/vendor/laravel/framework/src/Illuminate/Routing/Router.php(1275): Illuminate\\Routing\\RouteRegistrar->attribute('controller', 'App\\\\Http\\\\Contro...')
#1 /var/www/TRDSv2_memo/vendor/laravel/framework/src/Illuminate/Support/Facades/Facade.php(239): Illuminate\\Routing\\Router->__call('controller', Array)
#2 /var/www/TRDSv2_memo/routes/web.php(32): Illuminate\\Support\\Facades\\Facade::__callStatic('controller', Array)
#3 /var/www/TRDSv2_memo/vendor/laravel/framework/src/Illuminate/Routing/RouteFileRegistrar.php(35): require('/var/www/TRDSv2...')
#4 /var/www/TRDSv2_memo/vendor/laravel/framework/src/Illuminate/Routing/Router.php(415): Illuminate\\Routing\\RouteFileRegistrar->register('/var/www/TRDSv2...')
#5 /var/www/TRDSv2_memo/vendor/laravel/framework/src/Illuminate/Routing/Router.php(373): Illuminate\\Routing\\Router->loadRoutes('/var/www/TRDSv2...')
#6 /var/www/TRDSv2_memo/vendor/laravel/framework/src/Illuminate/Routing/RouteRegistrar.php(121): Illuminate\\Routing\\Router->group(Array, '/var/www/TRDSv2...')
#7 /var/www/TRDSv2_memo/app/Providers/RouteServiceProvider.php(56): Illuminate\\Routing\\RouteRegistrar->group('/var/www/TRDSv2...')
#8 /var/www/TRDSv2_memo/app/Providers/RouteServiceProvider.php(40): App\\Providers\\RouteServiceProvider->mapWebRoutes()
#9 [internal function]: App\\Providers\\RouteServiceProvider->map()
#10 /var/www/TRDSv2_memo/vendor/laravel/framework/src/Illuminate/Container/BoundMethod.php(32): call_user_func_array(Array, Array)
#11 /var/www/TRDSv2_memo/vendor/laravel/framework/src/Illuminate/Container/BoundMethod.php(90): Illuminate\\Container\\BoundMethod::Illuminate\\Container\\{closure}()
#12 /var/www/TRDSv2_memo/vendor/laravel/framework/src/Illuminate/Container/BoundMethod.php(34): Illuminate\\Container\\BoundMethod::callBoundMethod(Object(Illuminate\\Foundation\\Application), Array, Object(Closure))
#13 /var/www/TRDSv2_memo/vendor/laravel/framework/src/Illuminate/Container/Container.php(576): Illuminate\\Container\\BoundMethod::call(Object(Illuminate\\Foundation\\Application), Array, Array, NULL)
#14 /var/www/TRDSv2_memo/vendor/laravel/framework/src/Illuminate/Foundation/Support/Providers/RouteServiceProvider.php(87): Illuminate\\Container\\Container->call(Array)
#15 /var/www/TRDSv2_memo/vendor/laravel/framework/src/Illuminate/Foundation/Support/Providers/RouteServiceProvider.php(36): Illuminate\\Foundation\\Support\\Providers\\RouteServiceProvider->loadRoutes()
#16 /var/www/TRDSv2_memo/app/Providers/RouteServiceProvider.php(28): Illuminate\\Foundation\\Support\\Providers\\RouteServiceProvider->boot()
#17 [internal function]: App\\Providers\\RouteServiceProvider->boot()
#18 /var/www/TRDSv2_memo/vendor/laravel/framework/src/Illuminate/Container/BoundMethod.php(32): call_user_func_array(Array, Array)
#19 /var/www/TRDSv2_memo/vendor/laravel/framework/src/Illuminate/Container/BoundMethod.php(90): Illuminate\\Container\\BoundMethod::Illuminate\\Container\\{closure}()
#20 /var/www/TRDSv2_memo/vendor/laravel/framework/src/Illuminate/Container/BoundMethod.php(34): Illuminate\\Container\\BoundMethod::callBoundMethod(Object(Illuminate\\Foundation\\Application), Array, Object(Closure))
#21 /var/www/TRDSv2_memo/vendor/laravel/framework/src/Illuminate/Container/Container.php(576): Illuminate\\Container\\BoundMethod::call(Object(Illuminate\\Foundation\\Application), Array, Array, NULL)
#22 /var/www/TRDSv2_memo/vendor/laravel/framework/src/Illuminate/Foundation/Application.php(827): Illuminate\\Container\\Container->call(Array)
#23 /var/www/TRDSv2_memo/vendor/laravel/framework/src/Illuminate/Foundation/Application.php(810): Illuminate\\Foundation\\Application->bootProvider(Object(App\\Providers\\RouteServiceProvider))
#24 [internal function]: Illuminate\\Foundation\\Application->Illuminate\\Foundation\\{closure}(Object(App\\Providers\\RouteServiceProvider), 22)
#25 /var/www/TRDSv2_memo/vendor/laravel/framework/src/Illuminate/Foundation/Application.php(811): array_walk(Array, Object(Closure))
#26 /var/www/TRDSv2_memo/vendor/laravel/framework/src/Illuminate/Foundation/Bootstrap/BootProviders.php(17): Illuminate\\Foundation\\Application->boot()
#27 /var/www/TRDSv2_memo/vendor/laravel/framework/src/Illuminate/Foundation/Application.php(210): Illuminate\\Foundation\\Bootstrap\\BootProviders->bootstrap(Object(Illuminate\\Foundation\\Application))
#28 /var/www/TRDSv2_memo/vendor/laravel/framework/src/Illuminate/Foundation/Http/Kernel.php(162): Illuminate\\Foundation\\Application->bootstrapWith(Array)
#29 /var/www/TRDSv2_memo/vendor/laravel/framework/src/Illuminate/Foundation/Http/Kernel.php(146): Illuminate\\Foundation\\Http\\Kernel->bootstrap()
#30 /var/www/TRDSv2_memo/vendor/laravel/framework/src/Illuminate/Foundation/Http/Kernel.php(116): Illuminate\\Foundation\\Http\\Kernel->sendRequestThroughRouter(Object(Illuminate\\Http\\Request))
#31 /var/www/TRDSv2_memo/index.php(55): Illuminate\\Foundation\\Http\\Kernel->handle(Object(Illuminate\\Http\\Request))
#32 {main}
"} 
[2026-03-03 08:17:23] local.ERROR: Attribute [controller] does not exist. {"exception":"[object] (InvalidArgumentException(code: 0): Attribute [controller] does not exist. at /var/www/TRDSv2_memo/vendor/laravel/framework/src/Illuminate/Routing/RouteRegistrar.php:92)
[stacktrace]
#0 /var/www/TRDSv2_memo/vendor/laravel/framework/src/Illuminate/Routing/Router.php(1275): Illuminate\\Routing\\RouteRegistrar->attribute('controller', 'App\\\\Http\\\\Contro...')
#1 /var/www/TRDSv2_memo/vendor/laravel/framework/src/Illuminate/Support/Facades/Facade.php(239): Illuminate\\Routing\\Router->__call('controller', Array)
#2 /var/www/TRDSv2_memo/routes/web.php(32): Illuminate\\Support\\Facades\\Facade::__callStatic('controller', Array)
#3 /var/www/TRDSv2_memo/vendor/laravel/framework/src/Illuminate/Routing/RouteFileRegistrar.php(35): require('/var/www/TRDSv2...')
#4 /var/www/TRDSv2_memo/vendor/laravel/framework/src/Illuminate/Routing/Router.php(415): Illuminate\\Routing\\RouteFileRegistrar->register('/var/www/TRDSv2...')
#5 /var/www/TRDSv2_memo/vendor/laravel/framework/src/Illuminate/Routing/Router.php(373): Illuminate\\Routing\\Router->loadRoutes('/var/www/TRDSv2...')
#6 /var/www/TRDSv2_memo/vendor/laravel/framework/src/Illuminate/Routing/RouteRegistrar.php(121): Illuminate\\Routing\\Router->group(Array, '/var/www/TRDSv2...')
#7 /var/www/TRDSv2_memo/app/Providers/RouteServiceProvider.php(56): Illuminate\\Routing\\RouteRegistrar->group('/var/www/TRDSv2...')
#8 /var/www/TRDSv2_memo/app/Providers/RouteServiceProvider.php(40): App\\Providers\\RouteServiceProvider->mapWebRoutes()
#9 [internal function]: App\\Providers\\RouteServiceProvider->map()
#10 /var/www/TRDSv2_memo/vendor/laravel/framework/src/Illuminate/Container/BoundMethod.php(32): call_user_func_array(Array, Array)
#11 /var/www/TRDSv2_memo/vendor/laravel/framework/src/Illuminate/Container/BoundMethod.php(90): Illuminate\\Container\\BoundMethod::Illuminate\\Container\\{closure}()
#12 /var/www/TRDSv2_memo/vendor/laravel/framework/src/Illuminate/Container/BoundMethod.php(34): Illuminate\\Container\\BoundMethod::callBoundMethod(Object(Illuminate\\Foundation\\Application), Array, Object(Closure))
#13 /var/www/TRDSv2_memo/vendor/laravel/framework/src/Illuminate/Container/Container.php(576): Illuminate\\Container\\BoundMethod::call(Object(Illuminate\\Foundation\\Application), Array, Array, NULL)
#14 /var/www/TRDSv2_memo/vendor/laravel/framework/src/Illuminate/Foundation/Support/Providers/RouteServiceProvider.php(87): Illuminate\\Container\\Container->call(Array)
#15 /var/www/TRDSv2_memo/vendor/laravel/framework/src/Illuminate/Foundation/Support/Providers/RouteServiceProvider.php(36): Illuminate\\Foundation\\Support\\Providers\\RouteServiceProvider->loadRoutes()
#16 /var/www/TRDSv2_memo/app/Providers/RouteServiceProvider.php(28): Illuminate\\Foundation\\Support\\Providers\\RouteServiceProvider->boot()
#17 [internal function]: App\\Providers\\RouteServiceProvider->boot()
#18 /var/www/TRDSv2_memo/vendor/laravel/framework/src/Illuminate/Container/BoundMethod.php(32): call_user_func_array(Array, Array)
#19 /var/www/TRDSv2_memo/vendor/laravel/framework/src/Illuminate/Container/BoundMethod.php(90): Illuminate\\Container\\BoundMethod::Illuminate\\Container\\{closure}()
#20 /var/www/TRDSv2_memo/vendor/laravel/framework/src/Illuminate/Container/BoundMethod.php(34): Illuminate\\Container\\BoundMethod::callBoundMethod(Object(Illuminate\\Foundation\\Application), Array, Object(Closure))
#21 /var/www/TRDSv2_memo/vendor/laravel/framework/src/Illuminate/Container/Container.php(576): Illuminate\\Container\\BoundMethod::call(Object(Illuminate\\Foundation\\Application), Array, Array, NULL)
#22 /var/www/TRDSv2_memo/vendor/laravel/framework/src/Illuminate/Foundation/Application.php(827): Illuminate\\Container\\Container->call(Array)
#23 /var/www/TRDSv2_memo/vendor/laravel/framework/src/Illuminate/Foundation/Application.php(810): Illuminate\\Foundation\\Application->bootProvider(Object(App\\Providers\\RouteServiceProvider))
#24 [internal function]: Illuminate\\Foundation\\Application->Illuminate\\Foundation\\{closure}(Object(App\\Providers\\RouteServiceProvider), 22)
#25 /var/www/TRDSv2_memo/vendor/laravel/framework/src/Illuminate/Foundation/Application.php(811): array_walk(Array, Object(Closure))
#26 /var/www/TRDSv2_memo/vendor/laravel/framework/src/Illuminate/Foundation/Bootstrap/BootProviders.php(17): Illuminate\\Foundation\\Application->boot()
#27 /var/www/TRDSv2_memo/vendor/laravel/framework/src/Illuminate/Foundation/Application.php(210): Illuminate\\Foundation\\Bootstrap\\BootProviders->bootstrap(Object(Illuminate\\Foundation\\Application))
#28 /var/www/TRDSv2_memo/vendor/laravel/framework/src/Illuminate/Foundation/Http/Kernel.php(162): Illuminate\\Foundation\\Application->bootstrapWith(Array)
#29 /var/www/TRDSv2_memo/vendor/laravel/framework/src/Illuminate/Foundation/Http/Kernel.php(146): Illuminate\\Foundation\\Http\\Kernel->bootstrap()
#30 /var/www/TRDSv2_memo/vendor/laravel/framework/src/Illuminate/Foundation/Http/Kernel.php(116): Illuminate\\Foundation\\Http\\Kernel->sendRequestThroughRouter(Object(Illuminate\\Http\\Request))
#31 /var/www/TRDSv2_memo/index.php(55): Illuminate\\Foundation\\Http\\Kernel->handle(Object(Illuminate\\Http\\Request))
#32 {main}
"} 
[2026-03-03 08:17:23] local.ERROR: Attribute [controller] does not exist. {"exception":"[object] (InvalidArgumentException(code: 0): Attribute [controller] does not exist. at /var/www/TRDSv2_memo/vendor/laravel/framework/src/Illuminate/Routing/RouteRegistrar.php:92)
[stacktrace]
#0 /var/www/TRDSv2_memo/vendor/laravel/framework/src/Illuminate/Routing/Router.php(1275): Illuminate\\Routing\\RouteRegistrar->attribute('controller', 'App\\\\Http\\\\Contro...')
#1 /var/www/TRDSv2_memo/vendor/laravel/framework/src/Illuminate/Support/Facades/Facade.php(239): Illuminate\\Routing\\Router->__call('controller', Array)
#2 /var/www/TRDSv2_memo/routes/web.php(32): Illuminate\\Support\\Facades\\Facade::__callStatic('controller', Array)
#3 /var/www/TRDSv2_memo/vendor/laravel/framework/src/Illuminate/Routing/RouteFileRegistrar.php(35): require('/var/www/TRDSv2...')
#4 /var/www/TRDSv2_memo/vendor/laravel/framework/src/Illuminate/Routing/Router.php(415): Illuminate\\Routing\\RouteFileRegistrar->register('/var/www/TRDSv2...')
#5 /var/www/TRDSv2_memo/vendor/laravel/framework/src/Illuminate/Routing/Router.php(373): Illuminate\\Routing\\Router->loadRoutes('/var/www/TRDSv2...')
#6 /var/www/TRDSv2_memo/vendor/laravel/framework/src/Illuminate/Routing/RouteRegistrar.php(121): Illuminate\\Routing\\Router->group(Array, '/var/www/TRDSv2...')
#7 /var/www/TRDSv2_memo/app/Providers/RouteServiceProvider.php(56): Illuminate\\Routing\\RouteRegistrar->group('/var/www/TRDSv2...')
#8 /var/www/TRDSv2_memo/app/Providers/RouteServiceProvider.php(40): App\\Providers\\RouteServiceProvider->mapWebRoutes()
#9 [internal function]: App\\Providers\\RouteServiceProvider->map()
#10 /var/www/TRDSv2_memo/vendor/laravel/framework/src/Illuminate/Container/BoundMethod.php(32): call_user_func_array(Array, Array)
#11 /var/www/TRDSv2_memo/vendor/laravel/framework/src/Illuminate/Container/BoundMethod.php(90): Illuminate\\Container\\BoundMethod::Illuminate\\Container\\{closure}()
#12 /var/www/TRDSv2_memo/vendor/laravel/framework/src/Illuminate/Container/BoundMethod.php(34): Illuminate\\Container\\BoundMethod::callBoundMethod(Object(Illuminate\\Foundation\\Application), Array, Object(Closure))
#13 /var/www/TRDSv2_memo/vendor/laravel/framework/src/Illuminate/Container/Container.php(576): Illuminate\\Container\\BoundMethod::call(Object(Illuminate\\Foundation\\Application), Array, Array, NULL)
#14 /var/www/TRDSv2_memo/vendor/laravel/framework/src/Illuminate/Foundation/Support/Providers/RouteServiceProvider.php(87): Illuminate\\Container\\Container->call(Array)
#15 /var/www/TRDSv2_memo/vendor/laravel/framework/src/Illuminate/Foundation/Support/Providers/RouteServiceProvider.php(36): Illuminate\\Foundation\\Support\\Providers\\RouteServiceProvider->loadRoutes()
#16 /var/www/TRDSv2_memo/app/Providers/RouteServiceProvider.php(28): Illuminate\\Foundation\\Support\\Providers\\RouteServiceProvider->boot()
#17 [internal function]: App\\Providers\\RouteServiceProvider->boot()
#18 /var/www/TRDSv2_memo/vendor/laravel/framework/src/Illuminate/Container/BoundMethod.php(32): call_user_func_array(Array, Array)
#19 /var/www/TRDSv2_memo/vendor/laravel/framework/src/Illuminate/Container/BoundMethod.php(90): Illuminate\\Container\\BoundMethod::Illuminate\\Container\\{closure}()
#20 /var/www/TRDSv2_memo/vendor/laravel/framework/src/Illuminate/Container/BoundMethod.php(34): Illuminate\\Container\\BoundMethod::callBoundMethod(Object(Illuminate\\Foundation\\Application), Array, Object(Closure))
#21 /var/www/TRDSv2_memo/vendor/laravel/framework/src/Illuminate/Container/Container.php(576): Illuminate\\Container\\BoundMethod::call(Object(Illuminate\\Foundation\\Application), Array, Array, NULL)
#22 /var/www/TRDSv2_memo/vendor/laravel/framework/src/Illuminate/Foundation/Application.php(827): Illuminate\\Container\\Container->call(Array)
#23 /var/www/TRDSv2_memo/vendor/laravel/framework/src/Illuminate/Foundation/Application.php(810): Illuminate\\Foundation\\Application->bootProvider(Object(App\\Providers\\RouteServiceProvider))
#24 [internal function]: Illuminate\\Foundation\\Application->Illuminate\\Foundation\\{closure}(Object(App\\Providers\\RouteServiceProvider), 22)
#25 /var/www/TRDSv2_memo/vendor/laravel/framework/src/Illuminate/Foundation/Application.php(811): array_walk(Array, Object(Closure))
#26 /var/www/TRDSv2_memo/vendor/laravel/framework/src/Illuminate/Foundation/Bootstrap/BootProviders.php(17): Illuminate\\Foundation\\Application->boot()
#27 /var/www/TRDSv2_memo/vendor/laravel/framework/src/Illuminate/Foundation/Application.php(210): Illuminate\\Foundation\\Bootstrap\\BootProviders->bootstrap(Object(Illuminate\\Foundation\\Application))
#28 /var/www/TRDSv2_memo/vendor/laravel/framework/src/Illuminate/Foundation/Http/Kernel.php(162): Illuminate\\Foundation\\Application->bootstrapWith(Array)
#29 /var/www/TRDSv2_memo/vendor/laravel/framework/src/Illuminate/Foundation/Http/Kernel.php(146): Illuminate\\Foundation\\Http\\Kernel->bootstrap()
#30 /var/www/TRDSv2_memo/vendor/laravel/framework/src/Illuminate/Foundation/Http/Kernel.php(116): Illuminate\\Foundation\\Http\\Kernel->sendRequestThroughRouter(Object(Illuminate\\Http\\Request))
#31 /var/www/TRDSv2_memo/index.php(55): Illuminate\\Foundation\\Http\\Kernel->handle(Object(Illuminate\\Http\\Request))
#32 {main}
"} 
[2026-03-03 08:17:23] local.ERROR: Attribute [controller] does not exist. {"exception":"[object] (InvalidArgumentException(code: 0): Attribute [controller] does not exist. at /var/www/TRDSv2_memo/vendor/laravel/framework/src/Illuminate/Routing/RouteRegistrar.php:92)
[stacktrace]
#0 /var/www/TRDSv2_memo/vendor/laravel/framework/src/Illuminate/Routing/Router.php(1275): Illuminate\\Routing\\RouteRegistrar->attribute('controller', 'App\\\\Http\\\\Contro...')
#1 /var/www/TRDSv2_memo/vendor/laravel/framework/src/Illuminate/Support/Facades/Facade.php(239): Illuminate\\Routing\\Router->__call('controller', Array)
#2 /var/www/TRDSv2_memo/routes/web.php(32): Illuminate\\Support\\Facades\\Facade::__callStatic('controller', Array)
#3 /var/www/TRDSv2_memo/vendor/laravel/framework/src/Illuminate/Routing/RouteFileRegistrar.php(35): require('/var/www/TRDSv2...')
#4 /var/www/TRDSv2_memo/vendor/laravel/framework/src/Illuminate/Routing/Router.php(415): Illuminate\\Routing\\RouteFileRegistrar->register('/var/www/TRDSv2...')
#5 /var/www/TRDSv2_memo/vendor/laravel/framework/src/Illuminate/Routing/Router.php(373): Illuminate\\Routing\\Router->loadRoutes('/var/www/TRDSv2...')
#6 /var/www/TRDSv2_memo/vendor/laravel/framework/src/Illuminate/Routing/RouteRegistrar.php(121): Illuminate\\Routing\\Router->group(Array, '/var/www/TRDSv2...')
#7 /var/www/TRDSv2_memo/app/Providers/RouteServiceProvider.php(56): Illuminate\\Routing\\RouteRegistrar->group('/var/www/TRDSv2...')
#8 /var/www/TRDSv2_memo/app/Providers/RouteServiceProvider.php(40): App\\Providers\\RouteServiceProvider->mapWebRoutes()
#9 [internal function]: App\\Providers\\RouteServiceProvider->map()
#10 /var/www/TRDSv2_memo/vendor/laravel/framework/src/Illuminate/Container/BoundMethod.php(32): call_user_func_array(Array, Array)
#11 /var/www/TRDSv2_memo/vendor/laravel/framework/src/Illuminate/Container/BoundMethod.php(90): Illuminate\\Container\\BoundMethod::Illuminate\\Container\\{closure}()
#12 /var/www/TRDSv2_memo/vendor/laravel/framework/src/Illuminate/Container/BoundMethod.php(34): Illuminate\\Container\\BoundMethod::callBoundMethod(Object(Illuminate\\Foundation\\Application), Array, Object(Closure))
#13 /var/www/TRDSv2_memo/vendor/laravel/framework/src/Illuminate/Container/Container.php(576): Illuminate\\Container\\BoundMethod::call(Object(Illuminate\\Foundation\\Application), Array, Array, NULL)
#14 /var/www/TRDSv2_memo/vendor/laravel/framework/src/Illuminate/Foundation/Support/Providers/RouteServiceProvider.php(87): Illuminate\\Container\\Container->call(Array)
#15 /var/www/TRDSv2_memo/vendor/laravel/framework/src/Illuminate/Foundation/Support/Providers/RouteServiceProvider.php(36): Illuminate\\Foundation\\Support\\Providers\\RouteServiceProvider->loadRoutes()
#16 /var/www/TRDSv2_memo/app/Providers/RouteServiceProvider.php(28): Illuminate\\Foundation\\Support\\Providers\\RouteServiceProvider->boot()
#17 [internal function]: App\\Providers\\RouteServiceProvider->boot()
#18 /var/www/TRDSv2_memo/vendor/laravel/framework/src/Illuminate/Container/BoundMethod.php(32): call_user_func_array(Array, Array)
#19 /var/www/TRDSv2_memo/vendor/laravel/framework/src/Illuminate/Container/BoundMethod.php(90): Illuminate\\Container\\BoundMethod::Illuminate\\Container\\{closure}()
#20 /var/www/TRDSv2_memo/vendor/laravel/framework/src/Illuminate/Container/BoundMethod.php(34): Illuminate\\Container\\BoundMethod::callBoundMethod(Object(Illuminate\\Foundation\\Application), Array, Object(Closure))
#21 /var/www/TRDSv2_memo/vendor/laravel/framework/src/Illuminate/Container/Container.php(576): Illuminate\\Container\\BoundMethod::call(Object(Illuminate\\Foundation\\Application), Array, Array, NULL)
#22 /var/www/TRDSv2_memo/vendor/laravel/framework/src/Illuminate/Foundation/Application.php(827): Illuminate\\Container\\Container->call(Array)
#23 /var/www/TRDSv2_memo/vendor/laravel/framework/src/Illuminate/Foundation/Application.php(810): Illuminate\\Foundation\\Application->bootProvider(Object(App\\Providers\\RouteServiceProvider))
#24 [internal function]: Illuminate\\Foundation\\Application->Illuminate\\Foundation\\{closure}(Object(App\\Providers\\RouteServiceProvider), 22)
#25 /var/www/TRDSv2_memo/vendor/laravel/framework/src/Illuminate/Foundation/Application.php(811): array_walk(Array, Object(Closure))
#26 /var/www/TRDSv2_memo/vendor/laravel/framework/src/Illuminate/Foundation/Bootstrap/BootProviders.php(17): Illuminate\\Foundation\\Application->boot()
#27 /var/www/TRDSv2_memo/vendor/laravel/framework/src/Illuminate/Foundation/Application.php(210): Illuminate\\Foundation\\Bootstrap\\BootProviders->bootstrap(Object(Illuminate\\Foundation\\Application))
#28 /var/www/TRDSv2_memo/vendor/laravel/framework/src/Illuminate/Foundation/Http/Kernel.php(162): Illuminate\\Foundation\\Application->bootstrapWith(Array)
#29 /var/www/TRDSv2_memo/vendor/laravel/framework/src/Illuminate/Foundation/Http/Kernel.php(146): Illuminate\\Foundation\\Http\\Kernel->bootstrap()
#30 /var/www/TRDSv2_memo/vendor/laravel/framework/src/Illuminate/Foundation/Http/Kernel.php(116): Illuminate\\Foundation\\Http\\Kernel->sendRequestThroughRouter(Object(Illuminate\\Http\\Request))
#31 /var/www/TRDSv2_memo/index.php(55): Illuminate\\Foundation\\Http\\Kernel->handle(Object(Illuminate\\Http\\Request))
#32 {main}
"} 
[2026-03-03 08:17:23] local.ERROR: Attribute [controller] does not exist. {"exception":"[object] (InvalidArgumentException(code: 0): Attribute [controller] does not exist. at /var/www/TRDSv2_memo/vendor/laravel/framework/src/Illuminate/Routing/RouteRegistrar.php:92)
[stacktrace]
#0 /var/www/TRDSv2_memo/vendor/laravel/framework/src/Illuminate/Routing/Router.php(1275): Illuminate\\Routing\\RouteRegistrar->attribute('controller', 'App\\\\Http\\\\Contro...')
#1 /var/www/TRDSv2_memo/vendor/laravel/framework/src/Illuminate/Support/Facades/Facade.php(239): Illuminate\\Routing\\Router->__call('controller', Array)
#2 /var/www/TRDSv2_memo/routes/web.php(32): Illuminate\\Support\\Facades\\Facade::__callStatic('controller', Array)
#3 /var/www/TRDSv2_memo/vendor/laravel/framework/src/Illuminate/Routing/RouteFileRegistrar.php(35): require('/var/www/TRDSv2...')
#4 /var/www/TRDSv2_memo/vendor/laravel/framework/src/Illuminate/Routing/Router.php(415): Illuminate\\Routing\\RouteFileRegistrar->register('/var/www/TRDSv2...')
#5 /var/www/TRDSv2_memo/vendor/laravel/framework/src/Illuminate/Routing/Router.php(373): Illuminate\\Routing\\Router->loadRoutes('/var/www/TRDSv2...')
#6 /var/www/TRDSv2_memo/vendor/laravel/framework/src/Illuminate/Routing/RouteRegistrar.php(121): Illuminate\\Routing\\Router->group(Array, '/var/www/TRDSv2...')
#7 /var/www/TRDSv2_memo/app/Providers/RouteServiceProvider.php(56): Illuminate\\Routing\\RouteRegistrar->group('/var/www/TRDSv2...')
#8 /var/www/TRDSv2_memo/app/Providers/RouteServiceProvider.php(40): App\\Providers\\RouteServiceProvider->mapWebRoutes()
#9 [internal function]: App\\Providers\\RouteServiceProvider->map()
#10 /var/www/TRDSv2_memo/vendor/laravel/framework/src/Illuminate/Container/BoundMethod.php(32): call_user_func_array(Array, Array)
#11 /var/www/TRDSv2_memo/vendor/laravel/framework/src/Illuminate/Container/BoundMethod.php(90): Illuminate\\Container\\BoundMethod::Illuminate\\Container\\{closure}()
#12 /var/www/TRDSv2_memo/vendor/laravel/framework/src/Illuminate/Container/BoundMethod.php(34): Illuminate\\Container\\BoundMethod::callBoundMethod(Object(Illuminate\\Foundation\\Application), Array, Object(Closure))
#13 /var/www/TRDSv2_memo/vendor/laravel/framework/src/Illuminate/Container/Container.php(576): Illuminate\\Container\\BoundMethod::call(Object(Illuminate\\Foundation\\Application), Array, Array, NULL)
#14 /var/www/TRDSv2_memo/vendor/laravel/framework/src/Illuminate/Foundation/Support/Providers/RouteServiceProvider.php(87): Illuminate\\Container\\Container->call(Array)
#15 /var/www/TRDSv2_memo/vendor/laravel/framework/src/Illuminate/Foundation/Support/Providers/RouteServiceProvider.php(36): Illuminate\\Foundation\\Support\\Providers\\RouteServiceProvider->loadRoutes()
#16 /var/www/TRDSv2_memo/app/Providers/RouteServiceProvider.php(28): Illuminate\\Foundation\\Support\\Providers\\RouteServiceProvider->boot()
#17 [internal function]: App\\Providers\\RouteServiceProvider->boot()
#18 /var/www/TRDSv2_memo/vendor/laravel/framework/src/Illuminate/Container/BoundMethod.php(32): call_user_func_array(Array, Array)
#19 /var/www/TRDSv2_memo/vendor/laravel/framework/src/Illuminate/Container/BoundMethod.php(90): Illuminate\\Container\\BoundMethod::Illuminate\\Container\\{closure}()
#20 /var/www/TRDSv2_memo/vendor/laravel/framework/src/Illuminate/Container/BoundMethod.php(34): Illuminate\\Container\\BoundMethod::callBoundMethod(Object(Illuminate\\Foundation\\Application), Array, Object(Closure))
#21 /var/www/TRDSv2_memo/vendor/laravel/framework/src/Illuminate/Container/Container.php(576): Illuminate\\Container\\BoundMethod::call(Object(Illuminate\\Foundation\\Application), Array, Array, NULL)
#22 /var/www/TRDSv2_memo/vendor/laravel/framework/src/Illuminate/Foundation/Application.php(827): Illuminate\\Container\\Container->call(Array)
#23 /var/www/TRDSv2_memo/vendor/laravel/framework/src/Illuminate/Foundation/Application.php(810): Illuminate\\Foundation\\Application->bootProvider(Object(App\\Providers\\RouteServiceProvider))
#24 [internal function]: Illuminate\\Foundation\\Application->Illuminate\\Foundation\\{closure}(Object(App\\Providers\\RouteServiceProvider), 22)
#25 /var/www/TRDSv2_memo/vendor/laravel/framework/src/Illuminate/Foundation/Application.php(811): array_walk(Array, Object(Closure))
#26 /var/www/TRDSv2_memo/vendor/laravel/framework/src/Illuminate/Foundation/Bootstrap/BootProviders.php(17): Illuminate\\Foundation\\Application->boot()
#27 /var/www/TRDSv2_memo/vendor/laravel/framework/src/Illuminate/Foundation/Application.php(210): Illuminate\\Foundation\\Bootstrap\\BootProviders->bootstrap(Object(Illuminate\\Foundation\\Application))
#28 /var/www/TRDSv2_memo/vendor/laravel/framework/src/Illuminate/Foundation/Http/Kernel.php(162): Illuminate\\Foundation\\Application->bootstrapWith(Array)
#29 /var/www/TRDSv2_memo/vendor/laravel/framework/src/Illuminate/Foundation/Http/Kernel.php(146): Illuminate\\Foundation\\Http\\Kernel->bootstrap()
#30 /var/www/TRDSv2_memo/vendor/laravel/framework/src/Illuminate/Foundation/Http/Kernel.php(116): Illuminate\\Foundation\\Http\\Kernel->sendRequestThroughRouter(Object(Illuminate\\Http\\Request))
#31 /var/www/TRDSv2_memo/index.php(55): Illuminate\\Foundation\\Http\\Kernel->handle(Object(Illuminate\\Http\\Request))
#32 {main}
"} 
[2026-03-03 08:17:24] local.ERROR: Attribute [controller] does not exist. {"exception":"[object] (InvalidArgumentException(code: 0): Attribute [controller] does not exist. at /var/www/TRDSv2_memo/vendor/laravel/framework/src/Illuminate/Routing/RouteRegistrar.php:92)
[stacktrace]
#0 /var/www/TRDSv2_memo/vendor/laravel/framework/src/Illuminate/Routing/Router.php(1275): Illuminate\\Routing\\RouteRegistrar->attribute('controller', 'App\\\\Http\\\\Contro...')
#1 /var/www/TRDSv2_memo/vendor/laravel/framework/src/Illuminate/Support/Facades/Facade.php(239): Illuminate\\Routing\\Router->__call('controller', Array)
#2 /var/www/TRDSv2_memo/routes/web.php(32): Illuminate\\Support\\Facades\\Facade::__callStatic('controller', Array)
#3 /var/www/TRDSv2_memo/vendor/laravel/framework/src/Illuminate/Routing/RouteFileRegistrar.php(35): require('/var/www/TRDSv2...')
#4 /var/www/TRDSv2_memo/vendor/laravel/framework/src/Illuminate/Routing/Router.php(415): Illuminate\\Routing\\RouteFileRegistrar->register('/var/www/TRDSv2...')
#5 /var/www/TRDSv2_memo/vendor/laravel/framework/src/Illuminate/Routing/Router.php(373): Illuminate\\Routing\\Router->loadRoutes('/var/www/TRDSv2...')
#6 /var/www/TRDSv2_memo/vendor/laravel/framework/src/Illuminate/Routing/RouteRegistrar.php(121): Illuminate\\Routing\\Router->group(Array, '/var/www/TRDSv2...')
#7 /var/www/TRDSv2_memo/app/Providers/RouteServiceProvider.php(56): Illuminate\\Routing\\RouteRegistrar->group('/var/www/TRDSv2...')
#8 /var/www/TRDSv2_memo/app/Providers/RouteServiceProvider.php(40): App\\Providers\\RouteServiceProvider->mapWebRoutes()
#9 [internal function]: App\\Providers\\RouteServiceProvider->map()
#10 /var/www/TRDSv2_memo/vendor/laravel/framework/src/Illuminate/Container/BoundMethod.php(32): call_user_func_array(Array, Array)
#11 /var/www/TRDSv2_memo/vendor/laravel/framework/src/Illuminate/Container/BoundMethod.php(90): Illuminate\\Container\\BoundMethod::Illuminate\\Container\\{closure}()
#12 /var/www/TRDSv2_memo/vendor/laravel/framework/src/Illuminate/Container/BoundMethod.php(34): Illuminate\\Container\\BoundMethod::callBoundMethod(Object(Illuminate\\Foundation\\Application), Array, Object(Closure))
#13 /var/www/TRDSv2_memo/vendor/laravel/framework/src/Illuminate/Container/Container.php(576): Illuminate\\Container\\BoundMethod::call(Object(Illuminate\\Foundation\\Application), Array, Array, NULL)
#14 /var/www/TRDSv2_memo/vendor/laravel/framework/src/Illuminate/Foundation/Support/Providers/RouteServiceProvider.php(87): Illuminate\\Container\\Container->call(Array)
#15 /var/www/TRDSv2_memo/vendor/laravel/framework/src/Illuminate/Foundation/Support/Providers/RouteServiceProvider.php(36): Illuminate\\Foundation\\Support\\Providers\\RouteServiceProvider->loadRoutes()
#16 /var/www/TRDSv2_memo/app/Providers/RouteServiceProvider.php(28): Illuminate\\Foundation\\Support\\Providers\\RouteServiceProvider->boot()
#17 [internal function]: App\\Providers\\RouteServiceProvider->boot()
#18 /var/www/TRDSv2_memo/vendor/laravel/framework/src/Illuminate/Container/BoundMethod.php(32): call_user_func_array(Array, Array)
#19 /var/www/TRDSv2_memo/vendor/laravel/framework/src/Illuminate/Container/BoundMethod.php(90): Illuminate\\Container\\BoundMethod::Illuminate\\Container\\{closure}()
#20 /var/www/TRDSv2_memo/vendor/laravel/framework/src/Illuminate/Container/BoundMethod.php(34): Illuminate\\Container\\BoundMethod::callBoundMethod(Object(Illuminate\\Foundation\\Application), Array, Object(Closure))
#21 /var/www/TRDSv2_memo/vendor/laravel/framework/src/Illuminate/Container/Container.php(576): Illuminate\\Container\\BoundMethod::call(Object(Illuminate\\Foundation\\Application), Array, Array, NULL)
#22 /var/www/TRDSv2_memo/vendor/laravel/framework/src/Illuminate/Foundation/Application.php(827): Illuminate\\Container\\Container->call(Array)
#23 /var/www/TRDSv2_memo/vendor/laravel/framework/src/Illuminate/Foundation/Application.php(810): Illuminate\\Foundation\\Application->bootProvider(Object(App\\Providers\\RouteServiceProvider))
#24 [internal function]: Illuminate\\Foundation\\Application->Illuminate\\Foundation\\{closure}(Object(App\\Providers\\RouteServiceProvider), 22)
#25 /var/www/TRDSv2_memo/vendor/laravel/framework/src/Illuminate/Foundation/Application.php(811): array_walk(Array, Object(Closure))
#26 /var/www/TRDSv2_memo/vendor/laravel/framework/src/Illuminate/Foundation/Bootstrap/BootProviders.php(17): Illuminate\\Foundation\\Application->boot()
#27 /var/www/TRDSv2_memo/vendor/laravel/framework/src/Illuminate/Foundation/Application.php(210): Illuminate\\Foundation\\Bootstrap\\BootProviders->bootstrap(Object(Illuminate\\Foundation\\Application))
#28 /var/www/TRDSv2_memo/vendor/laravel/framework/src/Illuminate/Foundation/Http/Kernel.php(162): Illuminate\\Foundation\\Application->bootstrapWith(Array)
#29 /var/www/TRDSv2_memo/vendor/laravel/framework/src/Illuminate/Foundation/Http/Kernel.php(146): Illuminate\\Foundation\\Http\\Kernel->bootstrap()
#30 /var/www/TRDSv2_memo/vendor/laravel/framework/src/Illuminate/Foundation/Http/Kernel.php(116): Illuminate\\Foundation\\Http\\Kernel->sendRequestThroughRouter(Object(Illuminate\\Http\\Request))
#31 /var/www/TRDSv2_memo/index.php(55): Illuminate\\Foundation\\Http\\Kernel->handle(Object(Illuminate\\Http\\Request))
#32 {main}
"} 
[2026-03-03 08:17:24] local.ERROR: Attribute [controller] does not exist. {"exception":"[object] (InvalidArgumentException(code: 0): Attribute [controller] does not exist. at /var/www/TRDSv2_memo/vendor/laravel/framework/src/Illuminate/Routing/RouteRegistrar.php:92)
[stacktrace]
#0 /var/www/TRDSv2_memo/vendor/laravel/framework/src/Illuminate/Routing/Router.php(1275): Illuminate\\Routing\\RouteRegistrar->attribute('controller', 'App\\\\Http\\\\Contro...')
#1 /var/www/TRDSv2_memo/vendor/laravel/framework/src/Illuminate/Support/Facades/Facade.php(239): Illuminate\\Routing\\Router->__call('controller', Array)
#2 /var/www/TRDSv2_memo/routes/web.php(32): Illuminate\\Support\\Facades\\Facade::__callStatic('controller', Array)
#3 /var/www/TRDSv2_memo/vendor/laravel/framework/src/Illuminate/Routing/RouteFileRegistrar.php(35): require('/var/www/TRDSv2...')
#4 /var/www/TRDSv2_memo/vendor/laravel/framework/src/Illuminate/Routing/Router.php(415): Illuminate\\Routing\\RouteFileRegistrar->register('/var/www/TRDSv2...')
#5 /var/www/TRDSv2_memo/vendor/laravel/framework/src/Illuminate/Routing/Router.php(373): Illuminate\\Routing\\Router->loadRoutes('/var/www/TRDSv2...')
#6 /var/www/TRDSv2_memo/vendor/laravel/framework/src/Illuminate/Routing/RouteRegistrar.php(121): Illuminate\\Routing\\Router->group(Array, '/var/www/TRDSv2...')
#7 /var/www/TRDSv2_memo/app/Providers/RouteServiceProvider.php(56): Illuminate\\Routing\\RouteRegistrar->group('/var/www/TRDSv2...')
#8 /var/www/TRDSv2_memo/app/Providers/RouteServiceProvider.php(40): App\\Providers\\RouteServiceProvider->mapWebRoutes()
#9 [internal function]: App\\Providers\\RouteServiceProvider->map()
#10 /var/www/TRDSv2_memo/vendor/laravel/framework/src/Illuminate/Container/BoundMethod.php(32): call_user_func_array(Array, Array)
#11 /var/www/TRDSv2_memo/vendor/laravel/framework/src/Illuminate/Container/BoundMethod.php(90): Illuminate\\Container\\BoundMethod::Illuminate\\Container\\{closure}()
#12 /var/www/TRDSv2_memo/vendor/laravel/framework/src/Illuminate/Container/BoundMethod.php(34): Illuminate\\Container\\BoundMethod::callBoundMethod(Object(Illuminate\\Foundation\\Application), Array, Object(Closure))
#13 /var/www/TRDSv2_memo/vendor/laravel/framework/src/Illuminate/Container/Container.php(576): Illuminate\\Container\\BoundMethod::call(Object(Illuminate\\Foundation\\Application), Array, Array, NULL)
#14 /var/www/TRDSv2_memo/vendor/laravel/framework/src/Illuminate/Foundation/Support/Providers/RouteServiceProvider.php(87): Illuminate\\Container\\Container->call(Array)
#15 /var/www/TRDSv2_memo/vendor/laravel/framework/src/Illuminate/Foundation/Support/Providers/RouteServiceProvider.php(36): Illuminate\\Foundation\\Support\\Providers\\RouteServiceProvider->loadRoutes()
#16 /var/www/TRDSv2_memo/app/Providers/RouteServiceProvider.php(28): Illuminate\\Foundation\\Support\\Providers\\RouteServiceProvider->boot()
#17 [internal function]: App\\Providers\\RouteServiceProvider->boot()
#18 /var/www/TRDSv2_memo/vendor/laravel/framework/src/Illuminate/Container/BoundMethod.php(32): call_user_func_array(Array, Array)
#19 /var/www/TRDSv2_memo/vendor/laravel/framework/src/Illuminate/Container/BoundMethod.php(90): Illuminate\\Container\\BoundMethod::Illuminate\\Container\\{closure}()
#20 /var/www/TRDSv2_memo/vendor/laravel/framework/src/Illuminate/Container/BoundMethod.php(34): Illuminate\\Container\\BoundMethod::callBoundMethod(Object(Illuminate\\Foundation\\Application), Array, Object(Closure))
#21 /var/www/TRDSv2_memo/vendor/laravel/framework/src/Illuminate/Container/Container.php(576): Illuminate\\Container\\BoundMethod::call(Object(Illuminate\\Foundation\\Application), Array, Array, NULL)
#22 /var/www/TRDSv2_memo/vendor/laravel/framework/src/Illuminate/Foundation/Application.php(827): Illuminate\\Container\\Container->call(Array)
#23 /var/www/TRDSv2_memo/vendor/laravel/framework/src/Illuminate/Foundation/Application.php(810): Illuminate\\Foundation\\Application->bootProvider(Object(App\\Providers\\RouteServiceProvider))
#24 [internal function]: Illuminate\\Foundation\\Application->Illuminate\\Foundation\\{closure}(Object(App\\Providers\\RouteServiceProvider), 22)
#25 /var/www/TRDSv2_memo/vendor/laravel/framework/src/Illuminate/Foundation/Application.php(811): array_walk(Array, Object(Closure))
#26 /var/www/TRDSv2_memo/vendor/laravel/framework/src/Illuminate/Foundation/Bootstrap/BootProviders.php(17): Illuminate\\Foundation\\Application->boot()
#27 /var/www/TRDSv2_memo/vendor/laravel/framework/src/Illuminate/Foundation/Application.php(210): Illuminate\\Foundation\\Bootstrap\\BootProviders->bootstrap(Object(Illuminate\\Foundation\\Application))
#28 /var/www/TRDSv2_memo/vendor/laravel/framework/src/Illuminate/Foundation/Http/Kernel.php(162): Illuminate\\Foundation\\Application->bootstrapWith(Array)
#29 /var/www/TRDSv2_memo/vendor/laravel/framework/src/Illuminate/Foundation/Http/Kernel.php(146): Illuminate\\Foundation\\Http\\Kernel->bootstrap()
#30 /var/www/TRDSv2_memo/vendor/laravel/framework/src/Illuminate/Foundation/Http/Kernel.php(116): Illuminate\\Foundation\\Http\\Kernel->sendRequestThroughRouter(Object(Illuminate\\Http\\Request))
#31 /var/www/TRDSv2_memo/index.php(55): Illuminate\\Foundation\\Http\\Kernel->handle(Object(Illuminate\\Http\\Request))
#32 {main}
"} 
[2026-03-03 08:17:24] local.ERROR: Attribute [controller] does not exist. {"exception":"[object] (InvalidArgumentException(code: 0): Attribute [controller] does not exist. at /var/www/TRDSv2_memo/vendor/laravel/framework/src/Illuminate/Routing/RouteRegistrar.php:92)
[stacktrace]
#0 /var/www/TRDSv2_memo/vendor/laravel/framework/src/Illuminate/Routing/Router.php(1275): Illuminate\\Routing\\RouteRegistrar->attribute('controller', 'App\\\\Http\\\\Contro...')
#1 /var/www/TRDSv2_memo/vendor/laravel/framework/src/Illuminate/Support/Facades/Facade.php(239): Illuminate\\Routing\\Router->__call('controller', Array)
#2 /var/www/TRDSv2_memo/routes/web.php(32): Illuminate\\Support\\Facades\\Facade::__callStatic('controller', Array)
#3 /var/www/TRDSv2_memo/vendor/laravel/framework/src/Illuminate/Routing/RouteFileRegistrar.php(35): require('/var/www/TRDSv2...')
#4 /var/www/TRDSv2_memo/vendor/laravel/framework/src/Illuminate/Routing/Router.php(415): Illuminate\\Routing\\RouteFileRegistrar->register('/var/www/TRDSv2...')
#5 /var/www/TRDSv2_memo/vendor/laravel/framework/src/Illuminate/Routing/Router.php(373): Illuminate\\Routing\\Router->loadRoutes('/var/www/TRDSv2...')
#6 /var/www/TRDSv2_memo/vendor/laravel/framework/src/Illuminate/Routing/RouteRegistrar.php(121): Illuminate\\Routing\\Router->group(Array, '/var/www/TRDSv2...')
#7 /var/www/TRDSv2_memo/app/Providers/RouteServiceProvider.php(56): Illuminate\\Routing\\RouteRegistrar->group('/var/www/TRDSv2...')
#8 /var/www/TRDSv2_memo/app/Providers/RouteServiceProvider.php(40): App\\Providers\\RouteServiceProvider->mapWebRoutes()
#9 [internal function]: App\\Providers\\RouteServiceProvider->map()
#10 /var/www/TRDSv2_memo/vendor/laravel/framework/src/Illuminate/Container/BoundMethod.php(32): call_user_func_array(Array, Array)
#11 /var/www/TRDSv2_memo/vendor/laravel/framework/src/Illuminate/Container/BoundMethod.php(90): Illuminate\\Container\\BoundMethod::Illuminate\\Container\\{closure}()
#12 /var/www/TRDSv2_memo/vendor/laravel/framework/src/Illuminate/Container/BoundMethod.php(34): Illuminate\\Container\\BoundMethod::callBoundMethod(Object(Illuminate\\Foundation\\Application), Array, Object(Closure))
#13 /var/www/TRDSv2_memo/vendor/laravel/framework/src/Illuminate/Container/Container.php(576): Illuminate\\Container\\BoundMethod::call(Object(Illuminate\\Foundation\\Application), Array, Array, NULL)
#14 /var/www/TRDSv2_memo/vendor/laravel/framework/src/Illuminate/Foundation/Support/Providers/RouteServiceProvider.php(87): Illuminate\\Container\\Container->call(Array)
#15 /var/www/TRDSv2_memo/vendor/laravel/framework/src/Illuminate/Foundation/Support/Providers/RouteServiceProvider.php(36): Illuminate\\Foundation\\Support\\Providers\\RouteServiceProvider->loadRoutes()
#16 /var/www/TRDSv2_memo/app/Providers/RouteServiceProvider.php(28): Illuminate\\Foundation\\Support\\Providers\\RouteServiceProvider->boot()
#17 [internal function]: App\\Providers\\RouteServiceProvider->boot()
#18 /var/www/TRDSv2_memo/vendor/laravel/framework/src/Illuminate/Container/BoundMethod.php(32): call_user_func_array(Array, Array)
#19 /var/www/TRDSv2_memo/vendor/laravel/framework/src/Illuminate/Container/BoundMethod.php(90): Illuminate\\Container\\BoundMethod::Illuminate\\Container\\{closure}()
#20 /var/www/TRDSv2_memo/vendor/laravel/framework/src/Illuminate/Container/BoundMethod.php(34): Illuminate\\Container\\BoundMethod::callBoundMethod(Object(Illuminate\\Foundation\\Application), Array, Object(Closure))
#21 /var/www/TRDSv2_memo/vendor/laravel/framework/src/Illuminate/Container/Container.php(576): Illuminate\\Container\\BoundMethod::call(Object(Illuminate\\Foundation\\Application), Array, Array, NULL)
#22 /var/www/TRDSv2_memo/vendor/laravel/framework/src/Illuminate/Foundation/Application.php(827): Illuminate\\Container\\Container->call(Array)
#23 /var/www/TRDSv2_memo/vendor/laravel/framework/src/Illuminate/Foundation/Application.php(810): Illuminate\\Foundation\\Application->bootProvider(Object(App\\Providers\\RouteServiceProvider))
#24 [internal function]: Illuminate\\Foundation\\Application->Illuminate\\Foundation\\{closure}(Object(App\\Providers\\RouteServiceProvider), 22)
#25 /var/www/TRDSv2_memo/vendor/laravel/framework/src/Illuminate/Foundation/Application.php(811): array_walk(Array, Object(Closure))
#26 /var/www/TRDSv2_memo/vendor/laravel/framework/src/Illuminate/Foundation/Bootstrap/BootProviders.php(17): Illuminate\\Foundation\\Application->boot()
#27 /var/www/TRDSv2_memo/vendor/laravel/framework/src/Illuminate/Foundation/Application.php(210): Illuminate\\Foundation\\Bootstrap\\BootProviders->bootstrap(Object(Illuminate\\Foundation\\Application))
#28 /var/www/TRDSv2_memo/vendor/laravel/framework/src/Illuminate/Foundation/Http/Kernel.php(162): Illuminate\\Foundation\\Application->bootstrapWith(Array)
#29 /var/www/TRDSv2_memo/vendor/laravel/framework/src/Illuminate/Foundation/Http/Kernel.php(146): Illuminate\\Foundation\\Http\\Kernel->bootstrap()
#30 /var/www/TRDSv2_memo/vendor/laravel/framework/src/Illuminate/Foundation/Http/Kernel.php(116): Illuminate\\Foundation\\Http\\Kernel->sendRequestThroughRouter(Object(Illuminate\\Http\\Request))
#31 /var/www/TRDSv2_memo/index.php(55): Illuminate\\Foundation\\Http\\Kernel->handle(Object(Illuminate\\Http\\Request))
#32 {main}
"} 
[2026-03-03 08:17:24] local.ERROR: Attribute [controller] does not exist. {"exception":"[object] (InvalidArgumentException(code: 0): Attribute [controller] does not exist. at /var/www/TRDSv2_memo/vendor/laravel/framework/src/Illuminate/Routing/RouteRegistrar.php:92)
[stacktrace]
#0 /var/www/TRDSv2_memo/vendor/laravel/framework/src/Illuminate/Routing/Router.php(1275): Illuminate\\Routing\\RouteRegistrar->attribute('controller', 'App\\\\Http\\\\Contro...')
#1 /var/www/TRDSv2_memo/vendor/laravel/framework/src/Illuminate/Support/Facades/Facade.php(239): Illuminate\\Routing\\Router->__call('controller', Array)
#2 /var/www/TRDSv2_memo/routes/web.php(32): Illuminate\\Support\\Facades\\Facade::__callStatic('controller', Array)
#3 /var/www/TRDSv2_memo/vendor/laravel/framework/src/Illuminate/Routing/RouteFileRegistrar.php(35): require('/var/www/TRDSv2...')
#4 /var/www/TRDSv2_memo/vendor/laravel/framework/src/Illuminate/Routing/Router.php(415): Illuminate\\Routing\\RouteFileRegistrar->register('/var/www/TRDSv2...')
#5 /var/www/TRDSv2_memo/vendor/laravel/framework/src/Illuminate/Routing/Router.php(373): Illuminate\\Routing\\Router->loadRoutes('/var/www/TRDSv2...')
#6 /var/www/TRDSv2_memo/vendor/laravel/framework/src/Illuminate/Routing/RouteRegistrar.php(121): Illuminate\\Routing\\Router->group(Array, '/var/www/TRDSv2...')
#7 /var/www/TRDSv2_memo/app/Providers/RouteServiceProvider.php(56): Illuminate\\Routing\\RouteRegistrar->group('/var/www/TRDSv2...')
#8 /var/www/TRDSv2_memo/app/Providers/RouteServiceProvider.php(40): App\\Providers\\RouteServiceProvider->mapWebRoutes()
#9 [internal function]: App\\Providers\\RouteServiceProvider->map()
#10 /var/www/TRDSv2_memo/vendor/laravel/framework/src/Illuminate/Container/BoundMethod.php(32): call_user_func_array(Array, Array)
#11 /var/www/TRDSv2_memo/vendor/laravel/framework/src/Illuminate/Container/BoundMethod.php(90): Illuminate\\Container\\BoundMethod::Illuminate\\Container\\{closure}()
#12 /var/www/TRDSv2_memo/vendor/laravel/framework/src/Illuminate/Container/BoundMethod.php(34): Illuminate\\Container\\BoundMethod::callBoundMethod(Object(Illuminate\\Foundation\\Application), Array, Object(Closure))
#13 /var/www/TRDSv2_memo/vendor/laravel/framework/src/Illuminate/Container/Container.php(576): Illuminate\\Container\\BoundMethod::call(Object(Illuminate\\Foundation\\Application), Array, Array, NULL)
#14 /var/www/TRDSv2_memo/vendor/laravel/framework/src/Illuminate/Foundation/Support/Providers/RouteServiceProvider.php(87): Illuminate\\Container\\Container->call(Array)
#15 /var/www/TRDSv2_memo/vendor/laravel/framework/src/Illuminate/Foundation/Support/Providers/RouteServiceProvider.php(36): Illuminate\\Foundation\\Support\\Providers\\RouteServiceProvider->loadRoutes()
#16 /var/www/TRDSv2_memo/app/Providers/RouteServiceProvider.php(28): Illuminate\\Foundation\\Support\\Providers\\RouteServiceProvider->boot()
#17 [internal function]: App\\Providers\\RouteServiceProvider->boot()
#18 /var/www/TRDSv2_memo/vendor/laravel/framework/src/Illuminate/Container/BoundMethod.php(32): call_user_func_array(Array, Array)
#19 /var/www/TRDSv2_memo/vendor/laravel/framework/src/Illuminate/Container/BoundMethod.php(90): Illuminate\\Container\\BoundMethod::Illuminate\\Container\\{closure}()
#20 /var/www/TRDSv2_memo/vendor/laravel/framework/src/Illuminate/Container/BoundMethod.php(34): Illuminate\\Container\\BoundMethod::callBoundMethod(Object(Illuminate\\Foundation\\Application), Array, Object(Closure))
#21 /var/www/TRDSv2_memo/vendor/laravel/framework/src/Illuminate/Container/Container.php(576): Illuminate\\Container\\BoundMethod::call(Object(Illuminate\\Foundation\\Application), Array, Array, NULL)
#22 /var/www/TRDSv2_memo/vendor/laravel/framework/src/Illuminate/Foundation/Application.php(827): Illuminate\\Container\\Container->call(Array)
#23 /var/www/TRDSv2_memo/vendor/laravel/framework/src/Illuminate/Foundation/Application.php(810): Illuminate\\Foundation\\Application->bootProvider(Object(App\\Providers\\RouteServiceProvider))
#24 [internal function]: Illuminate\\Foundation\\Application->Illuminate\\Foundation\\{closure}(Object(App\\Providers\\RouteServiceProvider), 22)
#25 /var/www/TRDSv2_memo/vendor/laravel/framework/src/Illuminate/Foundation/Application.php(811): array_walk(Array, Object(Closure))
#26 /var/www/TRDSv2_memo/vendor/laravel/framework/src/Illuminate/Foundation/Bootstrap/BootProviders.php(17): Illuminate\\Foundation\\Application->boot()
#27 /var/www/TRDSv2_memo/vendor/laravel/framework/src/Illuminate/Foundation/Application.php(210): Illuminate\\Foundation\\Bootstrap\\BootProviders->bootstrap(Object(Illuminate\\Foundation\\Application))
#28 /var/www/TRDSv2_memo/vendor/laravel/framework/src/Illuminate/Foundation/Http/Kernel.php(162): Illuminate\\Foundation\\Application->bootstrapWith(Array)
#29 /var/www/TRDSv2_memo/vendor/laravel/framework/src/Illuminate/Foundation/Http/Kernel.php(146): Illuminate\\Foundation\\Http\\Kernel->bootstrap()
#30 /var/www/TRDSv2_memo/vendor/laravel/framework/src/Illuminate/Foundation/Http/Kernel.php(116): Illuminate\\Foundation\\Http\\Kernel->sendRequestThroughRouter(Object(Illuminate\\Http\\Request))
#31 /var/www/TRDSv2_memo/index.php(55): Illuminate\\Foundation\\Http\\Kernel->handle(Object(Illuminate\\Http\\Request))
#32 {main}
"} 
[2026-03-03 08:17:24] local.ERROR: Attribute [controller] does not exist. {"exception":"[object] (InvalidArgumentException(code: 0): Attribute [controller] does not exist. at /var/www/TRDSv2_memo/vendor/laravel/framework/src/Illuminate/Routing/RouteRegistrar.php:92)
[stacktrace]
#0 /var/www/TRDSv2_memo/vendor/laravel/framework/src/Illuminate/Routing/Router.php(1275): Illuminate\\Routing\\RouteRegistrar->attribute('controller', 'App\\\\Http\\\\Contro...')
#1 /var/www/TRDSv2_memo/vendor/laravel/framework/src/Illuminate/Support/Facades/Facade.php(239): Illuminate\\Routing\\Router->__call('controller', Array)
#2 /var/www/TRDSv2_memo/routes/web.php(32): Illuminate\\Support\\Facades\\Facade::__callStatic('controller', Array)
#3 /var/www/TRDSv2_memo/vendor/laravel/framework/src/Illuminate/Routing/RouteFileRegistrar.php(35): require('/var/www/TRDSv2...')
#4 /var/www/TRDSv2_memo/vendor/laravel/framework/src/Illuminate/Routing/Router.php(415): Illuminate\\Routing\\RouteFileRegistrar->register('/var/www/TRDSv2...')
#5 /var/www/TRDSv2_memo/vendor/laravel/framework/src/Illuminate/Routing/Router.php(373): Illuminate\\Routing\\Router->loadRoutes('/var/www/TRDSv2...')
#6 /var/www/TRDSv2_memo/vendor/laravel/framework/src/Illuminate/Routing/RouteRegistrar.php(121): Illuminate\\Routing\\Router->group(Array, '/var/www/TRDSv2...')
#7 /var/www/TRDSv2_memo/app/Providers/RouteServiceProvider.php(56): Illuminate\\Routing\\RouteRegistrar->group('/var/www/TRDSv2...')
#8 /var/www/TRDSv2_memo/app/Providers/RouteServiceProvider.php(40): App\\Providers\\RouteServiceProvider->mapWebRoutes()
#9 [internal function]: App\\Providers\\RouteServiceProvider->map()
#10 /var/www/TRDSv2_memo/vendor/laravel/framework/src/Illuminate/Container/BoundMethod.php(32): call_user_func_array(Array, Array)
#11 /var/www/TRDSv2_memo/vendor/laravel/framework/src/Illuminate/Container/BoundMethod.php(90): Illuminate\\Container\\BoundMethod::Illuminate\\Container\\{closure}()
#12 /var/www/TRDSv2_memo/vendor/laravel/framework/src/Illuminate/Container/BoundMethod.php(34): Illuminate\\Container\\BoundMethod::callBoundMethod(Object(Illuminate\\Foundation\\Application), Array, Object(Closure))
#13 /var/www/TRDSv2_memo/vendor/laravel/framework/src/Illuminate/Container/Container.php(576): Illuminate\\Container\\BoundMethod::call(Object(Illuminate\\Foundation\\Application), Array, Array, NULL)
#14 /var/www/TRDSv2_memo/vendor/laravel/framework/src/Illuminate/Foundation/Support/Providers/RouteServiceProvider.php(87): Illuminate\\Container\\Container->call(Array)
#15 /var/www/TRDSv2_memo/vendor/laravel/framework/src/Illuminate/Foundation/Support/Providers/RouteServiceProvider.php(36): Illuminate\\Foundation\\Support\\Providers\\RouteServiceProvider->loadRoutes()
#16 /var/www/TRDSv2_memo/app/Providers/RouteServiceProvider.php(28): Illuminate\\Foundation\\Support\\Providers\\RouteServiceProvider->boot()
#17 [internal function]: App\\Providers\\RouteServiceProvider->boot()
#18 /var/www/TRDSv2_memo/vendor/laravel/framework/src/Illuminate/Container/BoundMethod.php(32): call_user_func_array(Array, Array)
#19 /var/www/TRDSv2_memo/vendor/laravel/framework/src/Illuminate/Container/BoundMethod.php(90): Illuminate\\Container\\BoundMethod::Illuminate\\Container\\{closure}()
#20 /var/www/TRDSv2_memo/vendor/laravel/framework/src/Illuminate/Container/BoundMethod.php(34): Illuminate\\Container\\BoundMethod::callBoundMethod(Object(Illuminate\\Foundation\\Application), Array, Object(Closure))
#21 /var/www/TRDSv2_memo/vendor/laravel/framework/src/Illuminate/Container/Container.php(576): Illuminate\\Container\\BoundMethod::call(Object(Illuminate\\Foundation\\Application), Array, Array, NULL)
#22 /var/www/TRDSv2_memo/vendor/laravel/framework/src/Illuminate/Foundation/Application.php(827): Illuminate\\Container\\Container->call(Array)
#23 /var/www/TRDSv2_memo/vendor/laravel/framework/src/Illuminate/Foundation/Application.php(810): Illuminate\\Foundation\\Application->bootProvider(Object(App\\Providers\\RouteServiceProvider))
#24 [internal function]: Illuminate\\Foundation\\Application->Illuminate\\Foundation\\{closure}(Object(App\\Providers\\RouteServiceProvider), 22)
#25 /var/www/TRDSv2_memo/vendor/laravel/framework/src/Illuminate/Foundation/Application.php(811): array_walk(Array, Object(Closure))
#26 /var/www/TRDSv2_memo/vendor/laravel/framework/src/Illuminate/Foundation/Bootstrap/BootProviders.php(17): Illuminate\\Foundation\\Application->boot()
#27 /var/www/TRDSv2_memo/vendor/laravel/framework/src/Illuminate/Foundation/Application.php(210): Illuminate\\Foundation\\Bootstrap\\BootProviders->bootstrap(Object(Illuminate\\Foundation\\Application))
#28 /var/www/TRDSv2_memo/vendor/laravel/framework/src/Illuminate/Foundation/Http/Kernel.php(162): Illuminate\\Foundation\\Application->bootstrapWith(Array)
#29 /var/www/TRDSv2_memo/vendor/laravel/framework/src/Illuminate/Foundation/Http/Kernel.php(146): Illuminate\\Foundation\\Http\\Kernel->bootstrap()
#30 /var/www/TRDSv2_memo/vendor/laravel/framework/src/Illuminate/Foundation/Http/Kernel.php(116): Illuminate\\Foundation\\Http\\Kernel->sendRequestThroughRouter(Object(Illuminate\\Http\\Request))
#31 /var/www/TRDSv2_memo/index.php(55): Illuminate\\Foundation\\Http\\Kernel->handle(Object(Illuminate\\Http\\Request))
#32 {main}
"} 
[2026-03-03 08:17:24] local.ERROR: Attribute [controller] does not exist. {"exception":"[object] (InvalidArgumentException(code: 0): Attribute [controller] does not exist. at /var/www/TRDSv2_memo/vendor/laravel/framework/src/Illuminate/Routing/RouteRegistrar.php:92)
[stacktrace]
#0 /var/www/TRDSv2_memo/vendor/laravel/framework/src/Illuminate/Routing/Router.php(1275): Illuminate\\Routing\\RouteRegistrar->attribute('controller', 'App\\\\Http\\\\Contro...')
#1 /var/www/TRDSv2_memo/vendor/laravel/framework/src/Illuminate/Support/Facades/Facade.php(239): Illuminate\\Routing\\Router->__call('controller', Array)
#2 /var/www/TRDSv2_memo/routes/web.php(32): Illuminate\\Support\\Facades\\Facade::__callStatic('controller', Array)
#3 /var/www/TRDSv2_memo/vendor/laravel/framework/src/Illuminate/Routing/RouteFileRegistrar.php(35): require('/var/www/TRDSv2...')
#4 /var/www/TRDSv2_memo/vendor/laravel/framework/src/Illuminate/Routing/Router.php(415): Illuminate\\Routing\\RouteFileRegistrar->register('/var/www/TRDSv2...')
#5 /var/www/TRDSv2_memo/vendor/laravel/framework/src/Illuminate/Routing/Router.php(373): Illuminate\\Routing\\Router->loadRoutes('/var/www/TRDSv2...')
#6 /var/www/TRDSv2_memo/vendor/laravel/framework/src/Illuminate/Routing/RouteRegistrar.php(121): Illuminate\\Routing\\Router->group(Array, '/var/www/TRDSv2...')
#7 /var/www/TRDSv2_memo/app/Providers/RouteServiceProvider.php(56): Illuminate\\Routing\\RouteRegistrar->group('/var/www/TRDSv2...')
#8 /var/www/TRDSv2_memo/app/Providers/RouteServiceProvider.php(40): App\\Providers\\RouteServiceProvider->mapWebRoutes()
#9 [internal function]: App\\Providers\\RouteServiceProvider->map()
#10 /var/www/TRDSv2_memo/vendor/laravel/framework/src/Illuminate/Container/BoundMethod.php(32): call_user_func_array(Array, Array)
#11 /var/www/TRDSv2_memo/vendor/laravel/framework/src/Illuminate/Container/BoundMethod.php(90): Illuminate\\Container\\BoundMethod::Illuminate\\Container\\{closure}()
#12 /var/www/TRDSv2_memo/vendor/laravel/framework/src/Illuminate/Container/BoundMethod.php(34): Illuminate\\Container\\BoundMethod::callBoundMethod(Object(Illuminate\\Foundation\\Application), Array, Object(Closure))
#13 /var/www/TRDSv2_memo/vendor/laravel/framework/src/Illuminate/Container/Container.php(576): Illuminate\\Container\\BoundMethod::call(Object(Illuminate\\Foundation\\Application), Array, Array, NULL)
#14 /var/www/TRDSv2_memo/vendor/laravel/framework/src/Illuminate/Foundation/Support/Providers/RouteServiceProvider.php(87): Illuminate\\Container\\Container->call(Array)
#15 /var/www/TRDSv2_memo/vendor/laravel/framework/src/Illuminate/Foundation/Support/Providers/RouteServiceProvider.php(36): Illuminate\\Foundation\\Support\\Providers\\RouteServiceProvider->loadRoutes()
#16 /var/www/TRDSv2_memo/app/Providers/RouteServiceProvider.php(28): Illuminate\\Foundation\\Support\\Providers\\RouteServiceProvider->boot()
#17 [internal function]: App\\Providers\\RouteServiceProvider->boot()
#18 /var/www/TRDSv2_memo/vendor/laravel/framework/src/Illuminate/Container/BoundMethod.php(32): call_user_func_array(Array, Array)
#19 /var/www/TRDSv2_memo/vendor/laravel/framework/src/Illuminate/Container/BoundMethod.php(90): Illuminate\\Container\\BoundMethod::Illuminate\\Container\\{closure}()
#20 /var/www/TRDSv2_memo/vendor/laravel/framework/src/Illuminate/Container/BoundMethod.php(34): Illuminate\\Container\\BoundMethod::callBoundMethod(Object(Illuminate\\Foundation\\Application), Array, Object(Closure))
#21 /var/www/TRDSv2_memo/vendor/laravel/framework/src/Illuminate/Container/Container.php(576): Illuminate\\Container\\BoundMethod::call(Object(Illuminate\\Foundation\\Application), Array, Array, NULL)
#22 /var/www/TRDSv2_memo/vendor/laravel/framework/src/Illuminate/Foundation/Application.php(827): Illuminate\\Container\\Container->call(Array)
#23 /var/www/TRDSv2_memo/vendor/laravel/framework/src/Illuminate/Foundation/Application.php(810): Illuminate\\Foundation\\Application->bootProvider(Object(App\\Providers\\RouteServiceProvider))
#24 [internal function]: Illuminate\\Foundation\\Application->Illuminate\\Foundation\\{closure}(Object(App\\Providers\\RouteServiceProvider), 22)
#25 /var/www/TRDSv2_memo/vendor/laravel/framework/src/Illuminate/Foundation/Application.php(811): array_walk(Array, Object(Closure))
#26 /var/www/TRDSv2_memo/vendor/laravel/framework/src/Illuminate/Foundation/Bootstrap/BootProviders.php(17): Illuminate\\Foundation\\Application->boot()
#27 /var/www/TRDSv2_memo/vendor/laravel/framework/src/Illuminate/Foundation/Application.php(210): Illuminate\\Foundation\\Bootstrap\\BootProviders->bootstrap(Object(Illuminate\\Foundation\\Application))
#28 /var/www/TRDSv2_memo/vendor/laravel/framework/src/Illuminate/Foundation/Http/Kernel.php(162): Illuminate\\Foundation\\Application->bootstrapWith(Array)
#29 /var/www/TRDSv2_memo/vendor/laravel/framework/src/Illuminate/Foundation/Http/Kernel.php(146): Illuminate\\Foundation\\Http\\Kernel->bootstrap()
#30 /var/www/TRDSv2_memo/vendor/laravel/framework/src/Illuminate/Foundation/Http/Kernel.php(116): Illuminate\\Foundation\\Http\\Kernel->sendRequestThroughRouter(Object(Illuminate\\Http\\Request))
#31 /var/www/TRDSv2_memo/index.php(55): Illuminate\\Foundation\\Http\\Kernel->handle(Object(Illuminate\\Http\\Request))
#32 {main}
"} 
[2026-03-03 08:17:25] local.ERROR: Attribute [controller] does not exist. {"exception":"[object] (InvalidArgumentException(code: 0): Attribute [controller] does not exist. at /var/www/TRDSv2_memo/vendor/laravel/framework/src/Illuminate/Routing/RouteRegistrar.php:92)
[stacktrace]
#0 /var/www/TRDSv2_memo/vendor/laravel/framework/src/Illuminate/Routing/Router.php(1275): Illuminate\\Routing\\RouteRegistrar->attribute('controller', 'App\\\\Http\\\\Contro...')
#1 /var/www/TRDSv2_memo/vendor/laravel/framework/src/Illuminate/Support/Facades/Facade.php(239): Illuminate\\Routing\\Router->__call('controller', Array)
#2 /var/www/TRDSv2_memo/routes/web.php(32): Illuminate\\Support\\Facades\\Facade::__callStatic('controller', Array)
#3 /var/www/TRDSv2_memo/vendor/laravel/framework/src/Illuminate/Routing/RouteFileRegistrar.php(35): require('/var/www/TRDSv2...')
#4 /var/www/TRDSv2_memo/vendor/laravel/framework/src/Illuminate/Routing/Router.php(415): Illuminate\\Routing\\RouteFileRegistrar->register('/var/www/TRDSv2...')
#5 /var/www/TRDSv2_memo/vendor/laravel/framework/src/Illuminate/Routing/Router.php(373): Illuminate\\Routing\\Router->loadRoutes('/var/www/TRDSv2...')
#6 /var/www/TRDSv2_memo/vendor/laravel/framework/src/Illuminate/Routing/RouteRegistrar.php(121): Illuminate\\Routing\\Router->group(Array, '/var/www/TRDSv2...')
#7 /var/www/TRDSv2_memo/app/Providers/RouteServiceProvider.php(56): Illuminate\\Routing\\RouteRegistrar->group('/var/www/TRDSv2...')
#8 /var/www/TRDSv2_memo/app/Providers/RouteServiceProvider.php(40): App\\Providers\\RouteServiceProvider->mapWebRoutes()
#9 [internal function]: App\\Providers\\RouteServiceProvider->map()
#10 /var/www/TRDSv2_memo/vendor/laravel/framework/src/Illuminate/Container/BoundMethod.php(32): call_user_func_array(Array, Array)
#11 /var/www/TRDSv2_memo/vendor/laravel/framework/src/Illuminate/Container/BoundMethod.php(90): Illuminate\\Container\\BoundMethod::Illuminate\\Container\\{closure}()
#12 /var/www/TRDSv2_memo/vendor/laravel/framework/src/Illuminate/Container/BoundMethod.php(34): Illuminate\\Container\\BoundMethod::callBoundMethod(Object(Illuminate\\Foundation\\Application), Array, Object(Closure))
#13 /var/www/TRDSv2_memo/vendor/laravel/framework/src/Illuminate/Container/Container.php(576): Illuminate\\Container\\BoundMethod::call(Object(Illuminate\\Foundation\\Application), Array, Array, NULL)
#14 /var/www/TRDSv2_memo/vendor/laravel/framework/src/Illuminate/Foundation/Support/Providers/RouteServiceProvider.php(87): Illuminate\\Container\\Container->call(Array)
#15 /var/www/TRDSv2_memo/vendor/laravel/framework/src/Illuminate/Foundation/Support/Providers/RouteServiceProvider.php(36): Illuminate\\Foundation\\Support\\Providers\\RouteServiceProvider->loadRoutes()
#16 /var/www/TRDSv2_memo/app/Providers/RouteServiceProvider.php(28): Illuminate\\Foundation\\Support\\Providers\\RouteServiceProvider->boot()
#17 [internal function]: App\\Providers\\RouteServiceProvider->boot()
#18 /var/www/TRDSv2_memo/vendor/laravel/framework/src/Illuminate/Container/BoundMethod.php(32): call_user_func_array(Array, Array)
#19 /var/www/TRDSv2_memo/vendor/laravel/framework/src/Illuminate/Container/BoundMethod.php(90): Illuminate\\Container\\BoundMethod::Illuminate\\Container\\{closure}()
#20 /var/www/TRDSv2_memo/vendor/laravel/framework/src/Illuminate/Container/BoundMethod.php(34): Illuminate\\Container\\BoundMethod::callBoundMethod(Object(Illuminate\\Foundation\\Application), Array, Object(Closure))
#21 /var/www/TRDSv2_memo/vendor/laravel/framework/src/Illuminate/Container/Container.php(576): Illuminate\\Container\\BoundMethod::call(Object(Illuminate\\Foundation\\Application), Array, Array, NULL)
#22 /var/www/TRDSv2_memo/vendor/laravel/framework/src/Illuminate/Foundation/Application.php(827): Illuminate\\Container\\Container->call(Array)
#23 /var/www/TRDSv2_memo/vendor/laravel/framework/src/Illuminate/Foundation/Application.php(810): Illuminate\\Foundation\\Application->bootProvider(Object(App\\Providers\\RouteServiceProvider))
#24 [internal function]: Illuminate\\Foundation\\Application->Illuminate\\Foundation\\{closure}(Object(App\\Providers\\RouteServiceProvider), 22)
#25 /var/www/TRDSv2_memo/vendor/laravel/framework/src/Illuminate/Foundation/Application.php(811): array_walk(Array, Object(Closure))
#26 /var/www/TRDSv2_memo/vendor/laravel/framework/src/Illuminate/Foundation/Bootstrap/BootProviders.php(17): Illuminate\\Foundation\\Application->boot()
#27 /var/www/TRDSv2_memo/vendor/laravel/framework/src/Illuminate/Foundation/Application.php(210): Illuminate\\Foundation\\Bootstrap\\BootProviders->bootstrap(Object(Illuminate\\Foundation\\Application))
#28 /var/www/TRDSv2_memo/vendor/laravel/framework/src/Illuminate/Foundation/Http/Kernel.php(162): Illuminate\\Foundation\\Application->bootstrapWith(Array)
#29 /var/www/TRDSv2_memo/vendor/laravel/framework/src/Illuminate/Foundation/Http/Kernel.php(146): Illuminate\\Foundation\\Http\\Kernel->bootstrap()
#30 /var/www/TRDSv2_memo/vendor/laravel/framework/src/Illuminate/Foundation/Http/Kernel.php(116): Illuminate\\Foundation\\Http\\Kernel->sendRequestThroughRouter(Object(Illuminate\\Http\\Request))
#31 /var/www/TRDSv2_memo/index.php(55): Illuminate\\Foundation\\Http\\Kernel->handle(Object(Illuminate\\Http\\Request))
#32 {main}
"} 
[2026-03-03 08:17:25] local.ERROR: Attribute [controller] does not exist. {"exception":"[object] (InvalidArgumentException(code: 0): Attribute [controller] does not exist. at /var/www/TRDSv2_memo/vendor/laravel/framework/src/Illuminate/Routing/RouteRegistrar.php:92)
[stacktrace]
#0 /var/www/TRDSv2_memo/vendor/laravel/framework/src/Illuminate/Routing/Router.php(1275): Illuminate\\Routing\\RouteRegistrar->attribute('controller', 'App\\\\Http\\\\Contro...')
#1 /var/www/TRDSv2_memo/vendor/laravel/framework/src/Illuminate/Support/Facades/Facade.php(239): Illuminate\\Routing\\Router->__call('controller', Array)
#2 /var/www/TRDSv2_memo/routes/web.php(32): Illuminate\\Support\\Facades\\Facade::__callStatic('controller', Array)
#3 /var/www/TRDSv2_memo/vendor/laravel/framework/src/Illuminate/Routing/RouteFileRegistrar.php(35): require('/var/www/TRDSv2...')
#4 /var/www/TRDSv2_memo/vendor/laravel/framework/src/Illuminate/Routing/Router.php(415): Illuminate\\Routing\\RouteFileRegistrar->register('/var/www/TRDSv2...')
#5 /var/www/TRDSv2_memo/vendor/laravel/framework/src/Illuminate/Routing/Router.php(373): Illuminate\\Routing\\Router->loadRoutes('/var/www/TRDSv2...')
#6 /var/www/TRDSv2_memo/vendor/laravel/framework/src/Illuminate/Routing/RouteRegistrar.php(121): Illuminate\\Routing\\Router->group(Array, '/var/www/TRDSv2...')
#7 /var/www/TRDSv2_memo/app/Providers/RouteServiceProvider.php(56): Illuminate\\Routing\\RouteRegistrar->group('/var/www/TRDSv2...')
#8 /var/www/TRDSv2_memo/app/Providers/RouteServiceProvider.php(40): App\\Providers\\RouteServiceProvider->mapWebRoutes()
#9 [internal function]: App\\Providers\\RouteServiceProvider->map()
#10 /var/www/TRDSv2_memo/vendor/laravel/framework/src/Illuminate/Container/BoundMethod.php(32): call_user_func_array(Array, Array)
#11 /var/www/TRDSv2_memo/vendor/laravel/framework/src/Illuminate/Container/BoundMethod.php(90): Illuminate\\Container\\BoundMethod::Illuminate\\Container\\{closure}()
#12 /var/www/TRDSv2_memo/vendor/laravel/framework/src/Illuminate/Container/BoundMethod.php(34): Illuminate\\Container\\BoundMethod::callBoundMethod(Object(Illuminate\\Foundation\\Application), Array, Object(Closure))
#13 /var/www/TRDSv2_memo/vendor/laravel/framework/src/Illuminate/Container/Container.php(576): Illuminate\\Container\\BoundMethod::call(Object(Illuminate\\Foundation\\Application), Array, Array, NULL)
#14 /var/www/TRDSv2_memo/vendor/laravel/framework/src/Illuminate/Foundation/Support/Providers/RouteServiceProvider.php(87): Illuminate\\Container\\Container->call(Array)
#15 /var/www/TRDSv2_memo/vendor/laravel/framework/src/Illuminate/Foundation/Support/Providers/RouteServiceProvider.php(36): Illuminate\\Foundation\\Support\\Providers\\RouteServiceProvider->loadRoutes()
#16 /var/www/TRDSv2_memo/app/Providers/RouteServiceProvider.php(28): Illuminate\\Foundation\\Support\\Providers\\RouteServiceProvider->boot()
#17 [internal function]: App\\Providers\\RouteServiceProvider->boot()
#18 /var/www/TRDSv2_memo/vendor/laravel/framework/src/Illuminate/Container/BoundMethod.php(32): call_user_func_array(Array, Array)
#19 /var/www/TRDSv2_memo/vendor/laravel/framework/src/Illuminate/Container/BoundMethod.php(90): Illuminate\\Container\\BoundMethod::Illuminate\\Container\\{closure}()
#20 /var/www/TRDSv2_memo/vendor/laravel/framework/src/Illuminate/Container/BoundMethod.php(34): Illuminate\\Container\\BoundMethod::callBoundMethod(Object(Illuminate\\Foundation\\Application), Array, Object(Closure))
#21 /var/www/TRDSv2_memo/vendor/laravel/framework/src/Illuminate/Container/Container.php(576): Illuminate\\Container\\BoundMethod::call(Object(Illuminate\\Foundation\\Application), Array, Array, NULL)
#22 /var/www/TRDSv2_memo/vendor/laravel/framework/src/Illuminate/Foundation/Application.php(827): Illuminate\\Container\\Container->call(Array)
#23 /var/www/TRDSv2_memo/vendor/laravel/framework/src/Illuminate/Foundation/Application.php(810): Illuminate\\Foundation\\Application->bootProvider(Object(App\\Providers\\RouteServiceProvider))
#24 [internal function]: Illuminate\\Foundation\\Application->Illuminate\\Foundation\\{closure}(Object(App\\Providers\\RouteServiceProvider), 22)
#25 /var/www/TRDSv2_memo/vendor/laravel/framework/src/Illuminate/Foundation/Application.php(811): array_walk(Array, Object(Closure))
#26 /var/www/TRDSv2_memo/vendor/laravel/framework/src/Illuminate/Foundation/Bootstrap/BootProviders.php(17): Illuminate\\Foundation\\Application->boot()
#27 /var/www/TRDSv2_memo/vendor/laravel/framework/src/Illuminate/Foundation/Application.php(210): Illuminate\\Foundation\\Bootstrap\\BootProviders->bootstrap(Object(Illuminate\\Foundation\\Application))
#28 /var/www/TRDSv2_memo/vendor/laravel/framework/src/Illuminate/Foundation/Http/Kernel.php(162): Illuminate\\Foundation\\Application->bootstrapWith(Array)
#29 /var/www/TRDSv2_memo/vendor/laravel/framework/src/Illuminate/Foundation/Http/Kernel.php(146): Illuminate\\Foundation\\Http\\Kernel->bootstrap()
#30 /var/www/TRDSv2_memo/vendor/laravel/framework/src/Illuminate/Foundation/Http/Kernel.php(116): Illuminate\\Foundation\\Http\\Kernel->sendRequestThroughRouter(Object(Illuminate\\Http\\Request))
#31 /var/www/TRDSv2_memo/index.php(55): Illuminate\\Foundation\\Http\\Kernel->handle(Object(Illuminate\\Http\\Request))
#32 {main}
"} 
[2026-03-03 08:18:49] local.ERROR: Attribute [controller] does not exist. {"exception":"[object] (InvalidArgumentException(code: 0): Attribute [controller] does not exist. at /var/www/TRDSv2_memo/vendor/laravel/framework/src/Illuminate/Routing/RouteRegistrar.php:92)
[stacktrace]
#0 /var/www/TRDSv2_memo/vendor/laravel/framework/src/Illuminate/Routing/Router.php(1275): Illuminate\\Routing\\RouteRegistrar->attribute('controller', 'App\\\\Http\\\\Contro...')
#1 /var/www/TRDSv2_memo/vendor/laravel/framework/src/Illuminate/Support/Facades/Facade.php(239): Illuminate\\Routing\\Router->__call('controller', Array)
#2 /var/www/TRDSv2_memo/routes/web.php(32): Illuminate\\Support\\Facades\\Facade::__callStatic('controller', Array)
#3 /var/www/TRDSv2_memo/vendor/laravel/framework/src/Illuminate/Routing/RouteFileRegistrar.php(35): require('/var/www/TRDSv2...')
#4 /var/www/TRDSv2_memo/vendor/laravel/framework/src/Illuminate/Routing/Router.php(415): Illuminate\\Routing\\RouteFileRegistrar->register('/var/www/TRDSv2...')
#5 /var/www/TRDSv2_memo/vendor/laravel/framework/src/Illuminate/Routing/Router.php(373): Illuminate\\Routing\\Router->loadRoutes('/var/www/TRDSv2...')
#6 /var/www/TRDSv2_memo/vendor/laravel/framework/src/Illuminate/Routing/RouteRegistrar.php(121): Illuminate\\Routing\\Router->group(Array, '/var/www/TRDSv2...')
#7 /var/www/TRDSv2_memo/app/Providers/RouteServiceProvider.php(56): Illuminate\\Routing\\RouteRegistrar->group('/var/www/TRDSv2...')
#8 /var/www/TRDSv2_memo/app/Providers/RouteServiceProvider.php(40): App\\Providers\\RouteServiceProvider->mapWebRoutes()
#9 [internal function]: App\\Providers\\RouteServiceProvider->map()
#10 /var/www/TRDSv2_memo/vendor/laravel/framework/src/Illuminate/Container/BoundMethod.php(32): call_user_func_array(Array, Array)
#11 /var/www/TRDSv2_memo/vendor/laravel/framework/src/Illuminate/Container/BoundMethod.php(90): Illuminate\\Container\\BoundMethod::Illuminate\\Container\\{closure}()
#12 /var/www/TRDSv2_memo/vendor/laravel/framework/src/Illuminate/Container/BoundMethod.php(34): Illuminate\\Container\\BoundMethod::callBoundMethod(Object(Illuminate\\Foundation\\Application), Array, Object(Closure))
#13 /var/www/TRDSv2_memo/vendor/laravel/framework/src/Illuminate/Container/Container.php(576): Illuminate\\Container\\BoundMethod::call(Object(Illuminate\\Foundation\\Application), Array, Array, NULL)
#14 /var/www/TRDSv2_memo/vendor/laravel/framework/src/Illuminate/Foundation/Support/Providers/RouteServiceProvider.php(87): Illuminate\\Container\\Container->call(Array)
#15 /var/www/TRDSv2_memo/vendor/laravel/framework/src/Illuminate/Foundation/Support/Providers/RouteServiceProvider.php(36): Illuminate\\Foundation\\Support\\Providers\\RouteServiceProvider->loadRoutes()
#16 /var/www/TRDSv2_memo/app/Providers/RouteServiceProvider.php(28): Illuminate\\Foundation\\Support\\Providers\\RouteServiceProvider->boot()
#17 [internal function]: App\\Providers\\RouteServiceProvider->boot()
#18 /var/www/TRDSv2_memo/vendor/laravel/framework/src/Illuminate/Container/BoundMethod.php(32): call_user_func_array(Array, Array)
#19 /var/www/TRDSv2_memo/vendor/laravel/framework/src/Illuminate/Container/BoundMethod.php(90): Illuminate\\Container\\BoundMethod::Illuminate\\Container\\{closure}()
#20 /var/www/TRDSv2_memo/vendor/laravel/framework/src/Illuminate/Container/BoundMethod.php(34): Illuminate\\Container\\BoundMethod::callBoundMethod(Object(Illuminate\\Foundation\\Application), Array, Object(Closure))
#21 /var/www/TRDSv2_memo/vendor/laravel/framework/src/Illuminate/Container/Container.php(576): Illuminate\\Container\\BoundMethod::call(Object(Illuminate\\Foundation\\Application), Array, Array, NULL)
#22 /var/www/TRDSv2_memo/vendor/laravel/framework/src/Illuminate/Foundation/Application.php(827): Illuminate\\Container\\Container->call(Array)
#23 /var/www/TRDSv2_memo/vendor/laravel/framework/src/Illuminate/Foundation/Application.php(810): Illuminate\\Foundation\\Application->bootProvider(Object(App\\Providers\\RouteServiceProvider))
#24 [internal function]: Illuminate\\Foundation\\Application->Illuminate\\Foundation\\{closure}(Object(App\\Providers\\RouteServiceProvider), 22)
#25 /var/www/TRDSv2_memo/vendor/laravel/framework/src/Illuminate/Foundation/Application.php(811): array_walk(Array, Object(Closure))
#26 /var/www/TRDSv2_memo/vendor/laravel/framework/src/Illuminate/Foundation/Bootstrap/BootProviders.php(17): Illuminate\\Foundation\\Application->boot()
#27 /var/www/TRDSv2_memo/vendor/laravel/framework/src/Illuminate/Foundation/Application.php(210): Illuminate\\Foundation\\Bootstrap\\BootProviders->bootstrap(Object(Illuminate\\Foundation\\Application))
#28 /var/www/TRDSv2_memo/vendor/laravel/framework/src/Illuminate/Foundation/Http/Kernel.php(162): Illuminate\\Foundation\\Application->bootstrapWith(Array)
#29 /var/www/TRDSv2_memo/vendor/laravel/framework/src/Illuminate/Foundation/Http/Kernel.php(146): Illuminate\\Foundation\\Http\\Kernel->bootstrap()
#30 /var/www/TRDSv2_memo/vendor/laravel/framework/src/Illuminate/Foundation/Http/Kernel.php(116): Illuminate\\Foundation\\Http\\Kernel->sendRequestThroughRouter(Object(Illuminate\\Http\\Request))
#31 /var/www/TRDSv2_memo/index.php(55): Illuminate\\Foundation\\Http\\Kernel->handle(Object(Illuminate\\Http\\Request))
#32 {main}
"} 
[2026-03-03 08:18:49] local.ERROR: Attribute [controller] does not exist. {"exception":"[object] (InvalidArgumentException(code: 0): Attribute [controller] does not exist. at /var/www/TRDSv2_memo/vendor/laravel/framework/src/Illuminate/Routing/RouteRegistrar.php:92)
[stacktrace]
#0 /var/www/TRDSv2_memo/vendor/laravel/framework/src/Illuminate/Routing/Router.php(1275): Illuminate\\Routing\\RouteRegistrar->attribute('controller', 'App\\\\Http\\\\Contro...')
#1 /var/www/TRDSv2_memo/vendor/laravel/framework/src/Illuminate/Support/Facades/Facade.php(239): Illuminate\\Routing\\Router->__call('controller', Array)
#2 /var/www/TRDSv2_memo/routes/web.php(32): Illuminate\\Support\\Facades\\Facade::__callStatic('controller', Array)
#3 /var/www/TRDSv2_memo/vendor/laravel/framework/src/Illuminate/Routing/RouteFileRegistrar.php(35): require('/var/www/TRDSv2...')
#4 /var/www/TRDSv2_memo/vendor/laravel/framework/src/Illuminate/Routing/Router.php(415): Illuminate\\Routing\\RouteFileRegistrar->register('/var/www/TRDSv2...')
#5 /var/www/TRDSv2_memo/vendor/laravel/framework/src/Illuminate/Routing/Router.php(373): Illuminate\\Routing\\Router->loadRoutes('/var/www/TRDSv2...')
#6 /var/www/TRDSv2_memo/vendor/laravel/framework/src/Illuminate/Routing/RouteRegistrar.php(121): Illuminate\\Routing\\Router->group(Array, '/var/www/TRDSv2...')
#7 /var/www/TRDSv2_memo/app/Providers/RouteServiceProvider.php(56): Illuminate\\Routing\\RouteRegistrar->group('/var/www/TRDSv2...')
#8 /var/www/TRDSv2_memo/app/Providers/RouteServiceProvider.php(40): App\\Providers\\RouteServiceProvider->mapWebRoutes()
#9 [internal function]: App\\Providers\\RouteServiceProvider->map()
#10 /var/www/TRDSv2_memo/vendor/laravel/framework/src/Illuminate/Container/BoundMethod.php(32): call_user_func_array(Array, Array)
#11 /var/www/TRDSv2_memo/vendor/laravel/framework/src/Illuminate/Container/BoundMethod.php(90): Illuminate\\Container\\BoundMethod::Illuminate\\Container\\{closure}()
#12 /var/www/TRDSv2_memo/vendor/laravel/framework/src/Illuminate/Container/BoundMethod.php(34): Illuminate\\Container\\BoundMethod::callBoundMethod(Object(Illuminate\\Foundation\\Application), Array, Object(Closure))
#13 /var/www/TRDSv2_memo/vendor/laravel/framework/src/Illuminate/Container/Container.php(576): Illuminate\\Container\\BoundMethod::call(Object(Illuminate\\Foundation\\Application), Array, Array, NULL)
#14 /var/www/TRDSv2_memo/vendor/laravel/framework/src/Illuminate/Foundation/Support/Providers/RouteServiceProvider.php(87): Illuminate\\Container\\Container->call(Array)
#15 /var/www/TRDSv2_memo/vendor/laravel/framework/src/Illuminate/Foundation/Support/Providers/RouteServiceProvider.php(36): Illuminate\\Foundation\\Support\\Providers\\RouteServiceProvider->loadRoutes()
#16 /var/www/TRDSv2_memo/app/Providers/RouteServiceProvider.php(28): Illuminate\\Foundation\\Support\\Providers\\RouteServiceProvider->boot()
#17 [internal function]: App\\Providers\\RouteServiceProvider->boot()
#18 /var/www/TRDSv2_memo/vendor/laravel/framework/src/Illuminate/Container/BoundMethod.php(32): call_user_func_array(Array, Array)
#19 /var/www/TRDSv2_memo/vendor/laravel/framework/src/Illuminate/Container/BoundMethod.php(90): Illuminate\\Container\\BoundMethod::Illuminate\\Container\\{closure}()
#20 /var/www/TRDSv2_memo/vendor/laravel/framework/src/Illuminate/Container/BoundMethod.php(34): Illuminate\\Container\\BoundMethod::callBoundMethod(Object(Illuminate\\Foundation\\Application), Array, Object(Closure))
#21 /var/www/TRDSv2_memo/vendor/laravel/framework/src/Illuminate/Container/Container.php(576): Illuminate\\Container\\BoundMethod::call(Object(Illuminate\\Foundation\\Application), Array, Array, NULL)
#22 /var/www/TRDSv2_memo/vendor/laravel/framework/src/Illuminate/Foundation/Application.php(827): Illuminate\\Container\\Container->call(Array)
#23 /var/www/TRDSv2_memo/vendor/laravel/framework/src/Illuminate/Foundation/Application.php(810): Illuminate\\Foundation\\Application->bootProvider(Object(App\\Providers\\RouteServiceProvider))
#24 [internal function]: Illuminate\\Foundation\\Application->Illuminate\\Foundation\\{closure}(Object(App\\Providers\\RouteServiceProvider), 22)
#25 /var/www/TRDSv2_memo/vendor/laravel/framework/src/Illuminate/Foundation/Application.php(811): array_walk(Array, Object(Closure))
#26 /var/www/TRDSv2_memo/vendor/laravel/framework/src/Illuminate/Foundation/Bootstrap/BootProviders.php(17): Illuminate\\Foundation\\Application->boot()
#27 /var/www/TRDSv2_memo/vendor/laravel/framework/src/Illuminate/Foundation/Application.php(210): Illuminate\\Foundation\\Bootstrap\\BootProviders->bootstrap(Object(Illuminate\\Foundation\\Application))
#28 /var/www/TRDSv2_memo/vendor/laravel/framework/src/Illuminate/Foundation/Http/Kernel.php(162): Illuminate\\Foundation\\Application->bootstrapWith(Array)
#29 /var/www/TRDSv2_memo/vendor/laravel/framework/src/Illuminate/Foundation/Http/Kernel.php(146): Illuminate\\Foundation\\Http\\Kernel->bootstrap()
#30 /var/www/TRDSv2_memo/vendor/laravel/framework/src/Illuminate/Foundation/Http/Kernel.php(116): Illuminate\\Foundation\\Http\\Kernel->sendRequestThroughRouter(Object(Illuminate\\Http\\Request))
#31 /var/www/TRDSv2_memo/index.php(55): Illuminate\\Foundation\\Http\\Kernel->handle(Object(Illuminate\\Http\\Request))
#32 {main}
"} 
[2026-03-03 08:18:49] local.ERROR: Attribute [controller] does not exist. {"exception":"[object] (InvalidArgumentException(code: 0): Attribute [controller] does not exist. at /var/www/TRDSv2_memo/vendor/laravel/framework/src/Illuminate/Routing/RouteRegistrar.php:92)
[stacktrace]
#0 /var/www/TRDSv2_memo/vendor/laravel/framework/src/Illuminate/Routing/Router.php(1275): Illuminate\\Routing\\RouteRegistrar->attribute('controller', 'App\\\\Http\\\\Contro...')
#1 /var/www/TRDSv2_memo/vendor/laravel/framework/src/Illuminate/Support/Facades/Facade.php(239): Illuminate\\Routing\\Router->__call('controller', Array)
#2 /var/www/TRDSv2_memo/routes/web.php(32): Illuminate\\Support\\Facades\\Facade::__callStatic('controller', Array)
#3 /var/www/TRDSv2_memo/vendor/laravel/framework/src/Illuminate/Routing/RouteFileRegistrar.php(35): require('/var/www/TRDSv2...')
#4 /var/www/TRDSv2_memo/vendor/laravel/framework/src/Illuminate/Routing/Router.php(415): Illuminate\\Routing\\RouteFileRegistrar->register('/var/www/TRDSv2...')
#5 /var/www/TRDSv2_memo/vendor/laravel/framework/src/Illuminate/Routing/Router.php(373): Illuminate\\Routing\\Router->loadRoutes('/var/www/TRDSv2...')
#6 /var/www/TRDSv2_memo/vendor/laravel/framework/src/Illuminate/Routing/RouteRegistrar.php(121): Illuminate\\Routing\\Router->group(Array, '/var/www/TRDSv2...')
#7 /var/www/TRDSv2_memo/app/Providers/RouteServiceProvider.php(56): Illuminate\\Routing\\RouteRegistrar->group('/var/www/TRDSv2...')
#8 /var/www/TRDSv2_memo/app/Providers/RouteServiceProvider.php(40): App\\Providers\\RouteServiceProvider->mapWebRoutes()
#9 [internal function]: App\\Providers\\RouteServiceProvider->map()
#10 /var/www/TRDSv2_memo/vendor/laravel/framework/src/Illuminate/Container/BoundMethod.php(32): call_user_func_array(Array, Array)
#11 /var/www/TRDSv2_memo/vendor/laravel/framework/src/Illuminate/Container/BoundMethod.php(90): Illuminate\\Container\\BoundMethod::Illuminate\\Container\\{closure}()
#12 /var/www/TRDSv2_memo/vendor/laravel/framework/src/Illuminate/Container/BoundMethod.php(34): Illuminate\\Container\\BoundMethod::callBoundMethod(Object(Illuminate\\Foundation\\Application), Array, Object(Closure))
#13 /var/www/TRDSv2_memo/vendor/laravel/framework/src/Illuminate/Container/Container.php(576): Illuminate\\Container\\BoundMethod::call(Object(Illuminate\\Foundation\\Application), Array, Array, NULL)
#14 /var/www/TRDSv2_memo/vendor/laravel/framework/src/Illuminate/Foundation/Support/Providers/RouteServiceProvider.php(87): Illuminate\\Container\\Container->call(Array)
#15 /var/www/TRDSv2_memo/vendor/laravel/framework/src/Illuminate/Foundation/Support/Providers/RouteServiceProvider.php(36): Illuminate\\Foundation\\Support\\Providers\\RouteServiceProvider->loadRoutes()
#16 /var/www/TRDSv2_memo/app/Providers/RouteServiceProvider.php(28): Illuminate\\Foundation\\Support\\Providers\\RouteServiceProvider->boot()
#17 [internal function]: App\\Providers\\RouteServiceProvider->boot()
#18 /var/www/TRDSv2_memo/vendor/laravel/framework/src/Illuminate/Container/BoundMethod.php(32): call_user_func_array(Array, Array)
#19 /var/www/TRDSv2_memo/vendor/laravel/framework/src/Illuminate/Container/BoundMethod.php(90): Illuminate\\Container\\BoundMethod::Illuminate\\Container\\{closure}()
#20 /var/www/TRDSv2_memo/vendor/laravel/framework/src/Illuminate/Container/BoundMethod.php(34): Illuminate\\Container\\BoundMethod::callBoundMethod(Object(Illuminate\\Foundation\\Application), Array, Object(Closure))
#21 /var/www/TRDSv2_memo/vendor/laravel/framework/src/Illuminate/Container/Container.php(576): Illuminate\\Container\\BoundMethod::call(Object(Illuminate\\Foundation\\Application), Array, Array, NULL)
#22 /var/www/TRDSv2_memo/vendor/laravel/framework/src/Illuminate/Foundation/Application.php(827): Illuminate\\Container\\Container->call(Array)
#23 /var/www/TRDSv2_memo/vendor/laravel/framework/src/Illuminate/Foundation/Application.php(810): Illuminate\\Foundation\\Application->bootProvider(Object(App\\Providers\\RouteServiceProvider))
#24 [internal function]: Illuminate\\Foundation\\Application->Illuminate\\Foundation\\{closure}(Object(App\\Providers\\RouteServiceProvider), 22)
#25 /var/www/TRDSv2_memo/vendor/laravel/framework/src/Illuminate/Foundation/Application.php(811): array_walk(Array, Object(Closure))
#26 /var/www/TRDSv2_memo/vendor/laravel/framework/src/Illuminate/Foundation/Bootstrap/BootProviders.php(17): Illuminate\\Foundation\\Application->boot()
#27 /var/www/TRDSv2_memo/vendor/laravel/framework/src/Illuminate/Foundation/Application.php(210): Illuminate\\Foundation\\Bootstrap\\BootProviders->bootstrap(Object(Illuminate\\Foundation\\Application))
#28 /var/www/TRDSv2_memo/vendor/laravel/framework/src/Illuminate/Foundation/Http/Kernel.php(162): Illuminate\\Foundation\\Application->bootstrapWith(Array)
#29 /var/www/TRDSv2_memo/vendor/laravel/framework/src/Illuminate/Foundation/Http/Kernel.php(146): Illuminate\\Foundation\\Http\\Kernel->bootstrap()
#30 /var/www/TRDSv2_memo/vendor/laravel/framework/src/Illuminate/Foundation/Http/Kernel.php(116): Illuminate\\Foundation\\Http\\Kernel->sendRequestThroughRouter(Object(Illuminate\\Http\\Request))
#31 /var/www/TRDSv2_memo/index.php(55): Illuminate\\Foundation\\Http\\Kernel->handle(Object(Illuminate\\Http\\Request))
#32 {main}
"} 
[2026-03-03 08:18:50] local.ERROR: Attribute [controller] does not exist. {"exception":"[object] (InvalidArgumentException(code: 0): Attribute [controller] does not exist. at /var/www/TRDSv2_memo/vendor/laravel/framework/src/Illuminate/Routing/RouteRegistrar.php:92)
[stacktrace]
#0 /var/www/TRDSv2_memo/vendor/laravel/framework/src/Illuminate/Routing/Router.php(1275): Illuminate\\Routing\\RouteRegistrar->attribute('controller', 'App\\\\Http\\\\Contro...')
#1 /var/www/TRDSv2_memo/vendor/laravel/framework/src/Illuminate/Support/Facades/Facade.php(239): Illuminate\\Routing\\Router->__call('controller', Array)
#2 /var/www/TRDSv2_memo/routes/web.php(32): Illuminate\\Support\\Facades\\Facade::__callStatic('controller', Array)
#3 /var/www/TRDSv2_memo/vendor/laravel/framework/src/Illuminate/Routing/RouteFileRegistrar.php(35): require('/var/www/TRDSv2...')
#4 /var/www/TRDSv2_memo/vendor/laravel/framework/src/Illuminate/Routing/Router.php(415): Illuminate\\Routing\\RouteFileRegistrar->register('/var/www/TRDSv2...')
#5 /var/www/TRDSv2_memo/vendor/laravel/framework/src/Illuminate/Routing/Router.php(373): Illuminate\\Routing\\Router->loadRoutes('/var/www/TRDSv2...')
#6 /var/www/TRDSv2_memo/vendor/laravel/framework/src/Illuminate/Routing/RouteRegistrar.php(121): Illuminate\\Routing\\Router->group(Array, '/var/www/TRDSv2...')
#7 /var/www/TRDSv2_memo/app/Providers/RouteServiceProvider.php(56): Illuminate\\Routing\\RouteRegistrar->group('/var/www/TRDSv2...')
#8 /var/www/TRDSv2_memo/app/Providers/RouteServiceProvider.php(40): App\\Providers\\RouteServiceProvider->mapWebRoutes()
#9 [internal function]: App\\Providers\\RouteServiceProvider->map()
#10 /var/www/TRDSv2_memo/vendor/laravel/framework/src/Illuminate/Container/BoundMethod.php(32): call_user_func_array(Array, Array)
#11 /var/www/TRDSv2_memo/vendor/laravel/framework/src/Illuminate/Container/BoundMethod.php(90): Illuminate\\Container\\BoundMethod::Illuminate\\Container\\{closure}()
#12 /var/www/TRDSv2_memo/vendor/laravel/framework/src/Illuminate/Container/BoundMethod.php(34): Illuminate\\Container\\BoundMethod::callBoundMethod(Object(Illuminate\\Foundation\\Application), Array, Object(Closure))
#13 /var/www/TRDSv2_memo/vendor/laravel/framework/src/Illuminate/Container/Container.php(576): Illuminate\\Container\\BoundMethod::call(Object(Illuminate\\Foundation\\Application), Array, Array, NULL)
#14 /var/www/TRDSv2_memo/vendor/laravel/framework/src/Illuminate/Foundation/Support/Providers/RouteServiceProvider.php(87): Illuminate\\Container\\Container->call(Array)
#15 /var/www/TRDSv2_memo/vendor/laravel/framework/src/Illuminate/Foundation/Support/Providers/RouteServiceProvider.php(36): Illuminate\\Foundation\\Support\\Providers\\RouteServiceProvider->loadRoutes()
#16 /var/www/TRDSv2_memo/app/Providers/RouteServiceProvider.php(28): Illuminate\\Foundation\\Support\\Providers\\RouteServiceProvider->boot()
#17 [internal function]: App\\Providers\\RouteServiceProvider->boot()
#18 /var/www/TRDSv2_memo/vendor/laravel/framework/src/Illuminate/Container/BoundMethod.php(32): call_user_func_array(Array, Array)
#19 /var/www/TRDSv2_memo/vendor/laravel/framework/src/Illuminate/Container/BoundMethod.php(90): Illuminate\\Container\\BoundMethod::Illuminate\\Container\\{closure}()
#20 /var/www/TRDSv2_memo/vendor/laravel/framework/src/Illuminate/Container/BoundMethod.php(34): Illuminate\\Container\\BoundMethod::callBoundMethod(Object(Illuminate\\Foundation\\Application), Array, Object(Closure))
#21 /var/www/TRDSv2_memo/vendor/laravel/framework/src/Illuminate/Container/Container.php(576): Illuminate\\Container\\BoundMethod::call(Object(Illuminate\\Foundation\\Application), Array, Array, NULL)
#22 /var/www/TRDSv2_memo/vendor/laravel/framework/src/Illuminate/Foundation/Application.php(827): Illuminate\\Container\\Container->call(Array)
#23 /var/www/TRDSv2_memo/vendor/laravel/framework/src/Illuminate/Foundation/Application.php(810): Illuminate\\Foundation\\Application->bootProvider(Object(App\\Providers\\RouteServiceProvider))
#24 [internal function]: Illuminate\\Foundation\\Application->Illuminate\\Foundation\\{closure}(Object(App\\Providers\\RouteServiceProvider), 22)
#25 /var/www/TRDSv2_memo/vendor/laravel/framework/src/Illuminate/Foundation/Application.php(811): array_walk(Array, Object(Closure))
#26 /var/www/TRDSv2_memo/vendor/laravel/framework/src/Illuminate/Foundation/Bootstrap/BootProviders.php(17): Illuminate\\Foundation\\Application->boot()
#27 /var/www/TRDSv2_memo/vendor/laravel/framework/src/Illuminate/Foundation/Application.php(210): Illuminate\\Foundation\\Bootstrap\\BootProviders->bootstrap(Object(Illuminate\\Foundation\\Application))
#28 /var/www/TRDSv2_memo/vendor/laravel/framework/src/Illuminate/Foundation/Http/Kernel.php(162): Illuminate\\Foundation\\Application->bootstrapWith(Array)
#29 /var/www/TRDSv2_memo/vendor/laravel/framework/src/Illuminate/Foundation/Http/Kernel.php(146): Illuminate\\Foundation\\Http\\Kernel->bootstrap()
#30 /var/www/TRDSv2_memo/vendor/laravel/framework/src/Illuminate/Foundation/Http/Kernel.php(116): Illuminate\\Foundation\\Http\\Kernel->sendRequestThroughRouter(Object(Illuminate\\Http\\Request))
#31 /var/www/TRDSv2_memo/index.php(55): Illuminate\\Foundation\\Http\\Kernel->handle(Object(Illuminate\\Http\\Request))
#32 {main}
"} 
[2026-03-03 08:18:50] local.ERROR: Attribute [controller] does not exist. {"exception":"[object] (InvalidArgumentException(code: 0): Attribute [controller] does not exist. at /var/www/TRDSv2_memo/vendor/laravel/framework/src/Illuminate/Routing/RouteRegistrar.php:92)
[stacktrace]
#0 /var/www/TRDSv2_memo/vendor/laravel/framework/src/Illuminate/Routing/Router.php(1275): Illuminate\\Routing\\RouteRegistrar->attribute('controller', 'App\\\\Http\\\\Contro...')
#1 /var/www/TRDSv2_memo/vendor/laravel/framework/src/Illuminate/Support/Facades/Facade.php(239): Illuminate\\Routing\\Router->__call('controller', Array)
#2 /var/www/TRDSv2_memo/routes/web.php(32): Illuminate\\Support\\Facades\\Facade::__callStatic('controller', Array)
#3 /var/www/TRDSv2_memo/vendor/laravel/framework/src/Illuminate/Routing/RouteFileRegistrar.php(35): require('/var/www/TRDSv2...')
#4 /var/www/TRDSv2_memo/vendor/laravel/framework/src/Illuminate/Routing/Router.php(415): Illuminate\\Routing\\RouteFileRegistrar->register('/var/www/TRDSv2...')
#5 /var/www/TRDSv2_memo/vendor/laravel/framework/src/Illuminate/Routing/Router.php(373): Illuminate\\Routing\\Router->loadRoutes('/var/www/TRDSv2...')
#6 /var/www/TRDSv2_memo/vendor/laravel/framework/src/Illuminate/Routing/RouteRegistrar.php(121): Illuminate\\Routing\\Router->group(Array, '/var/www/TRDSv2...')
#7 /var/www/TRDSv2_memo/app/Providers/RouteServiceProvider.php(56): Illuminate\\Routing\\RouteRegistrar->group('/var/www/TRDSv2...')
#8 /var/www/TRDSv2_memo/app/Providers/RouteServiceProvider.php(40): App\\Providers\\RouteServiceProvider->mapWebRoutes()
#9 [internal function]: App\\Providers\\RouteServiceProvider->map()
#10 /var/www/TRDSv2_memo/vendor/laravel/framework/src/Illuminate/Container/BoundMethod.php(32): call_user_func_array(Array, Array)
#11 /var/www/TRDSv2_memo/vendor/laravel/framework/src/Illuminate/Container/BoundMethod.php(90): Illuminate\\Container\\BoundMethod::Illuminate\\Container\\{closure}()
#12 /var/www/TRDSv2_memo/vendor/laravel/framework/src/Illuminate/Container/BoundMethod.php(34): Illuminate\\Container\\BoundMethod::callBoundMethod(Object(Illuminate\\Foundation\\Application), Array, Object(Closure))
#13 /var/www/TRDSv2_memo/vendor/laravel/framework/src/Illuminate/Container/Container.php(576): Illuminate\\Container\\BoundMethod::call(Object(Illuminate\\Foundation\\Application), Array, Array, NULL)
#14 /var/www/TRDSv2_memo/vendor/laravel/framework/src/Illuminate/Foundation/Support/Providers/RouteServiceProvider.php(87): Illuminate\\Container\\Container->call(Array)
#15 /var/www/TRDSv2_memo/vendor/laravel/framework/src/Illuminate/Foundation/Support/Providers/RouteServiceProvider.php(36): Illuminate\\Foundation\\Support\\Providers\\RouteServiceProvider->loadRoutes()
#16 /var/www/TRDSv2_memo/app/Providers/RouteServiceProvider.php(28): Illuminate\\Foundation\\Support\\Providers\\RouteServiceProvider->boot()
#17 [internal function]: App\\Providers\\RouteServiceProvider->boot()
#18 /var/www/TRDSv2_memo/vendor/laravel/framework/src/Illuminate/Container/BoundMethod.php(32): call_user_func_array(Array, Array)
#19 /var/www/TRDSv2_memo/vendor/laravel/framework/src/Illuminate/Container/BoundMethod.php(90): Illuminate\\Container\\BoundMethod::Illuminate\\Container\\{closure}()
#20 /var/www/TRDSv2_memo/vendor/laravel/framework/src/Illuminate/Container/BoundMethod.php(34): Illuminate\\Container\\BoundMethod::callBoundMethod(Object(Illuminate\\Foundation\\Application), Array, Object(Closure))
#21 /var/www/TRDSv2_memo/vendor/laravel/framework/src/Illuminate/Container/Container.php(576): Illuminate\\Container\\BoundMethod::call(Object(Illuminate\\Foundation\\Application), Array, Array, NULL)
#22 /var/www/TRDSv2_memo/vendor/laravel/framework/src/Illuminate/Foundation/Application.php(827): Illuminate\\Container\\Container->call(Array)
#23 /var/www/TRDSv2_memo/vendor/laravel/framework/src/Illuminate/Foundation/Application.php(810): Illuminate\\Foundation\\Application->bootProvider(Object(App\\Providers\\RouteServiceProvider))
#24 [internal function]: Illuminate\\Foundation\\Application->Illuminate\\Foundation\\{closure}(Object(App\\Providers\\RouteServiceProvider), 22)
#25 /var/www/TRDSv2_memo/vendor/laravel/framework/src/Illuminate/Foundation/Application.php(811): array_walk(Array, Object(Closure))
#26 /var/www/TRDSv2_memo/vendor/laravel/framework/src/Illuminate/Foundation/Bootstrap/BootProviders.php(17): Illuminate\\Foundation\\Application->boot()
#27 /var/www/TRDSv2_memo/vendor/laravel/framework/src/Illuminate/Foundation/Application.php(210): Illuminate\\Foundation\\Bootstrap\\BootProviders->bootstrap(Object(Illuminate\\Foundation\\Application))
#28 /var/www/TRDSv2_memo/vendor/laravel/framework/src/Illuminate/Foundation/Http/Kernel.php(162): Illuminate\\Foundation\\Application->bootstrapWith(Array)
#29 /var/www/TRDSv2_memo/vendor/laravel/framework/src/Illuminate/Foundation/Http/Kernel.php(146): Illuminate\\Foundation\\Http\\Kernel->bootstrap()
#30 /var/www/TRDSv2_memo/vendor/laravel/framework/src/Illuminate/Foundation/Http/Kernel.php(116): Illuminate\\Foundation\\Http\\Kernel->sendRequestThroughRouter(Object(Illuminate\\Http\\Request))
#31 /var/www/TRDSv2_memo/index.php(55): Illuminate\\Foundation\\Http\\Kernel->handle(Object(Illuminate\\Http\\Request))
#32 {main}
"} 
[2026-03-03 08:18:50] local.ERROR: Attribute [controller] does not exist. {"exception":"[object] (InvalidArgumentException(code: 0): Attribute [controller] does not exist. at /var/www/TRDSv2_memo/vendor/laravel/framework/src/Illuminate/Routing/RouteRegistrar.php:92)
[stacktrace]
#0 /var/www/TRDSv2_memo/vendor/laravel/framework/src/Illuminate/Routing/Router.php(1275): Illuminate\\Routing\\RouteRegistrar->attribute('controller', 'App\\\\Http\\\\Contro...')
#1 /var/www/TRDSv2_memo/vendor/laravel/framework/src/Illuminate/Support/Facades/Facade.php(239): Illuminate\\Routing\\Router->__call('controller', Array)
#2 /var/www/TRDSv2_memo/routes/web.php(32): Illuminate\\Support\\Facades\\Facade::__callStatic('controller', Array)
#3 /var/www/TRDSv2_memo/vendor/laravel/framework/src/Illuminate/Routing/RouteFileRegistrar.php(35): require('/var/www/TRDSv2...')
#4 /var/www/TRDSv2_memo/vendor/laravel/framework/src/Illuminate/Routing/Router.php(415): Illuminate\\Routing\\RouteFileRegistrar->register('/var/www/TRDSv2...')
#5 /var/www/TRDSv2_memo/vendor/laravel/framework/src/Illuminate/Routing/Router.php(373): Illuminate\\Routing\\Router->loadRoutes('/var/www/TRDSv2...')
#6 /var/www/TRDSv2_memo/vendor/laravel/framework/src/Illuminate/Routing/RouteRegistrar.php(121): Illuminate\\Routing\\Router->group(Array, '/var/www/TRDSv2...')
#7 /var/www/TRDSv2_memo/app/Providers/RouteServiceProvider.php(56): Illuminate\\Routing\\RouteRegistrar->group('/var/www/TRDSv2...')
#8 /var/www/TRDSv2_memo/app/Providers/RouteServiceProvider.php(40): App\\Providers\\RouteServiceProvider->mapWebRoutes()
#9 [internal function]: App\\Providers\\RouteServiceProvider->map()
#10 /var/www/TRDSv2_memo/vendor/laravel/framework/src/Illuminate/Container/BoundMethod.php(32): call_user_func_array(Array, Array)
#11 /var/www/TRDSv2_memo/vendor/laravel/framework/src/Illuminate/Container/BoundMethod.php(90): Illuminate\\Container\\BoundMethod::Illuminate\\Container\\{closure}()
#12 /var/www/TRDSv2_memo/vendor/laravel/framework/src/Illuminate/Container/BoundMethod.php(34): Illuminate\\Container\\BoundMethod::callBoundMethod(Object(Illuminate\\Foundation\\Application), Array, Object(Closure))
#13 /var/www/TRDSv2_memo/vendor/laravel/framework/src/Illuminate/Container/Container.php(576): Illuminate\\Container\\BoundMethod::call(Object(Illuminate\\Foundation\\Application), Array, Array, NULL)
#14 /var/www/TRDSv2_memo/vendor/laravel/framework/src/Illuminate/Foundation/Support/Providers/RouteServiceProvider.php(87): Illuminate\\Container\\Container->call(Array)
#15 /var/www/TRDSv2_memo/vendor/laravel/framework/src/Illuminate/Foundation/Support/Providers/RouteServiceProvider.php(36): Illuminate\\Foundation\\Support\\Providers\\RouteServiceProvider->loadRoutes()
#16 /var/www/TRDSv2_memo/app/Providers/RouteServiceProvider.php(28): Illuminate\\Foundation\\Support\\Providers\\RouteServiceProvider->boot()
#17 [internal function]: App\\Providers\\RouteServiceProvider->boot()
#18 /var/www/TRDSv2_memo/vendor/laravel/framework/src/Illuminate/Container/BoundMethod.php(32): call_user_func_array(Array, Array)
#19 /var/www/TRDSv2_memo/vendor/laravel/framework/src/Illuminate/Container/BoundMethod.php(90): Illuminate\\Container\\BoundMethod::Illuminate\\Container\\{closure}()
#20 /var/www/TRDSv2_memo/vendor/laravel/framework/src/Illuminate/Container/BoundMethod.php(34): Illuminate\\Container\\BoundMethod::callBoundMethod(Object(Illuminate\\Foundation\\Application), Array, Object(Closure))
#21 /var/www/TRDSv2_memo/vendor/laravel/framework/src/Illuminate/Container/Container.php(576): Illuminate\\Container\\BoundMethod::call(Object(Illuminate\\Foundation\\Application), Array, Array, NULL)
#22 /var/www/TRDSv2_memo/vendor/laravel/framework/src/Illuminate/Foundation/Application.php(827): Illuminate\\Container\\Container->call(Array)
#23 /var/www/TRDSv2_memo/vendor/laravel/framework/src/Illuminate/Foundation/Application.php(810): Illuminate\\Foundation\\Application->bootProvider(Object(App\\Providers\\RouteServiceProvider))
#24 [internal function]: Illuminate\\Foundation\\Application->Illuminate\\Foundation\\{closure}(Object(App\\Providers\\RouteServiceProvider), 22)
#25 /var/www/TRDSv2_memo/vendor/laravel/framework/src/Illuminate/Foundation/Application.php(811): array_walk(Array, Object(Closure))
#26 /var/www/TRDSv2_memo/vendor/laravel/framework/src/Illuminate/Foundation/Bootstrap/BootProviders.php(17): Illuminate\\Foundation\\Application->boot()
#27 /var/www/TRDSv2_memo/vendor/laravel/framework/src/Illuminate/Foundation/Application.php(210): Illuminate\\Foundation\\Bootstrap\\BootProviders->bootstrap(Object(Illuminate\\Foundation\\Application))
#28 /var/www/TRDSv2_memo/vendor/laravel/framework/src/Illuminate/Foundation/Http/Kernel.php(162): Illuminate\\Foundation\\Application->bootstrapWith(Array)
#29 /var/www/TRDSv2_memo/vendor/laravel/framework/src/Illuminate/Foundation/Http/Kernel.php(146): Illuminate\\Foundation\\Http\\Kernel->bootstrap()
#30 /var/www/TRDSv2_memo/vendor/laravel/framework/src/Illuminate/Foundation/Http/Kernel.php(116): Illuminate\\Foundation\\Http\\Kernel->sendRequestThroughRouter(Object(Illuminate\\Http\\Request))
#31 /var/www/TRDSv2_memo/index.php(55): Illuminate\\Foundation\\Http\\Kernel->handle(Object(Illuminate\\Http\\Request))
#32 {main}
"} 
[2026-03-03 08:18:50] local.ERROR: Attribute [controller] does not exist. {"exception":"[object] (InvalidArgumentException(code: 0): Attribute [controller] does not exist. at /var/www/TRDSv2_memo/vendor/laravel/framework/src/Illuminate/Routing/RouteRegistrar.php:92)
[stacktrace]
#0 /var/www/TRDSv2_memo/vendor/laravel/framework/src/Illuminate/Routing/Router.php(1275): Illuminate\\Routing\\RouteRegistrar->attribute('controller', 'App\\\\Http\\\\Contro...')
#1 /var/www/TRDSv2_memo/vendor/laravel/framework/src/Illuminate/Support/Facades/Facade.php(239): Illuminate\\Routing\\Router->__call('controller', Array)
#2 /var/www/TRDSv2_memo/routes/web.php(32): Illuminate\\Support\\Facades\\Facade::__callStatic('controller', Array)
#3 /var/www/TRDSv2_memo/vendor/laravel/framework/src/Illuminate/Routing/RouteFileRegistrar.php(35): require('/var/www/TRDSv2...')
#4 /var/www/TRDSv2_memo/vendor/laravel/framework/src/Illuminate/Routing/Router.php(415): Illuminate\\Routing\\RouteFileRegistrar->register('/var/www/TRDSv2...')
#5 /var/www/TRDSv2_memo/vendor/laravel/framework/src/Illuminate/Routing/Router.php(373): Illuminate\\Routing\\Router->loadRoutes('/var/www/TRDSv2...')
#6 /var/www/TRDSv2_memo/vendor/laravel/framework/src/Illuminate/Routing/RouteRegistrar.php(121): Illuminate\\Routing\\Router->group(Array, '/var/www/TRDSv2...')
#7 /var/www/TRDSv2_memo/app/Providers/RouteServiceProvider.php(56): Illuminate\\Routing\\RouteRegistrar->group('/var/www/TRDSv2...')
#8 /var/www/TRDSv2_memo/app/Providers/RouteServiceProvider.php(40): App\\Providers\\RouteServiceProvider->mapWebRoutes()
#9 [internal function]: App\\Providers\\RouteServiceProvider->map()
#10 /var/www/TRDSv2_memo/vendor/laravel/framework/src/Illuminate/Container/BoundMethod.php(32): call_user_func_array(Array, Array)
#11 /var/www/TRDSv2_memo/vendor/laravel/framework/src/Illuminate/Container/BoundMethod.php(90): Illuminate\\Container\\BoundMethod::Illuminate\\Container\\{closure}()
#12 /var/www/TRDSv2_memo/vendor/laravel/framework/src/Illuminate/Container/BoundMethod.php(34): Illuminate\\Container\\BoundMethod::callBoundMethod(Object(Illuminate\\Foundation\\Application), Array, Object(Closure))
#13 /var/www/TRDSv2_memo/vendor/laravel/framework/src/Illuminate/Container/Container.php(576): Illuminate\\Container\\BoundMethod::call(Object(Illuminate\\Foundation\\Application), Array, Array, NULL)
#14 /var/www/TRDSv2_memo/vendor/laravel/framework/src/Illuminate/Foundation/Support/Providers/RouteServiceProvider.php(87): Illuminate\\Container\\Container->call(Array)
#15 /var/www/TRDSv2_memo/vendor/laravel/framework/src/Illuminate/Foundation/Support/Providers/RouteServiceProvider.php(36): Illuminate\\Foundation\\Support\\Providers\\RouteServiceProvider->loadRoutes()
#16 /var/www/TRDSv2_memo/app/Providers/RouteServiceProvider.php(28): Illuminate\\Foundation\\Support\\Providers\\RouteServiceProvider->boot()
#17 [internal function]: App\\Providers\\RouteServiceProvider->boot()
#18 /var/www/TRDSv2_memo/vendor/laravel/framework/src/Illuminate/Container/BoundMethod.php(32): call_user_func_array(Array, Array)
#19 /var/www/TRDSv2_memo/vendor/laravel/framework/src/Illuminate/Container/BoundMethod.php(90): Illuminate\\Container\\BoundMethod::Illuminate\\Container\\{closure}()
#20 /var/www/TRDSv2_memo/vendor/laravel/framework/src/Illuminate/Container/BoundMethod.php(34): Illuminate\\Container\\BoundMethod::callBoundMethod(Object(Illuminate\\Foundation\\Application), Array, Object(Closure))
#21 /var/www/TRDSv2_memo/vendor/laravel/framework/src/Illuminate/Container/Container.php(576): Illuminate\\Container\\BoundMethod::call(Object(Illuminate\\Foundation\\Application), Array, Array, NULL)
#22 /var/www/TRDSv2_memo/vendor/laravel/framework/src/Illuminate/Foundation/Application.php(827): Illuminate\\Container\\Container->call(Array)
#23 /var/www/TRDSv2_memo/vendor/laravel/framework/src/Illuminate/Foundation/Application.php(810): Illuminate\\Foundation\\Application->bootProvider(Object(App\\Providers\\RouteServiceProvider))
#24 [internal function]: Illuminate\\Foundation\\Application->Illuminate\\Foundation\\{closure}(Object(App\\Providers\\RouteServiceProvider), 22)
#25 /var/www/TRDSv2_memo/vendor/laravel/framework/src/Illuminate/Foundation/Application.php(811): array_walk(Array, Object(Closure))
#26 /var/www/TRDSv2_memo/vendor/laravel/framework/src/Illuminate/Foundation/Bootstrap/BootProviders.php(17): Illuminate\\Foundation\\Application->boot()
#27 /var/www/TRDSv2_memo/vendor/laravel/framework/src/Illuminate/Foundation/Application.php(210): Illuminate\\Foundation\\Bootstrap\\BootProviders->bootstrap(Object(Illuminate\\Foundation\\Application))
#28 /var/www/TRDSv2_memo/vendor/laravel/framework/src/Illuminate/Foundation/Http/Kernel.php(162): Illuminate\\Foundation\\Application->bootstrapWith(Array)
#29 /var/www/TRDSv2_memo/vendor/laravel/framework/src/Illuminate/Foundation/Http/Kernel.php(146): Illuminate\\Foundation\\Http\\Kernel->bootstrap()
#30 /var/www/TRDSv2_memo/vendor/laravel/framework/src/Illuminate/Foundation/Http/Kernel.php(116): Illuminate\\Foundation\\Http\\Kernel->sendRequestThroughRouter(Object(Illuminate\\Http\\Request))
#31 /var/www/TRDSv2_memo/index.php(55): Illuminate\\Foundation\\Http\\Kernel->handle(Object(Illuminate\\Http\\Request))
#32 {main}
"} 
[2026-03-03 08:18:51] local.ERROR: Attribute [controller] does not exist. {"exception":"[object] (InvalidArgumentException(code: 0): Attribute [controller] does not exist. at /var/www/TRDSv2_memo/vendor/laravel/framework/src/Illuminate/Routing/RouteRegistrar.php:92)
[stacktrace]
#0 /var/www/TRDSv2_memo/vendor/laravel/framework/src/Illuminate/Routing/Router.php(1275): Illuminate\\Routing\\RouteRegistrar->attribute('controller', 'App\\\\Http\\\\Contro...')
#1 /var/www/TRDSv2_memo/vendor/laravel/framework/src/Illuminate/Support/Facades/Facade.php(239): Illuminate\\Routing\\Router->__call('controller', Array)
#2 /var/www/TRDSv2_memo/routes/web.php(32): Illuminate\\Support\\Facades\\Facade::__callStatic('controller', Array)
#3 /var/www/TRDSv2_memo/vendor/laravel/framework/src/Illuminate/Routing/RouteFileRegistrar.php(35): require('/var/www/TRDSv2...')
#4 /var/www/TRDSv2_memo/vendor/laravel/framework/src/Illuminate/Routing/Router.php(415): Illuminate\\Routing\\RouteFileRegistrar->register('/var/www/TRDSv2...')
#5 /var/www/TRDSv2_memo/vendor/laravel/framework/src/Illuminate/Routing/Router.php(373): Illuminate\\Routing\\Router->loadRoutes('/var/www/TRDSv2...')
#6 /var/www/TRDSv2_memo/vendor/laravel/framework/src/Illuminate/Routing/RouteRegistrar.php(121): Illuminate\\Routing\\Router->group(Array, '/var/www/TRDSv2...')
#7 /var/www/TRDSv2_memo/app/Providers/RouteServiceProvider.php(56): Illuminate\\Routing\\RouteRegistrar->group('/var/www/TRDSv2...')
#8 /var/www/TRDSv2_memo/app/Providers/RouteServiceProvider.php(40): App\\Providers\\RouteServiceProvider->mapWebRoutes()
#9 [internal function]: App\\Providers\\RouteServiceProvider->map()
#10 /var/www/TRDSv2_memo/vendor/laravel/framework/src/Illuminate/Container/BoundMethod.php(32): call_user_func_array(Array, Array)
#11 /var/www/TRDSv2_memo/vendor/laravel/framework/src/Illuminate/Container/BoundMethod.php(90): Illuminate\\Container\\BoundMethod::Illuminate\\Container\\{closure}()
#12 /var/www/TRDSv2_memo/vendor/laravel/framework/src/Illuminate/Container/BoundMethod.php(34): Illuminate\\Container\\BoundMethod::callBoundMethod(Object(Illuminate\\Foundation\\Application), Array, Object(Closure))
#13 /var/www/TRDSv2_memo/vendor/laravel/framework/src/Illuminate/Container/Container.php(576): Illuminate\\Container\\BoundMethod::call(Object(Illuminate\\Foundation\\Application), Array, Array, NULL)
#14 /var/www/TRDSv2_memo/vendor/laravel/framework/src/Illuminate/Foundation/Support/Providers/RouteServiceProvider.php(87): Illuminate\\Container\\Container->call(Array)
#15 /var/www/TRDSv2_memo/vendor/laravel/framework/src/Illuminate/Foundation/Support/Providers/RouteServiceProvider.php(36): Illuminate\\Foundation\\Support\\Providers\\RouteServiceProvider->loadRoutes()
#16 /var/www/TRDSv2_memo/app/Providers/RouteServiceProvider.php(28): Illuminate\\Foundation\\Support\\Providers\\RouteServiceProvider->boot()
#17 [internal function]: App\\Providers\\RouteServiceProvider->boot()
#18 /var/www/TRDSv2_memo/vendor/laravel/framework/src/Illuminate/Container/BoundMethod.php(32): call_user_func_array(Array, Array)
#19 /var/www/TRDSv2_memo/vendor/laravel/framework/src/Illuminate/Container/BoundMethod.php(90): Illuminate\\Container\\BoundMethod::Illuminate\\Container\\{closure}()
#20 /var/www/TRDSv2_memo/vendor/laravel/framework/src/Illuminate/Container/BoundMethod.php(34): Illuminate\\Container\\BoundMethod::callBoundMethod(Object(Illuminate\\Foundation\\Application), Array, Object(Closure))
#21 /var/www/TRDSv2_memo/vendor/laravel/framework/src/Illuminate/Container/Container.php(576): Illuminate\\Container\\BoundMethod::call(Object(Illuminate\\Foundation\\Application), Array, Array, NULL)
#22 /var/www/TRDSv2_memo/vendor/laravel/framework/src/Illuminate/Foundation/Application.php(827): Illuminate\\Container\\Container->call(Array)
#23 /var/www/TRDSv2_memo/vendor/laravel/framework/src/Illuminate/Foundation/Application.php(810): Illuminate\\Foundation\\Application->bootProvider(Object(App\\Providers\\RouteServiceProvider))
#24 [internal function]: Illuminate\\Foundation\\Application->Illuminate\\Foundation\\{closure}(Object(App\\Providers\\RouteServiceProvider), 22)
#25 /var/www/TRDSv2_memo/vendor/laravel/framework/src/Illuminate/Foundation/Application.php(811): array_walk(Array, Object(Closure))
#26 /var/www/TRDSv2_memo/vendor/laravel/framework/src/Illuminate/Foundation/Bootstrap/BootProviders.php(17): Illuminate\\Foundation\\Application->boot()
#27 /var/www/TRDSv2_memo/vendor/laravel/framework/src/Illuminate/Foundation/Application.php(210): Illuminate\\Foundation\\Bootstrap\\BootProviders->bootstrap(Object(Illuminate\\Foundation\\Application))
#28 /var/www/TRDSv2_memo/vendor/laravel/framework/src/Illuminate/Foundation/Http/Kernel.php(162): Illuminate\\Foundation\\Application->bootstrapWith(Array)
#29 /var/www/TRDSv2_memo/vendor/laravel/framework/src/Illuminate/Foundation/Http/Kernel.php(146): Illuminate\\Foundation\\Http\\Kernel->bootstrap()
#30 /var/www/TRDSv2_memo/vendor/laravel/framework/src/Illuminate/Foundation/Http/Kernel.php(116): Illuminate\\Foundation\\Http\\Kernel->sendRequestThroughRouter(Object(Illuminate\\Http\\Request))
#31 /var/www/TRDSv2_memo/index.php(55): Illuminate\\Foundation\\Http\\Kernel->handle(Object(Illuminate\\Http\\Request))
#32 {main}
"} 
[2026-03-03 08:18:51] local.ERROR: Attribute [controller] does not exist. {"exception":"[object] (InvalidArgumentException(code: 0): Attribute [controller] does not exist. at /var/www/TRDSv2_memo/vendor/laravel/framework/src/Illuminate/Routing/RouteRegistrar.php:92)
[stacktrace]
#0 /var/www/TRDSv2_memo/vendor/laravel/framework/src/Illuminate/Routing/Router.php(1275): Illuminate\\Routing\\RouteRegistrar->attribute('controller', 'App\\\\Http\\\\Contro...')
#1 /var/www/TRDSv2_memo/vendor/laravel/framework/src/Illuminate/Support/Facades/Facade.php(239): Illuminate\\Routing\\Router->__call('controller', Array)
#2 /var/www/TRDSv2_memo/routes/web.php(32): Illuminate\\Support\\Facades\\Facade::__callStatic('controller', Array)
#3 /var/www/TRDSv2_memo/vendor/laravel/framework/src/Illuminate/Routing/RouteFileRegistrar.php(35): require('/var/www/TRDSv2...')
#4 /var/www/TRDSv2_memo/vendor/laravel/framework/src/Illuminate/Routing/Router.php(415): Illuminate\\Routing\\RouteFileRegistrar->register('/var/www/TRDSv2...')
#5 /var/www/TRDSv2_memo/vendor/laravel/framework/src/Illuminate/Routing/Router.php(373): Illuminate\\Routing\\Router->loadRoutes('/var/www/TRDSv2...')
#6 /var/www/TRDSv2_memo/vendor/laravel/framework/src/Illuminate/Routing/RouteRegistrar.php(121): Illuminate\\Routing\\Router->group(Array, '/var/www/TRDSv2...')
#7 /var/www/TRDSv2_memo/app/Providers/RouteServiceProvider.php(56): Illuminate\\Routing\\RouteRegistrar->group('/var/www/TRDSv2...')
#8 /var/www/TRDSv2_memo/app/Providers/RouteServiceProvider.php(40): App\\Providers\\RouteServiceProvider->mapWebRoutes()
#9 [internal function]: App\\Providers\\RouteServiceProvider->map()
#10 /var/www/TRDSv2_memo/vendor/laravel/framework/src/Illuminate/Container/BoundMethod.php(32): call_user_func_array(Array, Array)
#11 /var/www/TRDSv2_memo/vendor/laravel/framework/src/Illuminate/Container/BoundMethod.php(90): Illuminate\\Container\\BoundMethod::Illuminate\\Container\\{closure}()
#12 /var/www/TRDSv2_memo/vendor/laravel/framework/src/Illuminate/Container/BoundMethod.php(34): Illuminate\\Container\\BoundMethod::callBoundMethod(Object(Illuminate\\Foundation\\Application), Array, Object(Closure))
#13 /var/www/TRDSv2_memo/vendor/laravel/framework/src/Illuminate/Container/Container.php(576): Illuminate\\Container\\BoundMethod::call(Object(Illuminate\\Foundation\\Application), Array, Array, NULL)
#14 /var/www/TRDSv2_memo/vendor/laravel/framework/src/Illuminate/Foundation/Support/Providers/RouteServiceProvider.php(87): Illuminate\\Container\\Container->call(Array)
#15 /var/www/TRDSv2_memo/vendor/laravel/framework/src/Illuminate/Foundation/Support/Providers/RouteServiceProvider.php(36): Illuminate\\Foundation\\Support\\Providers\\RouteServiceProvider->loadRoutes()
#16 /var/www/TRDSv2_memo/app/Providers/RouteServiceProvider.php(28): Illuminate\\Foundation\\Support\\Providers\\RouteServiceProvider->boot()
#17 [internal function]: App\\Providers\\RouteServiceProvider->boot()
#18 /var/www/TRDSv2_memo/vendor/laravel/framework/src/Illuminate/Container/BoundMethod.php(32): call_user_func_array(Array, Array)
#19 /var/www/TRDSv2_memo/vendor/laravel/framework/src/Illuminate/Container/BoundMethod.php(90): Illuminate\\Container\\BoundMethod::Illuminate\\Container\\{closure}()
#20 /var/www/TRDSv2_memo/vendor/laravel/framework/src/Illuminate/Container/BoundMethod.php(34): Illuminate\\Container\\BoundMethod::callBoundMethod(Object(Illuminate\\Foundation\\Application), Array, Object(Closure))
#21 /var/www/TRDSv2_memo/vendor/laravel/framework/src/Illuminate/Container/Container.php(576): Illuminate\\Container\\BoundMethod::call(Object(Illuminate\\Foundation\\Application), Array, Array, NULL)
#22 /var/www/TRDSv2_memo/vendor/laravel/framework/src/Illuminate/Foundation/Application.php(827): Illuminate\\Container\\Container->call(Array)
#23 /var/www/TRDSv2_memo/vendor/laravel/framework/src/Illuminate/Foundation/Application.php(810): Illuminate\\Foundation\\Application->bootProvider(Object(App\\Providers\\RouteServiceProvider))
#24 [internal function]: Illuminate\\Foundation\\Application->Illuminate\\Foundation\\{closure}(Object(App\\Providers\\RouteServiceProvider), 22)
#25 /var/www/TRDSv2_memo/vendor/laravel/framework/src/Illuminate/Foundation/Application.php(811): array_walk(Array, Object(Closure))
#26 /var/www/TRDSv2_memo/vendor/laravel/framework/src/Illuminate/Foundation/Bootstrap/BootProviders.php(17): Illuminate\\Foundation\\Application->boot()
#27 /var/www/TRDSv2_memo/vendor/laravel/framework/src/Illuminate/Foundation/Application.php(210): Illuminate\\Foundation\\Bootstrap\\BootProviders->bootstrap(Object(Illuminate\\Foundation\\Application))
#28 /var/www/TRDSv2_memo/vendor/laravel/framework/src/Illuminate/Foundation/Http/Kernel.php(162): Illuminate\\Foundation\\Application->bootstrapWith(Array)
#29 /var/www/TRDSv2_memo/vendor/laravel/framework/src/Illuminate/Foundation/Http/Kernel.php(146): Illuminate\\Foundation\\Http\\Kernel->bootstrap()
#30 /var/www/TRDSv2_memo/vendor/laravel/framework/src/Illuminate/Foundation/Http/Kernel.php(116): Illuminate\\Foundation\\Http\\Kernel->sendRequestThroughRouter(Object(Illuminate\\Http\\Request))
#31 /var/www/TRDSv2_memo/index.php(55): Illuminate\\Foundation\\Http\\Kernel->handle(Object(Illuminate\\Http\\Request))
#32 {main}
"} 
[2026-03-03 08:18:51] local.ERROR: Attribute [controller] does not exist. {"exception":"[object] (InvalidArgumentException(code: 0): Attribute [controller] does not exist. at /var/www/TRDSv2_memo/vendor/laravel/framework/src/Illuminate/Routing/RouteRegistrar.php:92)
[stacktrace]
#0 /var/www/TRDSv2_memo/vendor/laravel/framework/src/Illuminate/Routing/Router.php(1275): Illuminate\\Routing\\RouteRegistrar->attribute('controller', 'App\\\\Http\\\\Contro...')
#1 /var/www/TRDSv2_memo/vendor/laravel/framework/src/Illuminate/Support/Facades/Facade.php(239): Illuminate\\Routing\\Router->__call('controller', Array)
#2 /var/www/TRDSv2_memo/routes/web.php(32): Illuminate\\Support\\Facades\\Facade::__callStatic('controller', Array)
#3 /var/www/TRDSv2_memo/vendor/laravel/framework/src/Illuminate/Routing/RouteFileRegistrar.php(35): require('/var/www/TRDSv2...')
#4 /var/www/TRDSv2_memo/vendor/laravel/framework/src/Illuminate/Routing/Router.php(415): Illuminate\\Routing\\RouteFileRegistrar->register('/var/www/TRDSv2...')
#5 /var/www/TRDSv2_memo/vendor/laravel/framework/src/Illuminate/Routing/Router.php(373): Illuminate\\Routing\\Router->loadRoutes('/var/www/TRDSv2...')
#6 /var/www/TRDSv2_memo/vendor/laravel/framework/src/Illuminate/Routing/RouteRegistrar.php(121): Illuminate\\Routing\\Router->group(Array, '/var/www/TRDSv2...')
#7 /var/www/TRDSv2_memo/app/Providers/RouteServiceProvider.php(56): Illuminate\\Routing\\RouteRegistrar->group('/var/www/TRDSv2...')
#8 /var/www/TRDSv2_memo/app/Providers/RouteServiceProvider.php(40): App\\Providers\\RouteServiceProvider->mapWebRoutes()
#9 [internal function]: App\\Providers\\RouteServiceProvider->map()
#10 /var/www/TRDSv2_memo/vendor/laravel/framework/src/Illuminate/Container/BoundMethod.php(32): call_user_func_array(Array, Array)
#11 /var/www/TRDSv2_memo/vendor/laravel/framework/src/Illuminate/Container/BoundMethod.php(90): Illuminate\\Container\\BoundMethod::Illuminate\\Container\\{closure}()
#12 /var/www/TRDSv2_memo/vendor/laravel/framework/src/Illuminate/Container/BoundMethod.php(34): Illuminate\\Container\\BoundMethod::callBoundMethod(Object(Illuminate\\Foundation\\Application), Array, Object(Closure))
#13 /var/www/TRDSv2_memo/vendor/laravel/framework/src/Illuminate/Container/Container.php(576): Illuminate\\Container\\BoundMethod::call(Object(Illuminate\\Foundation\\Application), Array, Array, NULL)
#14 /var/www/TRDSv2_memo/vendor/laravel/framework/src/Illuminate/Foundation/Support/Providers/RouteServiceProvider.php(87): Illuminate\\Container\\Container->call(Array)
#15 /var/www/TRDSv2_memo/vendor/laravel/framework/src/Illuminate/Foundation/Support/Providers/RouteServiceProvider.php(36): Illuminate\\Foundation\\Support\\Providers\\RouteServiceProvider->loadRoutes()
#16 /var/www/TRDSv2_memo/app/Providers/RouteServiceProvider.php(28): Illuminate\\Foundation\\Support\\Providers\\RouteServiceProvider->boot()
#17 [internal function]: App\\Providers\\RouteServiceProvider->boot()
#18 /var/www/TRDSv2_memo/vendor/laravel/framework/src/Illuminate/Container/BoundMethod.php(32): call_user_func_array(Array, Array)
#19 /var/www/TRDSv2_memo/vendor/laravel/framework/src/Illuminate/Container/BoundMethod.php(90): Illuminate\\Container\\BoundMethod::Illuminate\\Container\\{closure}()
#20 /var/www/TRDSv2_memo/vendor/laravel/framework/src/Illuminate/Container/BoundMethod.php(34): Illuminate\\Container\\BoundMethod::callBoundMethod(Object(Illuminate\\Foundation\\Application), Array, Object(Closure))
#21 /var/www/TRDSv2_memo/vendor/laravel/framework/src/Illuminate/Container/Container.php(576): Illuminate\\Container\\BoundMethod::call(Object(Illuminate\\Foundation\\Application), Array, Array, NULL)
#22 /var/www/TRDSv2_memo/vendor/laravel/framework/src/Illuminate/Foundation/Application.php(827): Illuminate\\Container\\Container->call(Array)
#23 /var/www/TRDSv2_memo/vendor/laravel/framework/src/Illuminate/Foundation/Application.php(810): Illuminate\\Foundation\\Application->bootProvider(Object(App\\Providers\\RouteServiceProvider))
#24 [internal function]: Illuminate\\Foundation\\Application->Illuminate\\Foundation\\{closure}(Object(App\\Providers\\RouteServiceProvider), 22)
#25 /var/www/TRDSv2_memo/vendor/laravel/framework/src/Illuminate/Foundation/Application.php(811): array_walk(Array, Object(Closure))
#26 /var/www/TRDSv2_memo/vendor/laravel/framework/src/Illuminate/Foundation/Bootstrap/BootProviders.php(17): Illuminate\\Foundation\\Application->boot()
#27 /var/www/TRDSv2_memo/vendor/laravel/framework/src/Illuminate/Foundation/Application.php(210): Illuminate\\Foundation\\Bootstrap\\BootProviders->bootstrap(Object(Illuminate\\Foundation\\Application))
#28 /var/www/TRDSv2_memo/vendor/laravel/framework/src/Illuminate/Foundation/Http/Kernel.php(162): Illuminate\\Foundation\\Application->bootstrapWith(Array)
#29 /var/www/TRDSv2_memo/vendor/laravel/framework/src/Illuminate/Foundation/Http/Kernel.php(146): Illuminate\\Foundation\\Http\\Kernel->bootstrap()
#30 /var/www/TRDSv2_memo/vendor/laravel/framework/src/Illuminate/Foundation/Http/Kernel.php(116): Illuminate\\Foundation\\Http\\Kernel->sendRequestThroughRouter(Object(Illuminate\\Http\\Request))
#31 /var/www/TRDSv2_memo/index.php(55): Illuminate\\Foundation\\Http\\Kernel->handle(Object(Illuminate\\Http\\Request))
#32 {main}
"} 
[2026-03-03 08:18:51] local.ERROR: Attribute [controller] does not exist. {"exception":"[object] (InvalidArgumentException(code: 0): Attribute [controller] does not exist. at /var/www/TRDSv2_memo/vendor/laravel/framework/src/Illuminate/Routing/RouteRegistrar.php:92)
[stacktrace]
#0 /var/www/TRDSv2_memo/vendor/laravel/framework/src/Illuminate/Routing/Router.php(1275): Illuminate\\Routing\\RouteRegistrar->attribute('controller', 'App\\\\Http\\\\Contro...')
#1 /var/www/TRDSv2_memo/vendor/laravel/framework/src/Illuminate/Support/Facades/Facade.php(239): Illuminate\\Routing\\Router->__call('controller', Array)
#2 /var/www/TRDSv2_memo/routes/web.php(32): Illuminate\\Support\\Facades\\Facade::__callStatic('controller', Array)
#3 /var/www/TRDSv2_memo/vendor/laravel/framework/src/Illuminate/Routing/RouteFileRegistrar.php(35): require('/var/www/TRDSv2...')
#4 /var/www/TRDSv2_memo/vendor/laravel/framework/src/Illuminate/Routing/Router.php(415): Illuminate\\Routing\\RouteFileRegistrar->register('/var/www/TRDSv2...')
#5 /var/www/TRDSv2_memo/vendor/laravel/framework/src/Illuminate/Routing/Router.php(373): Illuminate\\Routing\\Router->loadRoutes('/var/www/TRDSv2...')
#6 /var/www/TRDSv2_memo/vendor/laravel/framework/src/Illuminate/Routing/RouteRegistrar.php(121): Illuminate\\Routing\\Router->group(Array, '/var/www/TRDSv2...')
#7 /var/www/TRDSv2_memo/app/Providers/RouteServiceProvider.php(56): Illuminate\\Routing\\RouteRegistrar->group('/var/www/TRDSv2...')
#8 /var/www/TRDSv2_memo/app/Providers/RouteServiceProvider.php(40): App\\Providers\\RouteServiceProvider->mapWebRoutes()
#9 [internal function]: App\\Providers\\RouteServiceProvider->map()
#10 /var/www/TRDSv2_memo/vendor/laravel/framework/src/Illuminate/Container/BoundMethod.php(32): call_user_func_array(Array, Array)
#11 /var/www/TRDSv2_memo/vendor/laravel/framework/src/Illuminate/Container/BoundMethod.php(90): Illuminate\\Container\\BoundMethod::Illuminate\\Container\\{closure}()
#12 /var/www/TRDSv2_memo/vendor/laravel/framework/src/Illuminate/Container/BoundMethod.php(34): Illuminate\\Container\\BoundMethod::callBoundMethod(Object(Illuminate\\Foundation\\Application), Array, Object(Closure))
#13 /var/www/TRDSv2_memo/vendor/laravel/framework/src/Illuminate/Container/Container.php(576): Illuminate\\Container\\BoundMethod::call(Object(Illuminate\\Foundation\\Application), Array, Array, NULL)
#14 /var/www/TRDSv2_memo/vendor/laravel/framework/src/Illuminate/Foundation/Support/Providers/RouteServiceProvider.php(87): Illuminate\\Container\\Container->call(Array)
#15 /var/www/TRDSv2_memo/vendor/laravel/framework/src/Illuminate/Foundation/Support/Providers/RouteServiceProvider.php(36): Illuminate\\Foundation\\Support\\Providers\\RouteServiceProvider->loadRoutes()
#16 /var/www/TRDSv2_memo/app/Providers/RouteServiceProvider.php(28): Illuminate\\Foundation\\Support\\Providers\\RouteServiceProvider->boot()
#17 [internal function]: App\\Providers\\RouteServiceProvider->boot()
#18 /var/www/TRDSv2_memo/vendor/laravel/framework/src/Illuminate/Container/BoundMethod.php(32): call_user_func_array(Array, Array)
#19 /var/www/TRDSv2_memo/vendor/laravel/framework/src/Illuminate/Container/BoundMethod.php(90): Illuminate\\Container\\BoundMethod::Illuminate\\Container\\{closure}()
#20 /var/www/TRDSv2_memo/vendor/laravel/framework/src/Illuminate/Container/BoundMethod.php(34): Illuminate\\Container\\BoundMethod::callBoundMethod(Object(Illuminate\\Foundation\\Application), Array, Object(Closure))
#21 /var/www/TRDSv2_memo/vendor/laravel/framework/src/Illuminate/Container/Container.php(576): Illuminate\\Container\\BoundMethod::call(Object(Illuminate\\Foundation\\Application), Array, Array, NULL)
#22 /var/www/TRDSv2_memo/vendor/laravel/framework/src/Illuminate/Foundation/Application.php(827): Illuminate\\Container\\Container->call(Array)
#23 /var/www/TRDSv2_memo/vendor/laravel/framework/src/Illuminate/Foundation/Application.php(810): Illuminate\\Foundation\\Application->bootProvider(Object(App\\Providers\\RouteServiceProvider))
#24 [internal function]: Illuminate\\Foundation\\Application->Illuminate\\Foundation\\{closure}(Object(App\\Providers\\RouteServiceProvider), 22)
#25 /var/www/TRDSv2_memo/vendor/laravel/framework/src/Illuminate/Foundation/Application.php(811): array_walk(Array, Object(Closure))
#26 /var/www/TRDSv2_memo/vendor/laravel/framework/src/Illuminate/Foundation/Bootstrap/BootProviders.php(17): Illuminate\\Foundation\\Application->boot()
#27 /var/www/TRDSv2_memo/vendor/laravel/framework/src/Illuminate/Foundation/Application.php(210): Illuminate\\Foundation\\Bootstrap\\BootProviders->bootstrap(Object(Illuminate\\Foundation\\Application))
#28 /var/www/TRDSv2_memo/vendor/laravel/framework/src/Illuminate/Foundation/Http/Kernel.php(162): Illuminate\\Foundation\\Application->bootstrapWith(Array)
#29 /var/www/TRDSv2_memo/vendor/laravel/framework/src/Illuminate/Foundation/Http/Kernel.php(146): Illuminate\\Foundation\\Http\\Kernel->bootstrap()
#30 /var/www/TRDSv2_memo/vendor/laravel/framework/src/Illuminate/Foundation/Http/Kernel.php(116): Illuminate\\Foundation\\Http\\Kernel->sendRequestThroughRouter(Object(Illuminate\\Http\\Request))
#31 /var/www/TRDSv2_memo/index.php(55): Illuminate\\Foundation\\Http\\Kernel->handle(Object(Illuminate\\Http\\Request))
#32 {main}
"} 
[2026-03-03 08:18:51] local.ERROR: Attribute [controller] does not exist. {"exception":"[object] (InvalidArgumentException(code: 0): Attribute [controller] does not exist. at /var/www/TRDSv2_memo/vendor/laravel/framework/src/Illuminate/Routing/RouteRegistrar.php:92)
[stacktrace]
#0 /var/www/TRDSv2_memo/vendor/laravel/framework/src/Illuminate/Routing/Router.php(1275): Illuminate\\Routing\\RouteRegistrar->attribute('controller', 'App\\\\Http\\\\Contro...')
#1 /var/www/TRDSv2_memo/vendor/laravel/framework/src/Illuminate/Support/Facades/Facade.php(239): Illuminate\\Routing\\Router->__call('controller', Array)
#2 /var/www/TRDSv2_memo/routes/web.php(32): Illuminate\\Support\\Facades\\Facade::__callStatic('controller', Array)
#3 /var/www/TRDSv2_memo/vendor/laravel/framework/src/Illuminate/Routing/RouteFileRegistrar.php(35): require('/var/www/TRDSv2...')
#4 /var/www/TRDSv2_memo/vendor/laravel/framework/src/Illuminate/Routing/Router.php(415): Illuminate\\Routing\\RouteFileRegistrar->register('/var/www/TRDSv2...')
#5 /var/www/TRDSv2_memo/vendor/laravel/framework/src/Illuminate/Routing/Router.php(373): Illuminate\\Routing\\Router->loadRoutes('/var/www/TRDSv2...')
#6 /var/www/TRDSv2_memo/vendor/laravel/framework/src/Illuminate/Routing/RouteRegistrar.php(121): Illuminate\\Routing\\Router->group(Array, '/var/www/TRDSv2...')
#7 /var/www/TRDSv2_memo/app/Providers/RouteServiceProvider.php(56): Illuminate\\Routing\\RouteRegistrar->group('/var/www/TRDSv2...')
#8 /var/www/TRDSv2_memo/app/Providers/RouteServiceProvider.php(40): App\\Providers\\RouteServiceProvider->mapWebRoutes()
#9 [internal function]: App\\Providers\\RouteServiceProvider->map()
#10 /var/www/TRDSv2_memo/vendor/laravel/framework/src/Illuminate/Container/BoundMethod.php(32): call_user_func_array(Array, Array)
#11 /var/www/TRDSv2_memo/vendor/laravel/framework/src/Illuminate/Container/BoundMethod.php(90): Illuminate\\Container\\BoundMethod::Illuminate\\Container\\{closure}()
#12 /var/www/TRDSv2_memo/vendor/laravel/framework/src/Illuminate/Container/BoundMethod.php(34): Illuminate\\Container\\BoundMethod::callBoundMethod(Object(Illuminate\\Foundation\\Application), Array, Object(Closure))
#13 /var/www/TRDSv2_memo/vendor/laravel/framework/src/Illuminate/Container/Container.php(576): Illuminate\\Container\\BoundMethod::call(Object(Illuminate\\Foundation\\Application), Array, Array, NULL)
#14 /var/www/TRDSv2_memo/vendor/laravel/framework/src/Illuminate/Foundation/Support/Providers/RouteServiceProvider.php(87): Illuminate\\Container\\Container->call(Array)
#15 /var/www/TRDSv2_memo/vendor/laravel/framework/src/Illuminate/Foundation/Support/Providers/RouteServiceProvider.php(36): Illuminate\\Foundation\\Support\\Providers\\RouteServiceProvider->loadRoutes()
#16 /var/www/TRDSv2_memo/app/Providers/RouteServiceProvider.php(28): Illuminate\\Foundation\\Support\\Providers\\RouteServiceProvider->boot()
#17 [internal function]: App\\Providers\\RouteServiceProvider->boot()
#18 /var/www/TRDSv2_memo/vendor/laravel/framework/src/Illuminate/Container/BoundMethod.php(32): call_user_func_array(Array, Array)
#19 /var/www/TRDSv2_memo/vendor/laravel/framework/src/Illuminate/Container/BoundMethod.php(90): Illuminate\\Container\\BoundMethod::Illuminate\\Container\\{closure}()
#20 /var/www/TRDSv2_memo/vendor/laravel/framework/src/Illuminate/Container/BoundMethod.php(34): Illuminate\\Container\\BoundMethod::callBoundMethod(Object(Illuminate\\Foundation\\Application), Array, Object(Closure))
#21 /var/www/TRDSv2_memo/vendor/laravel/framework/src/Illuminate/Container/Container.php(576): Illuminate\\Container\\BoundMethod::call(Object(Illuminate\\Foundation\\Application), Array, Array, NULL)
#22 /var/www/TRDSv2_memo/vendor/laravel/framework/src/Illuminate/Foundation/Application.php(827): Illuminate\\Container\\Container->call(Array)
#23 /var/www/TRDSv2_memo/vendor/laravel/framework/src/Illuminate/Foundation/Application.php(810): Illuminate\\Foundation\\Application->bootProvider(Object(App\\Providers\\RouteServiceProvider))
#24 [internal function]: Illuminate\\Foundation\\Application->Illuminate\\Foundation\\{closure}(Object(App\\Providers\\RouteServiceProvider), 22)
#25 /var/www/TRDSv2_memo/vendor/laravel/framework/src/Illuminate/Foundation/Application.php(811): array_walk(Array, Object(Closure))
#26 /var/www/TRDSv2_memo/vendor/laravel/framework/src/Illuminate/Foundation/Bootstrap/BootProviders.php(17): Illuminate\\Foundation\\Application->boot()
#27 /var/www/TRDSv2_memo/vendor/laravel/framework/src/Illuminate/Foundation/Application.php(210): Illuminate\\Foundation\\Bootstrap\\BootProviders->bootstrap(Object(Illuminate\\Foundation\\Application))
#28 /var/www/TRDSv2_memo/vendor/laravel/framework/src/Illuminate/Foundation/Http/Kernel.php(162): Illuminate\\Foundation\\Application->bootstrapWith(Array)
#29 /var/www/TRDSv2_memo/vendor/laravel/framework/src/Illuminate/Foundation/Http/Kernel.php(146): Illuminate\\Foundation\\Http\\Kernel->bootstrap()
#30 /var/www/TRDSv2_memo/vendor/laravel/framework/src/Illuminate/Foundation/Http/Kernel.php(116): Illuminate\\Foundation\\Http\\Kernel->sendRequestThroughRouter(Object(Illuminate\\Http\\Request))
#31 /var/www/TRDSv2_memo/index.php(55): Illuminate\\Foundation\\Http\\Kernel->handle(Object(Illuminate\\Http\\Request))
#32 {main}
"} 
[2026-03-03 08:18:52] local.ERROR: Attribute [controller] does not exist. {"exception":"[object] (InvalidArgumentException(code: 0): Attribute [controller] does not exist. at /var/www/TRDSv2_memo/vendor/laravel/framework/src/Illuminate/Routing/RouteRegistrar.php:92)
[stacktrace]
#0 /var/www/TRDSv2_memo/vendor/laravel/framework/src/Illuminate/Routing/Router.php(1275): Illuminate\\Routing\\RouteRegistrar->attribute('controller', 'App\\\\Http\\\\Contro...')
#1 /var/www/TRDSv2_memo/vendor/laravel/framework/src/Illuminate/Support/Facades/Facade.php(239): Illuminate\\Routing\\Router->__call('controller', Array)
#2 /var/www/TRDSv2_memo/routes/web.php(32): Illuminate\\Support\\Facades\\Facade::__callStatic('controller', Array)
#3 /var/www/TRDSv2_memo/vendor/laravel/framework/src/Illuminate/Routing/RouteFileRegistrar.php(35): require('/var/www/TRDSv2...')
#4 /var/www/TRDSv2_memo/vendor/laravel/framework/src/Illuminate/Routing/Router.php(415): Illuminate\\Routing\\RouteFileRegistrar->register('/var/www/TRDSv2...')
#5 /var/www/TRDSv2_memo/vendor/laravel/framework/src/Illuminate/Routing/Router.php(373): Illuminate\\Routing\\Router->loadRoutes('/var/www/TRDSv2...')
#6 /var/www/TRDSv2_memo/vendor/laravel/framework/src/Illuminate/Routing/RouteRegistrar.php(121): Illuminate\\Routing\\Router->group(Array, '/var/www/TRDSv2...')
#7 /var/www/TRDSv2_memo/app/Providers/RouteServiceProvider.php(56): Illuminate\\Routing\\RouteRegistrar->group('/var/www/TRDSv2...')
#8 /var/www/TRDSv2_memo/app/Providers/RouteServiceProvider.php(40): App\\Providers\\RouteServiceProvider->mapWebRoutes()
#9 [internal function]: App\\Providers\\RouteServiceProvider->map()
#10 /var/www/TRDSv2_memo/vendor/laravel/framework/src/Illuminate/Container/BoundMethod.php(32): call_user_func_array(Array, Array)
#11 /var/www/TRDSv2_memo/vendor/laravel/framework/src/Illuminate/Container/BoundMethod.php(90): Illuminate\\Container\\BoundMethod::Illuminate\\Container\\{closure}()
#12 /var/www/TRDSv2_memo/vendor/laravel/framework/src/Illuminate/Container/BoundMethod.php(34): Illuminate\\Container\\BoundMethod::callBoundMethod(Object(Illuminate\\Foundation\\Application), Array, Object(Closure))
#13 /var/www/TRDSv2_memo/vendor/laravel/framework/src/Illuminate/Container/Container.php(576): Illuminate\\Container\\BoundMethod::call(Object(Illuminate\\Foundation\\Application), Array, Array, NULL)
#14 /var/www/TRDSv2_memo/vendor/laravel/framework/src/Illuminate/Foundation/Support/Providers/RouteServiceProvider.php(87): Illuminate\\Container\\Container->call(Array)
#15 /var/www/TRDSv2_memo/vendor/laravel/framework/src/Illuminate/Foundation/Support/Providers/RouteServiceProvider.php(36): Illuminate\\Foundation\\Support\\Providers\\RouteServiceProvider->loadRoutes()
#16 /var/www/TRDSv2_memo/app/Providers/RouteServiceProvider.php(28): Illuminate\\Foundation\\Support\\Providers\\RouteServiceProvider->boot()
#17 [internal function]: App\\Providers\\RouteServiceProvider->boot()
#18 /var/www/TRDSv2_memo/vendor/laravel/framework/src/Illuminate/Container/BoundMethod.php(32): call_user_func_array(Array, Array)
#19 /var/www/TRDSv2_memo/vendor/laravel/framework/src/Illuminate/Container/BoundMethod.php(90): Illuminate\\Container\\BoundMethod::Illuminate\\Container\\{closure}()
#20 /var/www/TRDSv2_memo/vendor/laravel/framework/src/Illuminate/Container/BoundMethod.php(34): Illuminate\\Container\\BoundMethod::callBoundMethod(Object(Illuminate\\Foundation\\Application), Array, Object(Closure))
#21 /var/www/TRDSv2_memo/vendor/laravel/framework/src/Illuminate/Container/Container.php(576): Illuminate\\Container\\BoundMethod::call(Object(Illuminate\\Foundation\\Application), Array, Array, NULL)
#22 /var/www/TRDSv2_memo/vendor/laravel/framework/src/Illuminate/Foundation/Application.php(827): Illuminate\\Container\\Container->call(Array)
#23 /var/www/TRDSv2_memo/vendor/laravel/framework/src/Illuminate/Foundation/Application.php(810): Illuminate\\Foundation\\Application->bootProvider(Object(App\\Providers\\RouteServiceProvider))
#24 [internal function]: Illuminate\\Foundation\\Application->Illuminate\\Foundation\\{closure}(Object(App\\Providers\\RouteServiceProvider), 22)
#25 /var/www/TRDSv2_memo/vendor/laravel/framework/src/Illuminate/Foundation/Application.php(811): array_walk(Array, Object(Closure))
#26 /var/www/TRDSv2_memo/vendor/laravel/framework/src/Illuminate/Foundation/Bootstrap/BootProviders.php(17): Illuminate\\Foundation\\Application->boot()
#27 /var/www/TRDSv2_memo/vendor/laravel/framework/src/Illuminate/Foundation/Application.php(210): Illuminate\\Foundation\\Bootstrap\\BootProviders->bootstrap(Object(Illuminate\\Foundation\\Application))
#28 /var/www/TRDSv2_memo/vendor/laravel/framework/src/Illuminate/Foundation/Http/Kernel.php(162): Illuminate\\Foundation\\Application->bootstrapWith(Array)
#29 /var/www/TRDSv2_memo/vendor/laravel/framework/src/Illuminate/Foundation/Http/Kernel.php(146): Illuminate\\Foundation\\Http\\Kernel->bootstrap()
#30 /var/www/TRDSv2_memo/vendor/laravel/framework/src/Illuminate/Foundation/Http/Kernel.php(116): Illuminate\\Foundation\\Http\\Kernel->sendRequestThroughRouter(Object(Illuminate\\Http\\Request))
#31 /var/www/TRDSv2_memo/index.php(55): Illuminate\\Foundation\\Http\\Kernel->handle(Object(Illuminate\\Http\\Request))
#32 {main}
"} 
[2026-03-03 08:18:52] local.ERROR: Attribute [controller] does not exist. {"exception":"[object] (InvalidArgumentException(code: 0): Attribute [controller] does not exist. at /var/www/TRDSv2_memo/vendor/laravel/framework/src/Illuminate/Routing/RouteRegistrar.php:92)
[stacktrace]
#0 /var/www/TRDSv2_memo/vendor/laravel/framework/src/Illuminate/Routing/Router.php(1275): Illuminate\\Routing\\RouteRegistrar->attribute('controller', 'App\\\\Http\\\\Contro...')
#1 /var/www/TRDSv2_memo/vendor/laravel/framework/src/Illuminate/Support/Facades/Facade.php(239): Illuminate\\Routing\\Router->__call('controller', Array)
#2 /var/www/TRDSv2_memo/routes/web.php(32): Illuminate\\Support\\Facades\\Facade::__callStatic('controller', Array)
#3 /var/www/TRDSv2_memo/vendor/laravel/framework/src/Illuminate/Routing/RouteFileRegistrar.php(35): require('/var/www/TRDSv2...')
#4 /var/www/TRDSv2_memo/vendor/laravel/framework/src/Illuminate/Routing/Router.php(415): Illuminate\\Routing\\RouteFileRegistrar->register('/var/www/TRDSv2...')
#5 /var/www/TRDSv2_memo/vendor/laravel/framework/src/Illuminate/Routing/Router.php(373): Illuminate\\Routing\\Router->loadRoutes('/var/www/TRDSv2...')
#6 /var/www/TRDSv2_memo/vendor/laravel/framework/src/Illuminate/Routing/RouteRegistrar.php(121): Illuminate\\Routing\\Router->group(Array, '/var/www/TRDSv2...')
#7 /var/www/TRDSv2_memo/app/Providers/RouteServiceProvider.php(56): Illuminate\\Routing\\RouteRegistrar->group('/var/www/TRDSv2...')
#8 /var/www/TRDSv2_memo/app/Providers/RouteServiceProvider.php(40): App\\Providers\\RouteServiceProvider->mapWebRoutes()
#9 [internal function]: App\\Providers\\RouteServiceProvider->map()
#10 /var/www/TRDSv2_memo/vendor/laravel/framework/src/Illuminate/Container/BoundMethod.php(32): call_user_func_array(Array, Array)
#11 /var/www/TRDSv2_memo/vendor/laravel/framework/src/Illuminate/Container/BoundMethod.php(90): Illuminate\\Container\\BoundMethod::Illuminate\\Container\\{closure}()
#12 /var/www/TRDSv2_memo/vendor/laravel/framework/src/Illuminate/Container/BoundMethod.php(34): Illuminate\\Container\\BoundMethod::callBoundMethod(Object(Illuminate\\Foundation\\Application), Array, Object(Closure))
#13 /var/www/TRDSv2_memo/vendor/laravel/framework/src/Illuminate/Container/Container.php(576): Illuminate\\Container\\BoundMethod::call(Object(Illuminate\\Foundation\\Application), Array, Array, NULL)
#14 /var/www/TRDSv2_memo/vendor/laravel/framework/src/Illuminate/Foundation/Support/Providers/RouteServiceProvider.php(87): Illuminate\\Container\\Container->call(Array)
#15 /var/www/TRDSv2_memo/vendor/laravel/framework/src/Illuminate/Foundation/Support/Providers/RouteServiceProvider.php(36): Illuminate\\Foundation\\Support\\Providers\\RouteServiceProvider->loadRoutes()
#16 /var/www/TRDSv2_memo/app/Providers/RouteServiceProvider.php(28): Illuminate\\Foundation\\Support\\Providers\\RouteServiceProvider->boot()
#17 [internal function]: App\\Providers\\RouteServiceProvider->boot()
#18 /var/www/TRDSv2_memo/vendor/laravel/framework/src/Illuminate/Container/BoundMethod.php(32): call_user_func_array(Array, Array)
#19 /var/www/TRDSv2_memo/vendor/laravel/framework/src/Illuminate/Container/BoundMethod.php(90): Illuminate\\Container\\BoundMethod::Illuminate\\Container\\{closure}()
#20 /var/www/TRDSv2_memo/vendor/laravel/framework/src/Illuminate/Container/BoundMethod.php(34): Illuminate\\Container\\BoundMethod::callBoundMethod(Object(Illuminate\\Foundation\\Application), Array, Object(Closure))
#21 /var/www/TRDSv2_memo/vendor/laravel/framework/src/Illuminate/Container/Container.php(576): Illuminate\\Container\\BoundMethod::call(Object(Illuminate\\Foundation\\Application), Array, Array, NULL)
#22 /var/www/TRDSv2_memo/vendor/laravel/framework/src/Illuminate/Foundation/Application.php(827): Illuminate\\Container\\Container->call(Array)
#23 /var/www/TRDSv2_memo/vendor/laravel/framework/src/Illuminate/Foundation/Application.php(810): Illuminate\\Foundation\\Application->bootProvider(Object(App\\Providers\\RouteServiceProvider))
#24 [internal function]: Illuminate\\Foundation\\Application->Illuminate\\Foundation\\{closure}(Object(App\\Providers\\RouteServiceProvider), 22)
#25 /var/www/TRDSv2_memo/vendor/laravel/framework/src/Illuminate/Foundation/Application.php(811): array_walk(Array, Object(Closure))
#26 /var/www/TRDSv2_memo/vendor/laravel/framework/src/Illuminate/Foundation/Bootstrap/BootProviders.php(17): Illuminate\\Foundation\\Application->boot()
#27 /var/www/TRDSv2_memo/vendor/laravel/framework/src/Illuminate/Foundation/Application.php(210): Illuminate\\Foundation\\Bootstrap\\BootProviders->bootstrap(Object(Illuminate\\Foundation\\Application))
#28 /var/www/TRDSv2_memo/vendor/laravel/framework/src/Illuminate/Foundation/Http/Kernel.php(162): Illuminate\\Foundation\\Application->bootstrapWith(Array)
#29 /var/www/TRDSv2_memo/vendor/laravel/framework/src/Illuminate/Foundation/Http/Kernel.php(146): Illuminate\\Foundation\\Http\\Kernel->bootstrap()
#30 /var/www/TRDSv2_memo/vendor/laravel/framework/src/Illuminate/Foundation/Http/Kernel.php(116): Illuminate\\Foundation\\Http\\Kernel->sendRequestThroughRouter(Object(Illuminate\\Http\\Request))
#31 /var/www/TRDSv2_memo/index.php(55): Illuminate\\Foundation\\Http\\Kernel->handle(Object(Illuminate\\Http\\Request))
#32 {main}
"} 
[2026-03-03 08:18:52] local.ERROR: Attribute [controller] does not exist. {"exception":"[object] (InvalidArgumentException(code: 0): Attribute [controller] does not exist. at /var/www/TRDSv2_memo/vendor/laravel/framework/src/Illuminate/Routing/RouteRegistrar.php:92)
[stacktrace]
#0 /var/www/TRDSv2_memo/vendor/laravel/framework/src/Illuminate/Routing/Router.php(1275): Illuminate\\Routing\\RouteRegistrar->attribute('controller', 'App\\\\Http\\\\Contro...')
#1 /var/www/TRDSv2_memo/vendor/laravel/framework/src/Illuminate/Support/Facades/Facade.php(239): Illuminate\\Routing\\Router->__call('controller', Array)
#2 /var/www/TRDSv2_memo/routes/web.php(32): Illuminate\\Support\\Facades\\Facade::__callStatic('controller', Array)
#3 /var/www/TRDSv2_memo/vendor/laravel/framework/src/Illuminate/Routing/RouteFileRegistrar.php(35): require('/var/www/TRDSv2...')
#4 /var/www/TRDSv2_memo/vendor/laravel/framework/src/Illuminate/Routing/Router.php(415): Illuminate\\Routing\\RouteFileRegistrar->register('/var/www/TRDSv2...')
#5 /var/www/TRDSv2_memo/vendor/laravel/framework/src/Illuminate/Routing/Router.php(373): Illuminate\\Routing\\Router->loadRoutes('/var/www/TRDSv2...')
#6 /var/www/TRDSv2_memo/vendor/laravel/framework/src/Illuminate/Routing/RouteRegistrar.php(121): Illuminate\\Routing\\Router->group(Array, '/var/www/TRDSv2...')
#7 /var/www/TRDSv2_memo/app/Providers/RouteServiceProvider.php(56): Illuminate\\Routing\\RouteRegistrar->group('/var/www/TRDSv2...')
#8 /var/www/TRDSv2_memo/app/Providers/RouteServiceProvider.php(40): App\\Providers\\RouteServiceProvider->mapWebRoutes()
#9 [internal function]: App\\Providers\\RouteServiceProvider->map()
#10 /var/www/TRDSv2_memo/vendor/laravel/framework/src/Illuminate/Container/BoundMethod.php(32): call_user_func_array(Array, Array)
#11 /var/www/TRDSv2_memo/vendor/laravel/framework/src/Illuminate/Container/BoundMethod.php(90): Illuminate\\Container\\BoundMethod::Illuminate\\Container\\{closure}()
#12 /var/www/TRDSv2_memo/vendor/laravel/framework/src/Illuminate/Container/BoundMethod.php(34): Illuminate\\Container\\BoundMethod::callBoundMethod(Object(Illuminate\\Foundation\\Application), Array, Object(Closure))
#13 /var/www/TRDSv2_memo/vendor/laravel/framework/src/Illuminate/Container/Container.php(576): Illuminate\\Container\\BoundMethod::call(Object(Illuminate\\Foundation\\Application), Array, Array, NULL)
#14 /var/www/TRDSv2_memo/vendor/laravel/framework/src/Illuminate/Foundation/Support/Providers/RouteServiceProvider.php(87): Illuminate\\Container\\Container->call(Array)
#15 /var/www/TRDSv2_memo/vendor/laravel/framework/src/Illuminate/Foundation/Support/Providers/RouteServiceProvider.php(36): Illuminate\\Foundation\\Support\\Providers\\RouteServiceProvider->loadRoutes()
#16 /var/www/TRDSv2_memo/app/Providers/RouteServiceProvider.php(28): Illuminate\\Foundation\\Support\\Providers\\RouteServiceProvider->boot()
#17 [internal function]: App\\Providers\\RouteServiceProvider->boot()
#18 /var/www/TRDSv2_memo/vendor/laravel/framework/src/Illuminate/Container/BoundMethod.php(32): call_user_func_array(Array, Array)
#19 /var/www/TRDSv2_memo/vendor/laravel/framework/src/Illuminate/Container/BoundMethod.php(90): Illuminate\\Container\\BoundMethod::Illuminate\\Container\\{closure}()
#20 /var/www/TRDSv2_memo/vendor/laravel/framework/src/Illuminate/Container/BoundMethod.php(34): Illuminate\\Container\\BoundMethod::callBoundMethod(Object(Illuminate\\Foundation\\Application), Array, Object(Closure))
#21 /var/www/TRDSv2_memo/vendor/laravel/framework/src/Illuminate/Container/Container.php(576): Illuminate\\Container\\BoundMethod::call(Object(Illuminate\\Foundation\\Application), Array, Array, NULL)
#22 /var/www/TRDSv2_memo/vendor/laravel/framework/src/Illuminate/Foundation/Application.php(827): Illuminate\\Container\\Container->call(Array)
#23 /var/www/TRDSv2_memo/vendor/laravel/framework/src/Illuminate/Foundation/Application.php(810): Illuminate\\Foundation\\Application->bootProvider(Object(App\\Providers\\RouteServiceProvider))
#24 [internal function]: Illuminate\\Foundation\\Application->Illuminate\\Foundation\\{closure}(Object(App\\Providers\\RouteServiceProvider), 22)
#25 /var/www/TRDSv2_memo/vendor/laravel/framework/src/Illuminate/Foundation/Application.php(811): array_walk(Array, Object(Closure))
#26 /var/www/TRDSv2_memo/vendor/laravel/framework/src/Illuminate/Foundation/Bootstrap/BootProviders.php(17): Illuminate\\Foundation\\Application->boot()
#27 /var/www/TRDSv2_memo/vendor/laravel/framework/src/Illuminate/Foundation/Application.php(210): Illuminate\\Foundation\\Bootstrap\\BootProviders->bootstrap(Object(Illuminate\\Foundation\\Application))
#28 /var/www/TRDSv2_memo/vendor/laravel/framework/src/Illuminate/Foundation/Http/Kernel.php(162): Illuminate\\Foundation\\Application->bootstrapWith(Array)
#29 /var/www/TRDSv2_memo/vendor/laravel/framework/src/Illuminate/Foundation/Http/Kernel.php(146): Illuminate\\Foundation\\Http\\Kernel->bootstrap()
#30 /var/www/TRDSv2_memo/vendor/laravel/framework/src/Illuminate/Foundation/Http/Kernel.php(116): Illuminate\\Foundation\\Http\\Kernel->sendRequestThroughRouter(Object(Illuminate\\Http\\Request))
#31 /var/www/TRDSv2_memo/index.php(55): Illuminate\\Foundation\\Http\\Kernel->handle(Object(Illuminate\\Http\\Request))
#32 {main}
"} 
[2026-03-03 08:21:42] local.ERROR: Attribute [controller] does not exist. {"exception":"[object] (InvalidArgumentException(code: 0): Attribute [controller] does not exist. at /var/www/TRDSv2_memo/vendor/laravel/framework/src/Illuminate/Routing/RouteRegistrar.php:92)
[stacktrace]
#0 /var/www/TRDSv2_memo/vendor/laravel/framework/src/Illuminate/Routing/Router.php(1275): Illuminate\\Routing\\RouteRegistrar->attribute('controller', 'App\\\\Http\\\\Contro...')
#1 /var/www/TRDSv2_memo/vendor/laravel/framework/src/Illuminate/Support/Facades/Facade.php(239): Illuminate\\Routing\\Router->__call('controller', Array)
#2 /var/www/TRDSv2_memo/routes/web.php(33): Illuminate\\Support\\Facades\\Facade::__callStatic('controller', Array)
#3 /var/www/TRDSv2_memo/vendor/laravel/framework/src/Illuminate/Routing/RouteFileRegistrar.php(35): require('/var/www/TRDSv2...')
#4 /var/www/TRDSv2_memo/vendor/laravel/framework/src/Illuminate/Routing/Router.php(415): Illuminate\\Routing\\RouteFileRegistrar->register('/var/www/TRDSv2...')
#5 /var/www/TRDSv2_memo/vendor/laravel/framework/src/Illuminate/Routing/Router.php(373): Illuminate\\Routing\\Router->loadRoutes('/var/www/TRDSv2...')
#6 /var/www/TRDSv2_memo/vendor/laravel/framework/src/Illuminate/Routing/RouteRegistrar.php(121): Illuminate\\Routing\\Router->group(Array, '/var/www/TRDSv2...')
#7 /var/www/TRDSv2_memo/app/Providers/RouteServiceProvider.php(56): Illuminate\\Routing\\RouteRegistrar->group('/var/www/TRDSv2...')
#8 /var/www/TRDSv2_memo/app/Providers/RouteServiceProvider.php(40): App\\Providers\\RouteServiceProvider->mapWebRoutes()
#9 [internal function]: App\\Providers\\RouteServiceProvider->map()
#10 /var/www/TRDSv2_memo/vendor/laravel/framework/src/Illuminate/Container/BoundMethod.php(32): call_user_func_array(Array, Array)
#11 /var/www/TRDSv2_memo/vendor/laravel/framework/src/Illuminate/Container/BoundMethod.php(90): Illuminate\\Container\\BoundMethod::Illuminate\\Container\\{closure}()
#12 /var/www/TRDSv2_memo/vendor/laravel/framework/src/Illuminate/Container/BoundMethod.php(34): Illuminate\\Container\\BoundMethod::callBoundMethod(Object(Illuminate\\Foundation\\Application), Array, Object(Closure))
#13 /var/www/TRDSv2_memo/vendor/laravel/framework/src/Illuminate/Container/Container.php(576): Illuminate\\Container\\BoundMethod::call(Object(Illuminate\\Foundation\\Application), Array, Array, NULL)
#14 /var/www/TRDSv2_memo/vendor/laravel/framework/src/Illuminate/Foundation/Support/Providers/RouteServiceProvider.php(87): Illuminate\\Container\\Container->call(Array)
#15 /var/www/TRDSv2_memo/vendor/laravel/framework/src/Illuminate/Foundation/Support/Providers/RouteServiceProvider.php(36): Illuminate\\Foundation\\Support\\Providers\\RouteServiceProvider->loadRoutes()
#16 /var/www/TRDSv2_memo/app/Providers/RouteServiceProvider.php(28): Illuminate\\Foundation\\Support\\Providers\\RouteServiceProvider->boot()
#17 [internal function]: App\\Providers\\RouteServiceProvider->boot()
#18 /var/www/TRDSv2_memo/vendor/laravel/framework/src/Illuminate/Container/BoundMethod.php(32): call_user_func_array(Array, Array)
#19 /var/www/TRDSv2_memo/vendor/laravel/framework/src/Illuminate/Container/BoundMethod.php(90): Illuminate\\Container\\BoundMethod::Illuminate\\Container\\{closure}()
#20 /var/www/TRDSv2_memo/vendor/laravel/framework/src/Illuminate/Container/BoundMethod.php(34): Illuminate\\Container\\BoundMethod::callBoundMethod(Object(Illuminate\\Foundation\\Application), Array, Object(Closure))
#21 /var/www/TRDSv2_memo/vendor/laravel/framework/src/Illuminate/Container/Container.php(576): Illuminate\\Container\\BoundMethod::call(Object(Illuminate\\Foundation\\Application), Array, Array, NULL)
#22 /var/www/TRDSv2_memo/vendor/laravel/framework/src/Illuminate/Foundation/Application.php(827): Illuminate\\Container\\Container->call(Array)
#23 /var/www/TRDSv2_memo/vendor/laravel/framework/src/Illuminate/Foundation/Application.php(810): Illuminate\\Foundation\\Application->bootProvider(Object(App\\Providers\\RouteServiceProvider))
#24 [internal function]: Illuminate\\Foundation\\Application->Illuminate\\Foundation\\{closure}(Object(App\\Providers\\RouteServiceProvider), 22)
#25 /var/www/TRDSv2_memo/vendor/laravel/framework/src/Illuminate/Foundation/Application.php(811): array_walk(Array, Object(Closure))
#26 /var/www/TRDSv2_memo/vendor/laravel/framework/src/Illuminate/Foundation/Bootstrap/BootProviders.php(17): Illuminate\\Foundation\\Application->boot()
#27 /var/www/TRDSv2_memo/vendor/laravel/framework/src/Illuminate/Foundation/Application.php(210): Illuminate\\Foundation\\Bootstrap\\BootProviders->bootstrap(Object(Illuminate\\Foundation\\Application))
#28 /var/www/TRDSv2_memo/vendor/laravel/framework/src/Illuminate/Foundation/Http/Kernel.php(162): Illuminate\\Foundation\\Application->bootstrapWith(Array)
#29 /var/www/TRDSv2_memo/vendor/laravel/framework/src/Illuminate/Foundation/Http/Kernel.php(146): Illuminate\\Foundation\\Http\\Kernel->bootstrap()
#30 /var/www/TRDSv2_memo/vendor/laravel/framework/src/Illuminate/Foundation/Http/Kernel.php(116): Illuminate\\Foundation\\Http\\Kernel->sendRequestThroughRouter(Object(Illuminate\\Http\\Request))
#31 /var/www/TRDSv2_memo/index.php(55): Illuminate\\Foundation\\Http\\Kernel->handle(Object(Illuminate\\Http\\Request))
#32 {main}
"} 
[2026-03-03 08:21:42] local.ERROR: Attribute [controller] does not exist. {"exception":"[object] (InvalidArgumentException(code: 0): Attribute [controller] does not exist. at /var/www/TRDSv2_memo/vendor/laravel/framework/src/Illuminate/Routing/RouteRegistrar.php:92)
[stacktrace]
#0 /var/www/TRDSv2_memo/vendor/laravel/framework/src/Illuminate/Routing/Router.php(1275): Illuminate\\Routing\\RouteRegistrar->attribute('controller', 'App\\\\Http\\\\Contro...')
#1 /var/www/TRDSv2_memo/vendor/laravel/framework/src/Illuminate/Support/Facades/Facade.php(239): Illuminate\\Routing\\Router->__call('controller', Array)
#2 /var/www/TRDSv2_memo/routes/web.php(33): Illuminate\\Support\\Facades\\Facade::__callStatic('controller', Array)
#3 /var/www/TRDSv2_memo/vendor/laravel/framework/src/Illuminate/Routing/RouteFileRegistrar.php(35): require('/var/www/TRDSv2...')
#4 /var/www/TRDSv2_memo/vendor/laravel/framework/src/Illuminate/Routing/Router.php(415): Illuminate\\Routing\\RouteFileRegistrar->register('/var/www/TRDSv2...')
#5 /var/www/TRDSv2_memo/vendor/laravel/framework/src/Illuminate/Routing/Router.php(373): Illuminate\\Routing\\Router->loadRoutes('/var/www/TRDSv2...')
#6 /var/www/TRDSv2_memo/vendor/laravel/framework/src/Illuminate/Routing/RouteRegistrar.php(121): Illuminate\\Routing\\Router->group(Array, '/var/www/TRDSv2...')
#7 /var/www/TRDSv2_memo/app/Providers/RouteServiceProvider.php(56): Illuminate\\Routing\\RouteRegistrar->group('/var/www/TRDSv2...')
#8 /var/www/TRDSv2_memo/app/Providers/RouteServiceProvider.php(40): App\\Providers\\RouteServiceProvider->mapWebRoutes()
#9 [internal function]: App\\Providers\\RouteServiceProvider->map()
#10 /var/www/TRDSv2_memo/vendor/laravel/framework/src/Illuminate/Container/BoundMethod.php(32): call_user_func_array(Array, Array)
#11 /var/www/TRDSv2_memo/vendor/laravel/framework/src/Illuminate/Container/BoundMethod.php(90): Illuminate\\Container\\BoundMethod::Illuminate\\Container\\{closure}()
#12 /var/www/TRDSv2_memo/vendor/laravel/framework/src/Illuminate/Container/BoundMethod.php(34): Illuminate\\Container\\BoundMethod::callBoundMethod(Object(Illuminate\\Foundation\\Application), Array, Object(Closure))
#13 /var/www/TRDSv2_memo/vendor/laravel/framework/src/Illuminate/Container/Container.php(576): Illuminate\\Container\\BoundMethod::call(Object(Illuminate\\Foundation\\Application), Array, Array, NULL)
#14 /var/www/TRDSv2_memo/vendor/laravel/framework/src/Illuminate/Foundation/Support/Providers/RouteServiceProvider.php(87): Illuminate\\Container\\Container->call(Array)
#15 /var/www/TRDSv2_memo/vendor/laravel/framework/src/Illuminate/Foundation/Support/Providers/RouteServiceProvider.php(36): Illuminate\\Foundation\\Support\\Providers\\RouteServiceProvider->loadRoutes()
#16 /var/www/TRDSv2_memo/app/Providers/RouteServiceProvider.php(28): Illuminate\\Foundation\\Support\\Providers\\RouteServiceProvider->boot()
#17 [internal function]: App\\Providers\\RouteServiceProvider->boot()
#18 /var/www/TRDSv2_memo/vendor/laravel/framework/src/Illuminate/Container/BoundMethod.php(32): call_user_func_array(Array, Array)
#19 /var/www/TRDSv2_memo/vendor/laravel/framework/src/Illuminate/Container/BoundMethod.php(90): Illuminate\\Container\\BoundMethod::Illuminate\\Container\\{closure}()
#20 /var/www/TRDSv2_memo/vendor/laravel/framework/src/Illuminate/Container/BoundMethod.php(34): Illuminate\\Container\\BoundMethod::callBoundMethod(Object(Illuminate\\Foundation\\Application), Array, Object(Closure))
#21 /var/www/TRDSv2_memo/vendor/laravel/framework/src/Illuminate/Container/Container.php(576): Illuminate\\Container\\BoundMethod::call(Object(Illuminate\\Foundation\\Application), Array, Array, NULL)
#22 /var/www/TRDSv2_memo/vendor/laravel/framework/src/Illuminate/Foundation/Application.php(827): Illuminate\\Container\\Container->call(Array)
#23 /var/www/TRDSv2_memo/vendor/laravel/framework/src/Illuminate/Foundation/Application.php(810): Illuminate\\Foundation\\Application->bootProvider(Object(App\\Providers\\RouteServiceProvider))
#24 [internal function]: Illuminate\\Foundation\\Application->Illuminate\\Foundation\\{closure}(Object(App\\Providers\\RouteServiceProvider), 22)
#25 /var/www/TRDSv2_memo/vendor/laravel/framework/src/Illuminate/Foundation/Application.php(811): array_walk(Array, Object(Closure))
#26 /var/www/TRDSv2_memo/vendor/laravel/framework/src/Illuminate/Foundation/Bootstrap/BootProviders.php(17): Illuminate\\Foundation\\Application->boot()
#27 /var/www/TRDSv2_memo/vendor/laravel/framework/src/Illuminate/Foundation/Application.php(210): Illuminate\\Foundation\\Bootstrap\\BootProviders->bootstrap(Object(Illuminate\\Foundation\\Application))
#28 /var/www/TRDSv2_memo/vendor/laravel/framework/src/Illuminate/Foundation/Http/Kernel.php(162): Illuminate\\Foundation\\Application->bootstrapWith(Array)
#29 /var/www/TRDSv2_memo/vendor/laravel/framework/src/Illuminate/Foundation/Http/Kernel.php(146): Illuminate\\Foundation\\Http\\Kernel->bootstrap()
#30 /var/www/TRDSv2_memo/vendor/laravel/framework/src/Illuminate/Foundation/Http/Kernel.php(116): Illuminate\\Foundation\\Http\\Kernel->sendRequestThroughRouter(Object(Illuminate\\Http\\Request))
#31 /var/www/TRDSv2_memo/index.php(55): Illuminate\\Foundation\\Http\\Kernel->handle(Object(Illuminate\\Http\\Request))
#32 {main}
"} 
[2026-03-03 08:21:43] local.ERROR: Attribute [controller] does not exist. {"exception":"[object] (InvalidArgumentException(code: 0): Attribute [controller] does not exist. at /var/www/TRDSv2_memo/vendor/laravel/framework/src/Illuminate/Routing/RouteRegistrar.php:92)
[stacktrace]
#0 /var/www/TRDSv2_memo/vendor/laravel/framework/src/Illuminate/Routing/Router.php(1275): Illuminate\\Routing\\RouteRegistrar->attribute('controller', 'App\\\\Http\\\\Contro...')
#1 /var/www/TRDSv2_memo/vendor/laravel/framework/src/Illuminate/Support/Facades/Facade.php(239): Illuminate\\Routing\\Router->__call('controller', Array)
#2 /var/www/TRDSv2_memo/routes/web.php(33): Illuminate\\Support\\Facades\\Facade::__callStatic('controller', Array)
#3 /var/www/TRDSv2_memo/vendor/laravel/framework/src/Illuminate/Routing/RouteFileRegistrar.php(35): require('/var/www/TRDSv2...')
#4 /var/www/TRDSv2_memo/vendor/laravel/framework/src/Illuminate/Routing/Router.php(415): Illuminate\\Routing\\RouteFileRegistrar->register('/var/www/TRDSv2...')
#5 /var/www/TRDSv2_memo/vendor/laravel/framework/src/Illuminate/Routing/Router.php(373): Illuminate\\Routing\\Router->loadRoutes('/var/www/TRDSv2...')
#6 /var/www/TRDSv2_memo/vendor/laravel/framework/src/Illuminate/Routing/RouteRegistrar.php(121): Illuminate\\Routing\\Router->group(Array, '/var/www/TRDSv2...')
#7 /var/www/TRDSv2_memo/app/Providers/RouteServiceProvider.php(56): Illuminate\\Routing\\RouteRegistrar->group('/var/www/TRDSv2...')
#8 /var/www/TRDSv2_memo/app/Providers/RouteServiceProvider.php(40): App\\Providers\\RouteServiceProvider->mapWebRoutes()
#9 [internal function]: App\\Providers\\RouteServiceProvider->map()
#10 /var/www/TRDSv2_memo/vendor/laravel/framework/src/Illuminate/Container/BoundMethod.php(32): call_user_func_array(Array, Array)
#11 /var/www/TRDSv2_memo/vendor/laravel/framework/src/Illuminate/Container/BoundMethod.php(90): Illuminate\\Container\\BoundMethod::Illuminate\\Container\\{closure}()
#12 /var/www/TRDSv2_memo/vendor/laravel/framework/src/Illuminate/Container/BoundMethod.php(34): Illuminate\\Container\\BoundMethod::callBoundMethod(Object(Illuminate\\Foundation\\Application), Array, Object(Closure))
#13 /var/www/TRDSv2_memo/vendor/laravel/framework/src/Illuminate/Container/Container.php(576): Illuminate\\Container\\BoundMethod::call(Object(Illuminate\\Foundation\\Application), Array, Array, NULL)
#14 /var/www/TRDSv2_memo/vendor/laravel/framework/src/Illuminate/Foundation/Support/Providers/RouteServiceProvider.php(87): Illuminate\\Container\\Container->call(Array)
#15 /var/www/TRDSv2_memo/vendor/laravel/framework/src/Illuminate/Foundation/Support/Providers/RouteServiceProvider.php(36): Illuminate\\Foundation\\Support\\Providers\\RouteServiceProvider->loadRoutes()
#16 /var/www/TRDSv2_memo/app/Providers/RouteServiceProvider.php(28): Illuminate\\Foundation\\Support\\Providers\\RouteServiceProvider->boot()
#17 [internal function]: App\\Providers\\RouteServiceProvider->boot()
#18 /var/www/TRDSv2_memo/vendor/laravel/framework/src/Illuminate/Container/BoundMethod.php(32): call_user_func_array(Array, Array)
#19 /var/www/TRDSv2_memo/vendor/laravel/framework/src/Illuminate/Container/BoundMethod.php(90): Illuminate\\Container\\BoundMethod::Illuminate\\Container\\{closure}()
#20 /var/www/TRDSv2_memo/vendor/laravel/framework/src/Illuminate/Container/BoundMethod.php(34): Illuminate\\Container\\BoundMethod::callBoundMethod(Object(Illuminate\\Foundation\\Application), Array, Object(Closure))
#21 /var/www/TRDSv2_memo/vendor/laravel/framework/src/Illuminate/Container/Container.php(576): Illuminate\\Container\\BoundMethod::call(Object(Illuminate\\Foundation\\Application), Array, Array, NULL)
#22 /var/www/TRDSv2_memo/vendor/laravel/framework/src/Illuminate/Foundation/Application.php(827): Illuminate\\Container\\Container->call(Array)
#23 /var/www/TRDSv2_memo/vendor/laravel/framework/src/Illuminate/Foundation/Application.php(810): Illuminate\\Foundation\\Application->bootProvider(Object(App\\Providers\\RouteServiceProvider))
#24 [internal function]: Illuminate\\Foundation\\Application->Illuminate\\Foundation\\{closure}(Object(App\\Providers\\RouteServiceProvider), 22)
#25 /var/www/TRDSv2_memo/vendor/laravel/framework/src/Illuminate/Foundation/Application.php(811): array_walk(Array, Object(Closure))
#26 /var/www/TRDSv2_memo/vendor/laravel/framework/src/Illuminate/Foundation/Bootstrap/BootProviders.php(17): Illuminate\\Foundation\\Application->boot()
#27 /var/www/TRDSv2_memo/vendor/laravel/framework/src/Illuminate/Foundation/Application.php(210): Illuminate\\Foundation\\Bootstrap\\BootProviders->bootstrap(Object(Illuminate\\Foundation\\Application))
#28 /var/www/TRDSv2_memo/vendor/laravel/framework/src/Illuminate/Foundation/Http/Kernel.php(162): Illuminate\\Foundation\\Application->bootstrapWith(Array)
#29 /var/www/TRDSv2_memo/vendor/laravel/framework/src/Illuminate/Foundation/Http/Kernel.php(146): Illuminate\\Foundation\\Http\\Kernel->bootstrap()
#30 /var/www/TRDSv2_memo/vendor/laravel/framework/src/Illuminate/Foundation/Http/Kernel.php(116): Illuminate\\Foundation\\Http\\Kernel->sendRequestThroughRouter(Object(Illuminate\\Http\\Request))
#31 /var/www/TRDSv2_memo/index.php(55): Illuminate\\Foundation\\Http\\Kernel->handle(Object(Illuminate\\Http\\Request))
#32 {main}
"} 
[2026-03-03 08:21:43] local.ERROR: Attribute [controller] does not exist. {"exception":"[object] (InvalidArgumentException(code: 0): Attribute [controller] does not exist. at /var/www/TRDSv2_memo/vendor/laravel/framework/src/Illuminate/Routing/RouteRegistrar.php:92)
[stacktrace]
#0 /var/www/TRDSv2_memo/vendor/laravel/framework/src/Illuminate/Routing/Router.php(1275): Illuminate\\Routing\\RouteRegistrar->attribute('controller', 'App\\\\Http\\\\Contro...')
#1 /var/www/TRDSv2_memo/vendor/laravel/framework/src/Illuminate/Support/Facades/Facade.php(239): Illuminate\\Routing\\Router->__call('controller', Array)
#2 /var/www/TRDSv2_memo/routes/web.php(33): Illuminate\\Support\\Facades\\Facade::__callStatic('controller', Array)
#3 /var/www/TRDSv2_memo/vendor/laravel/framework/src/Illuminate/Routing/RouteFileRegistrar.php(35): require('/var/www/TRDSv2...')
#4 /var/www/TRDSv2_memo/vendor/laravel/framework/src/Illuminate/Routing/Router.php(415): Illuminate\\Routing\\RouteFileRegistrar->register('/var/www/TRDSv2...')
#5 /var/www/TRDSv2_memo/vendor/laravel/framework/src/Illuminate/Routing/Router.php(373): Illuminate\\Routing\\Router->loadRoutes('/var/www/TRDSv2...')
#6 /var/www/TRDSv2_memo/vendor/laravel/framework/src/Illuminate/Routing/RouteRegistrar.php(121): Illuminate\\Routing\\Router->group(Array, '/var/www/TRDSv2...')
#7 /var/www/TRDSv2_memo/app/Providers/RouteServiceProvider.php(56): Illuminate\\Routing\\RouteRegistrar->group('/var/www/TRDSv2...')
#8 /var/www/TRDSv2_memo/app/Providers/RouteServiceProvider.php(40): App\\Providers\\RouteServiceProvider->mapWebRoutes()
#9 [internal function]: App\\Providers\\RouteServiceProvider->map()
#10 /var/www/TRDSv2_memo/vendor/laravel/framework/src/Illuminate/Container/BoundMethod.php(32): call_user_func_array(Array, Array)
#11 /var/www/TRDSv2_memo/vendor/laravel/framework/src/Illuminate/Container/BoundMethod.php(90): Illuminate\\Container\\BoundMethod::Illuminate\\Container\\{closure}()
#12 /var/www/TRDSv2_memo/vendor/laravel/framework/src/Illuminate/Container/BoundMethod.php(34): Illuminate\\Container\\BoundMethod::callBoundMethod(Object(Illuminate\\Foundation\\Application), Array, Object(Closure))
#13 /var/www/TRDSv2_memo/vendor/laravel/framework/src/Illuminate/Container/Container.php(576): Illuminate\\Container\\BoundMethod::call(Object(Illuminate\\Foundation\\Application), Array, Array, NULL)
#14 /var/www/TRDSv2_memo/vendor/laravel/framework/src/Illuminate/Foundation/Support/Providers/RouteServiceProvider.php(87): Illuminate\\Container\\Container->call(Array)
#15 /var/www/TRDSv2_memo/vendor/laravel/framework/src/Illuminate/Foundation/Support/Providers/RouteServiceProvider.php(36): Illuminate\\Foundation\\Support\\Providers\\RouteServiceProvider->loadRoutes()
#16 /var/www/TRDSv2_memo/app/Providers/RouteServiceProvider.php(28): Illuminate\\Foundation\\Support\\Providers\\RouteServiceProvider->boot()
#17 [internal function]: App\\Providers\\RouteServiceProvider->boot()
#18 /var/www/TRDSv2_memo/vendor/laravel/framework/src/Illuminate/Container/BoundMethod.php(32): call_user_func_array(Array, Array)
#19 /var/www/TRDSv2_memo/vendor/laravel/framework/src/Illuminate/Container/BoundMethod.php(90): Illuminate\\Container\\BoundMethod::Illuminate\\Container\\{closure}()
#20 /var/www/TRDSv2_memo/vendor/laravel/framework/src/Illuminate/Container/BoundMethod.php(34): Illuminate\\Container\\BoundMethod::callBoundMethod(Object(Illuminate\\Foundation\\Application), Array, Object(Closure))
#21 /var/www/TRDSv2_memo/vendor/laravel/framework/src/Illuminate/Container/Container.php(576): Illuminate\\Container\\BoundMethod::call(Object(Illuminate\\Foundation\\Application), Array, Array, NULL)
#22 /var/www/TRDSv2_memo/vendor/laravel/framework/src/Illuminate/Foundation/Application.php(827): Illuminate\\Container\\Container->call(Array)
#23 /var/www/TRDSv2_memo/vendor/laravel/framework/src/Illuminate/Foundation/Application.php(810): Illuminate\\Foundation\\Application->bootProvider(Object(App\\Providers\\RouteServiceProvider))
#24 [internal function]: Illuminate\\Foundation\\Application->Illuminate\\Foundation\\{closure}(Object(App\\Providers\\RouteServiceProvider), 22)
#25 /var/www/TRDSv2_memo/vendor/laravel/framework/src/Illuminate/Foundation/Application.php(811): array_walk(Array, Object(Closure))
#26 /var/www/TRDSv2_memo/vendor/laravel/framework/src/Illuminate/Foundation/Bootstrap/BootProviders.php(17): Illuminate\\Foundation\\Application->boot()
#27 /var/www/TRDSv2_memo/vendor/laravel/framework/src/Illuminate/Foundation/Application.php(210): Illuminate\\Foundation\\Bootstrap\\BootProviders->bootstrap(Object(Illuminate\\Foundation\\Application))
#28 /var/www/TRDSv2_memo/vendor/laravel/framework/src/Illuminate/Foundation/Http/Kernel.php(162): Illuminate\\Foundation\\Application->bootstrapWith(Array)
#29 /var/www/TRDSv2_memo/vendor/laravel/framework/src/Illuminate/Foundation/Http/Kernel.php(146): Illuminate\\Foundation\\Http\\Kernel->bootstrap()
#30 /var/www/TRDSv2_memo/vendor/laravel/framework/src/Illuminate/Foundation/Http/Kernel.php(116): Illuminate\\Foundation\\Http\\Kernel->sendRequestThroughRouter(Object(Illuminate\\Http\\Request))
#31 /var/www/TRDSv2_memo/index.php(55): Illuminate\\Foundation\\Http\\Kernel->handle(Object(Illuminate\\Http\\Request))
#32 {main}
"} 
[2026-03-03 08:21:43] local.ERROR: Attribute [controller] does not exist. {"exception":"[object] (InvalidArgumentException(code: 0): Attribute [controller] does not exist. at /var/www/TRDSv2_memo/vendor/laravel/framework/src/Illuminate/Routing/RouteRegistrar.php:92)
[stacktrace]
#0 /var/www/TRDSv2_memo/vendor/laravel/framework/src/Illuminate/Routing/Router.php(1275): Illuminate\\Routing\\RouteRegistrar->attribute('controller', 'App\\\\Http\\\\Contro...')
#1 /var/www/TRDSv2_memo/vendor/laravel/framework/src/Illuminate/Support/Facades/Facade.php(239): Illuminate\\Routing\\Router->__call('controller', Array)
#2 /var/www/TRDSv2_memo/routes/web.php(33): Illuminate\\Support\\Facades\\Facade::__callStatic('controller', Array)
#3 /var/www/TRDSv2_memo/vendor/laravel/framework/src/Illuminate/Routing/RouteFileRegistrar.php(35): require('/var/www/TRDSv2...')
#4 /var/www/TRDSv2_memo/vendor/laravel/framework/src/Illuminate/Routing/Router.php(415): Illuminate\\Routing\\RouteFileRegistrar->register('/var/www/TRDSv2...')
#5 /var/www/TRDSv2_memo/vendor/laravel/framework/src/Illuminate/Routing/Router.php(373): Illuminate\\Routing\\Router->loadRoutes('/var/www/TRDSv2...')
#6 /var/www/TRDSv2_memo/vendor/laravel/framework/src/Illuminate/Routing/RouteRegistrar.php(121): Illuminate\\Routing\\Router->group(Array, '/var/www/TRDSv2...')
#7 /var/www/TRDSv2_memo/app/Providers/RouteServiceProvider.php(56): Illuminate\\Routing\\RouteRegistrar->group('/var/www/TRDSv2...')
#8 /var/www/TRDSv2_memo/app/Providers/RouteServiceProvider.php(40): App\\Providers\\RouteServiceProvider->mapWebRoutes()
#9 [internal function]: App\\Providers\\RouteServiceProvider->map()
#10 /var/www/TRDSv2_memo/vendor/laravel/framework/src/Illuminate/Container/BoundMethod.php(32): call_user_func_array(Array, Array)
#11 /var/www/TRDSv2_memo/vendor/laravel/framework/src/Illuminate/Container/BoundMethod.php(90): Illuminate\\Container\\BoundMethod::Illuminate\\Container\\{closure}()
#12 /var/www/TRDSv2_memo/vendor/laravel/framework/src/Illuminate/Container/BoundMethod.php(34): Illuminate\\Container\\BoundMethod::callBoundMethod(Object(Illuminate\\Foundation\\Application), Array, Object(Closure))
#13 /var/www/TRDSv2_memo/vendor/laravel/framework/src/Illuminate/Container/Container.php(576): Illuminate\\Container\\BoundMethod::call(Object(Illuminate\\Foundation\\Application), Array, Array, NULL)
#14 /var/www/TRDSv2_memo/vendor/laravel/framework/src/Illuminate/Foundation/Support/Providers/RouteServiceProvider.php(87): Illuminate\\Container\\Container->call(Array)
#15 /var/www/TRDSv2_memo/vendor/laravel/framework/src/Illuminate/Foundation/Support/Providers/RouteServiceProvider.php(36): Illuminate\\Foundation\\Support\\Providers\\RouteServiceProvider->loadRoutes()
#16 /var/www/TRDSv2_memo/app/Providers/RouteServiceProvider.php(28): Illuminate\\Foundation\\Support\\Providers\\RouteServiceProvider->boot()
#17 [internal function]: App\\Providers\\RouteServiceProvider->boot()
#18 /var/www/TRDSv2_memo/vendor/laravel/framework/src/Illuminate/Container/BoundMethod.php(32): call_user_func_array(Array, Array)
#19 /var/www/TRDSv2_memo/vendor/laravel/framework/src/Illuminate/Container/BoundMethod.php(90): Illuminate\\Container\\BoundMethod::Illuminate\\Container\\{closure}()
#20 /var/www/TRDSv2_memo/vendor/laravel/framework/src/Illuminate/Container/BoundMethod.php(34): Illuminate\\Container\\BoundMethod::callBoundMethod(Object(Illuminate\\Foundation\\Application), Array, Object(Closure))
#21 /var/www/TRDSv2_memo/vendor/laravel/framework/src/Illuminate/Container/Container.php(576): Illuminate\\Container\\BoundMethod::call(Object(Illuminate\\Foundation\\Application), Array, Array, NULL)
#22 /var/www/TRDSv2_memo/vendor/laravel/framework/src/Illuminate/Foundation/Application.php(827): Illuminate\\Container\\Container->call(Array)
#23 /var/www/TRDSv2_memo/vendor/laravel/framework/src/Illuminate/Foundation/Application.php(810): Illuminate\\Foundation\\Application->bootProvider(Object(App\\Providers\\RouteServiceProvider))
#24 [internal function]: Illuminate\\Foundation\\Application->Illuminate\\Foundation\\{closure}(Object(App\\Providers\\RouteServiceProvider), 22)
#25 /var/www/TRDSv2_memo/vendor/laravel/framework/src/Illuminate/Foundation/Application.php(811): array_walk(Array, Object(Closure))
#26 /var/www/TRDSv2_memo/vendor/laravel/framework/src/Illuminate/Foundation/Bootstrap/BootProviders.php(17): Illuminate\\Foundation\\Application->boot()
#27 /var/www/TRDSv2_memo/vendor/laravel/framework/src/Illuminate/Foundation/Application.php(210): Illuminate\\Foundation\\Bootstrap\\BootProviders->bootstrap(Object(Illuminate\\Foundation\\Application))
#28 /var/www/TRDSv2_memo/vendor/laravel/framework/src/Illuminate/Foundation/Http/Kernel.php(162): Illuminate\\Foundation\\Application->bootstrapWith(Array)
#29 /var/www/TRDSv2_memo/vendor/laravel/framework/src/Illuminate/Foundation/Http/Kernel.php(146): Illuminate\\Foundation\\Http\\Kernel->bootstrap()
#30 /var/www/TRDSv2_memo/vendor/laravel/framework/src/Illuminate/Foundation/Http/Kernel.php(116): Illuminate\\Foundation\\Http\\Kernel->sendRequestThroughRouter(Object(Illuminate\\Http\\Request))
#31 /var/www/TRDSv2_memo/index.php(55): Illuminate\\Foundation\\Http\\Kernel->handle(Object(Illuminate\\Http\\Request))
#32 {main}
"} 
[2026-03-03 08:21:43] local.ERROR: Attribute [controller] does not exist. {"exception":"[object] (InvalidArgumentException(code: 0): Attribute [controller] does not exist. at /var/www/TRDSv2_memo/vendor/laravel/framework/src/Illuminate/Routing/RouteRegistrar.php:92)
[stacktrace]
#0 /var/www/TRDSv2_memo/vendor/laravel/framework/src/Illuminate/Routing/Router.php(1275): Illuminate\\Routing\\RouteRegistrar->attribute('controller', 'App\\\\Http\\\\Contro...')
#1 /var/www/TRDSv2_memo/vendor/laravel/framework/src/Illuminate/Support/Facades/Facade.php(239): Illuminate\\Routing\\Router->__call('controller', Array)
#2 /var/www/TRDSv2_memo/routes/web.php(33): Illuminate\\Support\\Facades\\Facade::__callStatic('controller', Array)
#3 /var/www/TRDSv2_memo/vendor/laravel/framework/src/Illuminate/Routing/RouteFileRegistrar.php(35): require('/var/www/TRDSv2...')
#4 /var/www/TRDSv2_memo/vendor/laravel/framework/src/Illuminate/Routing/Router.php(415): Illuminate\\Routing\\RouteFileRegistrar->register('/var/www/TRDSv2...')
#5 /var/www/TRDSv2_memo/vendor/laravel/framework/src/Illuminate/Routing/Router.php(373): Illuminate\\Routing\\Router->loadRoutes('/var/www/TRDSv2...')
#6 /var/www/TRDSv2_memo/vendor/laravel/framework/src/Illuminate/Routing/RouteRegistrar.php(121): Illuminate\\Routing\\Router->group(Array, '/var/www/TRDSv2...')
#7 /var/www/TRDSv2_memo/app/Providers/RouteServiceProvider.php(56): Illuminate\\Routing\\RouteRegistrar->group('/var/www/TRDSv2...')
#8 /var/www/TRDSv2_memo/app/Providers/RouteServiceProvider.php(40): App\\Providers\\RouteServiceProvider->mapWebRoutes()
#9 [internal function]: App\\Providers\\RouteServiceProvider->map()
#10 /var/www/TRDSv2_memo/vendor/laravel/framework/src/Illuminate/Container/BoundMethod.php(32): call_user_func_array(Array, Array)
#11 /var/www/TRDSv2_memo/vendor/laravel/framework/src/Illuminate/Container/BoundMethod.php(90): Illuminate\\Container\\BoundMethod::Illuminate\\Container\\{closure}()
#12 /var/www/TRDSv2_memo/vendor/laravel/framework/src/Illuminate/Container/BoundMethod.php(34): Illuminate\\Container\\BoundMethod::callBoundMethod(Object(Illuminate\\Foundation\\Application), Array, Object(Closure))
#13 /var/www/TRDSv2_memo/vendor/laravel/framework/src/Illuminate/Container/Container.php(576): Illuminate\\Container\\BoundMethod::call(Object(Illuminate\\Foundation\\Application), Array, Array, NULL)
#14 /var/www/TRDSv2_memo/vendor/laravel/framework/src/Illuminate/Foundation/Support/Providers/RouteServiceProvider.php(87): Illuminate\\Container\\Container->call(Array)
#15 /var/www/TRDSv2_memo/vendor/laravel/framework/src/Illuminate/Foundation/Support/Providers/RouteServiceProvider.php(36): Illuminate\\Foundation\\Support\\Providers\\RouteServiceProvider->loadRoutes()
#16 /var/www/TRDSv2_memo/app/Providers/RouteServiceProvider.php(28): Illuminate\\Foundation\\Support\\Providers\\RouteServiceProvider->boot()
#17 [internal function]: App\\Providers\\RouteServiceProvider->boot()
#18 /var/www/TRDSv2_memo/vendor/laravel/framework/src/Illuminate/Container/BoundMethod.php(32): call_user_func_array(Array, Array)
#19 /var/www/TRDSv2_memo/vendor/laravel/framework/src/Illuminate/Container/BoundMethod.php(90): Illuminate\\Container\\BoundMethod::Illuminate\\Container\\{closure}()
#20 /var/www/TRDSv2_memo/vendor/laravel/framework/src/Illuminate/Container/BoundMethod.php(34): Illuminate\\Container\\BoundMethod::callBoundMethod(Object(Illuminate\\Foundation\\Application), Array, Object(Closure))
#21 /var/www/TRDSv2_memo/vendor/laravel/framework/src/Illuminate/Container/Container.php(576): Illuminate\\Container\\BoundMethod::call(Object(Illuminate\\Foundation\\Application), Array, Array, NULL)
#22 /var/www/TRDSv2_memo/vendor/laravel/framework/src/Illuminate/Foundation/Application.php(827): Illuminate\\Container\\Container->call(Array)
#23 /var/www/TRDSv2_memo/vendor/laravel/framework/src/Illuminate/Foundation/Application.php(810): Illuminate\\Foundation\\Application->bootProvider(Object(App\\Providers\\RouteServiceProvider))
#24 [internal function]: Illuminate\\Foundation\\Application->Illuminate\\Foundation\\{closure}(Object(App\\Providers\\RouteServiceProvider), 22)
#25 /var/www/TRDSv2_memo/vendor/laravel/framework/src/Illuminate/Foundation/Application.php(811): array_walk(Array, Object(Closure))
#26 /var/www/TRDSv2_memo/vendor/laravel/framework/src/Illuminate/Foundation/Bootstrap/BootProviders.php(17): Illuminate\\Foundation\\Application->boot()
#27 /var/www/TRDSv2_memo/vendor/laravel/framework/src/Illuminate/Foundation/Application.php(210): Illuminate\\Foundation\\Bootstrap\\BootProviders->bootstrap(Object(Illuminate\\Foundation\\Application))
#28 /var/www/TRDSv2_memo/vendor/laravel/framework/src/Illuminate/Foundation/Http/Kernel.php(162): Illuminate\\Foundation\\Application->bootstrapWith(Array)
#29 /var/www/TRDSv2_memo/vendor/laravel/framework/src/Illuminate/Foundation/Http/Kernel.php(146): Illuminate\\Foundation\\Http\\Kernel->bootstrap()
#30 /var/www/TRDSv2_memo/vendor/laravel/framework/src/Illuminate/Foundation/Http/Kernel.php(116): Illuminate\\Foundation\\Http\\Kernel->sendRequestThroughRouter(Object(Illuminate\\Http\\Request))
#31 /var/www/TRDSv2_memo/index.php(55): Illuminate\\Foundation\\Http\\Kernel->handle(Object(Illuminate\\Http\\Request))
#32 {main}
"} 
[2026-03-03 08:21:43] local.ERROR: Attribute [controller] does not exist. {"exception":"[object] (InvalidArgumentException(code: 0): Attribute [controller] does not exist. at /var/www/TRDSv2_memo/vendor/laravel/framework/src/Illuminate/Routing/RouteRegistrar.php:92)
[stacktrace]
#0 /var/www/TRDSv2_memo/vendor/laravel/framework/src/Illuminate/Routing/Router.php(1275): Illuminate\\Routing\\RouteRegistrar->attribute('controller', 'App\\\\Http\\\\Contro...')
#1 /var/www/TRDSv2_memo/vendor/laravel/framework/src/Illuminate/Support/Facades/Facade.php(239): Illuminate\\Routing\\Router->__call('controller', Array)
#2 /var/www/TRDSv2_memo/routes/web.php(33): Illuminate\\Support\\Facades\\Facade::__callStatic('controller', Array)
#3 /var/www/TRDSv2_memo/vendor/laravel/framework/src/Illuminate/Routing/RouteFileRegistrar.php(35): require('/var/www/TRDSv2...')
#4 /var/www/TRDSv2_memo/vendor/laravel/framework/src/Illuminate/Routing/Router.php(415): Illuminate\\Routing\\RouteFileRegistrar->register('/var/www/TRDSv2...')
#5 /var/www/TRDSv2_memo/vendor/laravel/framework/src/Illuminate/Routing/Router.php(373): Illuminate\\Routing\\Router->loadRoutes('/var/www/TRDSv2...')
#6 /var/www/TRDSv2_memo/vendor/laravel/framework/src/Illuminate/Routing/RouteRegistrar.php(121): Illuminate\\Routing\\Router->group(Array, '/var/www/TRDSv2...')
#7 /var/www/TRDSv2_memo/app/Providers/RouteServiceProvider.php(56): Illuminate\\Routing\\RouteRegistrar->group('/var/www/TRDSv2...')
#8 /var/www/TRDSv2_memo/app/Providers/RouteServiceProvider.php(40): App\\Providers\\RouteServiceProvider->mapWebRoutes()
#9 [internal function]: App\\Providers\\RouteServiceProvider->map()
#10 /var/www/TRDSv2_memo/vendor/laravel/framework/src/Illuminate/Container/BoundMethod.php(32): call_user_func_array(Array, Array)
#11 /var/www/TRDSv2_memo/vendor/laravel/framework/src/Illuminate/Container/BoundMethod.php(90): Illuminate\\Container\\BoundMethod::Illuminate\\Container\\{closure}()
#12 /var/www/TRDSv2_memo/vendor/laravel/framework/src/Illuminate/Container/BoundMethod.php(34): Illuminate\\Container\\BoundMethod::callBoundMethod(Object(Illuminate\\Foundation\\Application), Array, Object(Closure))
#13 /var/www/TRDSv2_memo/vendor/laravel/framework/src/Illuminate/Container/Container.php(576): Illuminate\\Container\\BoundMethod::call(Object(Illuminate\\Foundation\\Application), Array, Array, NULL)
#14 /var/www/TRDSv2_memo/vendor/laravel/framework/src/Illuminate/Foundation/Support/Providers/RouteServiceProvider.php(87): Illuminate\\Container\\Container->call(Array)
#15 /var/www/TRDSv2_memo/vendor/laravel/framework/src/Illuminate/Foundation/Support/Providers/RouteServiceProvider.php(36): Illuminate\\Foundation\\Support\\Providers\\RouteServiceProvider->loadRoutes()
#16 /var/www/TRDSv2_memo/app/Providers/RouteServiceProvider.php(28): Illuminate\\Foundation\\Support\\Providers\\RouteServiceProvider->boot()
#17 [internal function]: App\\Providers\\RouteServiceProvider->boot()
#18 /var/www/TRDSv2_memo/vendor/laravel/framework/src/Illuminate/Container/BoundMethod.php(32): call_user_func_array(Array, Array)
#19 /var/www/TRDSv2_memo/vendor/laravel/framework/src/Illuminate/Container/BoundMethod.php(90): Illuminate\\Container\\BoundMethod::Illuminate\\Container\\{closure}()
#20 /var/www/TRDSv2_memo/vendor/laravel/framework/src/Illuminate/Container/BoundMethod.php(34): Illuminate\\Container\\BoundMethod::callBoundMethod(Object(Illuminate\\Foundation\\Application), Array, Object(Closure))
#21 /var/www/TRDSv2_memo/vendor/laravel/framework/src/Illuminate/Container/Container.php(576): Illuminate\\Container\\BoundMethod::call(Object(Illuminate\\Foundation\\Application), Array, Array, NULL)
#22 /var/www/TRDSv2_memo/vendor/laravel/framework/src/Illuminate/Foundation/Application.php(827): Illuminate\\Container\\Container->call(Array)
#23 /var/www/TRDSv2_memo/vendor/laravel/framework/src/Illuminate/Foundation/Application.php(810): Illuminate\\Foundation\\Application->bootProvider(Object(App\\Providers\\RouteServiceProvider))
#24 [internal function]: Illuminate\\Foundation\\Application->Illuminate\\Foundation\\{closure}(Object(App\\Providers\\RouteServiceProvider), 22)
#25 /var/www/TRDSv2_memo/vendor/laravel/framework/src/Illuminate/Foundation/Application.php(811): array_walk(Array, Object(Closure))
#26 /var/www/TRDSv2_memo/vendor/laravel/framework/src/Illuminate/Foundation/Bootstrap/BootProviders.php(17): Illuminate\\Foundation\\Application->boot()
#27 /var/www/TRDSv2_memo/vendor/laravel/framework/src/Illuminate/Foundation/Application.php(210): Illuminate\\Foundation\\Bootstrap\\BootProviders->bootstrap(Object(Illuminate\\Foundation\\Application))
#28 /var/www/TRDSv2_memo/vendor/laravel/framework/src/Illuminate/Foundation/Http/Kernel.php(162): Illuminate\\Foundation\\Application->bootstrapWith(Array)
#29 /var/www/TRDSv2_memo/vendor/laravel/framework/src/Illuminate/Foundation/Http/Kernel.php(146): Illuminate\\Foundation\\Http\\Kernel->bootstrap()
#30 /var/www/TRDSv2_memo/vendor/laravel/framework/src/Illuminate/Foundation/Http/Kernel.php(116): Illuminate\\Foundation\\Http\\Kernel->sendRequestThroughRouter(Object(Illuminate\\Http\\Request))
#31 /var/www/TRDSv2_memo/index.php(55): Illuminate\\Foundation\\Http\\Kernel->handle(Object(Illuminate\\Http\\Request))
#32 {main}
"} 
[2026-03-03 08:21:43] local.ERROR: Attribute [controller] does not exist. {"exception":"[object] (InvalidArgumentException(code: 0): Attribute [controller] does not exist. at /var/www/TRDSv2_memo/vendor/laravel/framework/src/Illuminate/Routing/RouteRegistrar.php:92)
[stacktrace]
#0 /var/www/TRDSv2_memo/vendor/laravel/framework/src/Illuminate/Routing/Router.php(1275): Illuminate\\Routing\\RouteRegistrar->attribute('controller', 'App\\\\Http\\\\Contro...')
#1 /var/www/TRDSv2_memo/vendor/laravel/framework/src/Illuminate/Support/Facades/Facade.php(239): Illuminate\\Routing\\Router->__call('controller', Array)
#2 /var/www/TRDSv2_memo/routes/web.php(33): Illuminate\\Support\\Facades\\Facade::__callStatic('controller', Array)
#3 /var/www/TRDSv2_memo/vendor/laravel/framework/src/Illuminate/Routing/RouteFileRegistrar.php(35): require('/var/www/TRDSv2...')
#4 /var/www/TRDSv2_memo/vendor/laravel/framework/src/Illuminate/Routing/Router.php(415): Illuminate\\Routing\\RouteFileRegistrar->register('/var/www/TRDSv2...')
#5 /var/www/TRDSv2_memo/vendor/laravel/framework/src/Illuminate/Routing/Router.php(373): Illuminate\\Routing\\Router->loadRoutes('/var/www/TRDSv2...')
#6 /var/www/TRDSv2_memo/vendor/laravel/framework/src/Illuminate/Routing/RouteRegistrar.php(121): Illuminate\\Routing\\Router->group(Array, '/var/www/TRDSv2...')
#7 /var/www/TRDSv2_memo/app/Providers/RouteServiceProvider.php(56): Illuminate\\Routing\\RouteRegistrar->group('/var/www/TRDSv2...')
#8 /var/www/TRDSv2_memo/app/Providers/RouteServiceProvider.php(40): App\\Providers\\RouteServiceProvider->mapWebRoutes()
#9 [internal function]: App\\Providers\\RouteServiceProvider->map()
#10 /var/www/TRDSv2_memo/vendor/laravel/framework/src/Illuminate/Container/BoundMethod.php(32): call_user_func_array(Array, Array)
#11 /var/www/TRDSv2_memo/vendor/laravel/framework/src/Illuminate/Container/BoundMethod.php(90): Illuminate\\Container\\BoundMethod::Illuminate\\Container\\{closure}()
#12 /var/www/TRDSv2_memo/vendor/laravel/framework/src/Illuminate/Container/BoundMethod.php(34): Illuminate\\Container\\BoundMethod::callBoundMethod(Object(Illuminate\\Foundation\\Application), Array, Object(Closure))
#13 /var/www/TRDSv2_memo/vendor/laravel/framework/src/Illuminate/Container/Container.php(576): Illuminate\\Container\\BoundMethod::call(Object(Illuminate\\Foundation\\Application), Array, Array, NULL)
#14 /var/www/TRDSv2_memo/vendor/laravel/framework/src/Illuminate/Foundation/Support/Providers/RouteServiceProvider.php(87): Illuminate\\Container\\Container->call(Array)
#15 /var/www/TRDSv2_memo/vendor/laravel/framework/src/Illuminate/Foundation/Support/Providers/RouteServiceProvider.php(36): Illuminate\\Foundation\\Support\\Providers\\RouteServiceProvider->loadRoutes()
#16 /var/www/TRDSv2_memo/app/Providers/RouteServiceProvider.php(28): Illuminate\\Foundation\\Support\\Providers\\RouteServiceProvider->boot()
#17 [internal function]: App\\Providers\\RouteServiceProvider->boot()
#18 /var/www/TRDSv2_memo/vendor/laravel/framework/src/Illuminate/Container/BoundMethod.php(32): call_user_func_array(Array, Array)
#19 /var/www/TRDSv2_memo/vendor/laravel/framework/src/Illuminate/Container/BoundMethod.php(90): Illuminate\\Container\\BoundMethod::Illuminate\\Container\\{closure}()
#20 /var/www/TRDSv2_memo/vendor/laravel/framework/src/Illuminate/Container/BoundMethod.php(34): Illuminate\\Container\\BoundMethod::callBoundMethod(Object(Illuminate\\Foundation\\Application), Array, Object(Closure))
#21 /var/www/TRDSv2_memo/vendor/laravel/framework/src/Illuminate/Container/Container.php(576): Illuminate\\Container\\BoundMethod::call(Object(Illuminate\\Foundation\\Application), Array, Array, NULL)
#22 /var/www/TRDSv2_memo/vendor/laravel/framework/src/Illuminate/Foundation/Application.php(827): Illuminate\\Container\\Container->call(Array)
#23 /var/www/TRDSv2_memo/vendor/laravel/framework/src/Illuminate/Foundation/Application.php(810): Illuminate\\Foundation\\Application->bootProvider(Object(App\\Providers\\RouteServiceProvider))
#24 [internal function]: Illuminate\\Foundation\\Application->Illuminate\\Foundation\\{closure}(Object(App\\Providers\\RouteServiceProvider), 22)
#25 /var/www/TRDSv2_memo/vendor/laravel/framework/src/Illuminate/Foundation/Application.php(811): array_walk(Array, Object(Closure))
#26 /var/www/TRDSv2_memo/vendor/laravel/framework/src/Illuminate/Foundation/Bootstrap/BootProviders.php(17): Illuminate\\Foundation\\Application->boot()
#27 /var/www/TRDSv2_memo/vendor/laravel/framework/src/Illuminate/Foundation/Application.php(210): Illuminate\\Foundation\\Bootstrap\\BootProviders->bootstrap(Object(Illuminate\\Foundation\\Application))
#28 /var/www/TRDSv2_memo/vendor/laravel/framework/src/Illuminate/Foundation/Http/Kernel.php(162): Illuminate\\Foundation\\Application->bootstrapWith(Array)
#29 /var/www/TRDSv2_memo/vendor/laravel/framework/src/Illuminate/Foundation/Http/Kernel.php(146): Illuminate\\Foundation\\Http\\Kernel->bootstrap()
#30 /var/www/TRDSv2_memo/vendor/laravel/framework/src/Illuminate/Foundation/Http/Kernel.php(116): Illuminate\\Foundation\\Http\\Kernel->sendRequestThroughRouter(Object(Illuminate\\Http\\Request))
#31 /var/www/TRDSv2_memo/index.php(55): Illuminate\\Foundation\\Http\\Kernel->handle(Object(Illuminate\\Http\\Request))
#32 {main}
"} 
[2026-03-03 08:27:11] local.ERROR: Class App\Http\Controllers\HrMemo\HrMemoController does not exist {"exception":"[object] (ReflectionException(code: -1): Class App\\Http\\Controllers\\HrMemo\\HrMemoController does not exist at /var/www/TRDSv2_memo/vendor/laravel/framework/src/Illuminate/Container/Container.php:788)
[stacktrace]
#0 /var/www/TRDSv2_memo/vendor/laravel/framework/src/Illuminate/Container/Container.php(788): ReflectionClass->__construct('App\\\\Http\\\\Contro...')
#1 /var/www/TRDSv2_memo/vendor/laravel/framework/src/Illuminate/Container/Container.php(667): Illuminate\\Container\\Container->build('App\\\\Http\\\\Contro...')
#2 /var/www/TRDSv2_memo/vendor/laravel/framework/src/Illuminate/Container/Container.php(615): Illuminate\\Container\\Container->resolve('App\\\\Http\\\\Contro...', Array)
#3 /var/www/TRDSv2_memo/vendor/laravel/framework/src/Illuminate/Foundation/Application.php(767): Illuminate\\Container\\Container->make('App\\\\Http\\\\Contro...', Array)
#4 /var/www/TRDSv2_memo/vendor/laravel/framework/src/Illuminate/Routing/Route.php(233): Illuminate\\Foundation\\Application->make('App\\\\Http\\\\Contro...')
#5 /var/www/TRDSv2_memo/vendor/laravel/framework/src/Illuminate/Routing/Route.php(833): Illuminate\\Routing\\Route->getController()
#6 /var/www/TRDSv2_memo/vendor/laravel/framework/src/Illuminate/Routing/Route.php(794): Illuminate\\Routing\\Route->controllerMiddleware()
#7 /var/www/TRDSv2_memo/vendor/laravel/framework/src/Illuminate/Routing/Router.php(693): Illuminate\\Routing\\Route->gatherMiddleware()
#8 /var/www/TRDSv2_memo/vendor/laravel/framework/src/Illuminate/Routing/Router.php(673): Illuminate\\Routing\\Router->gatherRouteMiddleware(Object(Illuminate\\Routing\\Route))
#9 /var/www/TRDSv2_memo/vendor/laravel/framework/src/Illuminate/Routing/Router.php(657): Illuminate\\Routing\\Router->runRouteWithinStack(Object(Illuminate\\Routing\\Route), Object(Illuminate\\Http\\Request))
#10 /var/www/TRDSv2_memo/vendor/laravel/framework/src/Illuminate/Routing/Router.php(623): Illuminate\\Routing\\Router->runRoute(Object(Illuminate\\Http\\Request), Object(Illuminate\\Routing\\Route))
#11 /var/www/TRDSv2_memo/vendor/laravel/framework/src/Illuminate/Routing/Router.php(612): Illuminate\\Routing\\Router->dispatchToRoute(Object(Illuminate\\Http\\Request))
#12 /var/www/TRDSv2_memo/vendor/laravel/framework/src/Illuminate/Foundation/Http/Kernel.php(176): Illuminate\\Routing\\Router->dispatch(Object(Illuminate\\Http\\Request))
#13 /var/www/TRDSv2_memo/vendor/laravel/framework/src/Illuminate/Routing/Pipeline.php(30): Illuminate\\Foundation\\Http\\Kernel->Illuminate\\Foundation\\Http\\{closure}(Object(Illuminate\\Http\\Request))
#14 /var/www/TRDSv2_memo/vendor/laravel/framework/src/Illuminate/Foundation/Http/Middleware/TransformsRequest.php(21): Illuminate\\Routing\\Pipeline->Illuminate\\Routing\\{closure}(Object(Illuminate\\Http\\Request))
#15 /var/www/TRDSv2_memo/vendor/laravel/framework/src/Illuminate/Pipeline/Pipeline.php(163): Illuminate\\Foundation\\Http\\Middleware\\TransformsRequest->handle(Object(Illuminate\\Http\\Request), Object(Closure))
#16 /var/www/TRDSv2_memo/vendor/laravel/framework/src/Illuminate/Routing/Pipeline.php(53): Illuminate\\Pipeline\\Pipeline->Illuminate\\Pipeline\\{closure}(Object(Illuminate\\Http\\Request))
#17 /var/www/TRDSv2_memo/vendor/laravel/framework/src/Illuminate/Foundation/Http/Middleware/TransformsRequest.php(21): Illuminate\\Routing\\Pipeline->Illuminate\\Routing\\{closure}(Object(Illuminate\\Http\\Request))
#18 /var/www/TRDSv2_memo/vendor/laravel/framework/src/Illuminate/Pipeline/Pipeline.php(163): Illuminate\\Foundation\\Http\\Middleware\\TransformsRequest->handle(Object(Illuminate\\Http\\Request), Object(Closure))
#19 /var/www/TRDSv2_memo/vendor/laravel/framework/src/Illuminate/Routing/Pipeline.php(53): Illuminate\\Pipeline\\Pipeline->Illuminate\\Pipeline\\{closure}(Object(Illuminate\\Http\\Request))
#20 /var/www/TRDSv2_memo/vendor/laravel/framework/src/Illuminate/Foundation/Http/Middleware/ValidatePostSize.php(27): Illuminate\\Routing\\Pipeline->Illuminate\\Routing\\{closure}(Object(Illuminate\\Http\\Request))
#21 /var/www/TRDSv2_memo/vendor/laravel/framework/src/Illuminate/Pipeline/Pipeline.php(163): Illuminate\\Foundation\\Http\\Middleware\\ValidatePostSize->handle(Object(Illuminate\\Http\\Request), Object(Closure))
#22 /var/www/TRDSv2_memo/vendor/laravel/framework/src/Illuminate/Routing/Pipeline.php(53): Illuminate\\Pipeline\\Pipeline->Illuminate\\Pipeline\\{closure}(Object(Illuminate\\Http\\Request))
#23 /var/www/TRDSv2_memo/vendor/laravel/framework/src/Illuminate/Foundation/Http/Middleware/CheckForMaintenanceMode.php(62): Illuminate\\Routing\\Pipeline->Illuminate\\Routing\\{closure}(Object(Illuminate\\Http\\Request))
#24 /var/www/TRDSv2_memo/vendor/laravel/framework/src/Illuminate/Pipeline/Pipeline.php(163): Illuminate\\Foundation\\Http\\Middleware\\CheckForMaintenanceMode->handle(Object(Illuminate\\Http\\Request), Object(Closure))
#25 /var/www/TRDSv2_memo/vendor/laravel/framework/src/Illuminate/Routing/Pipeline.php(53): Illuminate\\Pipeline\\Pipeline->Illuminate\\Pipeline\\{closure}(Object(Illuminate\\Http\\Request))
#26 /var/www/TRDSv2_memo/vendor/fideloper/proxy/src/TrustProxies.php(57): Illuminate\\Routing\\Pipeline->Illuminate\\Routing\\{closure}(Object(Illuminate\\Http\\Request))
#27 /var/www/TRDSv2_memo/vendor/laravel/framework/src/Illuminate/Pipeline/Pipeline.php(163): Fideloper\\Proxy\\TrustProxies->handle(Object(Illuminate\\Http\\Request), Object(Closure))
#28 /var/www/TRDSv2_memo/vendor/laravel/framework/src/Illuminate/Routing/Pipeline.php(53): Illuminate\\Pipeline\\Pipeline->Illuminate\\Pipeline\\{closure}(Object(Illuminate\\Http\\Request))
#29 /var/www/TRDSv2_memo/vendor/laravel/framework/src/Illuminate/Pipeline/Pipeline.php(104): Illuminate\\Routing\\Pipeline->Illuminate\\Routing\\{closure}(Object(Illuminate\\Http\\Request))
#30 /var/www/TRDSv2_memo/vendor/laravel/framework/src/Illuminate/Foundation/Http/Kernel.php(151): Illuminate\\Pipeline\\Pipeline->then(Object(Closure))
#31 /var/www/TRDSv2_memo/vendor/laravel/framework/src/Illuminate/Foundation/Http/Kernel.php(116): Illuminate\\Foundation\\Http\\Kernel->sendRequestThroughRouter(Object(Illuminate\\Http\\Request))
#32 /var/www/TRDSv2_memo/index.php(55): Illuminate\\Foundation\\Http\\Kernel->handle(Object(Illuminate\\Http\\Request))
#33 {main}
"} 
[2026-03-03 08:27:15] local.ERROR: Class App\Http\Controllers\HrMemo\HrMemoController does not exist {"exception":"[object] (ReflectionException(code: -1): Class App\\Http\\Controllers\\HrMemo\\HrMemoController does not exist at /var/www/TRDSv2_memo/vendor/laravel/framework/src/Illuminate/Container/Container.php:788)
[stacktrace]
#0 /var/www/TRDSv2_memo/vendor/laravel/framework/src/Illuminate/Container/Container.php(788): ReflectionClass->__construct('App\\\\Http\\\\Contro...')
#1 /var/www/TRDSv2_memo/vendor/laravel/framework/src/Illuminate/Container/Container.php(667): Illuminate\\Container\\Container->build('App\\\\Http\\\\Contro...')
#2 /var/www/TRDSv2_memo/vendor/laravel/framework/src/Illuminate/Container/Container.php(615): Illuminate\\Container\\Container->resolve('App\\\\Http\\\\Contro...', Array)
#3 /var/www/TRDSv2_memo/vendor/laravel/framework/src/Illuminate/Foundation/Application.php(767): Illuminate\\Container\\Container->make('App\\\\Http\\\\Contro...', Array)
#4 /var/www/TRDSv2_memo/vendor/laravel/framework/src/Illuminate/Routing/Route.php(233): Illuminate\\Foundation\\Application->make('App\\\\Http\\\\Contro...')
#5 /var/www/TRDSv2_memo/vendor/laravel/framework/src/Illuminate/Routing/Route.php(833): Illuminate\\Routing\\Route->getController()
#6 /var/www/TRDSv2_memo/vendor/laravel/framework/src/Illuminate/Routing/Route.php(794): Illuminate\\Routing\\Route->controllerMiddleware()
#7 /var/www/TRDSv2_memo/vendor/laravel/framework/src/Illuminate/Routing/Router.php(693): Illuminate\\Routing\\Route->gatherMiddleware()
#8 /var/www/TRDSv2_memo/vendor/laravel/framework/src/Illuminate/Routing/Router.php(673): Illuminate\\Routing\\Router->gatherRouteMiddleware(Object(Illuminate\\Routing\\Route))
#9 /var/www/TRDSv2_memo/vendor/laravel/framework/src/Illuminate/Routing/Router.php(657): Illuminate\\Routing\\Router->runRouteWithinStack(Object(Illuminate\\Routing\\Route), Object(Illuminate\\Http\\Request))
#10 /var/www/TRDSv2_memo/vendor/laravel/framework/src/Illuminate/Routing/Router.php(623): Illuminate\\Routing\\Router->runRoute(Object(Illuminate\\Http\\Request), Object(Illuminate\\Routing\\Route))
#11 /var/www/TRDSv2_memo/vendor/laravel/framework/src/Illuminate/Routing/Router.php(612): Illuminate\\Routing\\Router->dispatchToRoute(Object(Illuminate\\Http\\Request))
#12 /var/www/TRDSv2_memo/vendor/laravel/framework/src/Illuminate/Foundation/Http/Kernel.php(176): Illuminate\\Routing\\Router->dispatch(Object(Illuminate\\Http\\Request))
#13 /var/www/TRDSv2_memo/vendor/laravel/framework/src/Illuminate/Routing/Pipeline.php(30): Illuminate\\Foundation\\Http\\Kernel->Illuminate\\Foundation\\Http\\{closure}(Object(Illuminate\\Http\\Request))
#14 /var/www/TRDSv2_memo/vendor/laravel/framework/src/Illuminate/Foundation/Http/Middleware/TransformsRequest.php(21): Illuminate\\Routing\\Pipeline->Illuminate\\Routing\\{closure}(Object(Illuminate\\Http\\Request))
#15 /var/www/TRDSv2_memo/vendor/laravel/framework/src/Illuminate/Pipeline/Pipeline.php(163): Illuminate\\Foundation\\Http\\Middleware\\TransformsRequest->handle(Object(Illuminate\\Http\\Request), Object(Closure))
#16 /var/www/TRDSv2_memo/vendor/laravel/framework/src/Illuminate/Routing/Pipeline.php(53): Illuminate\\Pipeline\\Pipeline->Illuminate\\Pipeline\\{closure}(Object(Illuminate\\Http\\Request))
#17 /var/www/TRDSv2_memo/vendor/laravel/framework/src/Illuminate/Foundation/Http/Middleware/TransformsRequest.php(21): Illuminate\\Routing\\Pipeline->Illuminate\\Routing\\{closure}(Object(Illuminate\\Http\\Request))
#18 /var/www/TRDSv2_memo/vendor/laravel/framework/src/Illuminate/Pipeline/Pipeline.php(163): Illuminate\\Foundation\\Http\\Middleware\\TransformsRequest->handle(Object(Illuminate\\Http\\Request), Object(Closure))
#19 /var/www/TRDSv2_memo/vendor/laravel/framework/src/Illuminate/Routing/Pipeline.php(53): Illuminate\\Pipeline\\Pipeline->Illuminate\\Pipeline\\{closure}(Object(Illuminate\\Http\\Request))
#20 /var/www/TRDSv2_memo/vendor/laravel/framework/src/Illuminate/Foundation/Http/Middleware/ValidatePostSize.php(27): Illuminate\\Routing\\Pipeline->Illuminate\\Routing\\{closure}(Object(Illuminate\\Http\\Request))
#21 /var/www/TRDSv2_memo/vendor/laravel/framework/src/Illuminate/Pipeline/Pipeline.php(163): Illuminate\\Foundation\\Http\\Middleware\\ValidatePostSize->handle(Object(Illuminate\\Http\\Request), Object(Closure))
#22 /var/www/TRDSv2_memo/vendor/laravel/framework/src/Illuminate/Routing/Pipeline.php(53): Illuminate\\Pipeline\\Pipeline->Illuminate\\Pipeline\\{closure}(Object(Illuminate\\Http\\Request))
#23 /var/www/TRDSv2_memo/vendor/laravel/framework/src/Illuminate/Foundation/Http/Middleware/CheckForMaintenanceMode.php(62): Illuminate\\Routing\\Pipeline->Illuminate\\Routing\\{closure}(Object(Illuminate\\Http\\Request))
#24 /var/www/TRDSv2_memo/vendor/laravel/framework/src/Illuminate/Pipeline/Pipeline.php(163): Illuminate\\Foundation\\Http\\Middleware\\CheckForMaintenanceMode->handle(Object(Illuminate\\Http\\Request), Object(Closure))
#25 /var/www/TRDSv2_memo/vendor/laravel/framework/src/Illuminate/Routing/Pipeline.php(53): Illuminate\\Pipeline\\Pipeline->Illuminate\\Pipeline\\{closure}(Object(Illuminate\\Http\\Request))
#26 /var/www/TRDSv2_memo/vendor/fideloper/proxy/src/TrustProxies.php(57): Illuminate\\Routing\\Pipeline->Illuminate\\Routing\\{closure}(Object(Illuminate\\Http\\Request))
#27 /var/www/TRDSv2_memo/vendor/laravel/framework/src/Illuminate/Pipeline/Pipeline.php(163): Fideloper\\Proxy\\TrustProxies->handle(Object(Illuminate\\Http\\Request), Object(Closure))
#28 /var/www/TRDSv2_memo/vendor/laravel/framework/src/Illuminate/Routing/Pipeline.php(53): Illuminate\\Pipeline\\Pipeline->Illuminate\\Pipeline\\{closure}(Object(Illuminate\\Http\\Request))
#29 /var/www/TRDSv2_memo/vendor/laravel/framework/src/Illuminate/Pipeline/Pipeline.php(104): Illuminate\\Routing\\Pipeline->Illuminate\\Routing\\{closure}(Object(Illuminate\\Http\\Request))
#30 /var/www/TRDSv2_memo/vendor/laravel/framework/src/Illuminate/Foundation/Http/Kernel.php(151): Illuminate\\Pipeline\\Pipeline->then(Object(Closure))
#31 /var/www/TRDSv2_memo/vendor/laravel/framework/src/Illuminate/Foundation/Http/Kernel.php(116): Illuminate\\Foundation\\Http\\Kernel->sendRequestThroughRouter(Object(Illuminate\\Http\\Request))
#32 /var/www/TRDSv2_memo/index.php(55): Illuminate\\Foundation\\Http\\Kernel->handle(Object(Illuminate\\Http\\Request))
#33 {main}
"} 
[2026-03-03 08:28:28] local.ERROR: Class 'App\Http\Controllers\HrMemo\Controller' not found {"exception":"[object] (Symfony\\Component\\Debug\\Exception\\FatalThrowableError(code: 0): Class 'App\\Http\\Controllers\\HrMemo\\Controller' not found at /var/www/TRDSv2_memo/app/Http/Controllers/HrMemo/HrMemoController.php:16)
[stacktrace]
#0 /var/www/TRDSv2_memo/vendor/composer/ClassLoader.php(444): include()
#1 /var/www/TRDSv2_memo/vendor/composer/ClassLoader.php(322): Composer\\Autoload\\includeFile('/var/www/TRDSv2...')
#2 [internal function]: Composer\\Autoload\\ClassLoader->loadClass('App\\\\Http\\\\Contro...')
#3 [internal function]: spl_autoload_call('App\\\\Http\\\\Contro...')
#4 /var/www/TRDSv2_memo/vendor/laravel/framework/src/Illuminate/Container/Container.php(788): ReflectionClass->__construct('App\\\\Http\\\\Contro...')
#5 /var/www/TRDSv2_memo/vendor/laravel/framework/src/Illuminate/Container/Container.php(667): Illuminate\\Container\\Container->build('App\\\\Http\\\\Contro...')
#6 /var/www/TRDSv2_memo/vendor/laravel/framework/src/Illuminate/Container/Container.php(615): Illuminate\\Container\\Container->resolve('App\\\\Http\\\\Contro...', Array)
#7 /var/www/TRDSv2_memo/vendor/laravel/framework/src/Illuminate/Foundation/Application.php(767): Illuminate\\Container\\Container->make('App\\\\Http\\\\Contro...', Array)
#8 /var/www/TRDSv2_memo/vendor/laravel/framework/src/Illuminate/Routing/Route.php(233): Illuminate\\Foundation\\Application->make('App\\\\Http\\\\Contro...')
#9 /var/www/TRDSv2_memo/vendor/laravel/framework/src/Illuminate/Routing/Route.php(833): Illuminate\\Routing\\Route->getController()
#10 /var/www/TRDSv2_memo/vendor/laravel/framework/src/Illuminate/Routing/Route.php(794): Illuminate\\Routing\\Route->controllerMiddleware()
#11 /var/www/TRDSv2_memo/vendor/laravel/framework/src/Illuminate/Routing/Router.php(693): Illuminate\\Routing\\Route->gatherMiddleware()
#12 /var/www/TRDSv2_memo/vendor/laravel/framework/src/Illuminate/Routing/Router.php(673): Illuminate\\Routing\\Router->gatherRouteMiddleware(Object(Illuminate\\Routing\\Route))
#13 /var/www/TRDSv2_memo/vendor/laravel/framework/src/Illuminate/Routing/Router.php(657): Illuminate\\Routing\\Router->runRouteWithinStack(Object(Illuminate\\Routing\\Route), Object(Illuminate\\Http\\Request))
#14 /var/www/TRDSv2_memo/vendor/laravel/framework/src/Illuminate/Routing/Router.php(623): Illuminate\\Routing\\Router->runRoute(Object(Illuminate\\Http\\Request), Object(Illuminate\\Routing\\Route))
#15 /var/www/TRDSv2_memo/vendor/laravel/framework/src/Illuminate/Routing/Router.php(612): Illuminate\\Routing\\Router->dispatchToRoute(Object(Illuminate\\Http\\Request))
#16 /var/www/TRDSv2_memo/vendor/laravel/framework/src/Illuminate/Foundation/Http/Kernel.php(176): Illuminate\\Routing\\Router->dispatch(Object(Illuminate\\Http\\Request))
#17 /var/www/TRDSv2_memo/vendor/laravel/framework/src/Illuminate/Routing/Pipeline.php(30): Illuminate\\Foundation\\Http\\Kernel->Illuminate\\Foundation\\Http\\{closure}(Object(Illuminate\\Http\\Request))
#18 /var/www/TRDSv2_memo/vendor/laravel/framework/src/Illuminate/Foundation/Http/Middleware/TransformsRequest.php(21): Illuminate\\Routing\\Pipeline->Illuminate\\Routing\\{closure}(Object(Illuminate\\Http\\Request))
#19 /var/www/TRDSv2_memo/vendor/laravel/framework/src/Illuminate/Pipeline/Pipeline.php(163): Illuminate\\Foundation\\Http\\Middleware\\TransformsRequest->handle(Object(Illuminate\\Http\\Request), Object(Closure))
#20 /var/www/TRDSv2_memo/vendor/laravel/framework/src/Illuminate/Routing/Pipeline.php(53): Illuminate\\Pipeline\\Pipeline->Illuminate\\Pipeline\\{closure}(Object(Illuminate\\Http\\Request))
#21 /var/www/TRDSv2_memo/vendor/laravel/framework/src/Illuminate/Foundation/Http/Middleware/TransformsRequest.php(21): Illuminate\\Routing\\Pipeline->Illuminate\\Routing\\{closure}(Object(Illuminate\\Http\\Request))
#22 /var/www/TRDSv2_memo/vendor/laravel/framework/src/Illuminate/Pipeline/Pipeline.php(163): Illuminate\\Foundation\\Http\\Middleware\\TransformsRequest->handle(Object(Illuminate\\Http\\Request), Object(Closure))
#23 /var/www/TRDSv2_memo/vendor/laravel/framework/src/Illuminate/Routing/Pipeline.php(53): Illuminate\\Pipeline\\Pipeline->Illuminate\\Pipeline\\{closure}(Object(Illuminate\\Http\\Request))
#24 /var/www/TRDSv2_memo/vendor/laravel/framework/src/Illuminate/Foundation/Http/Middleware/ValidatePostSize.php(27): Illuminate\\Routing\\Pipeline->Illuminate\\Routing\\{closure}(Object(Illuminate\\Http\\Request))
#25 /var/www/TRDSv2_memo/vendor/laravel/framework/src/Illuminate/Pipeline/Pipeline.php(163): Illuminate\\Foundation\\Http\\Middleware\\ValidatePostSize->handle(Object(Illuminate\\Http\\Request), Object(Closure))
#26 /var/www/TRDSv2_memo/vendor/laravel/framework/src/Illuminate/Routing/Pipeline.php(53): Illuminate\\Pipeline\\Pipeline->Illuminate\\Pipeline\\{closure}(Object(Illuminate\\Http\\Request))
#27 /var/www/TRDSv2_memo/vendor/laravel/framework/src/Illuminate/Foundation/Http/Middleware/CheckForMaintenanceMode.php(62): Illuminate\\Routing\\Pipeline->Illuminate\\Routing\\{closure}(Object(Illuminate\\Http\\Request))
#28 /var/www/TRDSv2_memo/vendor/laravel/framework/src/Illuminate/Pipeline/Pipeline.php(163): Illuminate\\Foundation\\Http\\Middleware\\CheckForMaintenanceMode->handle(Object(Illuminate\\Http\\Request), Object(Closure))
#29 /var/www/TRDSv2_memo/vendor/laravel/framework/src/Illuminate/Routing/Pipeline.php(53): Illuminate\\Pipeline\\Pipeline->Illuminate\\Pipeline\\{closure}(Object(Illuminate\\Http\\Request))
#30 /var/www/TRDSv2_memo/vendor/fideloper/proxy/src/TrustProxies.php(57): Illuminate\\Routing\\Pipeline->Illuminate\\Routing\\{closure}(Object(Illuminate\\Http\\Request))
#31 /var/www/TRDSv2_memo/vendor/laravel/framework/src/Illuminate/Pipeline/Pipeline.php(163): Fideloper\\Proxy\\TrustProxies->handle(Object(Illuminate\\Http\\Request), Object(Closure))
#32 /var/www/TRDSv2_memo/vendor/laravel/framework/src/Illuminate/Routing/Pipeline.php(53): Illuminate\\Pipeline\\Pipeline->Illuminate\\Pipeline\\{closure}(Object(Illuminate\\Http\\Request))
#33 /var/www/TRDSv2_memo/vendor/laravel/framework/src/Illuminate/Pipeline/Pipeline.php(104): Illuminate\\Routing\\Pipeline->Illuminate\\Routing\\{closure}(Object(Illuminate\\Http\\Request))
#34 /var/www/TRDSv2_memo/vendor/laravel/framework/src/Illuminate/Foundation/Http/Kernel.php(151): Illuminate\\Pipeline\\Pipeline->then(Object(Closure))
#35 /var/www/TRDSv2_memo/vendor/laravel/framework/src/Illuminate/Foundation/Http/Kernel.php(116): Illuminate\\Foundation\\Http\\Kernel->sendRequestThroughRouter(Object(Illuminate\\Http\\Request))
#36 /var/www/TRDSv2_memo/index.php(55): Illuminate\\Foundation\\Http\\Kernel->handle(Object(Illuminate\\Http\\Request))
#37 {main}
"} 
[2026-03-03 08:31:04] local.ERROR: syntax error, unexpected 'use' (T_USE), expecting ',' or ';' {"exception":"[object] (Symfony\\Component\\Debug\\Exception\\FatalThrowableError(code: 0): syntax error, unexpected 'use' (T_USE), expecting ',' or ';' at /var/www/TRDSv2_memo/routes/web.php:15)
[stacktrace]
#0 /var/www/TRDSv2_memo/vendor/laravel/framework/src/Illuminate/Routing/Router.php(415): Illuminate\\Routing\\RouteFileRegistrar->register('/var/www/TRDSv2...')
#1 /var/www/TRDSv2_memo/vendor/laravel/framework/src/Illuminate/Routing/Router.php(373): Illuminate\\Routing\\Router->loadRoutes('/var/www/TRDSv2...')
#2 /var/www/TRDSv2_memo/vendor/laravel/framework/src/Illuminate/Routing/RouteRegistrar.php(121): Illuminate\\Routing\\Router->group(Array, '/var/www/TRDSv2...')
#3 /var/www/TRDSv2_memo/app/Providers/RouteServiceProvider.php(56): Illuminate\\Routing\\RouteRegistrar->group('/var/www/TRDSv2...')
#4 /var/www/TRDSv2_memo/app/Providers/RouteServiceProvider.php(40): App\\Providers\\RouteServiceProvider->mapWebRoutes()
#5 [internal function]: App\\Providers\\RouteServiceProvider->map()
#6 /var/www/TRDSv2_memo/vendor/laravel/framework/src/Illuminate/Container/BoundMethod.php(32): call_user_func_array(Array, Array)
#7 /var/www/TRDSv2_memo/vendor/laravel/framework/src/Illuminate/Container/BoundMethod.php(90): Illuminate\\Container\\BoundMethod::Illuminate\\Container\\{closure}()
#8 /var/www/TRDSv2_memo/vendor/laravel/framework/src/Illuminate/Container/BoundMethod.php(34): Illuminate\\Container\\BoundMethod::callBoundMethod(Object(Illuminate\\Foundation\\Application), Array, Object(Closure))
#9 /var/www/TRDSv2_memo/vendor/laravel/framework/src/Illuminate/Container/Container.php(576): Illuminate\\Container\\BoundMethod::call(Object(Illuminate\\Foundation\\Application), Array, Array, NULL)
#10 /var/www/TRDSv2_memo/vendor/laravel/framework/src/Illuminate/Foundation/Support/Providers/RouteServiceProvider.php(87): Illuminate\\Container\\Container->call(Array)
#11 /var/www/TRDSv2_memo/vendor/laravel/framework/src/Illuminate/Foundation/Support/Providers/RouteServiceProvider.php(36): Illuminate\\Foundation\\Support\\Providers\\RouteServiceProvider->loadRoutes()
#12 /var/www/TRDSv2_memo/app/Providers/RouteServiceProvider.php(28): Illuminate\\Foundation\\Support\\Providers\\RouteServiceProvider->boot()
#13 [internal function]: App\\Providers\\RouteServiceProvider->boot()
#14 /var/www/TRDSv2_memo/vendor/laravel/framework/src/Illuminate/Container/BoundMethod.php(32): call_user_func_array(Array, Array)
#15 /var/www/TRDSv2_memo/vendor/laravel/framework/src/Illuminate/Container/BoundMethod.php(90): Illuminate\\Container\\BoundMethod::Illuminate\\Container\\{closure}()
#16 /var/www/TRDSv2_memo/vendor/laravel/framework/src/Illuminate/Container/BoundMethod.php(34): Illuminate\\Container\\BoundMethod::callBoundMethod(Object(Illuminate\\Foundation\\Application), Array, Object(Closure))
#17 /var/www/TRDSv2_memo/vendor/laravel/framework/src/Illuminate/Container/Container.php(576): Illuminate\\Container\\BoundMethod::call(Object(Illuminate\\Foundation\\Application), Array, Array, NULL)
#18 /var/www/TRDSv2_memo/vendor/laravel/framework/src/Illuminate/Foundation/Application.php(827): Illuminate\\Container\\Container->call(Array)
#19 /var/www/TRDSv2_memo/vendor/laravel/framework/src/Illuminate/Foundation/Application.php(810): Illuminate\\Foundation\\Application->bootProvider(Object(App\\Providers\\RouteServiceProvider))
#20 [internal function]: Illuminate\\Foundation\\Application->Illuminate\\Foundation\\{closure}(Object(App\\Providers\\RouteServiceProvider), 22)
#21 /var/www/TRDSv2_memo/vendor/laravel/framework/src/Illuminate/Foundation/Application.php(811): array_walk(Array, Object(Closure))
#22 /var/www/TRDSv2_memo/vendor/laravel/framework/src/Illuminate/Foundation/Bootstrap/BootProviders.php(17): Illuminate\\Foundation\\Application->boot()
#23 /var/www/TRDSv2_memo/vendor/laravel/framework/src/Illuminate/Foundation/Application.php(210): Illuminate\\Foundation\\Bootstrap\\BootProviders->bootstrap(Object(Illuminate\\Foundation\\Application))
#24 /var/www/TRDSv2_memo/vendor/laravel/framework/src/Illuminate/Foundation/Http/Kernel.php(162): Illuminate\\Foundation\\Application->bootstrapWith(Array)
#25 /var/www/TRDSv2_memo/vendor/laravel/framework/src/Illuminate/Foundation/Http/Kernel.php(146): Illuminate\\Foundation\\Http\\Kernel->bootstrap()
#26 /var/www/TRDSv2_memo/vendor/laravel/framework/src/Illuminate/Foundation/Http/Kernel.php(116): Illuminate\\Foundation\\Http\\Kernel->sendRequestThroughRouter(Object(Illuminate\\Http\\Request))
#27 /var/www/TRDSv2_memo/index.php(55): Illuminate\\Foundation\\Http\\Kernel->handle(Object(Illuminate\\Http\\Request))
#28 {main}
"} 
[2026-03-03 08:31:04] local.ERROR: syntax error, unexpected 'use' (T_USE), expecting ',' or ';' {"exception":"[object] (Symfony\\Component\\Debug\\Exception\\FatalThrowableError(code: 0): syntax error, unexpected 'use' (T_USE), expecting ',' or ';' at /var/www/TRDSv2_memo/routes/web.php:15)
[stacktrace]
#0 /var/www/TRDSv2_memo/vendor/laravel/framework/src/Illuminate/Routing/Router.php(415): Illuminate\\Routing\\RouteFileRegistrar->register('/var/www/TRDSv2...')
#1 /var/www/TRDSv2_memo/vendor/laravel/framework/src/Illuminate/Routing/Router.php(373): Illuminate\\Routing\\Router->loadRoutes('/var/www/TRDSv2...')
#2 /var/www/TRDSv2_memo/vendor/laravel/framework/src/Illuminate/Routing/RouteRegistrar.php(121): Illuminate\\Routing\\Router->group(Array, '/var/www/TRDSv2...')
#3 /var/www/TRDSv2_memo/app/Providers/RouteServiceProvider.php(56): Illuminate\\Routing\\RouteRegistrar->group('/var/www/TRDSv2...')
#4 /var/www/TRDSv2_memo/app/Providers/RouteServiceProvider.php(40): App\\Providers\\RouteServiceProvider->mapWebRoutes()
#5 [internal function]: App\\Providers\\RouteServiceProvider->map()
#6 /var/www/TRDSv2_memo/vendor/laravel/framework/src/Illuminate/Container/BoundMethod.php(32): call_user_func_array(Array, Array)
#7 /var/www/TRDSv2_memo/vendor/laravel/framework/src/Illuminate/Container/BoundMethod.php(90): Illuminate\\Container\\BoundMethod::Illuminate\\Container\\{closure}()
#8 /var/www/TRDSv2_memo/vendor/laravel/framework/src/Illuminate/Container/BoundMethod.php(34): Illuminate\\Container\\BoundMethod::callBoundMethod(Object(Illuminate\\Foundation\\Application), Array, Object(Closure))
#9 /var/www/TRDSv2_memo/vendor/laravel/framework/src/Illuminate/Container/Container.php(576): Illuminate\\Container\\BoundMethod::call(Object(Illuminate\\Foundation\\Application), Array, Array, NULL)
#10 /var/www/TRDSv2_memo/vendor/laravel/framework/src/Illuminate/Foundation/Support/Providers/RouteServiceProvider.php(87): Illuminate\\Container\\Container->call(Array)
#11 /var/www/TRDSv2_memo/vendor/laravel/framework/src/Illuminate/Foundation/Support/Providers/RouteServiceProvider.php(36): Illuminate\\Foundation\\Support\\Providers\\RouteServiceProvider->loadRoutes()
#12 /var/www/TRDSv2_memo/app/Providers/RouteServiceProvider.php(28): Illuminate\\Foundation\\Support\\Providers\\RouteServiceProvider->boot()
#13 [internal function]: App\\Providers\\RouteServiceProvider->boot()
#14 /var/www/TRDSv2_memo/vendor/laravel/framework/src/Illuminate/Container/BoundMethod.php(32): call_user_func_array(Array, Array)
#15 /var/www/TRDSv2_memo/vendor/laravel/framework/src/Illuminate/Container/BoundMethod.php(90): Illuminate\\Container\\BoundMethod::Illuminate\\Container\\{closure}()
#16 /var/www/TRDSv2_memo/vendor/laravel/framework/src/Illuminate/Container/BoundMethod.php(34): Illuminate\\Container\\BoundMethod::callBoundMethod(Object(Illuminate\\Foundation\\Application), Array, Object(Closure))
#17 /var/www/TRDSv2_memo/vendor/laravel/framework/src/Illuminate/Container/Container.php(576): Illuminate\\Container\\BoundMethod::call(Object(Illuminate\\Foundation\\Application), Array, Array, NULL)
#18 /var/www/TRDSv2_memo/vendor/laravel/framework/src/Illuminate/Foundation/Application.php(827): Illuminate\\Container\\Container->call(Array)
#19 /var/www/TRDSv2_memo/vendor/laravel/framework/src/Illuminate/Foundation/Application.php(810): Illuminate\\Foundation\\Application->bootProvider(Object(App\\Providers\\RouteServiceProvider))
#20 [internal function]: Illuminate\\Foundation\\Application->Illuminate\\Foundation\\{closure}(Object(App\\Providers\\RouteServiceProvider), 22)
#21 /var/www/TRDSv2_memo/vendor/laravel/framework/src/Illuminate/Foundation/Application.php(811): array_walk(Array, Object(Closure))
#22 /var/www/TRDSv2_memo/vendor/laravel/framework/src/Illuminate/Foundation/Bootstrap/BootProviders.php(17): Illuminate\\Foundation\\Application->boot()
#23 /var/www/TRDSv2_memo/vendor/laravel/framework/src/Illuminate/Foundation/Application.php(210): Illuminate\\Foundation\\Bootstrap\\BootProviders->bootstrap(Object(Illuminate\\Foundation\\Application))
#24 /var/www/TRDSv2_memo/vendor/laravel/framework/src/Illuminate/Foundation/Http/Kernel.php(162): Illuminate\\Foundation\\Application->bootstrapWith(Array)
#25 /var/www/TRDSv2_memo/vendor/laravel/framework/src/Illuminate/Foundation/Http/Kernel.php(146): Illuminate\\Foundation\\Http\\Kernel->bootstrap()
#26 /var/www/TRDSv2_memo/vendor/laravel/framework/src/Illuminate/Foundation/Http/Kernel.php(116): Illuminate\\Foundation\\Http\\Kernel->sendRequestThroughRouter(Object(Illuminate\\Http\\Request))
#27 /var/www/TRDSv2_memo/index.php(55): Illuminate\\Foundation\\Http\\Kernel->handle(Object(Illuminate\\Http\\Request))
#28 {main}
"} 
[2026-03-03 08:31:05] local.ERROR: syntax error, unexpected 'use' (T_USE), expecting ',' or ';' {"exception":"[object] (Symfony\\Component\\Debug\\Exception\\FatalThrowableError(code: 0): syntax error, unexpected 'use' (T_USE), expecting ',' or ';' at /var/www/TRDSv2_memo/routes/web.php:15)
[stacktrace]
#0 /var/www/TRDSv2_memo/vendor/laravel/framework/src/Illuminate/Routing/Router.php(415): Illuminate\\Routing\\RouteFileRegistrar->register('/var/www/TRDSv2...')
#1 /var/www/TRDSv2_memo/vendor/laravel/framework/src/Illuminate/Routing/Router.php(373): Illuminate\\Routing\\Router->loadRoutes('/var/www/TRDSv2...')
#2 /var/www/TRDSv2_memo/vendor/laravel/framework/src/Illuminate/Routing/RouteRegistrar.php(121): Illuminate\\Routing\\Router->group(Array, '/var/www/TRDSv2...')
#3 /var/www/TRDSv2_memo/app/Providers/RouteServiceProvider.php(56): Illuminate\\Routing\\RouteRegistrar->group('/var/www/TRDSv2...')
#4 /var/www/TRDSv2_memo/app/Providers/RouteServiceProvider.php(40): App\\Providers\\RouteServiceProvider->mapWebRoutes()
#5 [internal function]: App\\Providers\\RouteServiceProvider->map()
#6 /var/www/TRDSv2_memo/vendor/laravel/framework/src/Illuminate/Container/BoundMethod.php(32): call_user_func_array(Array, Array)
#7 /var/www/TRDSv2_memo/vendor/laravel/framework/src/Illuminate/Container/BoundMethod.php(90): Illuminate\\Container\\BoundMethod::Illuminate\\Container\\{closure}()
#8 /var/www/TRDSv2_memo/vendor/laravel/framework/src/Illuminate/Container/BoundMethod.php(34): Illuminate\\Container\\BoundMethod::callBoundMethod(Object(Illuminate\\Foundation\\Application), Array, Object(Closure))
#9 /var/www/TRDSv2_memo/vendor/laravel/framework/src/Illuminate/Container/Container.php(576): Illuminate\\Container\\BoundMethod::call(Object(Illuminate\\Foundation\\Application), Array, Array, NULL)
#10 /var/www/TRDSv2_memo/vendor/laravel/framework/src/Illuminate/Foundation/Support/Providers/RouteServiceProvider.php(87): Illuminate\\Container\\Container->call(Array)
#11 /var/www/TRDSv2_memo/vendor/laravel/framework/src/Illuminate/Foundation/Support/Providers/RouteServiceProvider.php(36): Illuminate\\Foundation\\Support\\Providers\\RouteServiceProvider->loadRoutes()
#12 /var/www/TRDSv2_memo/app/Providers/RouteServiceProvider.php(28): Illuminate\\Foundation\\Support\\Providers\\RouteServiceProvider->boot()
#13 [internal function]: App\\Providers\\RouteServiceProvider->boot()
#14 /var/www/TRDSv2_memo/vendor/laravel/framework/src/Illuminate/Container/BoundMethod.php(32): call_user_func_array(Array, Array)
#15 /var/www/TRDSv2_memo/vendor/laravel/framework/src/Illuminate/Container/BoundMethod.php(90): Illuminate\\Container\\BoundMethod::Illuminate\\Container\\{closure}()
#16 /var/www/TRDSv2_memo/vendor/laravel/framework/src/Illuminate/Container/BoundMethod.php(34): Illuminate\\Container\\BoundMethod::callBoundMethod(Object(Illuminate\\Foundation\\Application), Array, Object(Closure))
#17 /var/www/TRDSv2_memo/vendor/laravel/framework/src/Illuminate/Container/Container.php(576): Illuminate\\Container\\BoundMethod::call(Object(Illuminate\\Foundation\\Application), Array, Array, NULL)
#18 /var/www/TRDSv2_memo/vendor/laravel/framework/src/Illuminate/Foundation/Application.php(827): Illuminate\\Container\\Container->call(Array)
#19 /var/www/TRDSv2_memo/vendor/laravel/framework/src/Illuminate/Foundation/Application.php(810): Illuminate\\Foundation\\Application->bootProvider(Object(App\\Providers\\RouteServiceProvider))
#20 [internal function]: Illuminate\\Foundation\\Application->Illuminate\\Foundation\\{closure}(Object(App\\Providers\\RouteServiceProvider), 22)
#21 /var/www/TRDSv2_memo/vendor/laravel/framework/src/Illuminate/Foundation/Application.php(811): array_walk(Array, Object(Closure))
#22 /var/www/TRDSv2_memo/vendor/laravel/framework/src/Illuminate/Foundation/Bootstrap/BootProviders.php(17): Illuminate\\Foundation\\Application->boot()
#23 /var/www/TRDSv2_memo/vendor/laravel/framework/src/Illuminate/Foundation/Application.php(210): Illuminate\\Foundation\\Bootstrap\\BootProviders->bootstrap(Object(Illuminate\\Foundation\\Application))
#24 /var/www/TRDSv2_memo/vendor/laravel/framework/src/Illuminate/Foundation/Http/Kernel.php(162): Illuminate\\Foundation\\Application->bootstrapWith(Array)
#25 /var/www/TRDSv2_memo/vendor/laravel/framework/src/Illuminate/Foundation/Http/Kernel.php(146): Illuminate\\Foundation\\Http\\Kernel->bootstrap()
#26 /var/www/TRDSv2_memo/vendor/laravel/framework/src/Illuminate/Foundation/Http/Kernel.php(116): Illuminate\\Foundation\\Http\\Kernel->sendRequestThroughRouter(Object(Illuminate\\Http\\Request))
#27 /var/www/TRDSv2_memo/index.php(55): Illuminate\\Foundation\\Http\\Kernel->handle(Object(Illuminate\\Http\\Request))
#28 {main}
"} 
[2026-03-03 08:31:05] local.ERROR: syntax error, unexpected 'use' (T_USE), expecting ',' or ';' {"exception":"[object] (Symfony\\Component\\Debug\\Exception\\FatalThrowableError(code: 0): syntax error, unexpected 'use' (T_USE), expecting ',' or ';' at /var/www/TRDSv2_memo/routes/web.php:15)
[stacktrace]
#0 /var/www/TRDSv2_memo/vendor/laravel/framework/src/Illuminate/Routing/Router.php(415): Illuminate\\Routing\\RouteFileRegistrar->register('/var/www/TRDSv2...')
#1 /var/www/TRDSv2_memo/vendor/laravel/framework/src/Illuminate/Routing/Router.php(373): Illuminate\\Routing\\Router->loadRoutes('/var/www/TRDSv2...')
#2 /var/www/TRDSv2_memo/vendor/laravel/framework/src/Illuminate/Routing/RouteRegistrar.php(121): Illuminate\\Routing\\Router->group(Array, '/var/www/TRDSv2...')
#3 /var/www/TRDSv2_memo/app/Providers/RouteServiceProvider.php(56): Illuminate\\Routing\\RouteRegistrar->group('/var/www/TRDSv2...')
#4 /var/www/TRDSv2_memo/app/Providers/RouteServiceProvider.php(40): App\\Providers\\RouteServiceProvider->mapWebRoutes()
#5 [internal function]: App\\Providers\\RouteServiceProvider->map()
#6 /var/www/TRDSv2_memo/vendor/laravel/framework/src/Illuminate/Container/BoundMethod.php(32): call_user_func_array(Array, Array)
#7 /var/www/TRDSv2_memo/vendor/laravel/framework/src/Illuminate/Container/BoundMethod.php(90): Illuminate\\Container\\BoundMethod::Illuminate\\Container\\{closure}()
#8 /var/www/TRDSv2_memo/vendor/laravel/framework/src/Illuminate/Container/BoundMethod.php(34): Illuminate\\Container\\BoundMethod::callBoundMethod(Object(Illuminate\\Foundation\\Application), Array, Object(Closure))
#9 /var/www/TRDSv2_memo/vendor/laravel/framework/src/Illuminate/Container/Container.php(576): Illuminate\\Container\\BoundMethod::call(Object(Illuminate\\Foundation\\Application), Array, Array, NULL)
#10 /var/www/TRDSv2_memo/vendor/laravel/framework/src/Illuminate/Foundation/Support/Providers/RouteServiceProvider.php(87): Illuminate\\Container\\Container->call(Array)
#11 /var/www/TRDSv2_memo/vendor/laravel/framework/src/Illuminate/Foundation/Support/Providers/RouteServiceProvider.php(36): Illuminate\\Foundation\\Support\\Providers\\RouteServiceProvider->loadRoutes()
#12 /var/www/TRDSv2_memo/app/Providers/RouteServiceProvider.php(28): Illuminate\\Foundation\\Support\\Providers\\RouteServiceProvider->boot()
#13 [internal function]: App\\Providers\\RouteServiceProvider->boot()
#14 /var/www/TRDSv2_memo/vendor/laravel/framework/src/Illuminate/Container/BoundMethod.php(32): call_user_func_array(Array, Array)
#15 /var/www/TRDSv2_memo/vendor/laravel/framework/src/Illuminate/Container/BoundMethod.php(90): Illuminate\\Container\\BoundMethod::Illuminate\\Container\\{closure}()
#16 /var/www/TRDSv2_memo/vendor/laravel/framework/src/Illuminate/Container/BoundMethod.php(34): Illuminate\\Container\\BoundMethod::callBoundMethod(Object(Illuminate\\Foundation\\Application), Array, Object(Closure))
#17 /var/www/TRDSv2_memo/vendor/laravel/framework/src/Illuminate/Container/Container.php(576): Illuminate\\Container\\BoundMethod::call(Object(Illuminate\\Foundation\\Application), Array, Array, NULL)
#18 /var/www/TRDSv2_memo/vendor/laravel/framework/src/Illuminate/Foundation/Application.php(827): Illuminate\\Container\\Container->call(Array)
#19 /var/www/TRDSv2_memo/vendor/laravel/framework/src/Illuminate/Foundation/Application.php(810): Illuminate\\Foundation\\Application->bootProvider(Object(App\\Providers\\RouteServiceProvider))
#20 [internal function]: Illuminate\\Foundation\\Application->Illuminate\\Foundation\\{closure}(Object(App\\Providers\\RouteServiceProvider), 22)
#21 /var/www/TRDSv2_memo/vendor/laravel/framework/src/Illuminate/Foundation/Application.php(811): array_walk(Array, Object(Closure))
#22 /var/www/TRDSv2_memo/vendor/laravel/framework/src/Illuminate/Foundation/Bootstrap/BootProviders.php(17): Illuminate\\Foundation\\Application->boot()
#23 /var/www/TRDSv2_memo/vendor/laravel/framework/src/Illuminate/Foundation/Application.php(210): Illuminate\\Foundation\\Bootstrap\\BootProviders->bootstrap(Object(Illuminate\\Foundation\\Application))
#24 /var/www/TRDSv2_memo/vendor/laravel/framework/src/Illuminate/Foundation/Http/Kernel.php(162): Illuminate\\Foundation\\Application->bootstrapWith(Array)
#25 /var/www/TRDSv2_memo/vendor/laravel/framework/src/Illuminate/Foundation/Http/Kernel.php(146): Illuminate\\Foundation\\Http\\Kernel->bootstrap()
#26 /var/www/TRDSv2_memo/vendor/laravel/framework/src/Illuminate/Foundation/Http/Kernel.php(116): Illuminate\\Foundation\\Http\\Kernel->sendRequestThroughRouter(Object(Illuminate\\Http\\Request))
#27 /var/www/TRDSv2_memo/index.php(55): Illuminate\\Foundation\\Http\\Kernel->handle(Object(Illuminate\\Http\\Request))
#28 {main}
"} 
[2026-03-03 08:31:05] local.ERROR: syntax error, unexpected 'use' (T_USE), expecting ',' or ';' {"exception":"[object] (Symfony\\Component\\Debug\\Exception\\FatalThrowableError(code: 0): syntax error, unexpected 'use' (T_USE), expecting ',' or ';' at /var/www/TRDSv2_memo/routes/web.php:15)
[stacktrace]
#0 /var/www/TRDSv2_memo/vendor/laravel/framework/src/Illuminate/Routing/Router.php(415): Illuminate\\Routing\\RouteFileRegistrar->register('/var/www/TRDSv2...')
#1 /var/www/TRDSv2_memo/vendor/laravel/framework/src/Illuminate/Routing/Router.php(373): Illuminate\\Routing\\Router->loadRoutes('/var/www/TRDSv2...')
#2 /var/www/TRDSv2_memo/vendor/laravel/framework/src/Illuminate/Routing/RouteRegistrar.php(121): Illuminate\\Routing\\Router->group(Array, '/var/www/TRDSv2...')
#3 /var/www/TRDSv2_memo/app/Providers/RouteServiceProvider.php(56): Illuminate\\Routing\\RouteRegistrar->group('/var/www/TRDSv2...')
#4 /var/www/TRDSv2_memo/app/Providers/RouteServiceProvider.php(40): App\\Providers\\RouteServiceProvider->mapWebRoutes()
#5 [internal function]: App\\Providers\\RouteServiceProvider->map()
#6 /var/www/TRDSv2_memo/vendor/laravel/framework/src/Illuminate/Container/BoundMethod.php(32): call_user_func_array(Array, Array)
#7 /var/www/TRDSv2_memo/vendor/laravel/framework/src/Illuminate/Container/BoundMethod.php(90): Illuminate\\Container\\BoundMethod::Illuminate\\Container\\{closure}()
#8 /var/www/TRDSv2_memo/vendor/laravel/framework/src/Illuminate/Container/BoundMethod.php(34): Illuminate\\Container\\BoundMethod::callBoundMethod(Object(Illuminate\\Foundation\\Application), Array, Object(Closure))
#9 /var/www/TRDSv2_memo/vendor/laravel/framework/src/Illuminate/Container/Container.php(576): Illuminate\\Container\\BoundMethod::call(Object(Illuminate\\Foundation\\Application), Array, Array, NULL)
#10 /var/www/TRDSv2_memo/vendor/laravel/framework/src/Illuminate/Foundation/Support/Providers/RouteServiceProvider.php(87): Illuminate\\Container\\Container->call(Array)
#11 /var/www/TRDSv2_memo/vendor/laravel/framework/src/Illuminate/Foundation/Support/Providers/RouteServiceProvider.php(36): Illuminate\\Foundation\\Support\\Providers\\RouteServiceProvider->loadRoutes()
#12 /var/www/TRDSv2_memo/app/Providers/RouteServiceProvider.php(28): Illuminate\\Foundation\\Support\\Providers\\RouteServiceProvider->boot()
#13 [internal function]: App\\Providers\\RouteServiceProvider->boot()
#14 /var/www/TRDSv2_memo/vendor/laravel/framework/src/Illuminate/Container/BoundMethod.php(32): call_user_func_array(Array, Array)
#15 /var/www/TRDSv2_memo/vendor/laravel/framework/src/Illuminate/Container/BoundMethod.php(90): Illuminate\\Container\\BoundMethod::Illuminate\\Container\\{closure}()
#16 /var/www/TRDSv2_memo/vendor/laravel/framework/src/Illuminate/Container/BoundMethod.php(34): Illuminate\\Container\\BoundMethod::callBoundMethod(Object(Illuminate\\Foundation\\Application), Array, Object(Closure))
#17 /var/www/TRDSv2_memo/vendor/laravel/framework/src/Illuminate/Container/Container.php(576): Illuminate\\Container\\BoundMethod::call(Object(Illuminate\\Foundation\\Application), Array, Array, NULL)
#18 /var/www/TRDSv2_memo/vendor/laravel/framework/src/Illuminate/Foundation/Application.php(827): Illuminate\\Container\\Container->call(Array)
#19 /var/www/TRDSv2_memo/vendor/laravel/framework/src/Illuminate/Foundation/Application.php(810): Illuminate\\Foundation\\Application->bootProvider(Object(App\\Providers\\RouteServiceProvider))
#20 [internal function]: Illuminate\\Foundation\\Application->Illuminate\\Foundation\\{closure}(Object(App\\Providers\\RouteServiceProvider), 22)
#21 /var/www/TRDSv2_memo/vendor/laravel/framework/src/Illuminate/Foundation/Application.php(811): array_walk(Array, Object(Closure))
#22 /var/www/TRDSv2_memo/vendor/laravel/framework/src/Illuminate/Foundation/Bootstrap/BootProviders.php(17): Illuminate\\Foundation\\Application->boot()
#23 /var/www/TRDSv2_memo/vendor/laravel/framework/src/Illuminate/Foundation/Application.php(210): Illuminate\\Foundation\\Bootstrap\\BootProviders->bootstrap(Object(Illuminate\\Foundation\\Application))
#24 /var/www/TRDSv2_memo/vendor/laravel/framework/src/Illuminate/Foundation/Http/Kernel.php(162): Illuminate\\Foundation\\Application->bootstrapWith(Array)
#25 /var/www/TRDSv2_memo/vendor/laravel/framework/src/Illuminate/Foundation/Http/Kernel.php(146): Illuminate\\Foundation\\Http\\Kernel->bootstrap()
#26 /var/www/TRDSv2_memo/vendor/laravel/framework/src/Illuminate/Foundation/Http/Kernel.php(116): Illuminate\\Foundation\\Http\\Kernel->sendRequestThroughRouter(Object(Illuminate\\Http\\Request))
#27 /var/www/TRDSv2_memo/index.php(55): Illuminate\\Foundation\\Http\\Kernel->handle(Object(Illuminate\\Http\\Request))
#28 {main}
"} 
[2026-03-03 08:31:05] local.ERROR: syntax error, unexpected 'use' (T_USE), expecting ',' or ';' {"exception":"[object] (Symfony\\Component\\Debug\\Exception\\FatalThrowableError(code: 0): syntax error, unexpected 'use' (T_USE), expecting ',' or ';' at /var/www/TRDSv2_memo/routes/web.php:15)
[stacktrace]
#0 /var/www/TRDSv2_memo/vendor/laravel/framework/src/Illuminate/Routing/Router.php(415): Illuminate\\Routing\\RouteFileRegistrar->register('/var/www/TRDSv2...')
#1 /var/www/TRDSv2_memo/vendor/laravel/framework/src/Illuminate/Routing/Router.php(373): Illuminate\\Routing\\Router->loadRoutes('/var/www/TRDSv2...')
#2 /var/www/TRDSv2_memo/vendor/laravel/framework/src/Illuminate/Routing/RouteRegistrar.php(121): Illuminate\\Routing\\Router->group(Array, '/var/www/TRDSv2...')
#3 /var/www/TRDSv2_memo/app/Providers/RouteServiceProvider.php(56): Illuminate\\Routing\\RouteRegistrar->group('/var/www/TRDSv2...')
#4 /var/www/TRDSv2_memo/app/Providers/RouteServiceProvider.php(40): App\\Providers\\RouteServiceProvider->mapWebRoutes()
#5 [internal function]: App\\Providers\\RouteServiceProvider->map()
#6 /var/www/TRDSv2_memo/vendor/laravel/framework/src/Illuminate/Container/BoundMethod.php(32): call_user_func_array(Array, Array)
#7 /var/www/TRDSv2_memo/vendor/laravel/framework/src/Illuminate/Container/BoundMethod.php(90): Illuminate\\Container\\BoundMethod::Illuminate\\Container\\{closure}()
#8 /var/www/TRDSv2_memo/vendor/laravel/framework/src/Illuminate/Container/BoundMethod.php(34): Illuminate\\Container\\BoundMethod::callBoundMethod(Object(Illuminate\\Foundation\\Application), Array, Object(Closure))
#9 /var/www/TRDSv2_memo/vendor/laravel/framework/src/Illuminate/Container/Container.php(576): Illuminate\\Container\\BoundMethod::call(Object(Illuminate\\Foundation\\Application), Array, Array, NULL)
#10 /var/www/TRDSv2_memo/vendor/laravel/framework/src/Illuminate/Foundation/Support/Providers/RouteServiceProvider.php(87): Illuminate\\Container\\Container->call(Array)
#11 /var/www/TRDSv2_memo/vendor/laravel/framework/src/Illuminate/Foundation/Support/Providers/RouteServiceProvider.php(36): Illuminate\\Foundation\\Support\\Providers\\RouteServiceProvider->loadRoutes()
#12 /var/www/TRDSv2_memo/app/Providers/RouteServiceProvider.php(28): Illuminate\\Foundation\\Support\\Providers\\RouteServiceProvider->boot()
#13 [internal function]: App\\Providers\\RouteServiceProvider->boot()
#14 /var/www/TRDSv2_memo/vendor/laravel/framework/src/Illuminate/Container/BoundMethod.php(32): call_user_func_array(Array, Array)
#15 /var/www/TRDSv2_memo/vendor/laravel/framework/src/Illuminate/Container/BoundMethod.php(90): Illuminate\\Container\\BoundMethod::Illuminate\\Container\\{closure}()
#16 /var/www/TRDSv2_memo/vendor/laravel/framework/src/Illuminate/Container/BoundMethod.php(34): Illuminate\\Container\\BoundMethod::callBoundMethod(Object(Illuminate\\Foundation\\Application), Array, Object(Closure))
#17 /var/www/TRDSv2_memo/vendor/laravel/framework/src/Illuminate/Container/Container.php(576): Illuminate\\Container\\BoundMethod::call(Object(Illuminate\\Foundation\\Application), Array, Array, NULL)
#18 /var/www/TRDSv2_memo/vendor/laravel/framework/src/Illuminate/Foundation/Application.php(827): Illuminate\\Container\\Container->call(Array)
#19 /var/www/TRDSv2_memo/vendor/laravel/framework/src/Illuminate/Foundation/Application.php(810): Illuminate\\Foundation\\Application->bootProvider(Object(App\\Providers\\RouteServiceProvider))
#20 [internal function]: Illuminate\\Foundation\\Application->Illuminate\\Foundation\\{closure}(Object(App\\Providers\\RouteServiceProvider), 22)
#21 /var/www/TRDSv2_memo/vendor/laravel/framework/src/Illuminate/Foundation/Application.php(811): array_walk(Array, Object(Closure))
#22 /var/www/TRDSv2_memo/vendor/laravel/framework/src/Illuminate/Foundation/Bootstrap/BootProviders.php(17): Illuminate\\Foundation\\Application->boot()
#23 /var/www/TRDSv2_memo/vendor/laravel/framework/src/Illuminate/Foundation/Application.php(210): Illuminate\\Foundation\\Bootstrap\\BootProviders->bootstrap(Object(Illuminate\\Foundation\\Application))
#24 /var/www/TRDSv2_memo/vendor/laravel/framework/src/Illuminate/Foundation/Http/Kernel.php(162): Illuminate\\Foundation\\Application->bootstrapWith(Array)
#25 /var/www/TRDSv2_memo/vendor/laravel/framework/src/Illuminate/Foundation/Http/Kernel.php(146): Illuminate\\Foundation\\Http\\Kernel->bootstrap()
#26 /var/www/TRDSv2_memo/vendor/laravel/framework/src/Illuminate/Foundation/Http/Kernel.php(116): Illuminate\\Foundation\\Http\\Kernel->sendRequestThroughRouter(Object(Illuminate\\Http\\Request))
#27 /var/www/TRDSv2_memo/index.php(55): Illuminate\\Foundation\\Http\\Kernel->handle(Object(Illuminate\\Http\\Request))
#28 {main}
"} 
[2026-03-03 08:31:06] local.ERROR: syntax error, unexpected 'use' (T_USE), expecting ',' or ';' {"exception":"[object] (Symfony\\Component\\Debug\\Exception\\FatalThrowableError(code: 0): syntax error, unexpected 'use' (T_USE), expecting ',' or ';' at /var/www/TRDSv2_memo/routes/web.php:15)
[stacktrace]
#0 /var/www/TRDSv2_memo/vendor/laravel/framework/src/Illuminate/Routing/Router.php(415): Illuminate\\Routing\\RouteFileRegistrar->register('/var/www/TRDSv2...')
#1 /var/www/TRDSv2_memo/vendor/laravel/framework/src/Illuminate/Routing/Router.php(373): Illuminate\\Routing\\Router->loadRoutes('/var/www/TRDSv2...')
#2 /var/www/TRDSv2_memo/vendor/laravel/framework/src/Illuminate/Routing/RouteRegistrar.php(121): Illuminate\\Routing\\Router->group(Array, '/var/www/TRDSv2...')
#3 /var/www/TRDSv2_memo/app/Providers/RouteServiceProvider.php(56): Illuminate\\Routing\\RouteRegistrar->group('/var/www/TRDSv2...')
#4 /var/www/TRDSv2_memo/app/Providers/RouteServiceProvider.php(40): App\\Providers\\RouteServiceProvider->mapWebRoutes()
#5 [internal function]: App\\Providers\\RouteServiceProvider->map()
#6 /var/www/TRDSv2_memo/vendor/laravel/framework/src/Illuminate/Container/BoundMethod.php(32): call_user_func_array(Array, Array)
#7 /var/www/TRDSv2_memo/vendor/laravel/framework/src/Illuminate/Container/BoundMethod.php(90): Illuminate\\Container\\BoundMethod::Illuminate\\Container\\{closure}()
#8 /var/www/TRDSv2_memo/vendor/laravel/framework/src/Illuminate/Container/BoundMethod.php(34): Illuminate\\Container\\BoundMethod::callBoundMethod(Object(Illuminate\\Foundation\\Application), Array, Object(Closure))
#9 /var/www/TRDSv2_memo/vendor/laravel/framework/src/Illuminate/Container/Container.php(576): Illuminate\\Container\\BoundMethod::call(Object(Illuminate\\Foundation\\Application), Array, Array, NULL)
#10 /var/www/TRDSv2_memo/vendor/laravel/framework/src/Illuminate/Foundation/Support/Providers/RouteServiceProvider.php(87): Illuminate\\Container\\Container->call(Array)
#11 /var/www/TRDSv2_memo/vendor/laravel/framework/src/Illuminate/Foundation/Support/Providers/RouteServiceProvider.php(36): Illuminate\\Foundation\\Support\\Providers\\RouteServiceProvider->loadRoutes()
#12 /var/www/TRDSv2_memo/app/Providers/RouteServiceProvider.php(28): Illuminate\\Foundation\\Support\\Providers\\RouteServiceProvider->boot()
#13 [internal function]: App\\Providers\\RouteServiceProvider->boot()
#14 /var/www/TRDSv2_memo/vendor/laravel/framework/src/Illuminate/Container/BoundMethod.php(32): call_user_func_array(Array, Array)
#15 /var/www/TRDSv2_memo/vendor/laravel/framework/src/Illuminate/Container/BoundMethod.php(90): Illuminate\\Container\\BoundMethod::Illuminate\\Container\\{closure}()
#16 /var/www/TRDSv2_memo/vendor/laravel/framework/src/Illuminate/Container/BoundMethod.php(34): Illuminate\\Container\\BoundMethod::callBoundMethod(Object(Illuminate\\Foundation\\Application), Array, Object(Closure))
#17 /var/www/TRDSv2_memo/vendor/laravel/framework/src/Illuminate/Container/Container.php(576): Illuminate\\Container\\BoundMethod::call(Object(Illuminate\\Foundation\\Application), Array, Array, NULL)
#18 /var/www/TRDSv2_memo/vendor/laravel/framework/src/Illuminate/Foundation/Application.php(827): Illuminate\\Container\\Container->call(Array)
#19 /var/www/TRDSv2_memo/vendor/laravel/framework/src/Illuminate/Foundation/Application.php(810): Illuminate\\Foundation\\Application->bootProvider(Object(App\\Providers\\RouteServiceProvider))
#20 [internal function]: Illuminate\\Foundation\\Application->Illuminate\\Foundation\\{closure}(Object(App\\Providers\\RouteServiceProvider), 22)
#21 /var/www/TRDSv2_memo/vendor/laravel/framework/src/Illuminate/Foundation/Application.php(811): array_walk(Array, Object(Closure))
#22 /var/www/TRDSv2_memo/vendor/laravel/framework/src/Illuminate/Foundation/Bootstrap/BootProviders.php(17): Illuminate\\Foundation\\Application->boot()
#23 /var/www/TRDSv2_memo/vendor/laravel/framework/src/Illuminate/Foundation/Application.php(210): Illuminate\\Foundation\\Bootstrap\\BootProviders->bootstrap(Object(Illuminate\\Foundation\\Application))
#24 /var/www/TRDSv2_memo/vendor/laravel/framework/src/Illuminate/Foundation/Http/Kernel.php(162): Illuminate\\Foundation\\Application->bootstrapWith(Array)
#25 /var/www/TRDSv2_memo/vendor/laravel/framework/src/Illuminate/Foundation/Http/Kernel.php(146): Illuminate\\Foundation\\Http\\Kernel->bootstrap()
#26 /var/www/TRDSv2_memo/vendor/laravel/framework/src/Illuminate/Foundation/Http/Kernel.php(116): Illuminate\\Foundation\\Http\\Kernel->sendRequestThroughRouter(Object(Illuminate\\Http\\Request))
#27 /var/www/TRDSv2_memo/index.php(55): Illuminate\\Foundation\\Http\\Kernel->handle(Object(Illuminate\\Http\\Request))
#28 {main}
"} 
[2026-03-03 08:31:06] local.ERROR: syntax error, unexpected 'use' (T_USE), expecting ',' or ';' {"exception":"[object] (Symfony\\Component\\Debug\\Exception\\FatalThrowableError(code: 0): syntax error, unexpected 'use' (T_USE), expecting ',' or ';' at /var/www/TRDSv2_memo/routes/web.php:15)
[stacktrace]
#0 /var/www/TRDSv2_memo/vendor/laravel/framework/src/Illuminate/Routing/Router.php(415): Illuminate\\Routing\\RouteFileRegistrar->register('/var/www/TRDSv2...')
#1 /var/www/TRDSv2_memo/vendor/laravel/framework/src/Illuminate/Routing/Router.php(373): Illuminate\\Routing\\Router->loadRoutes('/var/www/TRDSv2...')
#2 /var/www/TRDSv2_memo/vendor/laravel/framework/src/Illuminate/Routing/RouteRegistrar.php(121): Illuminate\\Routing\\Router->group(Array, '/var/www/TRDSv2...')
#3 /var/www/TRDSv2_memo/app/Providers/RouteServiceProvider.php(56): Illuminate\\Routing\\RouteRegistrar->group('/var/www/TRDSv2...')
#4 /var/www/TRDSv2_memo/app/Providers/RouteServiceProvider.php(40): App\\Providers\\RouteServiceProvider->mapWebRoutes()
#5 [internal function]: App\\Providers\\RouteServiceProvider->map()
#6 /var/www/TRDSv2_memo/vendor/laravel/framework/src/Illuminate/Container/BoundMethod.php(32): call_user_func_array(Array, Array)
#7 /var/www/TRDSv2_memo/vendor/laravel/framework/src/Illuminate/Container/BoundMethod.php(90): Illuminate\\Container\\BoundMethod::Illuminate\\Container\\{closure}()
#8 /var/www/TRDSv2_memo/vendor/laravel/framework/src/Illuminate/Container/BoundMethod.php(34): Illuminate\\Container\\BoundMethod::callBoundMethod(Object(Illuminate\\Foundation\\Application), Array, Object(Closure))
#9 /var/www/TRDSv2_memo/vendor/laravel/framework/src/Illuminate/Container/Container.php(576): Illuminate\\Container\\BoundMethod::call(Object(Illuminate\\Foundation\\Application), Array, Array, NULL)
#10 /var/www/TRDSv2_memo/vendor/laravel/framework/src/Illuminate/Foundation/Support/Providers/RouteServiceProvider.php(87): Illuminate\\Container\\Container->call(Array)
#11 /var/www/TRDSv2_memo/vendor/laravel/framework/src/Illuminate/Foundation/Support/Providers/RouteServiceProvider.php(36): Illuminate\\Foundation\\Support\\Providers\\RouteServiceProvider->loadRoutes()
#12 /var/www/TRDSv2_memo/app/Providers/RouteServiceProvider.php(28): Illuminate\\Foundation\\Support\\Providers\\RouteServiceProvider->boot()
#13 [internal function]: App\\Providers\\RouteServiceProvider->boot()
#14 /var/www/TRDSv2_memo/vendor/laravel/framework/src/Illuminate/Container/BoundMethod.php(32): call_user_func_array(Array, Array)
#15 /var/www/TRDSv2_memo/vendor/laravel/framework/src/Illuminate/Container/BoundMethod.php(90): Illuminate\\Container\\BoundMethod::Illuminate\\Container\\{closure}()
#16 /var/www/TRDSv2_memo/vendor/laravel/framework/src/Illuminate/Container/BoundMethod.php(34): Illuminate\\Container\\BoundMethod::callBoundMethod(Object(Illuminate\\Foundation\\Application), Array, Object(Closure))
#17 /var/www/TRDSv2_memo/vendor/laravel/framework/src/Illuminate/Container/Container.php(576): Illuminate\\Container\\BoundMethod::call(Object(Illuminate\\Foundation\\Application), Array, Array, NULL)
#18 /var/www/TRDSv2_memo/vendor/laravel/framework/src/Illuminate/Foundation/Application.php(827): Illuminate\\Container\\Container->call(Array)
#19 /var/www/TRDSv2_memo/vendor/laravel/framework/src/Illuminate/Foundation/Application.php(810): Illuminate\\Foundation\\Application->bootProvider(Object(App\\Providers\\RouteServiceProvider))
#20 [internal function]: Illuminate\\Foundation\\Application->Illuminate\\Foundation\\{closure}(Object(App\\Providers\\RouteServiceProvider), 22)
#21 /var/www/TRDSv2_memo/vendor/laravel/framework/src/Illuminate/Foundation/Application.php(811): array_walk(Array, Object(Closure))
#22 /var/www/TRDSv2_memo/vendor/laravel/framework/src/Illuminate/Foundation/Bootstrap/BootProviders.php(17): Illuminate\\Foundation\\Application->boot()
#23 /var/www/TRDSv2_memo/vendor/laravel/framework/src/Illuminate/Foundation/Application.php(210): Illuminate\\Foundation\\Bootstrap\\BootProviders->bootstrap(Object(Illuminate\\Foundation\\Application))
#24 /var/www/TRDSv2_memo/vendor/laravel/framework/src/Illuminate/Foundation/Http/Kernel.php(162): Illuminate\\Foundation\\Application->bootstrapWith(Array)
#25 /var/www/TRDSv2_memo/vendor/laravel/framework/src/Illuminate/Foundation/Http/Kernel.php(146): Illuminate\\Foundation\\Http\\Kernel->bootstrap()
#26 /var/www/TRDSv2_memo/vendor/laravel/framework/src/Illuminate/Foundation/Http/Kernel.php(116): Illuminate\\Foundation\\Http\\Kernel->sendRequestThroughRouter(Object(Illuminate\\Http\\Request))
#27 /var/www/TRDSv2_memo/index.php(55): Illuminate\\Foundation\\Http\\Kernel->handle(Object(Illuminate\\Http\\Request))
#28 {main}
"} 
[2026-03-03 08:31:09] local.ERROR: syntax error, unexpected 'use' (T_USE), expecting ',' or ';' {"exception":"[object] (Symfony\\Component\\Debug\\Exception\\FatalThrowableError(code: 0): syntax error, unexpected 'use' (T_USE), expecting ',' or ';' at /var/www/TRDSv2_memo/routes/web.php:15)
[stacktrace]
#0 /var/www/TRDSv2_memo/vendor/laravel/framework/src/Illuminate/Routing/Router.php(415): Illuminate\\Routing\\RouteFileRegistrar->register('/var/www/TRDSv2...')
#1 /var/www/TRDSv2_memo/vendor/laravel/framework/src/Illuminate/Routing/Router.php(373): Illuminate\\Routing\\Router->loadRoutes('/var/www/TRDSv2...')
#2 /var/www/TRDSv2_memo/vendor/laravel/framework/src/Illuminate/Routing/RouteRegistrar.php(121): Illuminate\\Routing\\Router->group(Array, '/var/www/TRDSv2...')
#3 /var/www/TRDSv2_memo/app/Providers/RouteServiceProvider.php(56): Illuminate\\Routing\\RouteRegistrar->group('/var/www/TRDSv2...')
#4 /var/www/TRDSv2_memo/app/Providers/RouteServiceProvider.php(40): App\\Providers\\RouteServiceProvider->mapWebRoutes()
#5 [internal function]: App\\Providers\\RouteServiceProvider->map()
#6 /var/www/TRDSv2_memo/vendor/laravel/framework/src/Illuminate/Container/BoundMethod.php(32): call_user_func_array(Array, Array)
#7 /var/www/TRDSv2_memo/vendor/laravel/framework/src/Illuminate/Container/BoundMethod.php(90): Illuminate\\Container\\BoundMethod::Illuminate\\Container\\{closure}()
#8 /var/www/TRDSv2_memo/vendor/laravel/framework/src/Illuminate/Container/BoundMethod.php(34): Illuminate\\Container\\BoundMethod::callBoundMethod(Object(Illuminate\\Foundation\\Application), Array, Object(Closure))
#9 /var/www/TRDSv2_memo/vendor/laravel/framework/src/Illuminate/Container/Container.php(576): Illuminate\\Container\\BoundMethod::call(Object(Illuminate\\Foundation\\Application), Array, Array, NULL)
#10 /var/www/TRDSv2_memo/vendor/laravel/framework/src/Illuminate/Foundation/Support/Providers/RouteServiceProvider.php(87): Illuminate\\Container\\Container->call(Array)
#11 /var/www/TRDSv2_memo/vendor/laravel/framework/src/Illuminate/Foundation/Support/Providers/RouteServiceProvider.php(36): Illuminate\\Foundation\\Support\\Providers\\RouteServiceProvider->loadRoutes()
#12 /var/www/TRDSv2_memo/app/Providers/RouteServiceProvider.php(28): Illuminate\\Foundation\\Support\\Providers\\RouteServiceProvider->boot()
#13 [internal function]: App\\Providers\\RouteServiceProvider->boot()
#14 /var/www/TRDSv2_memo/vendor/laravel/framework/src/Illuminate/Container/BoundMethod.php(32): call_user_func_array(Array, Array)
#15 /var/www/TRDSv2_memo/vendor/laravel/framework/src/Illuminate/Container/BoundMethod.php(90): Illuminate\\Container\\BoundMethod::Illuminate\\Container\\{closure}()
#16 /var/www/TRDSv2_memo/vendor/laravel/framework/src/Illuminate/Container/BoundMethod.php(34): Illuminate\\Container\\BoundMethod::callBoundMethod(Object(Illuminate\\Foundation\\Application), Array, Object(Closure))
#17 /var/www/TRDSv2_memo/vendor/laravel/framework/src/Illuminate/Container/Container.php(576): Illuminate\\Container\\BoundMethod::call(Object(Illuminate\\Foundation\\Application), Array, Array, NULL)
#18 /var/www/TRDSv2_memo/vendor/laravel/framework/src/Illuminate/Foundation/Application.php(827): Illuminate\\Container\\Container->call(Array)
#19 /var/www/TRDSv2_memo/vendor/laravel/framework/src/Illuminate/Foundation/Application.php(810): Illuminate\\Foundation\\Application->bootProvider(Object(App\\Providers\\RouteServiceProvider))
#20 [internal function]: Illuminate\\Foundation\\Application->Illuminate\\Foundation\\{closure}(Object(App\\Providers\\RouteServiceProvider), 22)
#21 /var/www/TRDSv2_memo/vendor/laravel/framework/src/Illuminate/Foundation/Application.php(811): array_walk(Array, Object(Closure))
#22 /var/www/TRDSv2_memo/vendor/laravel/framework/src/Illuminate/Foundation/Bootstrap/BootProviders.php(17): Illuminate\\Foundation\\Application->boot()
#23 /var/www/TRDSv2_memo/vendor/laravel/framework/src/Illuminate/Foundation/Application.php(210): Illuminate\\Foundation\\Bootstrap\\BootProviders->bootstrap(Object(Illuminate\\Foundation\\Application))
#24 /var/www/TRDSv2_memo/vendor/laravel/framework/src/Illuminate/Foundation/Http/Kernel.php(162): Illuminate\\Foundation\\Application->bootstrapWith(Array)
#25 /var/www/TRDSv2_memo/vendor/laravel/framework/src/Illuminate/Foundation/Http/Kernel.php(146): Illuminate\\Foundation\\Http\\Kernel->bootstrap()
#26 /var/www/TRDSv2_memo/vendor/laravel/framework/src/Illuminate/Foundation/Http/Kernel.php(116): Illuminate\\Foundation\\Http\\Kernel->sendRequestThroughRouter(Object(Illuminate\\Http\\Request))
#27 /var/www/TRDSv2_memo/index.php(55): Illuminate\\Foundation\\Http\\Kernel->handle(Object(Illuminate\\Http\\Request))
#28 {main}
"} 
[2026-03-03 08:31:09] local.ERROR: syntax error, unexpected 'use' (T_USE), expecting ',' or ';' {"exception":"[object] (Symfony\\Component\\Debug\\Exception\\FatalThrowableError(code: 0): syntax error, unexpected 'use' (T_USE), expecting ',' or ';' at /var/www/TRDSv2_memo/routes/web.php:15)
[stacktrace]
#0 /var/www/TRDSv2_memo/vendor/laravel/framework/src/Illuminate/Routing/Router.php(415): Illuminate\\Routing\\RouteFileRegistrar->register('/var/www/TRDSv2...')
#1 /var/www/TRDSv2_memo/vendor/laravel/framework/src/Illuminate/Routing/Router.php(373): Illuminate\\Routing\\Router->loadRoutes('/var/www/TRDSv2...')
#2 /var/www/TRDSv2_memo/vendor/laravel/framework/src/Illuminate/Routing/RouteRegistrar.php(121): Illuminate\\Routing\\Router->group(Array, '/var/www/TRDSv2...')
#3 /var/www/TRDSv2_memo/app/Providers/RouteServiceProvider.php(56): Illuminate\\Routing\\RouteRegistrar->group('/var/www/TRDSv2...')
#4 /var/www/TRDSv2_memo/app/Providers/RouteServiceProvider.php(40): App\\Providers\\RouteServiceProvider->mapWebRoutes()
#5 [internal function]: App\\Providers\\RouteServiceProvider->map()
#6 /var/www/TRDSv2_memo/vendor/laravel/framework/src/Illuminate/Container/BoundMethod.php(32): call_user_func_array(Array, Array)
#7 /var/www/TRDSv2_memo/vendor/laravel/framework/src/Illuminate/Container/BoundMethod.php(90): Illuminate\\Container\\BoundMethod::Illuminate\\Container\\{closure}()
#8 /var/www/TRDSv2_memo/vendor/laravel/framework/src/Illuminate/Container/BoundMethod.php(34): Illuminate\\Container\\BoundMethod::callBoundMethod(Object(Illuminate\\Foundation\\Application), Array, Object(Closure))
#9 /var/www/TRDSv2_memo/vendor/laravel/framework/src/Illuminate/Container/Container.php(576): Illuminate\\Container\\BoundMethod::call(Object(Illuminate\\Foundation\\Application), Array, Array, NULL)
#10 /var/www/TRDSv2_memo/vendor/laravel/framework/src/Illuminate/Foundation/Support/Providers/RouteServiceProvider.php(87): Illuminate\\Container\\Container->call(Array)
#11 /var/www/TRDSv2_memo/vendor/laravel/framework/src/Illuminate/Foundation/Support/Providers/RouteServiceProvider.php(36): Illuminate\\Foundation\\Support\\Providers\\RouteServiceProvider->loadRoutes()
#12 /var/www/TRDSv2_memo/app/Providers/RouteServiceProvider.php(28): Illuminate\\Foundation\\Support\\Providers\\RouteServiceProvider->boot()
#13 [internal function]: App\\Providers\\RouteServiceProvider->boot()
#14 /var/www/TRDSv2_memo/vendor/laravel/framework/src/Illuminate/Container/BoundMethod.php(32): call_user_func_array(Array, Array)
#15 /var/www/TRDSv2_memo/vendor/laravel/framework/src/Illuminate/Container/BoundMethod.php(90): Illuminate\\Container\\BoundMethod::Illuminate\\Container\\{closure}()
#16 /var/www/TRDSv2_memo/vendor/laravel/framework/src/Illuminate/Container/BoundMethod.php(34): Illuminate\\Container\\BoundMethod::callBoundMethod(Object(Illuminate\\Foundation\\Application), Array, Object(Closure))
#17 /var/www/TRDSv2_memo/vendor/laravel/framework/src/Illuminate/Container/Container.php(576): Illuminate\\Container\\BoundMethod::call(Object(Illuminate\\Foundation\\Application), Array, Array, NULL)
#18 /var/www/TRDSv2_memo/vendor/laravel/framework/src/Illuminate/Foundation/Application.php(827): Illuminate\\Container\\Container->call(Array)
#19 /var/www/TRDSv2_memo/vendor/laravel/framework/src/Illuminate/Foundation/Application.php(810): Illuminate\\Foundation\\Application->bootProvider(Object(App\\Providers\\RouteServiceProvider))
#20 [internal function]: Illuminate\\Foundation\\Application->Illuminate\\Foundation\\{closure}(Object(App\\Providers\\RouteServiceProvider), 22)
#21 /var/www/TRDSv2_memo/vendor/laravel/framework/src/Illuminate/Foundation/Application.php(811): array_walk(Array, Object(Closure))
#22 /var/www/TRDSv2_memo/vendor/laravel/framework/src/Illuminate/Foundation/Bootstrap/BootProviders.php(17): Illuminate\\Foundation\\Application->boot()
#23 /var/www/TRDSv2_memo/vendor/laravel/framework/src/Illuminate/Foundation/Application.php(210): Illuminate\\Foundation\\Bootstrap\\BootProviders->bootstrap(Object(Illuminate\\Foundation\\Application))
#24 /var/www/TRDSv2_memo/vendor/laravel/framework/src/Illuminate/Foundation/Http/Kernel.php(162): Illuminate\\Foundation\\Application->bootstrapWith(Array)
#25 /var/www/TRDSv2_memo/vendor/laravel/framework/src/Illuminate/Foundation/Http/Kernel.php(146): Illuminate\\Foundation\\Http\\Kernel->bootstrap()
#26 /var/www/TRDSv2_memo/vendor/laravel/framework/src/Illuminate/Foundation/Http/Kernel.php(116): Illuminate\\Foundation\\Http\\Kernel->sendRequestThroughRouter(Object(Illuminate\\Http\\Request))
#27 /var/www/TRDSv2_memo/index.php(55): Illuminate\\Foundation\\Http\\Kernel->handle(Object(Illuminate\\Http\\Request))
#28 {main}
"} 
[2026-03-03 08:31:10] local.ERROR: Class 'App\Http\Controllers\HrMemo\Controller' not found {"exception":"[object] (Symfony\\Component\\Debug\\Exception\\FatalThrowableError(code: 0): Class 'App\\Http\\Controllers\\HrMemo\\Controller' not found at /var/www/TRDSv2_memo/app/Http/Controllers/HrMemo/HrMemoController.php:16)
[stacktrace]
#0 /var/www/TRDSv2_memo/vendor/composer/ClassLoader.php(444): include()
#1 /var/www/TRDSv2_memo/vendor/composer/ClassLoader.php(322): Composer\\Autoload\\includeFile('/var/www/TRDSv2...')
#2 [internal function]: Composer\\Autoload\\ClassLoader->loadClass('App\\\\Http\\\\Contro...')
#3 [internal function]: spl_autoload_call('App\\\\Http\\\\Contro...')
#4 /var/www/TRDSv2_memo/vendor/laravel/framework/src/Illuminate/Container/Container.php(788): ReflectionClass->__construct('App\\\\Http\\\\Contro...')
#5 /var/www/TRDSv2_memo/vendor/laravel/framework/src/Illuminate/Container/Container.php(667): Illuminate\\Container\\Container->build('App\\\\Http\\\\Contro...')
#6 /var/www/TRDSv2_memo/vendor/laravel/framework/src/Illuminate/Container/Container.php(615): Illuminate\\Container\\Container->resolve('App\\\\Http\\\\Contro...', Array)
#7 /var/www/TRDSv2_memo/vendor/laravel/framework/src/Illuminate/Foundation/Application.php(767): Illuminate\\Container\\Container->make('App\\\\Http\\\\Contro...', Array)
#8 /var/www/TRDSv2_memo/vendor/laravel/framework/src/Illuminate/Routing/Route.php(233): Illuminate\\Foundation\\Application->make('App\\\\Http\\\\Contro...')
#9 /var/www/TRDSv2_memo/vendor/laravel/framework/src/Illuminate/Routing/Route.php(833): Illuminate\\Routing\\Route->getController()
#10 /var/www/TRDSv2_memo/vendor/laravel/framework/src/Illuminate/Routing/Route.php(794): Illuminate\\Routing\\Route->controllerMiddleware()
#11 /var/www/TRDSv2_memo/vendor/laravel/framework/src/Illuminate/Routing/Router.php(693): Illuminate\\Routing\\Route->gatherMiddleware()
#12 /var/www/TRDSv2_memo/vendor/laravel/framework/src/Illuminate/Routing/Router.php(673): Illuminate\\Routing\\Router->gatherRouteMiddleware(Object(Illuminate\\Routing\\Route))
#13 /var/www/TRDSv2_memo/vendor/laravel/framework/src/Illuminate/Routing/Router.php(657): Illuminate\\Routing\\Router->runRouteWithinStack(Object(Illuminate\\Routing\\Route), Object(Illuminate\\Http\\Request))
#14 /var/www/TRDSv2_memo/vendor/laravel/framework/src/Illuminate/Routing/Router.php(623): Illuminate\\Routing\\Router->runRoute(Object(Illuminate\\Http\\Request), Object(Illuminate\\Routing\\Route))
#15 /var/www/TRDSv2_memo/vendor/laravel/framework/src/Illuminate/Routing/Router.php(612): Illuminate\\Routing\\Router->dispatchToRoute(Object(Illuminate\\Http\\Request))
#16 /var/www/TRDSv2_memo/vendor/laravel/framework/src/Illuminate/Foundation/Http/Kernel.php(176): Illuminate\\Routing\\Router->dispatch(Object(Illuminate\\Http\\Request))
#17 /var/www/TRDSv2_memo/vendor/laravel/framework/src/Illuminate/Routing/Pipeline.php(30): Illuminate\\Foundation\\Http\\Kernel->Illuminate\\Foundation\\Http\\{closure}(Object(Illuminate\\Http\\Request))
#18 /var/www/TRDSv2_memo/vendor/laravel/framework/src/Illuminate/Foundation/Http/Middleware/TransformsRequest.php(21): Illuminate\\Routing\\Pipeline->Illuminate\\Routing\\{closure}(Object(Illuminate\\Http\\Request))
#19 /var/www/TRDSv2_memo/vendor/laravel/framework/src/Illuminate/Pipeline/Pipeline.php(163): Illuminate\\Foundation\\Http\\Middleware\\TransformsRequest->handle(Object(Illuminate\\Http\\Request), Object(Closure))
#20 /var/www/TRDSv2_memo/vendor/laravel/framework/src/Illuminate/Routing/Pipeline.php(53): Illuminate\\Pipeline\\Pipeline->Illuminate\\Pipeline\\{closure}(Object(Illuminate\\Http\\Request))
#21 /var/www/TRDSv2_memo/vendor/laravel/framework/src/Illuminate/Foundation/Http/Middleware/TransformsRequest.php(21): Illuminate\\Routing\\Pipeline->Illuminate\\Routing\\{closure}(Object(Illuminate\\Http\\Request))
#22 /var/www/TRDSv2_memo/vendor/laravel/framework/src/Illuminate/Pipeline/Pipeline.php(163): Illuminate\\Foundation\\Http\\Middleware\\TransformsRequest->handle(Object(Illuminate\\Http\\Request), Object(Closure))
#23 /var/www/TRDSv2_memo/vendor/laravel/framework/src/Illuminate/Routing/Pipeline.php(53): Illuminate\\Pipeline\\Pipeline->Illuminate\\Pipeline\\{closure}(Object(Illuminate\\Http\\Request))
#24 /var/www/TRDSv2_memo/vendor/laravel/framework/src/Illuminate/Foundation/Http/Middleware/ValidatePostSize.php(27): Illuminate\\Routing\\Pipeline->Illuminate\\Routing\\{closure}(Object(Illuminate\\Http\\Request))
#25 /var/www/TRDSv2_memo/vendor/laravel/framework/src/Illuminate/Pipeline/Pipeline.php(163): Illuminate\\Foundation\\Http\\Middleware\\ValidatePostSize->handle(Object(Illuminate\\Http\\Request), Object(Closure))
#26 /var/www/TRDSv2_memo/vendor/laravel/framework/src/Illuminate/Routing/Pipeline.php(53): Illuminate\\Pipeline\\Pipeline->Illuminate\\Pipeline\\{closure}(Object(Illuminate\\Http\\Request))
#27 /var/www/TRDSv2_memo/vendor/laravel/framework/src/Illuminate/Foundation/Http/Middleware/CheckForMaintenanceMode.php(62): Illuminate\\Routing\\Pipeline->Illuminate\\Routing\\{closure}(Object(Illuminate\\Http\\Request))
#28 /var/www/TRDSv2_memo/vendor/laravel/framework/src/Illuminate/Pipeline/Pipeline.php(163): Illuminate\\Foundation\\Http\\Middleware\\CheckForMaintenanceMode->handle(Object(Illuminate\\Http\\Request), Object(Closure))
#29 /var/www/TRDSv2_memo/vendor/laravel/framework/src/Illuminate/Routing/Pipeline.php(53): Illuminate\\Pipeline\\Pipeline->Illuminate\\Pipeline\\{closure}(Object(Illuminate\\Http\\Request))
#30 /var/www/TRDSv2_memo/vendor/fideloper/proxy/src/TrustProxies.php(57): Illuminate\\Routing\\Pipeline->Illuminate\\Routing\\{closure}(Object(Illuminate\\Http\\Request))
#31 /var/www/TRDSv2_memo/vendor/laravel/framework/src/Illuminate/Pipeline/Pipeline.php(163): Fideloper\\Proxy\\TrustProxies->handle(Object(Illuminate\\Http\\Request), Object(Closure))
#32 /var/www/TRDSv2_memo/vendor/laravel/framework/src/Illuminate/Routing/Pipeline.php(53): Illuminate\\Pipeline\\Pipeline->Illuminate\\Pipeline\\{closure}(Object(Illuminate\\Http\\Request))
#33 /var/www/TRDSv2_memo/vendor/laravel/framework/src/Illuminate/Pipeline/Pipeline.php(104): Illuminate\\Routing\\Pipeline->Illuminate\\Routing\\{closure}(Object(Illuminate\\Http\\Request))
#34 /var/www/TRDSv2_memo/vendor/laravel/framework/src/Illuminate/Foundation/Http/Kernel.php(151): Illuminate\\Pipeline\\Pipeline->then(Object(Closure))
#35 /var/www/TRDSv2_memo/vendor/laravel/framework/src/Illuminate/Foundation/Http/Kernel.php(116): Illuminate\\Foundation\\Http\\Kernel->sendRequestThroughRouter(Object(Illuminate\\Http\\Request))
#36 /var/www/TRDSv2_memo/index.php(55): Illuminate\\Foundation\\Http\\Kernel->handle(Object(Illuminate\\Http\\Request))
#37 {main}
"} 
[2026-03-03 08:33:11] local.ERROR: Undefined variable: globalUser {"exception":"[object] (ErrorException(code: 0): Undefined variable: globalUser at /var/www/TRDSv2_memo/app/Http/Controllers/HrMemo/HrMemoController.php:30)
[stacktrace]
#0 /var/www/TRDSv2_memo/app/Http/Controllers/HrMemo/HrMemoController.php(30): Illuminate\\Foundation\\Bootstrap\\HandleExceptions->handleError(8, 'Undefined varia...', '/var/www/TRDSv2...', 30, Array)
#1 [internal function]: App\\Http\\Controllers\\HrMemo\\HrMemoController->viewHrMemoInfo(Object(Illuminate\\Http\\Request))
#2 /var/www/TRDSv2_memo/vendor/laravel/framework/src/Illuminate/Routing/Controller.php(54): call_user_func_array(Array, Array)
#3 /var/www/TRDSv2_memo/vendor/laravel/framework/src/Illuminate/Routing/ControllerDispatcher.php(45): Illuminate\\Routing\\Controller->callAction('viewHrMemoInfo', Array)
#4 /var/www/TRDSv2_memo/vendor/laravel/framework/src/Illuminate/Routing/Route.php(219): Illuminate\\Routing\\ControllerDispatcher->dispatch(Object(Illuminate\\Routing\\Route), Object(App\\Http\\Controllers\\HrMemo\\HrMemoController), 'viewHrMemoInfo')
#5 /var/www/TRDSv2_memo/vendor/laravel/framework/src/Illuminate/Routing/Route.php(176): Illuminate\\Routing\\Route->runController()
#6 /var/www/TRDSv2_memo/vendor/laravel/framework/src/Illuminate/Routing/Router.php(680): Illuminate\\Routing\\Route->run()
#7 /var/www/TRDSv2_memo/vendor/laravel/framework/src/Illuminate/Routing/Pipeline.php(30): Illuminate\\Routing\\Router->Illuminate\\Routing\\{closure}(Object(Illuminate\\Http\\Request))
#8 /var/www/TRDSv2_memo/vendor/laravel/framework/src/Illuminate/Routing/Middleware/SubstituteBindings.php(41): Illuminate\\Routing\\Pipeline->Illuminate\\Routing\\{closure}(Object(Illuminate\\Http\\Request))
#9 /var/www/TRDSv2_memo/vendor/laravel/framework/src/Illuminate/Pipeline/Pipeline.php(163): Illuminate\\Routing\\Middleware\\SubstituteBindings->handle(Object(Illuminate\\Http\\Request), Object(Closure))
#10 /var/www/TRDSv2_memo/vendor/laravel/framework/src/Illuminate/Routing/Pipeline.php(53): Illuminate\\Pipeline\\Pipeline->Illuminate\\Pipeline\\{closure}(Object(Illuminate\\Http\\Request))
#11 /var/www/TRDSv2_memo/vendor/laravel/framework/src/Illuminate/Foundation/Http/Middleware/VerifyCsrfToken.php(75): Illuminate\\Routing\\Pipeline->Illuminate\\Routing\\{closure}(Object(Illuminate\\Http\\Request))
#12 /var/www/TRDSv2_memo/vendor/laravel/framework/src/Illuminate/Pipeline/Pipeline.php(163): Illuminate\\Foundation\\Http\\Middleware\\VerifyCsrfToken->handle(Object(Illuminate\\Http\\Request), Object(Closure))
#13 /var/www/TRDSv2_memo/vendor/laravel/framework/src/Illuminate/Routing/Pipeline.php(53): Illuminate\\Pipeline\\Pipeline->Illuminate\\Pipeline\\{closure}(Object(Illuminate\\Http\\Request))
#14 /var/www/TRDSv2_memo/vendor/laravel/framework/src/Illuminate/View/Middleware/ShareErrorsFromSession.php(49): Illuminate\\Routing\\Pipeline->Illuminate\\Routing\\{closure}(Object(Illuminate\\Http\\Request))
#15 /var/www/TRDSv2_memo/vendor/laravel/framework/src/Illuminate/Pipeline/Pipeline.php(163): Illuminate\\View\\Middleware\\ShareErrorsFromSession->handle(Object(Illuminate\\Http\\Request), Object(Closure))
#16 /var/www/TRDSv2_memo/vendor/laravel/framework/src/Illuminate/Routing/Pipeline.php(53): Illuminate\\Pipeline\\Pipeline->Illuminate\\Pipeline\\{closure}(Object(Illuminate\\Http\\Request))
#17 /var/www/TRDSv2_memo/vendor/laravel/framework/src/Illuminate/Session/Middleware/StartSession.php(56): Illuminate\\Routing\\Pipeline->Illuminate\\Routing\\{closure}(Object(Illuminate\\Http\\Request))
#18 /var/www/TRDSv2_memo/vendor/laravel/framework/src/Illuminate/Pipeline/Pipeline.php(163): Illuminate\\Session\\Middleware\\StartSession->handle(Object(Illuminate\\Http\\Request), Object(Closure))
#19 /var/www/TRDSv2_memo/vendor/laravel/framework/src/Illuminate/Routing/Pipeline.php(53): Illuminate\\Pipeline\\Pipeline->Illuminate\\Pipeline\\{closure}(Object(Illuminate\\Http\\Request))
#20 /var/www/TRDSv2_memo/vendor/laravel/framework/src/Illuminate/Cookie/Middleware/AddQueuedCookiesToResponse.php(37): Illuminate\\Routing\\Pipeline->Illuminate\\Routing\\{closure}(Object(Illuminate\\Http\\Request))
#21 /var/www/TRDSv2_memo/vendor/laravel/framework/src/Illuminate/Pipeline/Pipeline.php(163): Illuminate\\Cookie\\Middleware\\AddQueuedCookiesToResponse->handle(Object(Illuminate\\Http\\Request), Object(Closure))
#22 /var/www/TRDSv2_memo/vendor/laravel/framework/src/Illuminate/Routing/Pipeline.php(53): Illuminate\\Pipeline\\Pipeline->Illuminate\\Pipeline\\{closure}(Object(Illuminate\\Http\\Request))
#23 /var/www/TRDSv2_memo/vendor/laravel/framework/src/Illuminate/Cookie/Middleware/EncryptCookies.php(66): Illuminate\\Routing\\Pipeline->Illuminate\\Routing\\{closure}(Object(Illuminate\\Http\\Request))
#24 /var/www/TRDSv2_memo/vendor/laravel/framework/src/Illuminate/Pipeline/Pipeline.php(163): Illuminate\\Cookie\\Middleware\\EncryptCookies->handle(Object(Illuminate\\Http\\Request), Object(Closure))
#25 /var/www/TRDSv2_memo/vendor/laravel/framework/src/Illuminate/Routing/Pipeline.php(53): Illuminate\\Pipeline\\Pipeline->Illuminate\\Pipeline\\{closure}(Object(Illuminate\\Http\\Request))
#26 /var/www/TRDSv2_memo/vendor/laravel/framework/src/Illuminate/Pipeline/Pipeline.php(104): Illuminate\\Routing\\Pipeline->Illuminate\\Routing\\{closure}(Object(Illuminate\\Http\\Request))
#27 /var/www/TRDSv2_memo/vendor/laravel/framework/src/Illuminate/Routing/Router.php(682): Illuminate\\Pipeline\\Pipeline->then(Object(Closure))
#28 /var/www/TRDSv2_memo/vendor/laravel/framework/src/Illuminate/Routing/Router.php(657): Illuminate\\Routing\\Router->runRouteWithinStack(Object(Illuminate\\Routing\\Route), Object(Illuminate\\Http\\Request))
#29 /var/www/TRDSv2_memo/vendor/laravel/framework/src/Illuminate/Routing/Router.php(623): Illuminate\\Routing\\Router->runRoute(Object(Illuminate\\Http\\Request), Object(Illuminate\\Routing\\Route))
#30 /var/www/TRDSv2_memo/vendor/laravel/framework/src/Illuminate/Routing/Router.php(612): Illuminate\\Routing\\Router->dispatchToRoute(Object(Illuminate\\Http\\Request))
#31 /var/www/TRDSv2_memo/vendor/laravel/framework/src/Illuminate/Foundation/Http/Kernel.php(176): Illuminate\\Routing\\Router->dispatch(Object(Illuminate\\Http\\Request))
#32 /var/www/TRDSv2_memo/vendor/laravel/framework/src/Illuminate/Routing/Pipeline.php(30): Illuminate\\Foundation\\Http\\Kernel->Illuminate\\Foundation\\Http\\{closure}(Object(Illuminate\\Http\\Request))
#33 /var/www/TRDSv2_memo/vendor/laravel/framework/src/Illuminate/Foundation/Http/Middleware/TransformsRequest.php(21): Illuminate\\Routing\\Pipeline->Illuminate\\Routing\\{closure}(Object(Illuminate\\Http\\Request))
#34 /var/www/TRDSv2_memo/vendor/laravel/framework/src/Illuminate/Pipeline/Pipeline.php(163): Illuminate\\Foundation\\Http\\Middleware\\TransformsRequest->handle(Object(Illuminate\\Http\\Request), Object(Closure))
#35 /var/www/TRDSv2_memo/vendor/laravel/framework/src/Illuminate/Routing/Pipeline.php(53): Illuminate\\Pipeline\\Pipeline->Illuminate\\Pipeline\\{closure}(Object(Illuminate\\Http\\Request))
#36 /var/www/TRDSv2_memo/vendor/laravel/framework/src/Illuminate/Foundation/Http/Middleware/TransformsRequest.php(21): Illuminate\\Routing\\Pipeline->Illuminate\\Routing\\{closure}(Object(Illuminate\\Http\\Request))
#37 /var/www/TRDSv2_memo/vendor/laravel/framework/src/Illuminate/Pipeline/Pipeline.php(163): Illuminate\\Foundation\\Http\\Middleware\\TransformsRequest->handle(Object(Illuminate\\Http\\Request), Object(Closure))
#38 /var/www/TRDSv2_memo/vendor/laravel/framework/src/Illuminate/Routing/Pipeline.php(53): Illuminate\\Pipeline\\Pipeline->Illuminate\\Pipeline\\{closure}(Object(Illuminate\\Http\\Request))
#39 /var/www/TRDSv2_memo/vendor/laravel/framework/src/Illuminate/Foundation/Http/Middleware/ValidatePostSize.php(27): Illuminate\\Routing\\Pipeline->Illuminate\\Routing\\{closure}(Object(Illuminate\\Http\\Request))
#40 /var/www/TRDSv2_memo/vendor/laravel/framework/src/Illuminate/Pipeline/Pipeline.php(163): Illuminate\\Foundation\\Http\\Middleware\\ValidatePostSize->handle(Object(Illuminate\\Http\\Request), Object(Closure))
#41 /var/www/TRDSv2_memo/vendor/laravel/framework/src/Illuminate/Routing/Pipeline.php(53): Illuminate\\Pipeline\\Pipeline->Illuminate\\Pipeline\\{closure}(Object(Illuminate\\Http\\Request))
#42 /var/www/TRDSv2_memo/vendor/laravel/framework/src/Illuminate/Foundation/Http/Middleware/CheckForMaintenanceMode.php(62): Illuminate\\Routing\\Pipeline->Illuminate\\Routing\\{closure}(Object(Illuminate\\Http\\Request))
#43 /var/www/TRDSv2_memo/vendor/laravel/framework/src/Illuminate/Pipeline/Pipeline.php(163): Illuminate\\Foundation\\Http\\Middleware\\CheckForMaintenanceMode->handle(Object(Illuminate\\Http\\Request), Object(Closure))
#44 /var/www/TRDSv2_memo/vendor/laravel/framework/src/Illuminate/Routing/Pipeline.php(53): Illuminate\\Pipeline\\Pipeline->Illuminate\\Pipeline\\{closure}(Object(Illuminate\\Http\\Request))
#45 /var/www/TRDSv2_memo/vendor/fideloper/proxy/src/TrustProxies.php(57): Illuminate\\Routing\\Pipeline->Illuminate\\Routing\\{closure}(Object(Illuminate\\Http\\Request))
#46 /var/www/TRDSv2_memo/vendor/laravel/framework/src/Illuminate/Pipeline/Pipeline.php(163): Fideloper\\Proxy\\TrustProxies->handle(Object(Illuminate\\Http\\Request), Object(Closure))
#47 /var/www/TRDSv2_memo/vendor/laravel/framework/src/Illuminate/Routing/Pipeline.php(53): Illuminate\\Pipeline\\Pipeline->Illuminate\\Pipeline\\{closure}(Object(Illuminate\\Http\\Request))
#48 /var/www/TRDSv2_memo/vendor/laravel/framework/src/Illuminate/Pipeline/Pipeline.php(104): Illuminate\\Routing\\Pipeline->Illuminate\\Routing\\{closure}(Object(Illuminate\\Http\\Request))
#49 /var/www/TRDSv2_memo/vendor/laravel/framework/src/Illuminate/Foundation/Http/Kernel.php(151): Illuminate\\Pipeline\\Pipeline->then(Object(Closure))
#50 /var/www/TRDSv2_memo/vendor/laravel/framework/src/Illuminate/Foundation/Http/Kernel.php(116): Illuminate\\Foundation\\Http\\Kernel->sendRequestThroughRouter(Object(Illuminate\\Http\\Request))
#51 /var/www/TRDSv2_memo/index.php(55): Illuminate\\Foundation\\Http\\Kernel->handle(Object(Illuminate\\Http\\Request))
#52 {main}
"} 
[2026-03-03 08:33:28] local.ERROR: Undefined variable: globalUser {"exception":"[object] (ErrorException(code: 0): Undefined variable: globalUser at /var/www/TRDSv2_memo/app/Http/Controllers/HrMemo/HrMemoController.php:30)
[stacktrace]
#0 /var/www/TRDSv2_memo/app/Http/Controllers/HrMemo/HrMemoController.php(30): Illuminate\\Foundation\\Bootstrap\\HandleExceptions->handleError(8, 'Undefined varia...', '/var/www/TRDSv2...', 30, Array)
#1 [internal function]: App\\Http\\Controllers\\HrMemo\\HrMemoController->viewHrMemoInfo(Object(Illuminate\\Http\\Request))
#2 /var/www/TRDSv2_memo/vendor/laravel/framework/src/Illuminate/Routing/Controller.php(54): call_user_func_array(Array, Array)
#3 /var/www/TRDSv2_memo/vendor/laravel/framework/src/Illuminate/Routing/ControllerDispatcher.php(45): Illuminate\\Routing\\Controller->callAction('viewHrMemoInfo', Array)
#4 /var/www/TRDSv2_memo/vendor/laravel/framework/src/Illuminate/Routing/Route.php(219): Illuminate\\Routing\\ControllerDispatcher->dispatch(Object(Illuminate\\Routing\\Route), Object(App\\Http\\Controllers\\HrMemo\\HrMemoController), 'viewHrMemoInfo')
#5 /var/www/TRDSv2_memo/vendor/laravel/framework/src/Illuminate/Routing/Route.php(176): Illuminate\\Routing\\Route->runController()
#6 /var/www/TRDSv2_memo/vendor/laravel/framework/src/Illuminate/Routing/Router.php(680): Illuminate\\Routing\\Route->run()
#7 /var/www/TRDSv2_memo/vendor/laravel/framework/src/Illuminate/Routing/Pipeline.php(30): Illuminate\\Routing\\Router->Illuminate\\Routing\\{closure}(Object(Illuminate\\Http\\Request))
#8 /var/www/TRDSv2_memo/vendor/laravel/framework/src/Illuminate/Routing/Middleware/SubstituteBindings.php(41): Illuminate\\Routing\\Pipeline->Illuminate\\Routing\\{closure}(Object(Illuminate\\Http\\Request))
#9 /var/www/TRDSv2_memo/vendor/laravel/framework/src/Illuminate/Pipeline/Pipeline.php(163): Illuminate\\Routing\\Middleware\\SubstituteBindings->handle(Object(Illuminate\\Http\\Request), Object(Closure))
#10 /var/www/TRDSv2_memo/vendor/laravel/framework/src/Illuminate/Routing/Pipeline.php(53): Illuminate\\Pipeline\\Pipeline->Illuminate\\Pipeline\\{closure}(Object(Illuminate\\Http\\Request))
#11 /var/www/TRDSv2_memo/vendor/laravel/framework/src/Illuminate/Foundation/Http/Middleware/VerifyCsrfToken.php(75): Illuminate\\Routing\\Pipeline->Illuminate\\Routing\\{closure}(Object(Illuminate\\Http\\Request))
#12 /var/www/TRDSv2_memo/vendor/laravel/framework/src/Illuminate/Pipeline/Pipeline.php(163): Illuminate\\Foundation\\Http\\Middleware\\VerifyCsrfToken->handle(Object(Illuminate\\Http\\Request), Object(Closure))
#13 /var/www/TRDSv2_memo/vendor/laravel/framework/src/Illuminate/Routing/Pipeline.php(53): Illuminate\\Pipeline\\Pipeline->Illuminate\\Pipeline\\{closure}(Object(Illuminate\\Http\\Request))
#14 /var/www/TRDSv2_memo/vendor/laravel/framework/src/Illuminate/View/Middleware/ShareErrorsFromSession.php(49): Illuminate\\Routing\\Pipeline->Illuminate\\Routing\\{closure}(Object(Illuminate\\Http\\Request))
#15 /var/www/TRDSv2_memo/vendor/laravel/framework/src/Illuminate/Pipeline/Pipeline.php(163): Illuminate\\View\\Middleware\\ShareErrorsFromSession->handle(Object(Illuminate\\Http\\Request), Object(Closure))
#16 /var/www/TRDSv2_memo/vendor/laravel/framework/src/Illuminate/Routing/Pipeline.php(53): Illuminate\\Pipeline\\Pipeline->Illuminate\\Pipeline\\{closure}(Object(Illuminate\\Http\\Request))
#17 /var/www/TRDSv2_memo/vendor/laravel/framework/src/Illuminate/Session/Middleware/StartSession.php(56): Illuminate\\Routing\\Pipeline->Illuminate\\Routing\\{closure}(Object(Illuminate\\Http\\Request))
#18 /var/www/TRDSv2_memo/vendor/laravel/framework/src/Illuminate/Pipeline/Pipeline.php(163): Illuminate\\Session\\Middleware\\StartSession->handle(Object(Illuminate\\Http\\Request), Object(Closure))
#19 /var/www/TRDSv2_memo/vendor/laravel/framework/src/Illuminate/Routing/Pipeline.php(53): Illuminate\\Pipeline\\Pipeline->Illuminate\\Pipeline\\{closure}(Object(Illuminate\\Http\\Request))
#20 /var/www/TRDSv2_memo/vendor/laravel/framework/src/Illuminate/Cookie/Middleware/AddQueuedCookiesToResponse.php(37): Illuminate\\Routing\\Pipeline->Illuminate\\Routing\\{closure}(Object(Illuminate\\Http\\Request))
#21 /var/www/TRDSv2_memo/vendor/laravel/framework/src/Illuminate/Pipeline/Pipeline.php(163): Illuminate\\Cookie\\Middleware\\AddQueuedCookiesToResponse->handle(Object(Illuminate\\Http\\Request), Object(Closure))
#22 /var/www/TRDSv2_memo/vendor/laravel/framework/src/Illuminate/Routing/Pipeline.php(53): Illuminate\\Pipeline\\Pipeline->Illuminate\\Pipeline\\{closure}(Object(Illuminate\\Http\\Request))
#23 /var/www/TRDSv2_memo/vendor/laravel/framework/src/Illuminate/Cookie/Middleware/EncryptCookies.php(66): Illuminate\\Routing\\Pipeline->Illuminate\\Routing\\{closure}(Object(Illuminate\\Http\\Request))
#24 /var/www/TRDSv2_memo/vendor/laravel/framework/src/Illuminate/Pipeline/Pipeline.php(163): Illuminate\\Cookie\\Middleware\\EncryptCookies->handle(Object(Illuminate\\Http\\Request), Object(Closure))
#25 /var/www/TRDSv2_memo/vendor/laravel/framework/src/Illuminate/Routing/Pipeline.php(53): Illuminate\\Pipeline\\Pipeline->Illuminate\\Pipeline\\{closure}(Object(Illuminate\\Http\\Request))
#26 /var/www/TRDSv2_memo/vendor/laravel/framework/src/Illuminate/Pipeline/Pipeline.php(104): Illuminate\\Routing\\Pipeline->Illuminate\\Routing\\{closure}(Object(Illuminate\\Http\\Request))
#27 /var/www/TRDSv2_memo/vendor/laravel/framework/src/Illuminate/Routing/Router.php(682): Illuminate\\Pipeline\\Pipeline->then(Object(Closure))
#28 /var/www/TRDSv2_memo/vendor/laravel/framework/src/Illuminate/Routing/Router.php(657): Illuminate\\Routing\\Router->runRouteWithinStack(Object(Illuminate\\Routing\\Route), Object(Illuminate\\Http\\Request))
#29 /var/www/TRDSv2_memo/vendor/laravel/framework/src/Illuminate/Routing/Router.php(623): Illuminate\\Routing\\Router->runRoute(Object(Illuminate\\Http\\Request), Object(Illuminate\\Routing\\Route))
#30 /var/www/TRDSv2_memo/vendor/laravel/framework/src/Illuminate/Routing/Router.php(612): Illuminate\\Routing\\Router->dispatchToRoute(Object(Illuminate\\Http\\Request))
#31 /var/www/TRDSv2_memo/vendor/laravel/framework/src/Illuminate/Foundation/Http/Kernel.php(176): Illuminate\\Routing\\Router->dispatch(Object(Illuminate\\Http\\Request))
#32 /var/www/TRDSv2_memo/vendor/laravel/framework/src/Illuminate/Routing/Pipeline.php(30): Illuminate\\Foundation\\Http\\Kernel->Illuminate\\Foundation\\Http\\{closure}(Object(Illuminate\\Http\\Request))
#33 /var/www/TRDSv2_memo/vendor/laravel/framework/src/Illuminate/Foundation/Http/Middleware/TransformsRequest.php(21): Illuminate\\Routing\\Pipeline->Illuminate\\Routing\\{closure}(Object(Illuminate\\Http\\Request))
#34 /var/www/TRDSv2_memo/vendor/laravel/framework/src/Illuminate/Pipeline/Pipeline.php(163): Illuminate\\Foundation\\Http\\Middleware\\TransformsRequest->handle(Object(Illuminate\\Http\\Request), Object(Closure))
#35 /var/www/TRDSv2_memo/vendor/laravel/framework/src/Illuminate/Routing/Pipeline.php(53): Illuminate\\Pipeline\\Pipeline->Illuminate\\Pipeline\\{closure}(Object(Illuminate\\Http\\Request))
#36 /var/www/TRDSv2_memo/vendor/laravel/framework/src/Illuminate/Foundation/Http/Middleware/TransformsRequest.php(21): Illuminate\\Routing\\Pipeline->Illuminate\\Routing\\{closure}(Object(Illuminate\\Http\\Request))
#37 /var/www/TRDSv2_memo/vendor/laravel/framework/src/Illuminate/Pipeline/Pipeline.php(163): Illuminate\\Foundation\\Http\\Middleware\\TransformsRequest->handle(Object(Illuminate\\Http\\Request), Object(Closure))
#38 /var/www/TRDSv2_memo/vendor/laravel/framework/src/Illuminate/Routing/Pipeline.php(53): Illuminate\\Pipeline\\Pipeline->Illuminate\\Pipeline\\{closure}(Object(Illuminate\\Http\\Request))
#39 /var/www/TRDSv2_memo/vendor/laravel/framework/src/Illuminate/Foundation/Http/Middleware/ValidatePostSize.php(27): Illuminate\\Routing\\Pipeline->Illuminate\\Routing\\{closure}(Object(Illuminate\\Http\\Request))
#40 /var/www/TRDSv2_memo/vendor/laravel/framework/src/Illuminate/Pipeline/Pipeline.php(163): Illuminate\\Foundation\\Http\\Middleware\\ValidatePostSize->handle(Object(Illuminate\\Http\\Request), Object(Closure))
#41 /var/www/TRDSv2_memo/vendor/laravel/framework/src/Illuminate/Routing/Pipeline.php(53): Illuminate\\Pipeline\\Pipeline->Illuminate\\Pipeline\\{closure}(Object(Illuminate\\Http\\Request))
#42 /var/www/TRDSv2_memo/vendor/laravel/framework/src/Illuminate/Foundation/Http/Middleware/CheckForMaintenanceMode.php(62): Illuminate\\Routing\\Pipeline->Illuminate\\Routing\\{closure}(Object(Illuminate\\Http\\Request))
#43 /var/www/TRDSv2_memo/vendor/laravel/framework/src/Illuminate/Pipeline/Pipeline.php(163): Illuminate\\Foundation\\Http\\Middleware\\CheckForMaintenanceMode->handle(Object(Illuminate\\Http\\Request), Object(Closure))
#44 /var/www/TRDSv2_memo/vendor/laravel/framework/src/Illuminate/Routing/Pipeline.php(53): Illuminate\\Pipeline\\Pipeline->Illuminate\\Pipeline\\{closure}(Object(Illuminate\\Http\\Request))
#45 /var/www/TRDSv2_memo/vendor/fideloper/proxy/src/TrustProxies.php(57): Illuminate\\Routing\\Pipeline->Illuminate\\Routing\\{closure}(Object(Illuminate\\Http\\Request))
#46 /var/www/TRDSv2_memo/vendor/laravel/framework/src/Illuminate/Pipeline/Pipeline.php(163): Fideloper\\Proxy\\TrustProxies->handle(Object(Illuminate\\Http\\Request), Object(Closure))
#47 /var/www/TRDSv2_memo/vendor/laravel/framework/src/Illuminate/Routing/Pipeline.php(53): Illuminate\\Pipeline\\Pipeline->Illuminate\\Pipeline\\{closure}(Object(Illuminate\\Http\\Request))
#48 /var/www/TRDSv2_memo/vendor/laravel/framework/src/Illuminate/Pipeline/Pipeline.php(104): Illuminate\\Routing\\Pipeline->Illuminate\\Routing\\{closure}(Object(Illuminate\\Http\\Request))
#49 /var/www/TRDSv2_memo/vendor/laravel/framework/src/Illuminate/Foundation/Http/Kernel.php(151): Illuminate\\Pipeline\\Pipeline->then(Object(Closure))
#50 /var/www/TRDSv2_memo/vendor/laravel/framework/src/Illuminate/Foundation/Http/Kernel.php(116): Illuminate\\Foundation\\Http\\Kernel->sendRequestThroughRouter(Object(Illuminate\\Http\\Request))
#51 /var/www/TRDSv2_memo/index.php(55): Illuminate\\Foundation\\Http\\Kernel->handle(Object(Illuminate\\Http\\Request))
#52 {main}
"} 
[2026-03-03 09:25:30] local.ERROR: Class 'App\Http\Controllers\HrMemo\User' not found {"exception":"[object] (Symfony\\Component\\Debug\\Exception\\FatalThrowableError(code: 0): Class 'App\\Http\\Controllers\\HrMemo\\User' not found at /var/www/TRDSv2_memo/app/Http/Controllers/HrMemo/HrMemoController.php:259)
[stacktrace]
#0 [internal function]: App\\Http\\Controllers\\HrMemo\\HrMemoController->getUsers(Object(Illuminate\\Http\\Request))
#1 /var/www/TRDSv2_memo/vendor/laravel/framework/src/Illuminate/Routing/Controller.php(54): call_user_func_array(Array, Array)
#2 /var/www/TRDSv2_memo/vendor/laravel/framework/src/Illuminate/Routing/ControllerDispatcher.php(45): Illuminate\\Routing\\Controller->callAction('getUsers', Array)
#3 /var/www/TRDSv2_memo/vendor/laravel/framework/src/Illuminate/Routing/Route.php(219): Illuminate\\Routing\\ControllerDispatcher->dispatch(Object(Illuminate\\Routing\\Route), Object(App\\Http\\Controllers\\HrMemo\\HrMemoController), 'getUsers')
#4 /var/www/TRDSv2_memo/vendor/laravel/framework/src/Illuminate/Routing/Route.php(176): Illuminate\\Routing\\Route->runController()
#5 /var/www/TRDSv2_memo/vendor/laravel/framework/src/Illuminate/Routing/Router.php(680): Illuminate\\Routing\\Route->run()
#6 /var/www/TRDSv2_memo/vendor/laravel/framework/src/Illuminate/Routing/Pipeline.php(30): Illuminate\\Routing\\Router->Illuminate\\Routing\\{closure}(Object(Illuminate\\Http\\Request))
#7 /var/www/TRDSv2_memo/vendor/laravel/framework/src/Illuminate/Routing/Middleware/SubstituteBindings.php(41): Illuminate\\Routing\\Pipeline->Illuminate\\Routing\\{closure}(Object(Illuminate\\Http\\Request))
#8 /var/www/TRDSv2_memo/vendor/laravel/framework/src/Illuminate/Pipeline/Pipeline.php(163): Illuminate\\Routing\\Middleware\\SubstituteBindings->handle(Object(Illuminate\\Http\\Request), Object(Closure))
#9 /var/www/TRDSv2_memo/vendor/laravel/framework/src/Illuminate/Routing/Pipeline.php(53): Illuminate\\Pipeline\\Pipeline->Illuminate\\Pipeline\\{closure}(Object(Illuminate\\Http\\Request))
#10 /var/www/TRDSv2_memo/vendor/laravel/framework/src/Illuminate/Foundation/Http/Middleware/VerifyCsrfToken.php(75): Illuminate\\Routing\\Pipeline->Illuminate\\Routing\\{closure}(Object(Illuminate\\Http\\Request))
#11 /var/www/TRDSv2_memo/vendor/laravel/framework/src/Illuminate/Pipeline/Pipeline.php(163): Illuminate\\Foundation\\Http\\Middleware\\VerifyCsrfToken->handle(Object(Illuminate\\Http\\Request), Object(Closure))
#12 /var/www/TRDSv2_memo/vendor/laravel/framework/src/Illuminate/Routing/Pipeline.php(53): Illuminate\\Pipeline\\Pipeline->Illuminate\\Pipeline\\{closure}(Object(Illuminate\\Http\\Request))
#13 /var/www/TRDSv2_memo/vendor/laravel/framework/src/Illuminate/View/Middleware/ShareErrorsFromSession.php(49): Illuminate\\Routing\\Pipeline->Illuminate\\Routing\\{closure}(Object(Illuminate\\Http\\Request))
#14 /var/www/TRDSv2_memo/vendor/laravel/framework/src/Illuminate/Pipeline/Pipeline.php(163): Illuminate\\View\\Middleware\\ShareErrorsFromSession->handle(Object(Illuminate\\Http\\Request), Object(Closure))
#15 /var/www/TRDSv2_memo/vendor/laravel/framework/src/Illuminate/Routing/Pipeline.php(53): Illuminate\\Pipeline\\Pipeline->Illuminate\\Pipeline\\{closure}(Object(Illuminate\\Http\\Request))
#16 /var/www/TRDSv2_memo/vendor/laravel/framework/src/Illuminate/Session/Middleware/StartSession.php(56): Illuminate\\Routing\\Pipeline->Illuminate\\Routing\\{closure}(Object(Illuminate\\Http\\Request))
#17 /var/www/TRDSv2_memo/vendor/laravel/framework/src/Illuminate/Pipeline/Pipeline.php(163): Illuminate\\Session\\Middleware\\StartSession->handle(Object(Illuminate\\Http\\Request), Object(Closure))
#18 /var/www/TRDSv2_memo/vendor/laravel/framework/src/Illuminate/Routing/Pipeline.php(53): Illuminate\\Pipeline\\Pipeline->Illuminate\\Pipeline\\{closure}(Object(Illuminate\\Http\\Request))
#19 /var/www/TRDSv2_memo/vendor/laravel/framework/src/Illuminate/Cookie/Middleware/AddQueuedCookiesToResponse.php(37): Illuminate\\Routing\\Pipeline->Illuminate\\Routing\\{closure}(Object(Illuminate\\Http\\Request))
#20 /var/www/TRDSv2_memo/vendor/laravel/framework/src/Illuminate/Pipeline/Pipeline.php(163): Illuminate\\Cookie\\Middleware\\AddQueuedCookiesToResponse->handle(Object(Illuminate\\Http\\Request), Object(Closure))
#21 /var/www/TRDSv2_memo/vendor/laravel/framework/src/Illuminate/Routing/Pipeline.php(53): Illuminate\\Pipeline\\Pipeline->Illuminate\\Pipeline\\{closure}(Object(Illuminate\\Http\\Request))
#22 /var/www/TRDSv2_memo/vendor/laravel/framework/src/Illuminate/Cookie/Middleware/EncryptCookies.php(66): Illuminate\\Routing\\Pipeline->Illuminate\\Routing\\{closure}(Object(Illuminate\\Http\\Request))
#23 /var/www/TRDSv2_memo/vendor/laravel/framework/src/Illuminate/Pipeline/Pipeline.php(163): Illuminate\\Cookie\\Middleware\\EncryptCookies->handle(Object(Illuminate\\Http\\Request), Object(Closure))
#24 /var/www/TRDSv2_memo/vendor/laravel/framework/src/Illuminate/Routing/Pipeline.php(53): Illuminate\\Pipeline\\Pipeline->Illuminate\\Pipeline\\{closure}(Object(Illuminate\\Http\\Request))
#25 /var/www/TRDSv2_memo/vendor/laravel/framework/src/Illuminate/Pipeline/Pipeline.php(104): Illuminate\\Routing\\Pipeline->Illuminate\\Routing\\{closure}(Object(Illuminate\\Http\\Request))
#26 /var/www/TRDSv2_memo/vendor/laravel/framework/src/Illuminate/Routing/Router.php(682): Illuminate\\Pipeline\\Pipeline->then(Object(Closure))
#27 /var/www/TRDSv2_memo/vendor/laravel/framework/src/Illuminate/Routing/Router.php(657): Illuminate\\Routing\\Router->runRouteWithinStack(Object(Illuminate\\Routing\\Route), Object(Illuminate\\Http\\Request))
#28 /var/www/TRDSv2_memo/vendor/laravel/framework/src/Illuminate/Routing/Router.php(623): Illuminate\\Routing\\Router->runRoute(Object(Illuminate\\Http\\Request), Object(Illuminate\\Routing\\Route))
#29 /var/www/TRDSv2_memo/vendor/laravel/framework/src/Illuminate/Routing/Router.php(612): Illuminate\\Routing\\Router->dispatchToRoute(Object(Illuminate\\Http\\Request))
#30 /var/www/TRDSv2_memo/vendor/laravel/framework/src/Illuminate/Foundation/Http/Kernel.php(176): Illuminate\\Routing\\Router->dispatch(Object(Illuminate\\Http\\Request))
#31 /var/www/TRDSv2_memo/vendor/laravel/framework/src/Illuminate/Routing/Pipeline.php(30): Illuminate\\Foundation\\Http\\Kernel->Illuminate\\Foundation\\Http\\{closure}(Object(Illuminate\\Http\\Request))
#32 /var/www/TRDSv2_memo/vendor/laravel/framework/src/Illuminate/Foundation/Http/Middleware/TransformsRequest.php(21): Illuminate\\Routing\\Pipeline->Illuminate\\Routing\\{closure}(Object(Illuminate\\Http\\Request))
#33 /var/www/TRDSv2_memo/vendor/laravel/framework/src/Illuminate/Pipeline/Pipeline.php(163): Illuminate\\Foundation\\Http\\Middleware\\TransformsRequest->handle(Object(Illuminate\\Http\\Request), Object(Closure))
#34 /var/www/TRDSv2_memo/vendor/laravel/framework/src/Illuminate/Routing/Pipeline.php(53): Illuminate\\Pipeline\\Pipeline->Illuminate\\Pipeline\\{closure}(Object(Illuminate\\Http\\Request))
#35 /var/www/TRDSv2_memo/vendor/laravel/framework/src/Illuminate/Foundation/Http/Middleware/TransformsRequest.php(21): Illuminate\\Routing\\Pipeline->Illuminate\\Routing\\{closure}(Object(Illuminate\\Http\\Request))
#36 /var/www/TRDSv2_memo/vendor/laravel/framework/src/Illuminate/Pipeline/Pipeline.php(163): Illuminate\\Foundation\\Http\\Middleware\\TransformsRequest->handle(Object(Illuminate\\Http\\Request), Object(Closure))
#37 /var/www/TRDSv2_memo/vendor/laravel/framework/src/Illuminate/Routing/Pipeline.php(53): Illuminate\\Pipeline\\Pipeline->Illuminate\\Pipeline\\{closure}(Object(Illuminate\\Http\\Request))
#38 /var/www/TRDSv2_memo/vendor/laravel/framework/src/Illuminate/Foundation/Http/Middleware/ValidatePostSize.php(27): Illuminate\\Routing\\Pipeline->Illuminate\\Routing\\{closure}(Object(Illuminate\\Http\\Request))
#39 /var/www/TRDSv2_memo/vendor/laravel/framework/src/Illuminate/Pipeline/Pipeline.php(163): Illuminate\\Foundation\\Http\\Middleware\\ValidatePostSize->handle(Object(Illuminate\\Http\\Request), Object(Closure))
#40 /var/www/TRDSv2_memo/vendor/laravel/framework/src/Illuminate/Routing/Pipeline.php(53): Illuminate\\Pipeline\\Pipeline->Illuminate\\Pipeline\\{closure}(Object(Illuminate\\Http\\Request))
#41 /var/www/TRDSv2_memo/vendor/laravel/framework/src/Illuminate/Foundation/Http/Middleware/CheckForMaintenanceMode.php(62): Illuminate\\Routing\\Pipeline->Illuminate\\Routing\\{closure}(Object(Illuminate\\Http\\Request))
#42 /var/www/TRDSv2_memo/vendor/laravel/framework/src/Illuminate/Pipeline/Pipeline.php(163): Illuminate\\Foundation\\Http\\Middleware\\CheckForMaintenanceMode->handle(Object(Illuminate\\Http\\Request), Object(Closure))
#43 /var/www/TRDSv2_memo/vendor/laravel/framework/src/Illuminate/Routing/Pipeline.php(53): Illuminate\\Pipeline\\Pipeline->Illuminate\\Pipeline\\{closure}(Object(Illuminate\\Http\\Request))
#44 /var/www/TRDSv2_memo/vendor/fideloper/proxy/src/TrustProxies.php(57): Illuminate\\Routing\\Pipeline->Illuminate\\Routing\\{closure}(Object(Illuminate\\Http\\Request))
#45 /var/www/TRDSv2_memo/vendor/laravel/framework/src/Illuminate/Pipeline/Pipeline.php(163): Fideloper\\Proxy\\TrustProxies->handle(Object(Illuminate\\Http\\Request), Object(Closure))
#46 /var/www/TRDSv2_memo/vendor/laravel/framework/src/Illuminate/Routing/Pipeline.php(53): Illuminate\\Pipeline\\Pipeline->Illuminate\\Pipeline\\{closure}(Object(Illuminate\\Http\\Request))
#47 /var/www/TRDSv2_memo/vendor/laravel/framework/src/Illuminate/Pipeline/Pipeline.php(104): Illuminate\\Routing\\Pipeline->Illuminate\\Routing\\{closure}(Object(Illuminate\\Http\\Request))
#48 /var/www/TRDSv2_memo/vendor/laravel/framework/src/Illuminate/Foundation/Http/Kernel.php(151): Illuminate\\Pipeline\\Pipeline->then(Object(Closure))
#49 /var/www/TRDSv2_memo/vendor/laravel/framework/src/Illuminate/Foundation/Http/Kernel.php(116): Illuminate\\Foundation\\Http\\Kernel->sendRequestThroughRouter(Object(Illuminate\\Http\\Request))
#50 /var/www/TRDSv2_memo/index.php(55): Illuminate\\Foundation\\Http\\Kernel->handle(Object(Illuminate\\Http\\Request))
#51 {main}
"} 
[2026-03-03 09:59:24] local.ERROR: Class 'App\Http\Controllers\HrMemo\User' not found {"exception":"[object] (Symfony\\Component\\Debug\\Exception\\FatalThrowableError(code: 0): Class 'App\\Http\\Controllers\\HrMemo\\User' not found at /var/www/TRDSv2_memo/app/Http/Controllers/HrMemo/HrMemoController.php:259)
[stacktrace]
#0 [internal function]: App\\Http\\Controllers\\HrMemo\\HrMemoController->getUsers(Object(Illuminate\\Http\\Request))
#1 /var/www/TRDSv2_memo/vendor/laravel/framework/src/Illuminate/Routing/Controller.php(54): call_user_func_array(Array, Array)
#2 /var/www/TRDSv2_memo/vendor/laravel/framework/src/Illuminate/Routing/ControllerDispatcher.php(45): Illuminate\\Routing\\Controller->callAction('getUsers', Array)
#3 /var/www/TRDSv2_memo/vendor/laravel/framework/src/Illuminate/Routing/Route.php(219): Illuminate\\Routing\\ControllerDispatcher->dispatch(Object(Illuminate\\Routing\\Route), Object(App\\Http\\Controllers\\HrMemo\\HrMemoController), 'getUsers')
#4 /var/www/TRDSv2_memo/vendor/laravel/framework/src/Illuminate/Routing/Route.php(176): Illuminate\\Routing\\Route->runController()
#5 /var/www/TRDSv2_memo/vendor/laravel/framework/src/Illuminate/Routing/Router.php(680): Illuminate\\Routing\\Route->run()
#6 /var/www/TRDSv2_memo/vendor/laravel/framework/src/Illuminate/Routing/Pipeline.php(30): Illuminate\\Routing\\Router->Illuminate\\Routing\\{closure}(Object(Illuminate\\Http\\Request))
#7 /var/www/TRDSv2_memo/vendor/laravel/framework/src/Illuminate/Routing/Middleware/SubstituteBindings.php(41): Illuminate\\Routing\\Pipeline->Illuminate\\Routing\\{closure}(Object(Illuminate\\Http\\Request))
#8 /var/www/TRDSv2_memo/vendor/laravel/framework/src/Illuminate/Pipeline/Pipeline.php(163): Illuminate\\Routing\\Middleware\\SubstituteBindings->handle(Object(Illuminate\\Http\\Request), Object(Closure))
#9 /var/www/TRDSv2_memo/vendor/laravel/framework/src/Illuminate/Routing/Pipeline.php(53): Illuminate\\Pipeline\\Pipeline->Illuminate\\Pipeline\\{closure}(Object(Illuminate\\Http\\Request))
#10 /var/www/TRDSv2_memo/vendor/laravel/framework/src/Illuminate/Foundation/Http/Middleware/VerifyCsrfToken.php(75): Illuminate\\Routing\\Pipeline->Illuminate\\Routing\\{closure}(Object(Illuminate\\Http\\Request))
#11 /var/www/TRDSv2_memo/vendor/laravel/framework/src/Illuminate/Pipeline/Pipeline.php(163): Illuminate\\Foundation\\Http\\Middleware\\VerifyCsrfToken->handle(Object(Illuminate\\Http\\Request), Object(Closure))
#12 /var/www/TRDSv2_memo/vendor/laravel/framework/src/Illuminate/Routing/Pipeline.php(53): Illuminate\\Pipeline\\Pipeline->Illuminate\\Pipeline\\{closure}(Object(Illuminate\\Http\\Request))
#13 /var/www/TRDSv2_memo/vendor/laravel/framework/src/Illuminate/View/Middleware/ShareErrorsFromSession.php(49): Illuminate\\Routing\\Pipeline->Illuminate\\Routing\\{closure}(Object(Illuminate\\Http\\Request))
#14 /var/www/TRDSv2_memo/vendor/laravel/framework/src/Illuminate/Pipeline/Pipeline.php(163): Illuminate\\View\\Middleware\\ShareErrorsFromSession->handle(Object(Illuminate\\Http\\Request), Object(Closure))
#15 /var/www/TRDSv2_memo/vendor/laravel/framework/src/Illuminate/Routing/Pipeline.php(53): Illuminate\\Pipeline\\Pipeline->Illuminate\\Pipeline\\{closure}(Object(Illuminate\\Http\\Request))
#16 /var/www/TRDSv2_memo/vendor/laravel/framework/src/Illuminate/Session/Middleware/StartSession.php(56): Illuminate\\Routing\\Pipeline->Illuminate\\Routing\\{closure}(Object(Illuminate\\Http\\Request))
#17 /var/www/TRDSv2_memo/vendor/laravel/framework/src/Illuminate/Pipeline/Pipeline.php(163): Illuminate\\Session\\Middleware\\StartSession->handle(Object(Illuminate\\Http\\Request), Object(Closure))
#18 /var/www/TRDSv2_memo/vendor/laravel/framework/src/Illuminate/Routing/Pipeline.php(53): Illuminate\\Pipeline\\Pipeline->Illuminate\\Pipeline\\{closure}(Object(Illuminate\\Http\\Request))
#19 /var/www/TRDSv2_memo/vendor/laravel/framework/src/Illuminate/Cookie/Middleware/AddQueuedCookiesToResponse.php(37): Illuminate\\Routing\\Pipeline->Illuminate\\Routing\\{closure}(Object(Illuminate\\Http\\Request))
#20 /var/www/TRDSv2_memo/vendor/laravel/framework/src/Illuminate/Pipeline/Pipeline.php(163): Illuminate\\Cookie\\Middleware\\AddQueuedCookiesToResponse->handle(Object(Illuminate\\Http\\Request), Object(Closure))
#21 /var/www/TRDSv2_memo/vendor/laravel/framework/src/Illuminate/Routing/Pipeline.php(53): Illuminate\\Pipeline\\Pipeline->Illuminate\\Pipeline\\{closure}(Object(Illuminate\\Http\\Request))
#22 /var/www/TRDSv2_memo/vendor/laravel/framework/src/Illuminate/Cookie/Middleware/EncryptCookies.php(66): Illuminate\\Routing\\Pipeline->Illuminate\\Routing\\{closure}(Object(Illuminate\\Http\\Request))
#23 /var/www/TRDSv2_memo/vendor/laravel/framework/src/Illuminate/Pipeline/Pipeline.php(163): Illuminate\\Cookie\\Middleware\\EncryptCookies->handle(Object(Illuminate\\Http\\Request), Object(Closure))
#24 /var/www/TRDSv2_memo/vendor/laravel/framework/src/Illuminate/Routing/Pipeline.php(53): Illuminate\\Pipeline\\Pipeline->Illuminate\\Pipeline\\{closure}(Object(Illuminate\\Http\\Request))
#25 /var/www/TRDSv2_memo/vendor/laravel/framework/src/Illuminate/Pipeline/Pipeline.php(104): Illuminate\\Routing\\Pipeline->Illuminate\\Routing\\{closure}(Object(Illuminate\\Http\\Request))
#26 /var/www/TRDSv2_memo/vendor/laravel/framework/src/Illuminate/Routing/Router.php(682): Illuminate\\Pipeline\\Pipeline->then(Object(Closure))
#27 /var/www/TRDSv2_memo/vendor/laravel/framework/src/Illuminate/Routing/Router.php(657): Illuminate\\Routing\\Router->runRouteWithinStack(Object(Illuminate\\Routing\\Route), Object(Illuminate\\Http\\Request))
#28 /var/www/TRDSv2_memo/vendor/laravel/framework/src/Illuminate/Routing/Router.php(623): Illuminate\\Routing\\Router->runRoute(Object(Illuminate\\Http\\Request), Object(Illuminate\\Routing\\Route))
#29 /var/www/TRDSv2_memo/vendor/laravel/framework/src/Illuminate/Routing/Router.php(612): Illuminate\\Routing\\Router->dispatchToRoute(Object(Illuminate\\Http\\Request))
#30 /var/www/TRDSv2_memo/vendor/laravel/framework/src/Illuminate/Foundation/Http/Kernel.php(176): Illuminate\\Routing\\Router->dispatch(Object(Illuminate\\Http\\Request))
#31 /var/www/TRDSv2_memo/vendor/laravel/framework/src/Illuminate/Routing/Pipeline.php(30): Illuminate\\Foundation\\Http\\Kernel->Illuminate\\Foundation\\Http\\{closure}(Object(Illuminate\\Http\\Request))
#32 /var/www/TRDSv2_memo/vendor/laravel/framework/src/Illuminate/Foundation/Http/Middleware/TransformsRequest.php(21): Illuminate\\Routing\\Pipeline->Illuminate\\Routing\\{closure}(Object(Illuminate\\Http\\Request))
#33 /var/www/TRDSv2_memo/vendor/laravel/framework/src/Illuminate/Pipeline/Pipeline.php(163): Illuminate\\Foundation\\Http\\Middleware\\TransformsRequest->handle(Object(Illuminate\\Http\\Request), Object(Closure))
#34 /var/www/TRDSv2_memo/vendor/laravel/framework/src/Illuminate/Routing/Pipeline.php(53): Illuminate\\Pipeline\\Pipeline->Illuminate\\Pipeline\\{closure}(Object(Illuminate\\Http\\Request))
#35 /var/www/TRDSv2_memo/vendor/laravel/framework/src/Illuminate/Foundation/Http/Middleware/TransformsRequest.php(21): Illuminate\\Routing\\Pipeline->Illuminate\\Routing\\{closure}(Object(Illuminate\\Http\\Request))
#36 /var/www/TRDSv2_memo/vendor/laravel/framework/src/Illuminate/Pipeline/Pipeline.php(163): Illuminate\\Foundation\\Http\\Middleware\\TransformsRequest->handle(Object(Illuminate\\Http\\Request), Object(Closure))
#37 /var/www/TRDSv2_memo/vendor/laravel/framework/src/Illuminate/Routing/Pipeline.php(53): Illuminate\\Pipeline\\Pipeline->Illuminate\\Pipeline\\{closure}(Object(Illuminate\\Http\\Request))
#38 /var/www/TRDSv2_memo/vendor/laravel/framework/src/Illuminate/Foundation/Http/Middleware/ValidatePostSize.php(27): Illuminate\\Routing\\Pipeline->Illuminate\\Routing\\{closure}(Object(Illuminate\\Http\\Request))
#39 /var/www/TRDSv2_memo/vendor/laravel/framework/src/Illuminate/Pipeline/Pipeline.php(163): Illuminate\\Foundation\\Http\\Middleware\\ValidatePostSize->handle(Object(Illuminate\\Http\\Request), Object(Closure))
#40 /var/www/TRDSv2_memo/vendor/laravel/framework/src/Illuminate/Routing/Pipeline.php(53): Illuminate\\Pipeline\\Pipeline->Illuminate\\Pipeline\\{closure}(Object(Illuminate\\Http\\Request))
#41 /var/www/TRDSv2_memo/vendor/laravel/framework/src/Illuminate/Foundation/Http/Middleware/CheckForMaintenanceMode.php(62): Illuminate\\Routing\\Pipeline->Illuminate\\Routing\\{closure}(Object(Illuminate\\Http\\Request))
#42 /var/www/TRDSv2_memo/vendor/laravel/framework/src/Illuminate/Pipeline/Pipeline.php(163): Illuminate\\Foundation\\Http\\Middleware\\CheckForMaintenanceMode->handle(Object(Illuminate\\Http\\Request), Object(Closure))
#43 /var/www/TRDSv2_memo/vendor/laravel/framework/src/Illuminate/Routing/Pipeline.php(53): Illuminate\\Pipeline\\Pipeline->Illuminate\\Pipeline\\{closure}(Object(Illuminate\\Http\\Request))
#44 /var/www/TRDSv2_memo/vendor/fideloper/proxy/src/TrustProxies.php(57): Illuminate\\Routing\\Pipeline->Illuminate\\Routing\\{closure}(Object(Illuminate\\Http\\Request))
#45 /var/www/TRDSv2_memo/vendor/laravel/framework/src/Illuminate/Pipeline/Pipeline.php(163): Fideloper\\Proxy\\TrustProxies->handle(Object(Illuminate\\Http\\Request), Object(Closure))
#46 /var/www/TRDSv2_memo/vendor/laravel/framework/src/Illuminate/Routing/Pipeline.php(53): Illuminate\\Pipeline\\Pipeline->Illuminate\\Pipeline\\{closure}(Object(Illuminate\\Http\\Request))
#47 /var/www/TRDSv2_memo/vendor/laravel/framework/src/Illuminate/Pipeline/Pipeline.php(104): Illuminate\\Routing\\Pipeline->Illuminate\\Routing\\{closure}(Object(Illuminate\\Http\\Request))
#48 /var/www/TRDSv2_memo/vendor/laravel/framework/src/Illuminate/Foundation/Http/Kernel.php(151): Illuminate\\Pipeline\\Pipeline->then(Object(Closure))
#49 /var/www/TRDSv2_memo/vendor/laravel/framework/src/Illuminate/Foundation/Http/Kernel.php(116): Illuminate\\Foundation\\Http\\Kernel->sendRequestThroughRouter(Object(Illuminate\\Http\\Request))
#50 /var/www/TRDSv2_memo/index.php(55): Illuminate\\Foundation\\Http\\Kernel->handle(Object(Illuminate\\Http\\Request))
#51 {main}
"} 
[2026-03-03 10:21:14] local.ERROR: Class 'App\Http\Controllers\HrMemo\User' not found {"exception":"[object] (Symfony\\Component\\Debug\\Exception\\FatalThrowableError(code: 0): Class 'App\\Http\\Controllers\\HrMemo\\User' not found at /var/www/TRDSv2_memo/app/Http/Controllers/HrMemo/HrMemoController.php:259)
[stacktrace]
#0 [internal function]: App\\Http\\Controllers\\HrMemo\\HrMemoController->getUsers(Object(Illuminate\\Http\\Request))
#1 /var/www/TRDSv2_memo/vendor/laravel/framework/src/Illuminate/Routing/Controller.php(54): call_user_func_array(Array, Array)
#2 /var/www/TRDSv2_memo/vendor/laravel/framework/src/Illuminate/Routing/ControllerDispatcher.php(45): Illuminate\\Routing\\Controller->callAction('getUsers', Array)
#3 /var/www/TRDSv2_memo/vendor/laravel/framework/src/Illuminate/Routing/Route.php(219): Illuminate\\Routing\\ControllerDispatcher->dispatch(Object(Illuminate\\Routing\\Route), Object(App\\Http\\Controllers\\HrMemo\\HrMemoController), 'getUsers')
#4 /var/www/TRDSv2_memo/vendor/laravel/framework/src/Illuminate/Routing/Route.php(176): Illuminate\\Routing\\Route->runController()
#5 /var/www/TRDSv2_memo/vendor/laravel/framework/src/Illuminate/Routing/Router.php(680): Illuminate\\Routing\\Route->run()
#6 /var/www/TRDSv2_memo/vendor/laravel/framework/src/Illuminate/Routing/Pipeline.php(30): Illuminate\\Routing\\Router->Illuminate\\Routing\\{closure}(Object(Illuminate\\Http\\Request))
#7 /var/www/TRDSv2_memo/vendor/laravel/framework/src/Illuminate/Routing/Middleware/SubstituteBindings.php(41): Illuminate\\Routing\\Pipeline->Illuminate\\Routing\\{closure}(Object(Illuminate\\Http\\Request))
#8 /var/www/TRDSv2_memo/vendor/laravel/framework/src/Illuminate/Pipeline/Pipeline.php(163): Illuminate\\Routing\\Middleware\\SubstituteBindings->handle(Object(Illuminate\\Http\\Request), Object(Closure))
#9 /var/www/TRDSv2_memo/vendor/laravel/framework/src/Illuminate/Routing/Pipeline.php(53): Illuminate\\Pipeline\\Pipeline->Illuminate\\Pipeline\\{closure}(Object(Illuminate\\Http\\Request))
#10 /var/www/TRDSv2_memo/vendor/laravel/framework/src/Illuminate/Foundation/Http/Middleware/VerifyCsrfToken.php(75): Illuminate\\Routing\\Pipeline->Illuminate\\Routing\\{closure}(Object(Illuminate\\Http\\Request))
#11 /var/www/TRDSv2_memo/vendor/laravel/framework/src/Illuminate/Pipeline/Pipeline.php(163): Illuminate\\Foundation\\Http\\Middleware\\VerifyCsrfToken->handle(Object(Illuminate\\Http\\Request), Object(Closure))
#12 /var/www/TRDSv2_memo/vendor/laravel/framework/src/Illuminate/Routing/Pipeline.php(53): Illuminate\\Pipeline\\Pipeline->Illuminate\\Pipeline\\{closure}(Object(Illuminate\\Http\\Request))
#13 /var/www/TRDSv2_memo/vendor/laravel/framework/src/Illuminate/View/Middleware/ShareErrorsFromSession.php(49): Illuminate\\Routing\\Pipeline->Illuminate\\Routing\\{closure}(Object(Illuminate\\Http\\Request))
#14 /var/www/TRDSv2_memo/vendor/laravel/framework/src/Illuminate/Pipeline/Pipeline.php(163): Illuminate\\View\\Middleware\\ShareErrorsFromSession->handle(Object(Illuminate\\Http\\Request), Object(Closure))
#15 /var/www/TRDSv2_memo/vendor/laravel/framework/src/Illuminate/Routing/Pipeline.php(53): Illuminate\\Pipeline\\Pipeline->Illuminate\\Pipeline\\{closure}(Object(Illuminate\\Http\\Request))
#16 /var/www/TRDSv2_memo/vendor/laravel/framework/src/Illuminate/Session/Middleware/StartSession.php(56): Illuminate\\Routing\\Pipeline->Illuminate\\Routing\\{closure}(Object(Illuminate\\Http\\Request))
#17 /var/www/TRDSv2_memo/vendor/laravel/framework/src/Illuminate/Pipeline/Pipeline.php(163): Illuminate\\Session\\Middleware\\StartSession->handle(Object(Illuminate\\Http\\Request), Object(Closure))
#18 /var/www/TRDSv2_memo/vendor/laravel/framework/src/Illuminate/Routing/Pipeline.php(53): Illuminate\\Pipeline\\Pipeline->Illuminate\\Pipeline\\{closure}(Object(Illuminate\\Http\\Request))
#19 /var/www/TRDSv2_memo/vendor/laravel/framework/src/Illuminate/Cookie/Middleware/AddQueuedCookiesToResponse.php(37): Illuminate\\Routing\\Pipeline->Illuminate\\Routing\\{closure}(Object(Illuminate\\Http\\Request))
#20 /var/www/TRDSv2_memo/vendor/laravel/framework/src/Illuminate/Pipeline/Pipeline.php(163): Illuminate\\Cookie\\Middleware\\AddQueuedCookiesToResponse->handle(Object(Illuminate\\Http\\Request), Object(Closure))
#21 /var/www/TRDSv2_memo/vendor/laravel/framework/src/Illuminate/Routing/Pipeline.php(53): Illuminate\\Pipeline\\Pipeline->Illuminate\\Pipeline\\{closure}(Object(Illuminate\\Http\\Request))
#22 /var/www/TRDSv2_memo/vendor/laravel/framework/src/Illuminate/Cookie/Middleware/EncryptCookies.php(66): Illuminate\\Routing\\Pipeline->Illuminate\\Routing\\{closure}(Object(Illuminate\\Http\\Request))
#23 /var/www/TRDSv2_memo/vendor/laravel/framework/src/Illuminate/Pipeline/Pipeline.php(163): Illuminate\\Cookie\\Middleware\\EncryptCookies->handle(Object(Illuminate\\Http\\Request), Object(Closure))
#24 /var/www/TRDSv2_memo/vendor/laravel/framework/src/Illuminate/Routing/Pipeline.php(53): Illuminate\\Pipeline\\Pipeline->Illuminate\\Pipeline\\{closure}(Object(Illuminate\\Http\\Request))
#25 /var/www/TRDSv2_memo/vendor/laravel/framework/src/Illuminate/Pipeline/Pipeline.php(104): Illuminate\\Routing\\Pipeline->Illuminate\\Routing\\{closure}(Object(Illuminate\\Http\\Request))
#26 /var/www/TRDSv2_memo/vendor/laravel/framework/src/Illuminate/Routing/Router.php(682): Illuminate\\Pipeline\\Pipeline->then(Object(Closure))
#27 /var/www/TRDSv2_memo/vendor/laravel/framework/src/Illuminate/Routing/Router.php(657): Illuminate\\Routing\\Router->runRouteWithinStack(Object(Illuminate\\Routing\\Route), Object(Illuminate\\Http\\Request))
#28 /var/www/TRDSv2_memo/vendor/laravel/framework/src/Illuminate/Routing/Router.php(623): Illuminate\\Routing\\Router->runRoute(Object(Illuminate\\Http\\Request), Object(Illuminate\\Routing\\Route))
#29 /var/www/TRDSv2_memo/vendor/laravel/framework/src/Illuminate/Routing/Router.php(612): Illuminate\\Routing\\Router->dispatchToRoute(Object(Illuminate\\Http\\Request))
#30 /var/www/TRDSv2_memo/vendor/laravel/framework/src/Illuminate/Foundation/Http/Kernel.php(176): Illuminate\\Routing\\Router->dispatch(Object(Illuminate\\Http\\Request))
#31 /var/www/TRDSv2_memo/vendor/laravel/framework/src/Illuminate/Routing/Pipeline.php(30): Illuminate\\Foundation\\Http\\Kernel->Illuminate\\Foundation\\Http\\{closure}(Object(Illuminate\\Http\\Request))
#32 /var/www/TRDSv2_memo/vendor/laravel/framework/src/Illuminate/Foundation/Http/Middleware/TransformsRequest.php(21): Illuminate\\Routing\\Pipeline->Illuminate\\Routing\\{closure}(Object(Illuminate\\Http\\Request))
#33 /var/www/TRDSv2_memo/vendor/laravel/framework/src/Illuminate/Pipeline/Pipeline.php(163): Illuminate\\Foundation\\Http\\Middleware\\TransformsRequest->handle(Object(Illuminate\\Http\\Request), Object(Closure))
#34 /var/www/TRDSv2_memo/vendor/laravel/framework/src/Illuminate/Routing/Pipeline.php(53): Illuminate\\Pipeline\\Pipeline->Illuminate\\Pipeline\\{closure}(Object(Illuminate\\Http\\Request))
#35 /var/www/TRDSv2_memo/vendor/laravel/framework/src/Illuminate/Foundation/Http/Middleware/TransformsRequest.php(21): Illuminate\\Routing\\Pipeline->Illuminate\\Routing\\{closure}(Object(Illuminate\\Http\\Request))
#36 /var/www/TRDSv2_memo/vendor/laravel/framework/src/Illuminate/Pipeline/Pipeline.php(163): Illuminate\\Foundation\\Http\\Middleware\\TransformsRequest->handle(Object(Illuminate\\Http\\Request), Object(Closure))
#37 /var/www/TRDSv2_memo/vendor/laravel/framework/src/Illuminate/Routing/Pipeline.php(53): Illuminate\\Pipeline\\Pipeline->Illuminate\\Pipeline\\{closure}(Object(Illuminate\\Http\\Request))
#38 /var/www/TRDSv2_memo/vendor/laravel/framework/src/Illuminate/Foundation/Http/Middleware/ValidatePostSize.php(27): Illuminate\\Routing\\Pipeline->Illuminate\\Routing\\{closure}(Object(Illuminate\\Http\\Request))
#39 /var/www/TRDSv2_memo/vendor/laravel/framework/src/Illuminate/Pipeline/Pipeline.php(163): Illuminate\\Foundation\\Http\\Middleware\\ValidatePostSize->handle(Object(Illuminate\\Http\\Request), Object(Closure))
#40 /var/www/TRDSv2_memo/vendor/laravel/framework/src/Illuminate/Routing/Pipeline.php(53): Illuminate\\Pipeline\\Pipeline->Illuminate\\Pipeline\\{closure}(Object(Illuminate\\Http\\Request))
#41 /var/www/TRDSv2_memo/vendor/laravel/framework/src/Illuminate/Foundation/Http/Middleware/CheckForMaintenanceMode.php(62): Illuminate\\Routing\\Pipeline->Illuminate\\Routing\\{closure}(Object(Illuminate\\Http\\Request))
#42 /var/www/TRDSv2_memo/vendor/laravel/framework/src/Illuminate/Pipeline/Pipeline.php(163): Illuminate\\Foundation\\Http\\Middleware\\CheckForMaintenanceMode->handle(Object(Illuminate\\Http\\Request), Object(Closure))
#43 /var/www/TRDSv2_memo/vendor/laravel/framework/src/Illuminate/Routing/Pipeline.php(53): Illuminate\\Pipeline\\Pipeline->Illuminate\\Pipeline\\{closure}(Object(Illuminate\\Http\\Request))
#44 /var/www/TRDSv2_memo/vendor/fideloper/proxy/src/TrustProxies.php(57): Illuminate\\Routing\\Pipeline->Illuminate\\Routing\\{closure}(Object(Illuminate\\Http\\Request))
#45 /var/www/TRDSv2_memo/vendor/laravel/framework/src/Illuminate/Pipeline/Pipeline.php(163): Fideloper\\Proxy\\TrustProxies->handle(Object(Illuminate\\Http\\Request), Object(Closure))
#46 /var/www/TRDSv2_memo/vendor/laravel/framework/src/Illuminate/Routing/Pipeline.php(53): Illuminate\\Pipeline\\Pipeline->Illuminate\\Pipeline\\{closure}(Object(Illuminate\\Http\\Request))
#47 /var/www/TRDSv2_memo/vendor/laravel/framework/src/Illuminate/Pipeline/Pipeline.php(104): Illuminate\\Routing\\Pipeline->Illuminate\\Routing\\{closure}(Object(Illuminate\\Http\\Request))
#48 /var/www/TRDSv2_memo/vendor/laravel/framework/src/Illuminate/Foundation/Http/Kernel.php(151): Illuminate\\Pipeline\\Pipeline->then(Object(Closure))
#49 /var/www/TRDSv2_memo/vendor/laravel/framework/src/Illuminate/Foundation/Http/Kernel.php(116): Illuminate\\Foundation\\Http\\Kernel->sendRequestThroughRouter(Object(Illuminate\\Http\\Request))
#50 /var/www/TRDSv2_memo/index.php(55): Illuminate\\Foundation\\Http\\Kernel->handle(Object(Illuminate\\Http\\Request))
#51 {main}
"} 
[2026-03-03 10:22:07] local.ERROR: Class 'App\Http\Controllers\HrMemo\User' not found {"exception":"[object] (Symfony\\Component\\Debug\\Exception\\FatalThrowableError(code: 0): Class 'App\\Http\\Controllers\\HrMemo\\User' not found at /var/www/TRDSv2_memo/app/Http/Controllers/HrMemo/HrMemoController.php:259)
[stacktrace]
#0 [internal function]: App\\Http\\Controllers\\HrMemo\\HrMemoController->getUsers(Object(Illuminate\\Http\\Request))
#1 /var/www/TRDSv2_memo/vendor/laravel/framework/src/Illuminate/Routing/Controller.php(54): call_user_func_array(Array, Array)
#2 /var/www/TRDSv2_memo/vendor/laravel/framework/src/Illuminate/Routing/ControllerDispatcher.php(45): Illuminate\\Routing\\Controller->callAction('getUsers', Array)
#3 /var/www/TRDSv2_memo/vendor/laravel/framework/src/Illuminate/Routing/Route.php(219): Illuminate\\Routing\\ControllerDispatcher->dispatch(Object(Illuminate\\Routing\\Route), Object(App\\Http\\Controllers\\HrMemo\\HrMemoController), 'getUsers')
#4 /var/www/TRDSv2_memo/vendor/laravel/framework/src/Illuminate/Routing/Route.php(176): Illuminate\\Routing\\Route->runController()
#5 /var/www/TRDSv2_memo/vendor/laravel/framework/src/Illuminate/Routing/Router.php(680): Illuminate\\Routing\\Route->run()
#6 /var/www/TRDSv2_memo/vendor/laravel/framework/src/Illuminate/Routing/Pipeline.php(30): Illuminate\\Routing\\Router->Illuminate\\Routing\\{closure}(Object(Illuminate\\Http\\Request))
#7 /var/www/TRDSv2_memo/vendor/laravel/framework/src/Illuminate/Routing/Middleware/SubstituteBindings.php(41): Illuminate\\Routing\\Pipeline->Illuminate\\Routing\\{closure}(Object(Illuminate\\Http\\Request))
#8 /var/www/TRDSv2_memo/vendor/laravel/framework/src/Illuminate/Pipeline/Pipeline.php(163): Illuminate\\Routing\\Middleware\\SubstituteBindings->handle(Object(Illuminate\\Http\\Request), Object(Closure))
#9 /var/www/TRDSv2_memo/vendor/laravel/framework/src/Illuminate/Routing/Pipeline.php(53): Illuminate\\Pipeline\\Pipeline->Illuminate\\Pipeline\\{closure}(Object(Illuminate\\Http\\Request))
#10 /var/www/TRDSv2_memo/vendor/laravel/framework/src/Illuminate/Foundation/Http/Middleware/VerifyCsrfToken.php(75): Illuminate\\Routing\\Pipeline->Illuminate\\Routing\\{closure}(Object(Illuminate\\Http\\Request))
#11 /var/www/TRDSv2_memo/vendor/laravel/framework/src/Illuminate/Pipeline/Pipeline.php(163): Illuminate\\Foundation\\Http\\Middleware\\VerifyCsrfToken->handle(Object(Illuminate\\Http\\Request), Object(Closure))
#12 /var/www/TRDSv2_memo/vendor/laravel/framework/src/Illuminate/Routing/Pipeline.php(53): Illuminate\\Pipeline\\Pipeline->Illuminate\\Pipeline\\{closure}(Object(Illuminate\\Http\\Request))
#13 /var/www/TRDSv2_memo/vendor/laravel/framework/src/Illuminate/View/Middleware/ShareErrorsFromSession.php(49): Illuminate\\Routing\\Pipeline->Illuminate\\Routing\\{closure}(Object(Illuminate\\Http\\Request))
#14 /var/www/TRDSv2_memo/vendor/laravel/framework/src/Illuminate/Pipeline/Pipeline.php(163): Illuminate\\View\\Middleware\\ShareErrorsFromSession->handle(Object(Illuminate\\Http\\Request), Object(Closure))
#15 /var/www/TRDSv2_memo/vendor/laravel/framework/src/Illuminate/Routing/Pipeline.php(53): Illuminate\\Pipeline\\Pipeline->Illuminate\\Pipeline\\{closure}(Object(Illuminate\\Http\\Request))
#16 /var/www/TRDSv2_memo/vendor/laravel/framework/src/Illuminate/Session/Middleware/StartSession.php(56): Illuminate\\Routing\\Pipeline->Illuminate\\Routing\\{closure}(Object(Illuminate\\Http\\Request))
#17 /var/www/TRDSv2_memo/vendor/laravel/framework/src/Illuminate/Pipeline/Pipeline.php(163): Illuminate\\Session\\Middleware\\StartSession->handle(Object(Illuminate\\Http\\Request), Object(Closure))
#18 /var/www/TRDSv2_memo/vendor/laravel/framework/src/Illuminate/Routing/Pipeline.php(53): Illuminate\\Pipeline\\Pipeline->Illuminate\\Pipeline\\{closure}(Object(Illuminate\\Http\\Request))
#19 /var/www/TRDSv2_memo/vendor/laravel/framework/src/Illuminate/Cookie/Middleware/AddQueuedCookiesToResponse.php(37): Illuminate\\Routing\\Pipeline->Illuminate\\Routing\\{closure}(Object(Illuminate\\Http\\Request))
#20 /var/www/TRDSv2_memo/vendor/laravel/framework/src/Illuminate/Pipeline/Pipeline.php(163): Illuminate\\Cookie\\Middleware\\AddQueuedCookiesToResponse->handle(Object(Illuminate\\Http\\Request), Object(Closure))
#21 /var/www/TRDSv2_memo/vendor/laravel/framework/src/Illuminate/Routing/Pipeline.php(53): Illuminate\\Pipeline\\Pipeline->Illuminate\\Pipeline\\{closure}(Object(Illuminate\\Http\\Request))
#22 /var/www/TRDSv2_memo/vendor/laravel/framework/src/Illuminate/Cookie/Middleware/EncryptCookies.php(66): Illuminate\\Routing\\Pipeline->Illuminate\\Routing\\{closure}(Object(Illuminate\\Http\\Request))
#23 /var/www/TRDSv2_memo/vendor/laravel/framework/src/Illuminate/Pipeline/Pipeline.php(163): Illuminate\\Cookie\\Middleware\\EncryptCookies->handle(Object(Illuminate\\Http\\Request), Object(Closure))
#24 /var/www/TRDSv2_memo/vendor/laravel/framework/src/Illuminate/Routing/Pipeline.php(53): Illuminate\\Pipeline\\Pipeline->Illuminate\\Pipeline\\{closure}(Object(Illuminate\\Http\\Request))
#25 /var/www/TRDSv2_memo/vendor/laravel/framework/src/Illuminate/Pipeline/Pipeline.php(104): Illuminate\\Routing\\Pipeline->Illuminate\\Routing\\{closure}(Object(Illuminate\\Http\\Request))
#26 /var/www/TRDSv2_memo/vendor/laravel/framework/src/Illuminate/Routing/Router.php(682): Illuminate\\Pipeline\\Pipeline->then(Object(Closure))
#27 /var/www/TRDSv2_memo/vendor/laravel/framework/src/Illuminate/Routing/Router.php(657): Illuminate\\Routing\\Router->runRouteWithinStack(Object(Illuminate\\Routing\\Route), Object(Illuminate\\Http\\Request))
#28 /var/www/TRDSv2_memo/vendor/laravel/framework/src/Illuminate/Routing/Router.php(623): Illuminate\\Routing\\Router->runRoute(Object(Illuminate\\Http\\Request), Object(Illuminate\\Routing\\Route))
#29 /var/www/TRDSv2_memo/vendor/laravel/framework/src/Illuminate/Routing/Router.php(612): Illuminate\\Routing\\Router->dispatchToRoute(Object(Illuminate\\Http\\Request))
#30 /var/www/TRDSv2_memo/vendor/laravel/framework/src/Illuminate/Foundation/Http/Kernel.php(176): Illuminate\\Routing\\Router->dispatch(Object(Illuminate\\Http\\Request))
#31 /var/www/TRDSv2_memo/vendor/laravel/framework/src/Illuminate/Routing/Pipeline.php(30): Illuminate\\Foundation\\Http\\Kernel->Illuminate\\Foundation\\Http\\{closure}(Object(Illuminate\\Http\\Request))
#32 /var/www/TRDSv2_memo/vendor/laravel/framework/src/Illuminate/Foundation/Http/Middleware/TransformsRequest.php(21): Illuminate\\Routing\\Pipeline->Illuminate\\Routing\\{closure}(Object(Illuminate\\Http\\Request))
#33 /var/www/TRDSv2_memo/vendor/laravel/framework/src/Illuminate/Pipeline/Pipeline.php(163): Illuminate\\Foundation\\Http\\Middleware\\TransformsRequest->handle(Object(Illuminate\\Http\\Request), Object(Closure))
#34 /var/www/TRDSv2_memo/vendor/laravel/framework/src/Illuminate/Routing/Pipeline.php(53): Illuminate\\Pipeline\\Pipeline->Illuminate\\Pipeline\\{closure}(Object(Illuminate\\Http\\Request))
#35 /var/www/TRDSv2_memo/vendor/laravel/framework/src/Illuminate/Foundation/Http/Middleware/TransformsRequest.php(21): Illuminate\\Routing\\Pipeline->Illuminate\\Routing\\{closure}(Object(Illuminate\\Http\\Request))
#36 /var/www/TRDSv2_memo/vendor/laravel/framework/src/Illuminate/Pipeline/Pipeline.php(163): Illuminate\\Foundation\\Http\\Middleware\\TransformsRequest->handle(Object(Illuminate\\Http\\Request), Object(Closure))
#37 /var/www/TRDSv2_memo/vendor/laravel/framework/src/Illuminate/Routing/Pipeline.php(53): Illuminate\\Pipeline\\Pipeline->Illuminate\\Pipeline\\{closure}(Object(Illuminate\\Http\\Request))
#38 /var/www/TRDSv2_memo/vendor/laravel/framework/src/Illuminate/Foundation/Http/Middleware/ValidatePostSize.php(27): Illuminate\\Routing\\Pipeline->Illuminate\\Routing\\{closure}(Object(Illuminate\\Http\\Request))
#39 /var/www/TRDSv2_memo/vendor/laravel/framework/src/Illuminate/Pipeline/Pipeline.php(163): Illuminate\\Foundation\\Http\\Middleware\\ValidatePostSize->handle(Object(Illuminate\\Http\\Request), Object(Closure))
#40 /var/www/TRDSv2_memo/vendor/laravel/framework/src/Illuminate/Routing/Pipeline.php(53): Illuminate\\Pipeline\\Pipeline->Illuminate\\Pipeline\\{closure}(Object(Illuminate\\Http\\Request))
#41 /var/www/TRDSv2_memo/vendor/laravel/framework/src/Illuminate/Foundation/Http/Middleware/CheckForMaintenanceMode.php(62): Illuminate\\Routing\\Pipeline->Illuminate\\Routing\\{closure}(Object(Illuminate\\Http\\Request))
#42 /var/www/TRDSv2_memo/vendor/laravel/framework/src/Illuminate/Pipeline/Pipeline.php(163): Illuminate\\Foundation\\Http\\Middleware\\CheckForMaintenanceMode->handle(Object(Illuminate\\Http\\Request), Object(Closure))
#43 /var/www/TRDSv2_memo/vendor/laravel/framework/src/Illuminate/Routing/Pipeline.php(53): Illuminate\\Pipeline\\Pipeline->Illuminate\\Pipeline\\{closure}(Object(Illuminate\\Http\\Request))
#44 /var/www/TRDSv2_memo/vendor/fideloper/proxy/src/TrustProxies.php(57): Illuminate\\Routing\\Pipeline->Illuminate\\Routing\\{closure}(Object(Illuminate\\Http\\Request))
#45 /var/www/TRDSv2_memo/vendor/laravel/framework/src/Illuminate/Pipeline/Pipeline.php(163): Fideloper\\Proxy\\TrustProxies->handle(Object(Illuminate\\Http\\Request), Object(Closure))
#46 /var/www/TRDSv2_memo/vendor/laravel/framework/src/Illuminate/Routing/Pipeline.php(53): Illuminate\\Pipeline\\Pipeline->Illuminate\\Pipeline\\{closure}(Object(Illuminate\\Http\\Request))
#47 /var/www/TRDSv2_memo/vendor/laravel/framework/src/Illuminate/Pipeline/Pipeline.php(104): Illuminate\\Routing\\Pipeline->Illuminate\\Routing\\{closure}(Object(Illuminate\\Http\\Request))
#48 /var/www/TRDSv2_memo/vendor/laravel/framework/src/Illuminate/Foundation/Http/Kernel.php(151): Illuminate\\Pipeline\\Pipeline->then(Object(Closure))
#49 /var/www/TRDSv2_memo/vendor/laravel/framework/src/Illuminate/Foundation/Http/Kernel.php(116): Illuminate\\Foundation\\Http\\Kernel->sendRequestThroughRouter(Object(Illuminate\\Http\\Request))
#50 /var/www/TRDSv2_memo/index.php(55): Illuminate\\Foundation\\Http\\Kernel->handle(Object(Illuminate\\Http\\Request))
#51 {main}
"} 
[2026-03-03 10:23:05] local.ERROR: Class 'App\Http\Controllers\HrMemo\User' not found {"exception":"[object] (Symfony\\Component\\Debug\\Exception\\FatalThrowableError(code: 0): Class 'App\\Http\\Controllers\\HrMemo\\User' not found at /var/www/TRDSv2_memo/app/Http/Controllers/HrMemo/HrMemoController.php:259)
[stacktrace]
#0 [internal function]: App\\Http\\Controllers\\HrMemo\\HrMemoController->getUsers(Object(Illuminate\\Http\\Request))
#1 /var/www/TRDSv2_memo/vendor/laravel/framework/src/Illuminate/Routing/Controller.php(54): call_user_func_array(Array, Array)
#2 /var/www/TRDSv2_memo/vendor/laravel/framework/src/Illuminate/Routing/ControllerDispatcher.php(45): Illuminate\\Routing\\Controller->callAction('getUsers', Array)
#3 /var/www/TRDSv2_memo/vendor/laravel/framework/src/Illuminate/Routing/Route.php(219): Illuminate\\Routing\\ControllerDispatcher->dispatch(Object(Illuminate\\Routing\\Route), Object(App\\Http\\Controllers\\HrMemo\\HrMemoController), 'getUsers')
#4 /var/www/TRDSv2_memo/vendor/laravel/framework/src/Illuminate/Routing/Route.php(176): Illuminate\\Routing\\Route->runController()
#5 /var/www/TRDSv2_memo/vendor/laravel/framework/src/Illuminate/Routing/Router.php(680): Illuminate\\Routing\\Route->run()
#6 /var/www/TRDSv2_memo/vendor/laravel/framework/src/Illuminate/Routing/Pipeline.php(30): Illuminate\\Routing\\Router->Illuminate\\Routing\\{closure}(Object(Illuminate\\Http\\Request))
#7 /var/www/TRDSv2_memo/vendor/laravel/framework/src/Illuminate/Routing/Middleware/SubstituteBindings.php(41): Illuminate\\Routing\\Pipeline->Illuminate\\Routing\\{closure}(Object(Illuminate\\Http\\Request))
#8 /var/www/TRDSv2_memo/vendor/laravel/framework/src/Illuminate/Pipeline/Pipeline.php(163): Illuminate\\Routing\\Middleware\\SubstituteBindings->handle(Object(Illuminate\\Http\\Request), Object(Closure))
#9 /var/www/TRDSv2_memo/vendor/laravel/framework/src/Illuminate/Routing/Pipeline.php(53): Illuminate\\Pipeline\\Pipeline->Illuminate\\Pipeline\\{closure}(Object(Illuminate\\Http\\Request))
#10 /var/www/TRDSv2_memo/vendor/laravel/framework/src/Illuminate/Foundation/Http/Middleware/VerifyCsrfToken.php(75): Illuminate\\Routing\\Pipeline->Illuminate\\Routing\\{closure}(Object(Illuminate\\Http\\Request))
#11 /var/www/TRDSv2_memo/vendor/laravel/framework/src/Illuminate/Pipeline/Pipeline.php(163): Illuminate\\Foundation\\Http\\Middleware\\VerifyCsrfToken->handle(Object(Illuminate\\Http\\Request), Object(Closure))
#12 /var/www/TRDSv2_memo/vendor/laravel/framework/src/Illuminate/Routing/Pipeline.php(53): Illuminate\\Pipeline\\Pipeline->Illuminate\\Pipeline\\{closure}(Object(Illuminate\\Http\\Request))
#13 /var/www/TRDSv2_memo/vendor/laravel/framework/src/Illuminate/View/Middleware/ShareErrorsFromSession.php(49): Illuminate\\Routing\\Pipeline->Illuminate\\Routing\\{closure}(Object(Illuminate\\Http\\Request))
#14 /var/www/TRDSv2_memo/vendor/laravel/framework/src/Illuminate/Pipeline/Pipeline.php(163): Illuminate\\View\\Middleware\\ShareErrorsFromSession->handle(Object(Illuminate\\Http\\Request), Object(Closure))
#15 /var/www/TRDSv2_memo/vendor/laravel/framework/src/Illuminate/Routing/Pipeline.php(53): Illuminate\\Pipeline\\Pipeline->Illuminate\\Pipeline\\{closure}(Object(Illuminate\\Http\\Request))
#16 /var/www/TRDSv2_memo/vendor/laravel/framework/src/Illuminate/Session/Middleware/StartSession.php(56): Illuminate\\Routing\\Pipeline->Illuminate\\Routing\\{closure}(Object(Illuminate\\Http\\Request))
#17 /var/www/TRDSv2_memo/vendor/laravel/framework/src/Illuminate/Pipeline/Pipeline.php(163): Illuminate\\Session\\Middleware\\StartSession->handle(Object(Illuminate\\Http\\Request), Object(Closure))
#18 /var/www/TRDSv2_memo/vendor/laravel/framework/src/Illuminate/Routing/Pipeline.php(53): Illuminate\\Pipeline\\Pipeline->Illuminate\\Pipeline\\{closure}(Object(Illuminate\\Http\\Request))
#19 /var/www/TRDSv2_memo/vendor/laravel/framework/src/Illuminate/Cookie/Middleware/AddQueuedCookiesToResponse.php(37): Illuminate\\Routing\\Pipeline->Illuminate\\Routing\\{closure}(Object(Illuminate\\Http\\Request))
#20 /var/www/TRDSv2_memo/vendor/laravel/framework/src/Illuminate/Pipeline/Pipeline.php(163): Illuminate\\Cookie\\Middleware\\AddQueuedCookiesToResponse->handle(Object(Illuminate\\Http\\Request), Object(Closure))
#21 /var/www/TRDSv2_memo/vendor/laravel/framework/src/Illuminate/Routing/Pipeline.php(53): Illuminate\\Pipeline\\Pipeline->Illuminate\\Pipeline\\{closure}(Object(Illuminate\\Http\\Request))
#22 /var/www/TRDSv2_memo/vendor/laravel/framework/src/Illuminate/Cookie/Middleware/EncryptCookies.php(66): Illuminate\\Routing\\Pipeline->Illuminate\\Routing\\{closure}(Object(Illuminate\\Http\\Request))
#23 /var/www/TRDSv2_memo/vendor/laravel/framework/src/Illuminate/Pipeline/Pipeline.php(163): Illuminate\\Cookie\\Middleware\\EncryptCookies->handle(Object(Illuminate\\Http\\Request), Object(Closure))
#24 /var/www/TRDSv2_memo/vendor/laravel/framework/src/Illuminate/Routing/Pipeline.php(53): Illuminate\\Pipeline\\Pipeline->Illuminate\\Pipeline\\{closure}(Object(Illuminate\\Http\\Request))
#25 /var/www/TRDSv2_memo/vendor/laravel/framework/src/Illuminate/Pipeline/Pipeline.php(104): Illuminate\\Routing\\Pipeline->Illuminate\\Routing\\{closure}(Object(Illuminate\\Http\\Request))
#26 /var/www/TRDSv2_memo/vendor/laravel/framework/src/Illuminate/Routing/Router.php(682): Illuminate\\Pipeline\\Pipeline->then(Object(Closure))
#27 /var/www/TRDSv2_memo/vendor/laravel/framework/src/Illuminate/Routing/Router.php(657): Illuminate\\Routing\\Router->runRouteWithinStack(Object(Illuminate\\Routing\\Route), Object(Illuminate\\Http\\Request))
#28 /var/www/TRDSv2_memo/vendor/laravel/framework/src/Illuminate/Routing/Router.php(623): Illuminate\\Routing\\Router->runRoute(Object(Illuminate\\Http\\Request), Object(Illuminate\\Routing\\Route))
#29 /var/www/TRDSv2_memo/vendor/laravel/framework/src/Illuminate/Routing/Router.php(612): Illuminate\\Routing\\Router->dispatchToRoute(Object(Illuminate\\Http\\Request))
#30 /var/www/TRDSv2_memo/vendor/laravel/framework/src/Illuminate/Foundation/Http/Kernel.php(176): Illuminate\\Routing\\Router->dispatch(Object(Illuminate\\Http\\Request))
#31 /var/www/TRDSv2_memo/vendor/laravel/framework/src/Illuminate/Routing/Pipeline.php(30): Illuminate\\Foundation\\Http\\Kernel->Illuminate\\Foundation\\Http\\{closure}(Object(Illuminate\\Http\\Request))
#32 /var/www/TRDSv2_memo/vendor/laravel/framework/src/Illuminate/Foundation/Http/Middleware/TransformsRequest.php(21): Illuminate\\Routing\\Pipeline->Illuminate\\Routing\\{closure}(Object(Illuminate\\Http\\Request))
#33 /var/www/TRDSv2_memo/vendor/laravel/framework/src/Illuminate/Pipeline/Pipeline.php(163): Illuminate\\Foundation\\Http\\Middleware\\TransformsRequest->handle(Object(Illuminate\\Http\\Request), Object(Closure))
#34 /var/www/TRDSv2_memo/vendor/laravel/framework/src/Illuminate/Routing/Pipeline.php(53): Illuminate\\Pipeline\\Pipeline->Illuminate\\Pipeline\\{closure}(Object(Illuminate\\Http\\Request))
#35 /var/www/TRDSv2_memo/vendor/laravel/framework/src/Illuminate/Foundation/Http/Middleware/TransformsRequest.php(21): Illuminate\\Routing\\Pipeline->Illuminate\\Routing\\{closure}(Object(Illuminate\\Http\\Request))
#36 /var/www/TRDSv2_memo/vendor/laravel/framework/src/Illuminate/Pipeline/Pipeline.php(163): Illuminate\\Foundation\\Http\\Middleware\\TransformsRequest->handle(Object(Illuminate\\Http\\Request), Object(Closure))
#37 /var/www/TRDSv2_memo/vendor/laravel/framework/src/Illuminate/Routing/Pipeline.php(53): Illuminate\\Pipeline\\Pipeline->Illuminate\\Pipeline\\{closure}(Object(Illuminate\\Http\\Request))
#38 /var/www/TRDSv2_memo/vendor/laravel/framework/src/Illuminate/Foundation/Http/Middleware/ValidatePostSize.php(27): Illuminate\\Routing\\Pipeline->Illuminate\\Routing\\{closure}(Object(Illuminate\\Http\\Request))
#39 /var/www/TRDSv2_memo/vendor/laravel/framework/src/Illuminate/Pipeline/Pipeline.php(163): Illuminate\\Foundation\\Http\\Middleware\\ValidatePostSize->handle(Object(Illuminate\\Http\\Request), Object(Closure))
#40 /var/www/TRDSv2_memo/vendor/laravel/framework/src/Illuminate/Routing/Pipeline.php(53): Illuminate\\Pipeline\\Pipeline->Illuminate\\Pipeline\\{closure}(Object(Illuminate\\Http\\Request))
#41 /var/www/TRDSv2_memo/vendor/laravel/framework/src/Illuminate/Foundation/Http/Middleware/CheckForMaintenanceMode.php(62): Illuminate\\Routing\\Pipeline->Illuminate\\Routing\\{closure}(Object(Illuminate\\Http\\Request))
#42 /var/www/TRDSv2_memo/vendor/laravel/framework/src/Illuminate/Pipeline/Pipeline.php(163): Illuminate\\Foundation\\Http\\Middleware\\CheckForMaintenanceMode->handle(Object(Illuminate\\Http\\Request), Object(Closure))
#43 /var/www/TRDSv2_memo/vendor/laravel/framework/src/Illuminate/Routing/Pipeline.php(53): Illuminate\\Pipeline\\Pipeline->Illuminate\\Pipeline\\{closure}(Object(Illuminate\\Http\\Request))
#44 /var/www/TRDSv2_memo/vendor/fideloper/proxy/src/TrustProxies.php(57): Illuminate\\Routing\\Pipeline->Illuminate\\Routing\\{closure}(Object(Illuminate\\Http\\Request))
#45 /var/www/TRDSv2_memo/vendor/laravel/framework/src/Illuminate/Pipeline/Pipeline.php(163): Fideloper\\Proxy\\TrustProxies->handle(Object(Illuminate\\Http\\Request), Object(Closure))
#46 /var/www/TRDSv2_memo/vendor/laravel/framework/src/Illuminate/Routing/Pipeline.php(53): Illuminate\\Pipeline\\Pipeline->Illuminate\\Pipeline\\{closure}(Object(Illuminate\\Http\\Request))
#47 /var/www/TRDSv2_memo/vendor/laravel/framework/src/Illuminate/Pipeline/Pipeline.php(104): Illuminate\\Routing\\Pipeline->Illuminate\\Routing\\{closure}(Object(Illuminate\\Http\\Request))
#48 /var/www/TRDSv2_memo/vendor/laravel/framework/src/Illuminate/Foundation/Http/Kernel.php(151): Illuminate\\Pipeline\\Pipeline->then(Object(Closure))
#49 /var/www/TRDSv2_memo/vendor/laravel/framework/src/Illuminate/Foundation/Http/Kernel.php(116): Illuminate\\Foundation\\Http\\Kernel->sendRequestThroughRouter(Object(Illuminate\\Http\\Request))
#50 /var/www/TRDSv2_memo/index.php(55): Illuminate\\Foundation\\Http\\Kernel->handle(Object(Illuminate\\Http\\Request))
#51 {main}
"} 
[2026-03-03 10:25:58] local.ERROR: Class 'App\Http\Controllers\HrMemo\User' not found {"exception":"[object] (Symfony\\Component\\Debug\\Exception\\FatalThrowableError(code: 0): Class 'App\\Http\\Controllers\\HrMemo\\User' not found at /var/www/TRDSv2_memo/app/Http/Controllers/HrMemo/HrMemoController.php:259)
[stacktrace]
#0 [internal function]: App\\Http\\Controllers\\HrMemo\\HrMemoController->getUsers(Object(Illuminate\\Http\\Request))
#1 /var/www/TRDSv2_memo/vendor/laravel/framework/src/Illuminate/Routing/Controller.php(54): call_user_func_array(Array, Array)
#2 /var/www/TRDSv2_memo/vendor/laravel/framework/src/Illuminate/Routing/ControllerDispatcher.php(45): Illuminate\\Routing\\Controller->callAction('getUsers', Array)
#3 /var/www/TRDSv2_memo/vendor/laravel/framework/src/Illuminate/Routing/Route.php(219): Illuminate\\Routing\\ControllerDispatcher->dispatch(Object(Illuminate\\Routing\\Route), Object(App\\Http\\Controllers\\HrMemo\\HrMemoController), 'getUsers')
#4 /var/www/TRDSv2_memo/vendor/laravel/framework/src/Illuminate/Routing/Route.php(176): Illuminate\\Routing\\Route->runController()
#5 /var/www/TRDSv2_memo/vendor/laravel/framework/src/Illuminate/Routing/Router.php(680): Illuminate\\Routing\\Route->run()
#6 /var/www/TRDSv2_memo/vendor/laravel/framework/src/Illuminate/Routing/Pipeline.php(30): Illuminate\\Routing\\Router->Illuminate\\Routing\\{closure}(Object(Illuminate\\Http\\Request))
#7 /var/www/TRDSv2_memo/vendor/laravel/framework/src/Illuminate/Routing/Middleware/SubstituteBindings.php(41): Illuminate\\Routing\\Pipeline->Illuminate\\Routing\\{closure}(Object(Illuminate\\Http\\Request))
#8 /var/www/TRDSv2_memo/vendor/laravel/framework/src/Illuminate/Pipeline/Pipeline.php(163): Illuminate\\Routing\\Middleware\\SubstituteBindings->handle(Object(Illuminate\\Http\\Request), Object(Closure))
#9 /var/www/TRDSv2_memo/vendor/laravel/framework/src/Illuminate/Routing/Pipeline.php(53): Illuminate\\Pipeline\\Pipeline->Illuminate\\Pipeline\\{closure}(Object(Illuminate\\Http\\Request))
#10 /var/www/TRDSv2_memo/vendor/laravel/framework/src/Illuminate/Foundation/Http/Middleware/VerifyCsrfToken.php(75): Illuminate\\Routing\\Pipeline->Illuminate\\Routing\\{closure}(Object(Illuminate\\Http\\Request))
#11 /var/www/TRDSv2_memo/vendor/laravel/framework/src/Illuminate/Pipeline/Pipeline.php(163): Illuminate\\Foundation\\Http\\Middleware\\VerifyCsrfToken->handle(Object(Illuminate\\Http\\Request), Object(Closure))
#12 /var/www/TRDSv2_memo/vendor/laravel/framework/src/Illuminate/Routing/Pipeline.php(53): Illuminate\\Pipeline\\Pipeline->Illuminate\\Pipeline\\{closure}(Object(Illuminate\\Http\\Request))
#13 /var/www/TRDSv2_memo/vendor/laravel/framework/src/Illuminate/View/Middleware/ShareErrorsFromSession.php(49): Illuminate\\Routing\\Pipeline->Illuminate\\Routing\\{closure}(Object(Illuminate\\Http\\Request))
#14 /var/www/TRDSv2_memo/vendor/laravel/framework/src/Illuminate/Pipeline/Pipeline.php(163): Illuminate\\View\\Middleware\\ShareErrorsFromSession->handle(Object(Illuminate\\Http\\Request), Object(Closure))
#15 /var/www/TRDSv2_memo/vendor/laravel/framework/src/Illuminate/Routing/Pipeline.php(53): Illuminate\\Pipeline\\Pipeline->Illuminate\\Pipeline\\{closure}(Object(Illuminate\\Http\\Request))
#16 /var/www/TRDSv2_memo/vendor/laravel/framework/src/Illuminate/Session/Middleware/StartSession.php(56): Illuminate\\Routing\\Pipeline->Illuminate\\Routing\\{closure}(Object(Illuminate\\Http\\Request))
#17 /var/www/TRDSv2_memo/vendor/laravel/framework/src/Illuminate/Pipeline/Pipeline.php(163): Illuminate\\Session\\Middleware\\StartSession->handle(Object(Illuminate\\Http\\Request), Object(Closure))
#18 /var/www/TRDSv2_memo/vendor/laravel/framework/src/Illuminate/Routing/Pipeline.php(53): Illuminate\\Pipeline\\Pipeline->Illuminate\\Pipeline\\{closure}(Object(Illuminate\\Http\\Request))
#19 /var/www/TRDSv2_memo/vendor/laravel/framework/src/Illuminate/Cookie/Middleware/AddQueuedCookiesToResponse.php(37): Illuminate\\Routing\\Pipeline->Illuminate\\Routing\\{closure}(Object(Illuminate\\Http\\Request))
#20 /var/www/TRDSv2_memo/vendor/laravel/framework/src/Illuminate/Pipeline/Pipeline.php(163): Illuminate\\Cookie\\Middleware\\AddQueuedCookiesToResponse->handle(Object(Illuminate\\Http\\Request), Object(Closure))
#21 /var/www/TRDSv2_memo/vendor/laravel/framework/src/Illuminate/Routing/Pipeline.php(53): Illuminate\\Pipeline\\Pipeline->Illuminate\\Pipeline\\{closure}(Object(Illuminate\\Http\\Request))
#22 /var/www/TRDSv2_memo/vendor/laravel/framework/src/Illuminate/Cookie/Middleware/EncryptCookies.php(66): Illuminate\\Routing\\Pipeline->Illuminate\\Routing\\{closure}(Object(Illuminate\\Http\\Request))
#23 /var/www/TRDSv2_memo/vendor/laravel/framework/src/Illuminate/Pipeline/Pipeline.php(163): Illuminate\\Cookie\\Middleware\\EncryptCookies->handle(Object(Illuminate\\Http\\Request), Object(Closure))
#24 /var/www/TRDSv2_memo/vendor/laravel/framework/src/Illuminate/Routing/Pipeline.php(53): Illuminate\\Pipeline\\Pipeline->Illuminate\\Pipeline\\{closure}(Object(Illuminate\\Http\\Request))
#25 /var/www/TRDSv2_memo/vendor/laravel/framework/src/Illuminate/Pipeline/Pipeline.php(104): Illuminate\\Routing\\Pipeline->Illuminate\\Routing\\{closure}(Object(Illuminate\\Http\\Request))
#26 /var/www/TRDSv2_memo/vendor/laravel/framework/src/Illuminate/Routing/Router.php(682): Illuminate\\Pipeline\\Pipeline->then(Object(Closure))
#27 /var/www/TRDSv2_memo/vendor/laravel/framework/src/Illuminate/Routing/Router.php(657): Illuminate\\Routing\\Router->runRouteWithinStack(Object(Illuminate\\Routing\\Route), Object(Illuminate\\Http\\Request))
#28 /var/www/TRDSv2_memo/vendor/laravel/framework/src/Illuminate/Routing/Router.php(623): Illuminate\\Routing\\Router->runRoute(Object(Illuminate\\Http\\Request), Object(Illuminate\\Routing\\Route))
#29 /var/www/TRDSv2_memo/vendor/laravel/framework/src/Illuminate/Routing/Router.php(612): Illuminate\\Routing\\Router->dispatchToRoute(Object(Illuminate\\Http\\Request))
#30 /var/www/TRDSv2_memo/vendor/laravel/framework/src/Illuminate/Foundation/Http/Kernel.php(176): Illuminate\\Routing\\Router->dispatch(Object(Illuminate\\Http\\Request))
#31 /var/www/TRDSv2_memo/vendor/laravel/framework/src/Illuminate/Routing/Pipeline.php(30): Illuminate\\Foundation\\Http\\Kernel->Illuminate\\Foundation\\Http\\{closure}(Object(Illuminate\\Http\\Request))
#32 /var/www/TRDSv2_memo/vendor/laravel/framework/src/Illuminate/Foundation/Http/Middleware/TransformsRequest.php(21): Illuminate\\Routing\\Pipeline->Illuminate\\Routing\\{closure}(Object(Illuminate\\Http\\Request))
#33 /var/www/TRDSv2_memo/vendor/laravel/framework/src/Illuminate/Pipeline/Pipeline.php(163): Illuminate\\Foundation\\Http\\Middleware\\TransformsRequest->handle(Object(Illuminate\\Http\\Request), Object(Closure))
#34 /var/www/TRDSv2_memo/vendor/laravel/framework/src/Illuminate/Routing/Pipeline.php(53): Illuminate\\Pipeline\\Pipeline->Illuminate\\Pipeline\\{closure}(Object(Illuminate\\Http\\Request))
#35 /var/www/TRDSv2_memo/vendor/laravel/framework/src/Illuminate/Foundation/Http/Middleware/TransformsRequest.php(21): Illuminate\\Routing\\Pipeline->Illuminate\\Routing\\{closure}(Object(Illuminate\\Http\\Request))
#36 /var/www/TRDSv2_memo/vendor/laravel/framework/src/Illuminate/Pipeline/Pipeline.php(163): Illuminate\\Foundation\\Http\\Middleware\\TransformsRequest->handle(Object(Illuminate\\Http\\Request), Object(Closure))
#37 /var/www/TRDSv2_memo/vendor/laravel/framework/src/Illuminate/Routing/Pipeline.php(53): Illuminate\\Pipeline\\Pipeline->Illuminate\\Pipeline\\{closure}(Object(Illuminate\\Http\\Request))
#38 /var/www/TRDSv2_memo/vendor/laravel/framework/src/Illuminate/Foundation/Http/Middleware/ValidatePostSize.php(27): Illuminate\\Routing\\Pipeline->Illuminate\\Routing\\{closure}(Object(Illuminate\\Http\\Request))
#39 /var/www/TRDSv2_memo/vendor/laravel/framework/src/Illuminate/Pipeline/Pipeline.php(163): Illuminate\\Foundation\\Http\\Middleware\\ValidatePostSize->handle(Object(Illuminate\\Http\\Request), Object(Closure))
#40 /var/www/TRDSv2_memo/vendor/laravel/framework/src/Illuminate/Routing/Pipeline.php(53): Illuminate\\Pipeline\\Pipeline->Illuminate\\Pipeline\\{closure}(Object(Illuminate\\Http\\Request))
#41 /var/www/TRDSv2_memo/vendor/laravel/framework/src/Illuminate/Foundation/Http/Middleware/CheckForMaintenanceMode.php(62): Illuminate\\Routing\\Pipeline->Illuminate\\Routing\\{closure}(Object(Illuminate\\Http\\Request))
#42 /var/www/TRDSv2_memo/vendor/laravel/framework/src/Illuminate/Pipeline/Pipeline.php(163): Illuminate\\Foundation\\Http\\Middleware\\CheckForMaintenanceMode->handle(Object(Illuminate\\Http\\Request), Object(Closure))
#43 /var/www/TRDSv2_memo/vendor/laravel/framework/src/Illuminate/Routing/Pipeline.php(53): Illuminate\\Pipeline\\Pipeline->Illuminate\\Pipeline\\{closure}(Object(Illuminate\\Http\\Request))
#44 /var/www/TRDSv2_memo/vendor/fideloper/proxy/src/TrustProxies.php(57): Illuminate\\Routing\\Pipeline->Illuminate\\Routing\\{closure}(Object(Illuminate\\Http\\Request))
#45 /var/www/TRDSv2_memo/vendor/laravel/framework/src/Illuminate/Pipeline/Pipeline.php(163): Fideloper\\Proxy\\TrustProxies->handle(Object(Illuminate\\Http\\Request), Object(Closure))
#46 /var/www/TRDSv2_memo/vendor/laravel/framework/src/Illuminate/Routing/Pipeline.php(53): Illuminate\\Pipeline\\Pipeline->Illuminate\\Pipeline\\{closure}(Object(Illuminate\\Http\\Request))
#47 /var/www/TRDSv2_memo/vendor/laravel/framework/src/Illuminate/Pipeline/Pipeline.php(104): Illuminate\\Routing\\Pipeline->Illuminate\\Routing\\{closure}(Object(Illuminate\\Http\\Request))
#48 /var/www/TRDSv2_memo/vendor/laravel/framework/src/Illuminate/Foundation/Http/Kernel.php(151): Illuminate\\Pipeline\\Pipeline->then(Object(Closure))
#49 /var/www/TRDSv2_memo/vendor/laravel/framework/src/Illuminate/Foundation/Http/Kernel.php(116): Illuminate\\Foundation\\Http\\Kernel->sendRequestThroughRouter(Object(Illuminate\\Http\\Request))
#50 /var/www/TRDSv2_memo/index.php(55): Illuminate\\Foundation\\Http\\Kernel->handle(Object(Illuminate\\Http\\Request))
#51 {main}
"} 
[2026-03-03 10:26:33] local.ERROR: Class 'App\Http\Controllers\HrMemo\User' not found {"exception":"[object] (Symfony\\Component\\Debug\\Exception\\FatalThrowableError(code: 0): Class 'App\\Http\\Controllers\\HrMemo\\User' not found at /var/www/TRDSv2_memo/app/Http/Controllers/HrMemo/HrMemoController.php:259)
[stacktrace]
#0 [internal function]: App\\Http\\Controllers\\HrMemo\\HrMemoController->getUsers(Object(Illuminate\\Http\\Request))
#1 /var/www/TRDSv2_memo/vendor/laravel/framework/src/Illuminate/Routing/Controller.php(54): call_user_func_array(Array, Array)
#2 /var/www/TRDSv2_memo/vendor/laravel/framework/src/Illuminate/Routing/ControllerDispatcher.php(45): Illuminate\\Routing\\Controller->callAction('getUsers', Array)
#3 /var/www/TRDSv2_memo/vendor/laravel/framework/src/Illuminate/Routing/Route.php(219): Illuminate\\Routing\\ControllerDispatcher->dispatch(Object(Illuminate\\Routing\\Route), Object(App\\Http\\Controllers\\HrMemo\\HrMemoController), 'getUsers')
#4 /var/www/TRDSv2_memo/vendor/laravel/framework/src/Illuminate/Routing/Route.php(176): Illuminate\\Routing\\Route->runController()
#5 /var/www/TRDSv2_memo/vendor/laravel/framework/src/Illuminate/Routing/Router.php(680): Illuminate\\Routing\\Route->run()
#6 /var/www/TRDSv2_memo/vendor/laravel/framework/src/Illuminate/Routing/Pipeline.php(30): Illuminate\\Routing\\Router->Illuminate\\Routing\\{closure}(Object(Illuminate\\Http\\Request))
#7 /var/www/TRDSv2_memo/vendor/laravel/framework/src/Illuminate/Routing/Middleware/SubstituteBindings.php(41): Illuminate\\Routing\\Pipeline->Illuminate\\Routing\\{closure}(Object(Illuminate\\Http\\Request))
#8 /var/www/TRDSv2_memo/vendor/laravel/framework/src/Illuminate/Pipeline/Pipeline.php(163): Illuminate\\Routing\\Middleware\\SubstituteBindings->handle(Object(Illuminate\\Http\\Request), Object(Closure))
#9 /var/www/TRDSv2_memo/vendor/laravel/framework/src/Illuminate/Routing/Pipeline.php(53): Illuminate\\Pipeline\\Pipeline->Illuminate\\Pipeline\\{closure}(Object(Illuminate\\Http\\Request))
#10 /var/www/TRDSv2_memo/vendor/laravel/framework/src/Illuminate/Foundation/Http/Middleware/VerifyCsrfToken.php(75): Illuminate\\Routing\\Pipeline->Illuminate\\Routing\\{closure}(Object(Illuminate\\Http\\Request))
#11 /var/www/TRDSv2_memo/vendor/laravel/framework/src/Illuminate/Pipeline/Pipeline.php(163): Illuminate\\Foundation\\Http\\Middleware\\VerifyCsrfToken->handle(Object(Illuminate\\Http\\Request), Object(Closure))
#12 /var/www/TRDSv2_memo/vendor/laravel/framework/src/Illuminate/Routing/Pipeline.php(53): Illuminate\\Pipeline\\Pipeline->Illuminate\\Pipeline\\{closure}(Object(Illuminate\\Http\\Request))
#13 /var/www/TRDSv2_memo/vendor/laravel/framework/src/Illuminate/View/Middleware/ShareErrorsFromSession.php(49): Illuminate\\Routing\\Pipeline->Illuminate\\Routing\\{closure}(Object(Illuminate\\Http\\Request))
#14 /var/www/TRDSv2_memo/vendor/laravel/framework/src/Illuminate/Pipeline/Pipeline.php(163): Illuminate\\View\\Middleware\\ShareErrorsFromSession->handle(Object(Illuminate\\Http\\Request), Object(Closure))
#15 /var/www/TRDSv2_memo/vendor/laravel/framework/src/Illuminate/Routing/Pipeline.php(53): Illuminate\\Pipeline\\Pipeline->Illuminate\\Pipeline\\{closure}(Object(Illuminate\\Http\\Request))
#16 /var/www/TRDSv2_memo/vendor/laravel/framework/src/Illuminate/Session/Middleware/StartSession.php(56): Illuminate\\Routing\\Pipeline->Illuminate\\Routing\\{closure}(Object(Illuminate\\Http\\Request))
#17 /var/www/TRDSv2_memo/vendor/laravel/framework/src/Illuminate/Pipeline/Pipeline.php(163): Illuminate\\Session\\Middleware\\StartSession->handle(Object(Illuminate\\Http\\Request), Object(Closure))
#18 /var/www/TRDSv2_memo/vendor/laravel/framework/src/Illuminate/Routing/Pipeline.php(53): Illuminate\\Pipeline\\Pipeline->Illuminate\\Pipeline\\{closure}(Object(Illuminate\\Http\\Request))
#19 /var/www/TRDSv2_memo/vendor/laravel/framework/src/Illuminate/Cookie/Middleware/AddQueuedCookiesToResponse.php(37): Illuminate\\Routing\\Pipeline->Illuminate\\Routing\\{closure}(Object(Illuminate\\Http\\Request))
#20 /var/www/TRDSv2_memo/vendor/laravel/framework/src/Illuminate/Pipeline/Pipeline.php(163): Illuminate\\Cookie\\Middleware\\AddQueuedCookiesToResponse->handle(Object(Illuminate\\Http\\Request), Object(Closure))
#21 /var/www/TRDSv2_memo/vendor/laravel/framework/src/Illuminate/Routing/Pipeline.php(53): Illuminate\\Pipeline\\Pipeline->Illuminate\\Pipeline\\{closure}(Object(Illuminate\\Http\\Request))
#22 /var/www/TRDSv2_memo/vendor/laravel/framework/src/Illuminate/Cookie/Middleware/EncryptCookies.php(66): Illuminate\\Routing\\Pipeline->Illuminate\\Routing\\{closure}(Object(Illuminate\\Http\\Request))
#23 /var/www/TRDSv2_memo/vendor/laravel/framework/src/Illuminate/Pipeline/Pipeline.php(163): Illuminate\\Cookie\\Middleware\\EncryptCookies->handle(Object(Illuminate\\Http\\Request), Object(Closure))
#24 /var/www/TRDSv2_memo/vendor/laravel/framework/src/Illuminate/Routing/Pipeline.php(53): Illuminate\\Pipeline\\Pipeline->Illuminate\\Pipeline\\{closure}(Object(Illuminate\\Http\\Request))
#25 /var/www/TRDSv2_memo/vendor/laravel/framework/src/Illuminate/Pipeline/Pipeline.php(104): Illuminate\\Routing\\Pipeline->Illuminate\\Routing\\{closure}(Object(Illuminate\\Http\\Request))
#26 /var/www/TRDSv2_memo/vendor/laravel/framework/src/Illuminate/Routing/Router.php(682): Illuminate\\Pipeline\\Pipeline->then(Object(Closure))
#27 /var/www/TRDSv2_memo/vendor/laravel/framework/src/Illuminate/Routing/Router.php(657): Illuminate\\Routing\\Router->runRouteWithinStack(Object(Illuminate\\Routing\\Route), Object(Illuminate\\Http\\Request))
#28 /var/www/TRDSv2_memo/vendor/laravel/framework/src/Illuminate/Routing/Router.php(623): Illuminate\\Routing\\Router->runRoute(Object(Illuminate\\Http\\Request), Object(Illuminate\\Routing\\Route))
#29 /var/www/TRDSv2_memo/vendor/laravel/framework/src/Illuminate/Routing/Router.php(612): Illuminate\\Routing\\Router->dispatchToRoute(Object(Illuminate\\Http\\Request))
#30 /var/www/TRDSv2_memo/vendor/laravel/framework/src/Illuminate/Foundation/Http/Kernel.php(176): Illuminate\\Routing\\Router->dispatch(Object(Illuminate\\Http\\Request))
#31 /var/www/TRDSv2_memo/vendor/laravel/framework/src/Illuminate/Routing/Pipeline.php(30): Illuminate\\Foundation\\Http\\Kernel->Illuminate\\Foundation\\Http\\{closure}(Object(Illuminate\\Http\\Request))
#32 /var/www/TRDSv2_memo/vendor/laravel/framework/src/Illuminate/Foundation/Http/Middleware/TransformsRequest.php(21): Illuminate\\Routing\\Pipeline->Illuminate\\Routing\\{closure}(Object(Illuminate\\Http\\Request))
#33 /var/www/TRDSv2_memo/vendor/laravel/framework/src/Illuminate/Pipeline/Pipeline.php(163): Illuminate\\Foundation\\Http\\Middleware\\TransformsRequest->handle(Object(Illuminate\\Http\\Request), Object(Closure))
#34 /var/www/TRDSv2_memo/vendor/laravel/framework/src/Illuminate/Routing/Pipeline.php(53): Illuminate\\Pipeline\\Pipeline->Illuminate\\Pipeline\\{closure}(Object(Illuminate\\Http\\Request))
#35 /var/www/TRDSv2_memo/vendor/laravel/framework/src/Illuminate/Foundation/Http/Middleware/TransformsRequest.php(21): Illuminate\\Routing\\Pipeline->Illuminate\\Routing\\{closure}(Object(Illuminate\\Http\\Request))
#36 /var/www/TRDSv2_memo/vendor/laravel/framework/src/Illuminate/Pipeline/Pipeline.php(163): Illuminate\\Foundation\\Http\\Middleware\\TransformsRequest->handle(Object(Illuminate\\Http\\Request), Object(Closure))
#37 /var/www/TRDSv2_memo/vendor/laravel/framework/src/Illuminate/Routing/Pipeline.php(53): Illuminate\\Pipeline\\Pipeline->Illuminate\\Pipeline\\{closure}(Object(Illuminate\\Http\\Request))
#38 /var/www/TRDSv2_memo/vendor/laravel/framework/src/Illuminate/Foundation/Http/Middleware/ValidatePostSize.php(27): Illuminate\\Routing\\Pipeline->Illuminate\\Routing\\{closure}(Object(Illuminate\\Http\\Request))
#39 /var/www/TRDSv2_memo/vendor/laravel/framework/src/Illuminate/Pipeline/Pipeline.php(163): Illuminate\\Foundation\\Http\\Middleware\\ValidatePostSize->handle(Object(Illuminate\\Http\\Request), Object(Closure))
#40 /var/www/TRDSv2_memo/vendor/laravel/framework/src/Illuminate/Routing/Pipeline.php(53): Illuminate\\Pipeline\\Pipeline->Illuminate\\Pipeline\\{closure}(Object(Illuminate\\Http\\Request))
#41 /var/www/TRDSv2_memo/vendor/laravel/framework/src/Illuminate/Foundation/Http/Middleware/CheckForMaintenanceMode.php(62): Illuminate\\Routing\\Pipeline->Illuminate\\Routing\\{closure}(Object(Illuminate\\Http\\Request))
#42 /var/www/TRDSv2_memo/vendor/laravel/framework/src/Illuminate/Pipeline/Pipeline.php(163): Illuminate\\Foundation\\Http\\Middleware\\CheckForMaintenanceMode->handle(Object(Illuminate\\Http\\Request), Object(Closure))
#43 /var/www/TRDSv2_memo/vendor/laravel/framework/src/Illuminate/Routing/Pipeline.php(53): Illuminate\\Pipeline\\Pipeline->Illuminate\\Pipeline\\{closure}(Object(Illuminate\\Http\\Request))
#44 /var/www/TRDSv2_memo/vendor/fideloper/proxy/src/TrustProxies.php(57): Illuminate\\Routing\\Pipeline->Illuminate\\Routing\\{closure}(Object(Illuminate\\Http\\Request))
#45 /var/www/TRDSv2_memo/vendor/laravel/framework/src/Illuminate/Pipeline/Pipeline.php(163): Fideloper\\Proxy\\TrustProxies->handle(Object(Illuminate\\Http\\Request), Object(Closure))
#46 /var/www/TRDSv2_memo/vendor/laravel/framework/src/Illuminate/Routing/Pipeline.php(53): Illuminate\\Pipeline\\Pipeline->Illuminate\\Pipeline\\{closure}(Object(Illuminate\\Http\\Request))
#47 /var/www/TRDSv2_memo/vendor/laravel/framework/src/Illuminate/Pipeline/Pipeline.php(104): Illuminate\\Routing\\Pipeline->Illuminate\\Routing\\{closure}(Object(Illuminate\\Http\\Request))
#48 /var/www/TRDSv2_memo/vendor/laravel/framework/src/Illuminate/Foundation/Http/Kernel.php(151): Illuminate\\Pipeline\\Pipeline->then(Object(Closure))
#49 /var/www/TRDSv2_memo/vendor/laravel/framework/src/Illuminate/Foundation/Http/Kernel.php(116): Illuminate\\Foundation\\Http\\Kernel->sendRequestThroughRouter(Object(Illuminate\\Http\\Request))
#50 /var/www/TRDSv2_memo/index.php(55): Illuminate\\Foundation\\Http\\Kernel->handle(Object(Illuminate\\Http\\Request))
#51 {main}
"} 
[2026-03-03 10:26:45] local.ERROR: Class 'App\Http\Controllers\HrMemo\User' not found {"exception":"[object] (Symfony\\Component\\Debug\\Exception\\FatalThrowableError(code: 0): Class 'App\\Http\\Controllers\\HrMemo\\User' not found at /var/www/TRDSv2_memo/app/Http/Controllers/HrMemo/HrMemoController.php:259)
[stacktrace]
#0 [internal function]: App\\Http\\Controllers\\HrMemo\\HrMemoController->getUsers(Object(Illuminate\\Http\\Request))
#1 /var/www/TRDSv2_memo/vendor/laravel/framework/src/Illuminate/Routing/Controller.php(54): call_user_func_array(Array, Array)
#2 /var/www/TRDSv2_memo/vendor/laravel/framework/src/Illuminate/Routing/ControllerDispatcher.php(45): Illuminate\\Routing\\Controller->callAction('getUsers', Array)
#3 /var/www/TRDSv2_memo/vendor/laravel/framework/src/Illuminate/Routing/Route.php(219): Illuminate\\Routing\\ControllerDispatcher->dispatch(Object(Illuminate\\Routing\\Route), Object(App\\Http\\Controllers\\HrMemo\\HrMemoController), 'getUsers')
#4 /var/www/TRDSv2_memo/vendor/laravel/framework/src/Illuminate/Routing/Route.php(176): Illuminate\\Routing\\Route->runController()
#5 /var/www/TRDSv2_memo/vendor/laravel/framework/src/Illuminate/Routing/Router.php(680): Illuminate\\Routing\\Route->run()
#6 /var/www/TRDSv2_memo/vendor/laravel/framework/src/Illuminate/Routing/Pipeline.php(30): Illuminate\\Routing\\Router->Illuminate\\Routing\\{closure}(Object(Illuminate\\Http\\Request))
#7 /var/www/TRDSv2_memo/vendor/laravel/framework/src/Illuminate/Routing/Middleware/SubstituteBindings.php(41): Illuminate\\Routing\\Pipeline->Illuminate\\Routing\\{closure}(Object(Illuminate\\Http\\Request))
#8 /var/www/TRDSv2_memo/vendor/laravel/framework/src/Illuminate/Pipeline/Pipeline.php(163): Illuminate\\Routing\\Middleware\\SubstituteBindings->handle(Object(Illuminate\\Http\\Request), Object(Closure))
#9 /var/www/TRDSv2_memo/vendor/laravel/framework/src/Illuminate/Routing/Pipeline.php(53): Illuminate\\Pipeline\\Pipeline->Illuminate\\Pipeline\\{closure}(Object(Illuminate\\Http\\Request))
#10 /var/www/TRDSv2_memo/vendor/laravel/framework/src/Illuminate/Foundation/Http/Middleware/VerifyCsrfToken.php(75): Illuminate\\Routing\\Pipeline->Illuminate\\Routing\\{closure}(Object(Illuminate\\Http\\Request))
#11 /var/www/TRDSv2_memo/vendor/laravel/framework/src/Illuminate/Pipeline/Pipeline.php(163): Illuminate\\Foundation\\Http\\Middleware\\VerifyCsrfToken->handle(Object(Illuminate\\Http\\Request), Object(Closure))
#12 /var/www/TRDSv2_memo/vendor/laravel/framework/src/Illuminate/Routing/Pipeline.php(53): Illuminate\\Pipeline\\Pipeline->Illuminate\\Pipeline\\{closure}(Object(Illuminate\\Http\\Request))
#13 /var/www/TRDSv2_memo/vendor/laravel/framework/src/Illuminate/View/Middleware/ShareErrorsFromSession.php(49): Illuminate\\Routing\\Pipeline->Illuminate\\Routing\\{closure}(Object(Illuminate\\Http\\Request))
#14 /var/www/TRDSv2_memo/vendor/laravel/framework/src/Illuminate/Pipeline/Pipeline.php(163): Illuminate\\View\\Middleware\\ShareErrorsFromSession->handle(Object(Illuminate\\Http\\Request), Object(Closure))
#15 /var/www/TRDSv2_memo/vendor/laravel/framework/src/Illuminate/Routing/Pipeline.php(53): Illuminate\\Pipeline\\Pipeline->Illuminate\\Pipeline\\{closure}(Object(Illuminate\\Http\\Request))
#16 /var/www/TRDSv2_memo/vendor/laravel/framework/src/Illuminate/Session/Middleware/StartSession.php(56): Illuminate\\Routing\\Pipeline->Illuminate\\Routing\\{closure}(Object(Illuminate\\Http\\Request))
#17 /var/www/TRDSv2_memo/vendor/laravel/framework/src/Illuminate/Pipeline/Pipeline.php(163): Illuminate\\Session\\Middleware\\StartSession->handle(Object(Illuminate\\Http\\Request), Object(Closure))
#18 /var/www/TRDSv2_memo/vendor/laravel/framework/src/Illuminate/Routing/Pipeline.php(53): Illuminate\\Pipeline\\Pipeline->Illuminate\\Pipeline\\{closure}(Object(Illuminate\\Http\\Request))
#19 /var/www/TRDSv2_memo/vendor/laravel/framework/src/Illuminate/Cookie/Middleware/AddQueuedCookiesToResponse.php(37): Illuminate\\Routing\\Pipeline->Illuminate\\Routing\\{closure}(Object(Illuminate\\Http\\Request))
#20 /var/www/TRDSv2_memo/vendor/laravel/framework/src/Illuminate/Pipeline/Pipeline.php(163): Illuminate\\Cookie\\Middleware\\AddQueuedCookiesToResponse->handle(Object(Illuminate\\Http\\Request), Object(Closure))
#21 /var/www/TRDSv2_memo/vendor/laravel/framework/src/Illuminate/Routing/Pipeline.php(53): Illuminate\\Pipeline\\Pipeline->Illuminate\\Pipeline\\{closure}(Object(Illuminate\\Http\\Request))
#22 /var/www/TRDSv2_memo/vendor/laravel/framework/src/Illuminate/Cookie/Middleware/EncryptCookies.php(66): Illuminate\\Routing\\Pipeline->Illuminate\\Routing\\{closure}(Object(Illuminate\\Http\\Request))
#23 /var/www/TRDSv2_memo/vendor/laravel/framework/src/Illuminate/Pipeline/Pipeline.php(163): Illuminate\\Cookie\\Middleware\\EncryptCookies->handle(Object(Illuminate\\Http\\Request), Object(Closure))
#24 /var/www/TRDSv2_memo/vendor/laravel/framework/src/Illuminate/Routing/Pipeline.php(53): Illuminate\\Pipeline\\Pipeline->Illuminate\\Pipeline\\{closure}(Object(Illuminate\\Http\\Request))
#25 /var/www/TRDSv2_memo/vendor/laravel/framework/src/Illuminate/Pipeline/Pipeline.php(104): Illuminate\\Routing\\Pipeline->Illuminate\\Routing\\{closure}(Object(Illuminate\\Http\\Request))
#26 /var/www/TRDSv2_memo/vendor/laravel/framework/src/Illuminate/Routing/Router.php(682): Illuminate\\Pipeline\\Pipeline->then(Object(Closure))
#27 /var/www/TRDSv2_memo/vendor/laravel/framework/src/Illuminate/Routing/Router.php(657): Illuminate\\Routing\\Router->runRouteWithinStack(Object(Illuminate\\Routing\\Route), Object(Illuminate\\Http\\Request))
#28 /var/www/TRDSv2_memo/vendor/laravel/framework/src/Illuminate/Routing/Router.php(623): Illuminate\\Routing\\Router->runRoute(Object(Illuminate\\Http\\Request), Object(Illuminate\\Routing\\Route))
#29 /var/www/TRDSv2_memo/vendor/laravel/framework/src/Illuminate/Routing/Router.php(612): Illuminate\\Routing\\Router->dispatchToRoute(Object(Illuminate\\Http\\Request))
#30 /var/www/TRDSv2_memo/vendor/laravel/framework/src/Illuminate/Foundation/Http/Kernel.php(176): Illuminate\\Routing\\Router->dispatch(Object(Illuminate\\Http\\Request))
#31 /var/www/TRDSv2_memo/vendor/laravel/framework/src/Illuminate/Routing/Pipeline.php(30): Illuminate\\Foundation\\Http\\Kernel->Illuminate\\Foundation\\Http\\{closure}(Object(Illuminate\\Http\\Request))
#32 /var/www/TRDSv2_memo/vendor/laravel/framework/src/Illuminate/Foundation/Http/Middleware/TransformsRequest.php(21): Illuminate\\Routing\\Pipeline->Illuminate\\Routing\\{closure}(Object(Illuminate\\Http\\Request))
#33 /var/www/TRDSv2_memo/vendor/laravel/framework/src/Illuminate/Pipeline/Pipeline.php(163): Illuminate\\Foundation\\Http\\Middleware\\TransformsRequest->handle(Object(Illuminate\\Http\\Request), Object(Closure))
#34 /var/www/TRDSv2_memo/vendor/laravel/framework/src/Illuminate/Routing/Pipeline.php(53): Illuminate\\Pipeline\\Pipeline->Illuminate\\Pipeline\\{closure}(Object(Illuminate\\Http\\Request))
#35 /var/www/TRDSv2_memo/vendor/laravel/framework/src/Illuminate/Foundation/Http/Middleware/TransformsRequest.php(21): Illuminate\\Routing\\Pipeline->Illuminate\\Routing\\{closure}(Object(Illuminate\\Http\\Request))
#36 /var/www/TRDSv2_memo/vendor/laravel/framework/src/Illuminate/Pipeline/Pipeline.php(163): Illuminate\\Foundation\\Http\\Middleware\\TransformsRequest->handle(Object(Illuminate\\Http\\Request), Object(Closure))
#37 /var/www/TRDSv2_memo/vendor/laravel/framework/src/Illuminate/Routing/Pipeline.php(53): Illuminate\\Pipeline\\Pipeline->Illuminate\\Pipeline\\{closure}(Object(Illuminate\\Http\\Request))
#38 /var/www/TRDSv2_memo/vendor/laravel/framework/src/Illuminate/Foundation/Http/Middleware/ValidatePostSize.php(27): Illuminate\\Routing\\Pipeline->Illuminate\\Routing\\{closure}(Object(Illuminate\\Http\\Request))
#39 /var/www/TRDSv2_memo/vendor/laravel/framework/src/Illuminate/Pipeline/Pipeline.php(163): Illuminate\\Foundation\\Http\\Middleware\\ValidatePostSize->handle(Object(Illuminate\\Http\\Request), Object(Closure))
#40 /var/www/TRDSv2_memo/vendor/laravel/framework/src/Illuminate/Routing/Pipeline.php(53): Illuminate\\Pipeline\\Pipeline->Illuminate\\Pipeline\\{closure}(Object(Illuminate\\Http\\Request))
#41 /var/www/TRDSv2_memo/vendor/laravel/framework/src/Illuminate/Foundation/Http/Middleware/CheckForMaintenanceMode.php(62): Illuminate\\Routing\\Pipeline->Illuminate\\Routing\\{closure}(Object(Illuminate\\Http\\Request))
#42 /var/www/TRDSv2_memo/vendor/laravel/framework/src/Illuminate/Pipeline/Pipeline.php(163): Illuminate\\Foundation\\Http\\Middleware\\CheckForMaintenanceMode->handle(Object(Illuminate\\Http\\Request), Object(Closure))
#43 /var/www/TRDSv2_memo/vendor/laravel/framework/src/Illuminate/Routing/Pipeline.php(53): Illuminate\\Pipeline\\Pipeline->Illuminate\\Pipeline\\{closure}(Object(Illuminate\\Http\\Request))
#44 /var/www/TRDSv2_memo/vendor/fideloper/proxy/src/TrustProxies.php(57): Illuminate\\Routing\\Pipeline->Illuminate\\Routing\\{closure}(Object(Illuminate\\Http\\Request))
#45 /var/www/TRDSv2_memo/vendor/laravel/framework/src/Illuminate/Pipeline/Pipeline.php(163): Fideloper\\Proxy\\TrustProxies->handle(Object(Illuminate\\Http\\Request), Object(Closure))
#46 /var/www/TRDSv2_memo/vendor/laravel/framework/src/Illuminate/Routing/Pipeline.php(53): Illuminate\\Pipeline\\Pipeline->Illuminate\\Pipeline\\{closure}(Object(Illuminate\\Http\\Request))
#47 /var/www/TRDSv2_memo/vendor/laravel/framework/src/Illuminate/Pipeline/Pipeline.php(104): Illuminate\\Routing\\Pipeline->Illuminate\\Routing\\{closure}(Object(Illuminate\\Http\\Request))
#48 /var/www/TRDSv2_memo/vendor/laravel/framework/src/Illuminate/Foundation/Http/Kernel.php(151): Illuminate\\Pipeline\\Pipeline->then(Object(Closure))
#49 /var/www/TRDSv2_memo/vendor/laravel/framework/src/Illuminate/Foundation/Http/Kernel.php(116): Illuminate\\Foundation\\Http\\Kernel->sendRequestThroughRouter(Object(Illuminate\\Http\\Request))
#50 /var/www/TRDSv2_memo/index.php(55): Illuminate\\Foundation\\Http\\Kernel->handle(Object(Illuminate\\Http\\Request))
#51 {main}
"} 
[2026-03-03 10:26:47] local.ERROR: Class 'App\Http\Controllers\HrMemo\User' not found {"exception":"[object] (Symfony\\Component\\Debug\\Exception\\FatalThrowableError(code: 0): Class 'App\\Http\\Controllers\\HrMemo\\User' not found at /var/www/TRDSv2_memo/app/Http/Controllers/HrMemo/HrMemoController.php:259)
[stacktrace]
#0 [internal function]: App\\Http\\Controllers\\HrMemo\\HrMemoController->getUsers(Object(Illuminate\\Http\\Request))
#1 /var/www/TRDSv2_memo/vendor/laravel/framework/src/Illuminate/Routing/Controller.php(54): call_user_func_array(Array, Array)
#2 /var/www/TRDSv2_memo/vendor/laravel/framework/src/Illuminate/Routing/ControllerDispatcher.php(45): Illuminate\\Routing\\Controller->callAction('getUsers', Array)
#3 /var/www/TRDSv2_memo/vendor/laravel/framework/src/Illuminate/Routing/Route.php(219): Illuminate\\Routing\\ControllerDispatcher->dispatch(Object(Illuminate\\Routing\\Route), Object(App\\Http\\Controllers\\HrMemo\\HrMemoController), 'getUsers')
#4 /var/www/TRDSv2_memo/vendor/laravel/framework/src/Illuminate/Routing/Route.php(176): Illuminate\\Routing\\Route->runController()
#5 /var/www/TRDSv2_memo/vendor/laravel/framework/src/Illuminate/Routing/Router.php(680): Illuminate\\Routing\\Route->run()
#6 /var/www/TRDSv2_memo/vendor/laravel/framework/src/Illuminate/Routing/Pipeline.php(30): Illuminate\\Routing\\Router->Illuminate\\Routing\\{closure}(Object(Illuminate\\Http\\Request))
#7 /var/www/TRDSv2_memo/vendor/laravel/framework/src/Illuminate/Routing/Middleware/SubstituteBindings.php(41): Illuminate\\Routing\\Pipeline->Illuminate\\Routing\\{closure}(Object(Illuminate\\Http\\Request))
#8 /var/www/TRDSv2_memo/vendor/laravel/framework/src/Illuminate/Pipeline/Pipeline.php(163): Illuminate\\Routing\\Middleware\\SubstituteBindings->handle(Object(Illuminate\\Http\\Request), Object(Closure))
#9 /var/www/TRDSv2_memo/vendor/laravel/framework/src/Illuminate/Routing/Pipeline.php(53): Illuminate\\Pipeline\\Pipeline->Illuminate\\Pipeline\\{closure}(Object(Illuminate\\Http\\Request))
#10 /var/www/TRDSv2_memo/vendor/laravel/framework/src/Illuminate/Foundation/Http/Middleware/VerifyCsrfToken.php(75): Illuminate\\Routing\\Pipeline->Illuminate\\Routing\\{closure}(Object(Illuminate\\Http\\Request))
#11 /var/www/TRDSv2_memo/vendor/laravel/framework/src/Illuminate/Pipeline/Pipeline.php(163): Illuminate\\Foundation\\Http\\Middleware\\VerifyCsrfToken->handle(Object(Illuminate\\Http\\Request), Object(Closure))
#12 /var/www/TRDSv2_memo/vendor/laravel/framework/src/Illuminate/Routing/Pipeline.php(53): Illuminate\\Pipeline\\Pipeline->Illuminate\\Pipeline\\{closure}(Object(Illuminate\\Http\\Request))
#13 /var/www/TRDSv2_memo/vendor/laravel/framework/src/Illuminate/View/Middleware/ShareErrorsFromSession.php(49): Illuminate\\Routing\\Pipeline->Illuminate\\Routing\\{closure}(Object(Illuminate\\Http\\Request))
#14 /var/www/TRDSv2_memo/vendor/laravel/framework/src/Illuminate/Pipeline/Pipeline.php(163): Illuminate\\View\\Middleware\\ShareErrorsFromSession->handle(Object(Illuminate\\Http\\Request), Object(Closure))
#15 /var/www/TRDSv2_memo/vendor/laravel/framework/src/Illuminate/Routing/Pipeline.php(53): Illuminate\\Pipeline\\Pipeline->Illuminate\\Pipeline\\{closure}(Object(Illuminate\\Http\\Request))
#16 /var/www/TRDSv2_memo/vendor/laravel/framework/src/Illuminate/Session/Middleware/StartSession.php(56): Illuminate\\Routing\\Pipeline->Illuminate\\Routing\\{closure}(Object(Illuminate\\Http\\Request))
#17 /var/www/TRDSv2_memo/vendor/laravel/framework/src/Illuminate/Pipeline/Pipeline.php(163): Illuminate\\Session\\Middleware\\StartSession->handle(Object(Illuminate\\Http\\Request), Object(Closure))
#18 /var/www/TRDSv2_memo/vendor/laravel/framework/src/Illuminate/Routing/Pipeline.php(53): Illuminate\\Pipeline\\Pipeline->Illuminate\\Pipeline\\{closure}(Object(Illuminate\\Http\\Request))
#19 /var/www/TRDSv2_memo/vendor/laravel/framework/src/Illuminate/Cookie/Middleware/AddQueuedCookiesToResponse.php(37): Illuminate\\Routing\\Pipeline->Illuminate\\Routing\\{closure}(Object(Illuminate\\Http\\Request))
#20 /var/www/TRDSv2_memo/vendor/laravel/framework/src/Illuminate/Pipeline/Pipeline.php(163): Illuminate\\Cookie\\Middleware\\AddQueuedCookiesToResponse->handle(Object(Illuminate\\Http\\Request), Object(Closure))
#21 /var/www/TRDSv2_memo/vendor/laravel/framework/src/Illuminate/Routing/Pipeline.php(53): Illuminate\\Pipeline\\Pipeline->Illuminate\\Pipeline\\{closure}(Object(Illuminate\\Http\\Request))
#22 /var/www/TRDSv2_memo/vendor/laravel/framework/src/Illuminate/Cookie/Middleware/EncryptCookies.php(66): Illuminate\\Routing\\Pipeline->Illuminate\\Routing\\{closure}(Object(Illuminate\\Http\\Request))
#23 /var/www/TRDSv2_memo/vendor/laravel/framework/src/Illuminate/Pipeline/Pipeline.php(163): Illuminate\\Cookie\\Middleware\\EncryptCookies->handle(Object(Illuminate\\Http\\Request), Object(Closure))
#24 /var/www/TRDSv2_memo/vendor/laravel/framework/src/Illuminate/Routing/Pipeline.php(53): Illuminate\\Pipeline\\Pipeline->Illuminate\\Pipeline\\{closure}(Object(Illuminate\\Http\\Request))
#25 /var/www/TRDSv2_memo/vendor/laravel/framework/src/Illuminate/Pipeline/Pipeline.php(104): Illuminate\\Routing\\Pipeline->Illuminate\\Routing\\{closure}(Object(Illuminate\\Http\\Request))
#26 /var/www/TRDSv2_memo/vendor/laravel/framework/src/Illuminate/Routing/Router.php(682): Illuminate\\Pipeline\\Pipeline->then(Object(Closure))
#27 /var/www/TRDSv2_memo/vendor/laravel/framework/src/Illuminate/Routing/Router.php(657): Illuminate\\Routing\\Router->runRouteWithinStack(Object(Illuminate\\Routing\\Route), Object(Illuminate\\Http\\Request))
#28 /var/www/TRDSv2_memo/vendor/laravel/framework/src/Illuminate/Routing/Router.php(623): Illuminate\\Routing\\Router->runRoute(Object(Illuminate\\Http\\Request), Object(Illuminate\\Routing\\Route))
#29 /var/www/TRDSv2_memo/vendor/laravel/framework/src/Illuminate/Routing/Router.php(612): Illuminate\\Routing\\Router->dispatchToRoute(Object(Illuminate\\Http\\Request))
#30 /var/www/TRDSv2_memo/vendor/laravel/framework/src/Illuminate/Foundation/Http/Kernel.php(176): Illuminate\\Routing\\Router->dispatch(Object(Illuminate\\Http\\Request))
#31 /var/www/TRDSv2_memo/vendor/laravel/framework/src/Illuminate/Routing/Pipeline.php(30): Illuminate\\Foundation\\Http\\Kernel->Illuminate\\Foundation\\Http\\{closure}(Object(Illuminate\\Http\\Request))
#32 /var/www/TRDSv2_memo/vendor/laravel/framework/src/Illuminate/Foundation/Http/Middleware/TransformsRequest.php(21): Illuminate\\Routing\\Pipeline->Illuminate\\Routing\\{closure}(Object(Illuminate\\Http\\Request))
#33 /var/www/TRDSv2_memo/vendor/laravel/framework/src/Illuminate/Pipeline/Pipeline.php(163): Illuminate\\Foundation\\Http\\Middleware\\TransformsRequest->handle(Object(Illuminate\\Http\\Request), Object(Closure))
#34 /var/www/TRDSv2_memo/vendor/laravel/framework/src/Illuminate/Routing/Pipeline.php(53): Illuminate\\Pipeline\\Pipeline->Illuminate\\Pipeline\\{closure}(Object(Illuminate\\Http\\Request))
#35 /var/www/TRDSv2_memo/vendor/laravel/framework/src/Illuminate/Foundation/Http/Middleware/TransformsRequest.php(21): Illuminate\\Routing\\Pipeline->Illuminate\\Routing\\{closure}(Object(Illuminate\\Http\\Request))
#36 /var/www/TRDSv2_memo/vendor/laravel/framework/src/Illuminate/Pipeline/Pipeline.php(163): Illuminate\\Foundation\\Http\\Middleware\\TransformsRequest->handle(Object(Illuminate\\Http\\Request), Object(Closure))
#37 /var/www/TRDSv2_memo/vendor/laravel/framework/src/Illuminate/Routing/Pipeline.php(53): Illuminate\\Pipeline\\Pipeline->Illuminate\\Pipeline\\{closure}(Object(Illuminate\\Http\\Request))
#38 /var/www/TRDSv2_memo/vendor/laravel/framework/src/Illuminate/Foundation/Http/Middleware/ValidatePostSize.php(27): Illuminate\\Routing\\Pipeline->Illuminate\\Routing\\{closure}(Object(Illuminate\\Http\\Request))
#39 /var/www/TRDSv2_memo/vendor/laravel/framework/src/Illuminate/Pipeline/Pipeline.php(163): Illuminate\\Foundation\\Http\\Middleware\\ValidatePostSize->handle(Object(Illuminate\\Http\\Request), Object(Closure))
#40 /var/www/TRDSv2_memo/vendor/laravel/framework/src/Illuminate/Routing/Pipeline.php(53): Illuminate\\Pipeline\\Pipeline->Illuminate\\Pipeline\\{closure}(Object(Illuminate\\Http\\Request))
#41 /var/www/TRDSv2_memo/vendor/laravel/framework/src/Illuminate/Foundation/Http/Middleware/CheckForMaintenanceMode.php(62): Illuminate\\Routing\\Pipeline->Illuminate\\Routing\\{closure}(Object(Illuminate\\Http\\Request))
#42 /var/www/TRDSv2_memo/vendor/laravel/framework/src/Illuminate/Pipeline/Pipeline.php(163): Illuminate\\Foundation\\Http\\Middleware\\CheckForMaintenanceMode->handle(Object(Illuminate\\Http\\Request), Object(Closure))
#43 /var/www/TRDSv2_memo/vendor/laravel/framework/src/Illuminate/Routing/Pipeline.php(53): Illuminate\\Pipeline\\Pipeline->Illuminate\\Pipeline\\{closure}(Object(Illuminate\\Http\\Request))
#44 /var/www/TRDSv2_memo/vendor/fideloper/proxy/src/TrustProxies.php(57): Illuminate\\Routing\\Pipeline->Illuminate\\Routing\\{closure}(Object(Illuminate\\Http\\Request))
#45 /var/www/TRDSv2_memo/vendor/laravel/framework/src/Illuminate/Pipeline/Pipeline.php(163): Fideloper\\Proxy\\TrustProxies->handle(Object(Illuminate\\Http\\Request), Object(Closure))
#46 /var/www/TRDSv2_memo/vendor/laravel/framework/src/Illuminate/Routing/Pipeline.php(53): Illuminate\\Pipeline\\Pipeline->Illuminate\\Pipeline\\{closure}(Object(Illuminate\\Http\\Request))
#47 /var/www/TRDSv2_memo/vendor/laravel/framework/src/Illuminate/Pipeline/Pipeline.php(104): Illuminate\\Routing\\Pipeline->Illuminate\\Routing\\{closure}(Object(Illuminate\\Http\\Request))
#48 /var/www/TRDSv2_memo/vendor/laravel/framework/src/Illuminate/Foundation/Http/Kernel.php(151): Illuminate\\Pipeline\\Pipeline->then(Object(Closure))
#49 /var/www/TRDSv2_memo/vendor/laravel/framework/src/Illuminate/Foundation/Http/Kernel.php(116): Illuminate\\Foundation\\Http\\Kernel->sendRequestThroughRouter(Object(Illuminate\\Http\\Request))
#50 /var/www/TRDSv2_memo/index.php(55): Illuminate\\Foundation\\Http\\Kernel->handle(Object(Illuminate\\Http\\Request))
#51 {main}
"} 
[2026-03-03 10:27:23] local.ERROR: Class 'App\Http\Controllers\HrMemo\User' not found {"exception":"[object] (Symfony\\Component\\Debug\\Exception\\FatalThrowableError(code: 0): Class 'App\\Http\\Controllers\\HrMemo\\User' not found at /var/www/TRDSv2_memo/app/Http/Controllers/HrMemo/HrMemoController.php:259)
[stacktrace]
#0 [internal function]: App\\Http\\Controllers\\HrMemo\\HrMemoController->getUsers(Object(Illuminate\\Http\\Request))
#1 /var/www/TRDSv2_memo/vendor/laravel/framework/src/Illuminate/Routing/Controller.php(54): call_user_func_array(Array, Array)
#2 /var/www/TRDSv2_memo/vendor/laravel/framework/src/Illuminate/Routing/ControllerDispatcher.php(45): Illuminate\\Routing\\Controller->callAction('getUsers', Array)
#3 /var/www/TRDSv2_memo/vendor/laravel/framework/src/Illuminate/Routing/Route.php(219): Illuminate\\Routing\\ControllerDispatcher->dispatch(Object(Illuminate\\Routing\\Route), Object(App\\Http\\Controllers\\HrMemo\\HrMemoController), 'getUsers')
#4 /var/www/TRDSv2_memo/vendor/laravel/framework/src/Illuminate/Routing/Route.php(176): Illuminate\\Routing\\Route->runController()
#5 /var/www/TRDSv2_memo/vendor/laravel/framework/src/Illuminate/Routing/Router.php(680): Illuminate\\Routing\\Route->run()
#6 /var/www/TRDSv2_memo/vendor/laravel/framework/src/Illuminate/Routing/Pipeline.php(30): Illuminate\\Routing\\Router->Illuminate\\Routing\\{closure}(Object(Illuminate\\Http\\Request))
#7 /var/www/TRDSv2_memo/vendor/laravel/framework/src/Illuminate/Routing/Middleware/SubstituteBindings.php(41): Illuminate\\Routing\\Pipeline->Illuminate\\Routing\\{closure}(Object(Illuminate\\Http\\Request))
#8 /var/www/TRDSv2_memo/vendor/laravel/framework/src/Illuminate/Pipeline/Pipeline.php(163): Illuminate\\Routing\\Middleware\\SubstituteBindings->handle(Object(Illuminate\\Http\\Request), Object(Closure))
#9 /var/www/TRDSv2_memo/vendor/laravel/framework/src/Illuminate/Routing/Pipeline.php(53): Illuminate\\Pipeline\\Pipeline->Illuminate\\Pipeline\\{closure}(Object(Illuminate\\Http\\Request))
#10 /var/www/TRDSv2_memo/vendor/laravel/framework/src/Illuminate/Foundation/Http/Middleware/VerifyCsrfToken.php(75): Illuminate\\Routing\\Pipeline->Illuminate\\Routing\\{closure}(Object(Illuminate\\Http\\Request))
#11 /var/www/TRDSv2_memo/vendor/laravel/framework/src/Illuminate/Pipeline/Pipeline.php(163): Illuminate\\Foundation\\Http\\Middleware\\VerifyCsrfToken->handle(Object(Illuminate\\Http\\Request), Object(Closure))
#12 /var/www/TRDSv2_memo/vendor/laravel/framework/src/Illuminate/Routing/Pipeline.php(53): Illuminate\\Pipeline\\Pipeline->Illuminate\\Pipeline\\{closure}(Object(Illuminate\\Http\\Request))
#13 /var/www/TRDSv2_memo/vendor/laravel/framework/src/Illuminate/View/Middleware/ShareErrorsFromSession.php(49): Illuminate\\Routing\\Pipeline->Illuminate\\Routing\\{closure}(Object(Illuminate\\Http\\Request))
#14 /var/www/TRDSv2_memo/vendor/laravel/framework/src/Illuminate/Pipeline/Pipeline.php(163): Illuminate\\View\\Middleware\\ShareErrorsFromSession->handle(Object(Illuminate\\Http\\Request), Object(Closure))
#15 /var/www/TRDSv2_memo/vendor/laravel/framework/src/Illuminate/Routing/Pipeline.php(53): Illuminate\\Pipeline\\Pipeline->Illuminate\\Pipeline\\{closure}(Object(Illuminate\\Http\\Request))
#16 /var/www/TRDSv2_memo/vendor/laravel/framework/src/Illuminate/Session/Middleware/StartSession.php(56): Illuminate\\Routing\\Pipeline->Illuminate\\Routing\\{closure}(Object(Illuminate\\Http\\Request))
#17 /var/www/TRDSv2_memo/vendor/laravel/framework/src/Illuminate/Pipeline/Pipeline.php(163): Illuminate\\Session\\Middleware\\StartSession->handle(Object(Illuminate\\Http\\Request), Object(Closure))
#18 /var/www/TRDSv2_memo/vendor/laravel/framework/src/Illuminate/Routing/Pipeline.php(53): Illuminate\\Pipeline\\Pipeline->Illuminate\\Pipeline\\{closure}(Object(Illuminate\\Http\\Request))
#19 /var/www/TRDSv2_memo/vendor/laravel/framework/src/Illuminate/Cookie/Middleware/AddQueuedCookiesToResponse.php(37): Illuminate\\Routing\\Pipeline->Illuminate\\Routing\\{closure}(Object(Illuminate\\Http\\Request))
#20 /var/www/TRDSv2_memo/vendor/laravel/framework/src/Illuminate/Pipeline/Pipeline.php(163): Illuminate\\Cookie\\Middleware\\AddQueuedCookiesToResponse->handle(Object(Illuminate\\Http\\Request), Object(Closure))
#21 /var/www/TRDSv2_memo/vendor/laravel/framework/src/Illuminate/Routing/Pipeline.php(53): Illuminate\\Pipeline\\Pipeline->Illuminate\\Pipeline\\{closure}(Object(Illuminate\\Http\\Request))
#22 /var/www/TRDSv2_memo/vendor/laravel/framework/src/Illuminate/Cookie/Middleware/EncryptCookies.php(66): Illuminate\\Routing\\Pipeline->Illuminate\\Routing\\{closure}(Object(Illuminate\\Http\\Request))
#23 /var/www/TRDSv2_memo/vendor/laravel/framework/src/Illuminate/Pipeline/Pipeline.php(163): Illuminate\\Cookie\\Middleware\\EncryptCookies->handle(Object(Illuminate\\Http\\Request), Object(Closure))
#24 /var/www/TRDSv2_memo/vendor/laravel/framework/src/Illuminate/Routing/Pipeline.php(53): Illuminate\\Pipeline\\Pipeline->Illuminate\\Pipeline\\{closure}(Object(Illuminate\\Http\\Request))
#25 /var/www/TRDSv2_memo/vendor/laravel/framework/src/Illuminate/Pipeline/Pipeline.php(104): Illuminate\\Routing\\Pipeline->Illuminate\\Routing\\{closure}(Object(Illuminate\\Http\\Request))
#26 /var/www/TRDSv2_memo/vendor/laravel/framework/src/Illuminate/Routing/Router.php(682): Illuminate\\Pipeline\\Pipeline->then(Object(Closure))
#27 /var/www/TRDSv2_memo/vendor/laravel/framework/src/Illuminate/Routing/Router.php(657): Illuminate\\Routing\\Router->runRouteWithinStack(Object(Illuminate\\Routing\\Route), Object(Illuminate\\Http\\Request))
#28 /var/www/TRDSv2_memo/vendor/laravel/framework/src/Illuminate/Routing/Router.php(623): Illuminate\\Routing\\Router->runRoute(Object(Illuminate\\Http\\Request), Object(Illuminate\\Routing\\Route))
#29 /var/www/TRDSv2_memo/vendor/laravel/framework/src/Illuminate/Routing/Router.php(612): Illuminate\\Routing\\Router->dispatchToRoute(Object(Illuminate\\Http\\Request))
#30 /var/www/TRDSv2_memo/vendor/laravel/framework/src/Illuminate/Foundation/Http/Kernel.php(176): Illuminate\\Routing\\Router->dispatch(Object(Illuminate\\Http\\Request))
#31 /var/www/TRDSv2_memo/vendor/laravel/framework/src/Illuminate/Routing/Pipeline.php(30): Illuminate\\Foundation\\Http\\Kernel->Illuminate\\Foundation\\Http\\{closure}(Object(Illuminate\\Http\\Request))
#32 /var/www/TRDSv2_memo/vendor/laravel/framework/src/Illuminate/Foundation/Http/Middleware/TransformsRequest.php(21): Illuminate\\Routing\\Pipeline->Illuminate\\Routing\\{closure}(Object(Illuminate\\Http\\Request))
#33 /var/www/TRDSv2_memo/vendor/laravel/framework/src/Illuminate/Pipeline/Pipeline.php(163): Illuminate\\Foundation\\Http\\Middleware\\TransformsRequest->handle(Object(Illuminate\\Http\\Request), Object(Closure))
#34 /var/www/TRDSv2_memo/vendor/laravel/framework/src/Illuminate/Routing/Pipeline.php(53): Illuminate\\Pipeline\\Pipeline->Illuminate\\Pipeline\\{closure}(Object(Illuminate\\Http\\Request))
#35 /var/www/TRDSv2_memo/vendor/laravel/framework/src/Illuminate/Foundation/Http/Middleware/TransformsRequest.php(21): Illuminate\\Routing\\Pipeline->Illuminate\\Routing\\{closure}(Object(Illuminate\\Http\\Request))
#36 /var/www/TRDSv2_memo/vendor/laravel/framework/src/Illuminate/Pipeline/Pipeline.php(163): Illuminate\\Foundation\\Http\\Middleware\\TransformsRequest->handle(Object(Illuminate\\Http\\Request), Object(Closure))
#37 /var/www/TRDSv2_memo/vendor/laravel/framework/src/Illuminate/Routing/Pipeline.php(53): Illuminate\\Pipeline\\Pipeline->Illuminate\\Pipeline\\{closure}(Object(Illuminate\\Http\\Request))
#38 /var/www/TRDSv2_memo/vendor/laravel/framework/src/Illuminate/Foundation/Http/Middleware/ValidatePostSize.php(27): Illuminate\\Routing\\Pipeline->Illuminate\\Routing\\{closure}(Object(Illuminate\\Http\\Request))
#39 /var/www/TRDSv2_memo/vendor/laravel/framework/src/Illuminate/Pipeline/Pipeline.php(163): Illuminate\\Foundation\\Http\\Middleware\\ValidatePostSize->handle(Object(Illuminate\\Http\\Request), Object(Closure))
#40 /var/www/TRDSv2_memo/vendor/laravel/framework/src/Illuminate/Routing/Pipeline.php(53): Illuminate\\Pipeline\\Pipeline->Illuminate\\Pipeline\\{closure}(Object(Illuminate\\Http\\Request))
#41 /var/www/TRDSv2_memo/vendor/laravel/framework/src/Illuminate/Foundation/Http/Middleware/CheckForMaintenanceMode.php(62): Illuminate\\Routing\\Pipeline->Illuminate\\Routing\\{closure}(Object(Illuminate\\Http\\Request))
#42 /var/www/TRDSv2_memo/vendor/laravel/framework/src/Illuminate/Pipeline/Pipeline.php(163): Illuminate\\Foundation\\Http\\Middleware\\CheckForMaintenanceMode->handle(Object(Illuminate\\Http\\Request), Object(Closure))
#43 /var/www/TRDSv2_memo/vendor/laravel/framework/src/Illuminate/Routing/Pipeline.php(53): Illuminate\\Pipeline\\Pipeline->Illuminate\\Pipeline\\{closure}(Object(Illuminate\\Http\\Request))
#44 /var/www/TRDSv2_memo/vendor/fideloper/proxy/src/TrustProxies.php(57): Illuminate\\Routing\\Pipeline->Illuminate\\Routing\\{closure}(Object(Illuminate\\Http\\Request))
#45 /var/www/TRDSv2_memo/vendor/laravel/framework/src/Illuminate/Pipeline/Pipeline.php(163): Fideloper\\Proxy\\TrustProxies->handle(Object(Illuminate\\Http\\Request), Object(Closure))
#46 /var/www/TRDSv2_memo/vendor/laravel/framework/src/Illuminate/Routing/Pipeline.php(53): Illuminate\\Pipeline\\Pipeline->Illuminate\\Pipeline\\{closure}(Object(Illuminate\\Http\\Request))
#47 /var/www/TRDSv2_memo/vendor/laravel/framework/src/Illuminate/Pipeline/Pipeline.php(104): Illuminate\\Routing\\Pipeline->Illuminate\\Routing\\{closure}(Object(Illuminate\\Http\\Request))
#48 /var/www/TRDSv2_memo/vendor/laravel/framework/src/Illuminate/Foundation/Http/Kernel.php(151): Illuminate\\Pipeline\\Pipeline->then(Object(Closure))
#49 /var/www/TRDSv2_memo/vendor/laravel/framework/src/Illuminate/Foundation/Http/Kernel.php(116): Illuminate\\Foundation\\Http\\Kernel->sendRequestThroughRouter(Object(Illuminate\\Http\\Request))
#50 /var/www/TRDSv2_memo/index.php(55): Illuminate\\Foundation\\Http\\Kernel->handle(Object(Illuminate\\Http\\Request))
#51 {main}
"} 
[2026-03-03 10:27:40] local.ERROR: Class 'App\Http\Controllers\HrMemo\User' not found {"exception":"[object] (Symfony\\Component\\Debug\\Exception\\FatalThrowableError(code: 0): Class 'App\\Http\\Controllers\\HrMemo\\User' not found at /var/www/TRDSv2_memo/app/Http/Controllers/HrMemo/HrMemoController.php:259)
[stacktrace]
#0 [internal function]: App\\Http\\Controllers\\HrMemo\\HrMemoController->getUsers(Object(Illuminate\\Http\\Request))
#1 /var/www/TRDSv2_memo/vendor/laravel/framework/src/Illuminate/Routing/Controller.php(54): call_user_func_array(Array, Array)
#2 /var/www/TRDSv2_memo/vendor/laravel/framework/src/Illuminate/Routing/ControllerDispatcher.php(45): Illuminate\\Routing\\Controller->callAction('getUsers', Array)
#3 /var/www/TRDSv2_memo/vendor/laravel/framework/src/Illuminate/Routing/Route.php(219): Illuminate\\Routing\\ControllerDispatcher->dispatch(Object(Illuminate\\Routing\\Route), Object(App\\Http\\Controllers\\HrMemo\\HrMemoController), 'getUsers')
#4 /var/www/TRDSv2_memo/vendor/laravel/framework/src/Illuminate/Routing/Route.php(176): Illuminate\\Routing\\Route->runController()
#5 /var/www/TRDSv2_memo/vendor/laravel/framework/src/Illuminate/Routing/Router.php(680): Illuminate\\Routing\\Route->run()
#6 /var/www/TRDSv2_memo/vendor/laravel/framework/src/Illuminate/Routing/Pipeline.php(30): Illuminate\\Routing\\Router->Illuminate\\Routing\\{closure}(Object(Illuminate\\Http\\Request))
#7 /var/www/TRDSv2_memo/vendor/laravel/framework/src/Illuminate/Routing/Middleware/SubstituteBindings.php(41): Illuminate\\Routing\\Pipeline->Illuminate\\Routing\\{closure}(Object(Illuminate\\Http\\Request))
#8 /var/www/TRDSv2_memo/vendor/laravel/framework/src/Illuminate/Pipeline/Pipeline.php(163): Illuminate\\Routing\\Middleware\\SubstituteBindings->handle(Object(Illuminate\\Http\\Request), Object(Closure))
#9 /var/www/TRDSv2_memo/vendor/laravel/framework/src/Illuminate/Routing/Pipeline.php(53): Illuminate\\Pipeline\\Pipeline->Illuminate\\Pipeline\\{closure}(Object(Illuminate\\Http\\Request))
#10 /var/www/TRDSv2_memo/vendor/laravel/framework/src/Illuminate/Foundation/Http/Middleware/VerifyCsrfToken.php(75): Illuminate\\Routing\\Pipeline->Illuminate\\Routing\\{closure}(Object(Illuminate\\Http\\Request))
#11 /var/www/TRDSv2_memo/vendor/laravel/framework/src/Illuminate/Pipeline/Pipeline.php(163): Illuminate\\Foundation\\Http\\Middleware\\VerifyCsrfToken->handle(Object(Illuminate\\Http\\Request), Object(Closure))
#12 /var/www/TRDSv2_memo/vendor/laravel/framework/src/Illuminate/Routing/Pipeline.php(53): Illuminate\\Pipeline\\Pipeline->Illuminate\\Pipeline\\{closure}(Object(Illuminate\\Http\\Request))
#13 /var/www/TRDSv2_memo/vendor/laravel/framework/src/Illuminate/View/Middleware/ShareErrorsFromSession.php(49): Illuminate\\Routing\\Pipeline->Illuminate\\Routing\\{closure}(Object(Illuminate\\Http\\Request))
#14 /var/www/TRDSv2_memo/vendor/laravel/framework/src/Illuminate/Pipeline/Pipeline.php(163): Illuminate\\View\\Middleware\\ShareErrorsFromSession->handle(Object(Illuminate\\Http\\Request), Object(Closure))
#15 /var/www/TRDSv2_memo/vendor/laravel/framework/src/Illuminate/Routing/Pipeline.php(53): Illuminate\\Pipeline\\Pipeline->Illuminate\\Pipeline\\{closure}(Object(Illuminate\\Http\\Request))
#16 /var/www/TRDSv2_memo/vendor/laravel/framework/src/Illuminate/Session/Middleware/StartSession.php(56): Illuminate\\Routing\\Pipeline->Illuminate\\Routing\\{closure}(Object(Illuminate\\Http\\Request))
#17 /var/www/TRDSv2_memo/vendor/laravel/framework/src/Illuminate/Pipeline/Pipeline.php(163): Illuminate\\Session\\Middleware\\StartSession->handle(Object(Illuminate\\Http\\Request), Object(Closure))
#18 /var/www/TRDSv2_memo/vendor/laravel/framework/src/Illuminate/Routing/Pipeline.php(53): Illuminate\\Pipeline\\Pipeline->Illuminate\\Pipeline\\{closure}(Object(Illuminate\\Http\\Request))
#19 /var/www/TRDSv2_memo/vendor/laravel/framework/src/Illuminate/Cookie/Middleware/AddQueuedCookiesToResponse.php(37): Illuminate\\Routing\\Pipeline->Illuminate\\Routing\\{closure}(Object(Illuminate\\Http\\Request))
#20 /var/www/TRDSv2_memo/vendor/laravel/framework/src/Illuminate/Pipeline/Pipeline.php(163): Illuminate\\Cookie\\Middleware\\AddQueuedCookiesToResponse->handle(Object(Illuminate\\Http\\Request), Object(Closure))
#21 /var/www/TRDSv2_memo/vendor/laravel/framework/src/Illuminate/Routing/Pipeline.php(53): Illuminate\\Pipeline\\Pipeline->Illuminate\\Pipeline\\{closure}(Object(Illuminate\\Http\\Request))
#22 /var/www/TRDSv2_memo/vendor/laravel/framework/src/Illuminate/Cookie/Middleware/EncryptCookies.php(66): Illuminate\\Routing\\Pipeline->Illuminate\\Routing\\{closure}(Object(Illuminate\\Http\\Request))
#23 /var/www/TRDSv2_memo/vendor/laravel/framework/src/Illuminate/Pipeline/Pipeline.php(163): Illuminate\\Cookie\\Middleware\\EncryptCookies->handle(Object(Illuminate\\Http\\Request), Object(Closure))
#24 /var/www/TRDSv2_memo/vendor/laravel/framework/src/Illuminate/Routing/Pipeline.php(53): Illuminate\\Pipeline\\Pipeline->Illuminate\\Pipeline\\{closure}(Object(Illuminate\\Http\\Request))
#25 /var/www/TRDSv2_memo/vendor/laravel/framework/src/Illuminate/Pipeline/Pipeline.php(104): Illuminate\\Routing\\Pipeline->Illuminate\\Routing\\{closure}(Object(Illuminate\\Http\\Request))
#26 /var/www/TRDSv2_memo/vendor/laravel/framework/src/Illuminate/Routing/Router.php(682): Illuminate\\Pipeline\\Pipeline->then(Object(Closure))
#27 /var/www/TRDSv2_memo/vendor/laravel/framework/src/Illuminate/Routing/Router.php(657): Illuminate\\Routing\\Router->runRouteWithinStack(Object(Illuminate\\Routing\\Route), Object(Illuminate\\Http\\Request))
#28 /var/www/TRDSv2_memo/vendor/laravel/framework/src/Illuminate/Routing/Router.php(623): Illuminate\\Routing\\Router->runRoute(Object(Illuminate\\Http\\Request), Object(Illuminate\\Routing\\Route))
#29 /var/www/TRDSv2_memo/vendor/laravel/framework/src/Illuminate/Routing/Router.php(612): Illuminate\\Routing\\Router->dispatchToRoute(Object(Illuminate\\Http\\Request))
#30 /var/www/TRDSv2_memo/vendor/laravel/framework/src/Illuminate/Foundation/Http/Kernel.php(176): Illuminate\\Routing\\Router->dispatch(Object(Illuminate\\Http\\Request))
#31 /var/www/TRDSv2_memo/vendor/laravel/framework/src/Illuminate/Routing/Pipeline.php(30): Illuminate\\Foundation\\Http\\Kernel->Illuminate\\Foundation\\Http\\{closure}(Object(Illuminate\\Http\\Request))
#32 /var/www/TRDSv2_memo/vendor/laravel/framework/src/Illuminate/Foundation/Http/Middleware/TransformsRequest.php(21): Illuminate\\Routing\\Pipeline->Illuminate\\Routing\\{closure}(Object(Illuminate\\Http\\Request))
#33 /var/www/TRDSv2_memo/vendor/laravel/framework/src/Illuminate/Pipeline/Pipeline.php(163): Illuminate\\Foundation\\Http\\Middleware\\TransformsRequest->handle(Object(Illuminate\\Http\\Request), Object(Closure))
#34 /var/www/TRDSv2_memo/vendor/laravel/framework/src/Illuminate/Routing/Pipeline.php(53): Illuminate\\Pipeline\\Pipeline->Illuminate\\Pipeline\\{closure}(Object(Illuminate\\Http\\Request))
#35 /var/www/TRDSv2_memo/vendor/laravel/framework/src/Illuminate/Foundation/Http/Middleware/TransformsRequest.php(21): Illuminate\\Routing\\Pipeline->Illuminate\\Routing\\{closure}(Object(Illuminate\\Http\\Request))
#36 /var/www/TRDSv2_memo/vendor/laravel/framework/src/Illuminate/Pipeline/Pipeline.php(163): Illuminate\\Foundation\\Http\\Middleware\\TransformsRequest->handle(Object(Illuminate\\Http\\Request), Object(Closure))
#37 /var/www/TRDSv2_memo/vendor/laravel/framework/src/Illuminate/Routing/Pipeline.php(53): Illuminate\\Pipeline\\Pipeline->Illuminate\\Pipeline\\{closure}(Object(Illuminate\\Http\\Request))
#38 /var/www/TRDSv2_memo/vendor/laravel/framework/src/Illuminate/Foundation/Http/Middleware/ValidatePostSize.php(27): Illuminate\\Routing\\Pipeline->Illuminate\\Routing\\{closure}(Object(Illuminate\\Http\\Request))
#39 /var/www/TRDSv2_memo/vendor/laravel/framework/src/Illuminate/Pipeline/Pipeline.php(163): Illuminate\\Foundation\\Http\\Middleware\\ValidatePostSize->handle(Object(Illuminate\\Http\\Request), Object(Closure))
#40 /var/www/TRDSv2_memo/vendor/laravel/framework/src/Illuminate/Routing/Pipeline.php(53): Illuminate\\Pipeline\\Pipeline->Illuminate\\Pipeline\\{closure}(Object(Illuminate\\Http\\Request))
#41 /var/www/TRDSv2_memo/vendor/laravel/framework/src/Illuminate/Foundation/Http/Middleware/CheckForMaintenanceMode.php(62): Illuminate\\Routing\\Pipeline->Illuminate\\Routing\\{closure}(Object(Illuminate\\Http\\Request))
#42 /var/www/TRDSv2_memo/vendor/laravel/framework/src/Illuminate/Pipeline/Pipeline.php(163): Illuminate\\Foundation\\Http\\Middleware\\CheckForMaintenanceMode->handle(Object(Illuminate\\Http\\Request), Object(Closure))
#43 /var/www/TRDSv2_memo/vendor/laravel/framework/src/Illuminate/Routing/Pipeline.php(53): Illuminate\\Pipeline\\Pipeline->Illuminate\\Pipeline\\{closure}(Object(Illuminate\\Http\\Request))
#44 /var/www/TRDSv2_memo/vendor/fideloper/proxy/src/TrustProxies.php(57): Illuminate\\Routing\\Pipeline->Illuminate\\Routing\\{closure}(Object(Illuminate\\Http\\Request))
#45 /var/www/TRDSv2_memo/vendor/laravel/framework/src/Illuminate/Pipeline/Pipeline.php(163): Fideloper\\Proxy\\TrustProxies->handle(Object(Illuminate\\Http\\Request), Object(Closure))
#46 /var/www/TRDSv2_memo/vendor/laravel/framework/src/Illuminate/Routing/Pipeline.php(53): Illuminate\\Pipeline\\Pipeline->Illuminate\\Pipeline\\{closure}(Object(Illuminate\\Http\\Request))
#47 /var/www/TRDSv2_memo/vendor/laravel/framework/src/Illuminate/Pipeline/Pipeline.php(104): Illuminate\\Routing\\Pipeline->Illuminate\\Routing\\{closure}(Object(Illuminate\\Http\\Request))
#48 /var/www/TRDSv2_memo/vendor/laravel/framework/src/Illuminate/Foundation/Http/Kernel.php(151): Illuminate\\Pipeline\\Pipeline->then(Object(Closure))
#49 /var/www/TRDSv2_memo/vendor/laravel/framework/src/Illuminate/Foundation/Http/Kernel.php(116): Illuminate\\Foundation\\Http\\Kernel->sendRequestThroughRouter(Object(Illuminate\\Http\\Request))
#50 /var/www/TRDSv2_memo/index.php(55): Illuminate\\Foundation\\Http\\Kernel->handle(Object(Illuminate\\Http\\Request))
#51 {main}
"} 
[2026-03-03 10:27:41] local.ERROR: Class 'App\Http\Controllers\HrMemo\User' not found {"exception":"[object] (Symfony\\Component\\Debug\\Exception\\FatalThrowableError(code: 0): Class 'App\\Http\\Controllers\\HrMemo\\User' not found at /var/www/TRDSv2_memo/app/Http/Controllers/HrMemo/HrMemoController.php:259)
[stacktrace]
#0 [internal function]: App\\Http\\Controllers\\HrMemo\\HrMemoController->getUsers(Object(Illuminate\\Http\\Request))
#1 /var/www/TRDSv2_memo/vendor/laravel/framework/src/Illuminate/Routing/Controller.php(54): call_user_func_array(Array, Array)
#2 /var/www/TRDSv2_memo/vendor/laravel/framework/src/Illuminate/Routing/ControllerDispatcher.php(45): Illuminate\\Routing\\Controller->callAction('getUsers', Array)
#3 /var/www/TRDSv2_memo/vendor/laravel/framework/src/Illuminate/Routing/Route.php(219): Illuminate\\Routing\\ControllerDispatcher->dispatch(Object(Illuminate\\Routing\\Route), Object(App\\Http\\Controllers\\HrMemo\\HrMemoController), 'getUsers')
#4 /var/www/TRDSv2_memo/vendor/laravel/framework/src/Illuminate/Routing/Route.php(176): Illuminate\\Routing\\Route->runController()
#5 /var/www/TRDSv2_memo/vendor/laravel/framework/src/Illuminate/Routing/Router.php(680): Illuminate\\Routing\\Route->run()
#6 /var/www/TRDSv2_memo/vendor/laravel/framework/src/Illuminate/Routing/Pipeline.php(30): Illuminate\\Routing\\Router->Illuminate\\Routing\\{closure}(Object(Illuminate\\Http\\Request))
#7 /var/www/TRDSv2_memo/vendor/laravel/framework/src/Illuminate/Routing/Middleware/SubstituteBindings.php(41): Illuminate\\Routing\\Pipeline->Illuminate\\Routing\\{closure}(Object(Illuminate\\Http\\Request))
#8 /var/www/TRDSv2_memo/vendor/laravel/framework/src/Illuminate/Pipeline/Pipeline.php(163): Illuminate\\Routing\\Middleware\\SubstituteBindings->handle(Object(Illuminate\\Http\\Request), Object(Closure))
#9 /var/www/TRDSv2_memo/vendor/laravel/framework/src/Illuminate/Routing/Pipeline.php(53): Illuminate\\Pipeline\\Pipeline->Illuminate\\Pipeline\\{closure}(Object(Illuminate\\Http\\Request))
#10 /var/www/TRDSv2_memo/vendor/laravel/framework/src/Illuminate/Foundation/Http/Middleware/VerifyCsrfToken.php(75): Illuminate\\Routing\\Pipeline->Illuminate\\Routing\\{closure}(Object(Illuminate\\Http\\Request))
#11 /var/www/TRDSv2_memo/vendor/laravel/framework/src/Illuminate/Pipeline/Pipeline.php(163): Illuminate\\Foundation\\Http\\Middleware\\VerifyCsrfToken->handle(Object(Illuminate\\Http\\Request), Object(Closure))
#12 /var/www/TRDSv2_memo/vendor/laravel/framework/src/Illuminate/Routing/Pipeline.php(53): Illuminate\\Pipeline\\Pipeline->Illuminate\\Pipeline\\{closure}(Object(Illuminate\\Http\\Request))
#13 /var/www/TRDSv2_memo/vendor/laravel/framework/src/Illuminate/View/Middleware/ShareErrorsFromSession.php(49): Illuminate\\Routing\\Pipeline->Illuminate\\Routing\\{closure}(Object(Illuminate\\Http\\Request))
#14 /var/www/TRDSv2_memo/vendor/laravel/framework/src/Illuminate/Pipeline/Pipeline.php(163): Illuminate\\View\\Middleware\\ShareErrorsFromSession->handle(Object(Illuminate\\Http\\Request), Object(Closure))
#15 /var/www/TRDSv2_memo/vendor/laravel/framework/src/Illuminate/Routing/Pipeline.php(53): Illuminate\\Pipeline\\Pipeline->Illuminate\\Pipeline\\{closure}(Object(Illuminate\\Http\\Request))
#16 /var/www/TRDSv2_memo/vendor/laravel/framework/src/Illuminate/Session/Middleware/StartSession.php(56): Illuminate\\Routing\\Pipeline->Illuminate\\Routing\\{closure}(Object(Illuminate\\Http\\Request))
#17 /var/www/TRDSv2_memo/vendor/laravel/framework/src/Illuminate/Pipeline/Pipeline.php(163): Illuminate\\Session\\Middleware\\StartSession->handle(Object(Illuminate\\Http\\Request), Object(Closure))
#18 /var/www/TRDSv2_memo/vendor/laravel/framework/src/Illuminate/Routing/Pipeline.php(53): Illuminate\\Pipeline\\Pipeline->Illuminate\\Pipeline\\{closure}(Object(Illuminate\\Http\\Request))
#19 /var/www/TRDSv2_memo/vendor/laravel/framework/src/Illuminate/Cookie/Middleware/AddQueuedCookiesToResponse.php(37): Illuminate\\Routing\\Pipeline->Illuminate\\Routing\\{closure}(Object(Illuminate\\Http\\Request))
#20 /var/www/TRDSv2_memo/vendor/laravel/framework/src/Illuminate/Pipeline/Pipeline.php(163): Illuminate\\Cookie\\Middleware\\AddQueuedCookiesToResponse->handle(Object(Illuminate\\Http\\Request), Object(Closure))
#21 /var/www/TRDSv2_memo/vendor/laravel/framework/src/Illuminate/Routing/Pipeline.php(53): Illuminate\\Pipeline\\Pipeline->Illuminate\\Pipeline\\{closure}(Object(Illuminate\\Http\\Request))
#22 /var/www/TRDSv2_memo/vendor/laravel/framework/src/Illuminate/Cookie/Middleware/EncryptCookies.php(66): Illuminate\\Routing\\Pipeline->Illuminate\\Routing\\{closure}(Object(Illuminate\\Http\\Request))
#23 /var/www/TRDSv2_memo/vendor/laravel/framework/src/Illuminate/Pipeline/Pipeline.php(163): Illuminate\\Cookie\\Middleware\\EncryptCookies->handle(Object(Illuminate\\Http\\Request), Object(Closure))
#24 /var/www/TRDSv2_memo/vendor/laravel/framework/src/Illuminate/Routing/Pipeline.php(53): Illuminate\\Pipeline\\Pipeline->Illuminate\\Pipeline\\{closure}(Object(Illuminate\\Http\\Request))
#25 /var/www/TRDSv2_memo/vendor/laravel/framework/src/Illuminate/Pipeline/Pipeline.php(104): Illuminate\\Routing\\Pipeline->Illuminate\\Routing\\{closure}(Object(Illuminate\\Http\\Request))
#26 /var/www/TRDSv2_memo/vendor/laravel/framework/src/Illuminate/Routing/Router.php(682): Illuminate\\Pipeline\\Pipeline->then(Object(Closure))
#27 /var/www/TRDSv2_memo/vendor/laravel/framework/src/Illuminate/Routing/Router.php(657): Illuminate\\Routing\\Router->runRouteWithinStack(Object(Illuminate\\Routing\\Route), Object(Illuminate\\Http\\Request))
#28 /var/www/TRDSv2_memo/vendor/laravel/framework/src/Illuminate/Routing/Router.php(623): Illuminate\\Routing\\Router->runRoute(Object(Illuminate\\Http\\Request), Object(Illuminate\\Routing\\Route))
#29 /var/www/TRDSv2_memo/vendor/laravel/framework/src/Illuminate/Routing/Router.php(612): Illuminate\\Routing\\Router->dispatchToRoute(Object(Illuminate\\Http\\Request))
#30 /var/www/TRDSv2_memo/vendor/laravel/framework/src/Illuminate/Foundation/Http/Kernel.php(176): Illuminate\\Routing\\Router->dispatch(Object(Illuminate\\Http\\Request))
#31 /var/www/TRDSv2_memo/vendor/laravel/framework/src/Illuminate/Routing/Pipeline.php(30): Illuminate\\Foundation\\Http\\Kernel->Illuminate\\Foundation\\Http\\{closure}(Object(Illuminate\\Http\\Request))
#32 /var/www/TRDSv2_memo/vendor/laravel/framework/src/Illuminate/Foundation/Http/Middleware/TransformsRequest.php(21): Illuminate\\Routing\\Pipeline->Illuminate\\Routing\\{closure}(Object(Illuminate\\Http\\Request))
#33 /var/www/TRDSv2_memo/vendor/laravel/framework/src/Illuminate/Pipeline/Pipeline.php(163): Illuminate\\Foundation\\Http\\Middleware\\TransformsRequest->handle(Object(Illuminate\\Http\\Request), Object(Closure))
#34 /var/www/TRDSv2_memo/vendor/laravel/framework/src/Illuminate/Routing/Pipeline.php(53): Illuminate\\Pipeline\\Pipeline->Illuminate\\Pipeline\\{closure}(Object(Illuminate\\Http\\Request))
#35 /var/www/TRDSv2_memo/vendor/laravel/framework/src/Illuminate/Foundation/Http/Middleware/TransformsRequest.php(21): Illuminate\\Routing\\Pipeline->Illuminate\\Routing\\{closure}(Object(Illuminate\\Http\\Request))
#36 /var/www/TRDSv2_memo/vendor/laravel/framework/src/Illuminate/Pipeline/Pipeline.php(163): Illuminate\\Foundation\\Http\\Middleware\\TransformsRequest->handle(Object(Illuminate\\Http\\Request), Object(Closure))
#37 /var/www/TRDSv2_memo/vendor/laravel/framework/src/Illuminate/Routing/Pipeline.php(53): Illuminate\\Pipeline\\Pipeline->Illuminate\\Pipeline\\{closure}(Object(Illuminate\\Http\\Request))
#38 /var/www/TRDSv2_memo/vendor/laravel/framework/src/Illuminate/Foundation/Http/Middleware/ValidatePostSize.php(27): Illuminate\\Routing\\Pipeline->Illuminate\\Routing\\{closure}(Object(Illuminate\\Http\\Request))
#39 /var/www/TRDSv2_memo/vendor/laravel/framework/src/Illuminate/Pipeline/Pipeline.php(163): Illuminate\\Foundation\\Http\\Middleware\\ValidatePostSize->handle(Object(Illuminate\\Http\\Request), Object(Closure))
#40 /var/www/TRDSv2_memo/vendor/laravel/framework/src/Illuminate/Routing/Pipeline.php(53): Illuminate\\Pipeline\\Pipeline->Illuminate\\Pipeline\\{closure}(Object(Illuminate\\Http\\Request))
#41 /var/www/TRDSv2_memo/vendor/laravel/framework/src/Illuminate/Foundation/Http/Middleware/CheckForMaintenanceMode.php(62): Illuminate\\Routing\\Pipeline->Illuminate\\Routing\\{closure}(Object(Illuminate\\Http\\Request))
#42 /var/www/TRDSv2_memo/vendor/laravel/framework/src/Illuminate/Pipeline/Pipeline.php(163): Illuminate\\Foundation\\Http\\Middleware\\CheckForMaintenanceMode->handle(Object(Illuminate\\Http\\Request), Object(Closure))
#43 /var/www/TRDSv2_memo/vendor/laravel/framework/src/Illuminate/Routing/Pipeline.php(53): Illuminate\\Pipeline\\Pipeline->Illuminate\\Pipeline\\{closure}(Object(Illuminate\\Http\\Request))
#44 /var/www/TRDSv2_memo/vendor/fideloper/proxy/src/TrustProxies.php(57): Illuminate\\Routing\\Pipeline->Illuminate\\Routing\\{closure}(Object(Illuminate\\Http\\Request))
#45 /var/www/TRDSv2_memo/vendor/laravel/framework/src/Illuminate/Pipeline/Pipeline.php(163): Fideloper\\Proxy\\TrustProxies->handle(Object(Illuminate\\Http\\Request), Object(Closure))
#46 /var/www/TRDSv2_memo/vendor/laravel/framework/src/Illuminate/Routing/Pipeline.php(53): Illuminate\\Pipeline\\Pipeline->Illuminate\\Pipeline\\{closure}(Object(Illuminate\\Http\\Request))
#47 /var/www/TRDSv2_memo/vendor/laravel/framework/src/Illuminate/Pipeline/Pipeline.php(104): Illuminate\\Routing\\Pipeline->Illuminate\\Routing\\{closure}(Object(Illuminate\\Http\\Request))
#48 /var/www/TRDSv2_memo/vendor/laravel/framework/src/Illuminate/Foundation/Http/Kernel.php(151): Illuminate\\Pipeline\\Pipeline->then(Object(Closure))
#49 /var/www/TRDSv2_memo/vendor/laravel/framework/src/Illuminate/Foundation/Http/Kernel.php(116): Illuminate\\Foundation\\Http\\Kernel->sendRequestThroughRouter(Object(Illuminate\\Http\\Request))
#50 /var/www/TRDSv2_memo/index.php(55): Illuminate\\Foundation\\Http\\Kernel->handle(Object(Illuminate\\Http\\Request))
#51 {main}
"} 
[2026-03-03 10:27:44] local.ERROR: Class 'App\Http\Controllers\HrMemo\User' not found {"exception":"[object] (Symfony\\Component\\Debug\\Exception\\FatalThrowableError(code: 0): Class 'App\\Http\\Controllers\\HrMemo\\User' not found at /var/www/TRDSv2_memo/app/Http/Controllers/HrMemo/HrMemoController.php:259)
[stacktrace]
#0 [internal function]: App\\Http\\Controllers\\HrMemo\\HrMemoController->getUsers(Object(Illuminate\\Http\\Request))
#1 /var/www/TRDSv2_memo/vendor/laravel/framework/src/Illuminate/Routing/Controller.php(54): call_user_func_array(Array, Array)
#2 /var/www/TRDSv2_memo/vendor/laravel/framework/src/Illuminate/Routing/ControllerDispatcher.php(45): Illuminate\\Routing\\Controller->callAction('getUsers', Array)
#3 /var/www/TRDSv2_memo/vendor/laravel/framework/src/Illuminate/Routing/Route.php(219): Illuminate\\Routing\\ControllerDispatcher->dispatch(Object(Illuminate\\Routing\\Route), Object(App\\Http\\Controllers\\HrMemo\\HrMemoController), 'getUsers')
#4 /var/www/TRDSv2_memo/vendor/laravel/framework/src/Illuminate/Routing/Route.php(176): Illuminate\\Routing\\Route->runController()
#5 /var/www/TRDSv2_memo/vendor/laravel/framework/src/Illuminate/Routing/Router.php(680): Illuminate\\Routing\\Route->run()
#6 /var/www/TRDSv2_memo/vendor/laravel/framework/src/Illuminate/Routing/Pipeline.php(30): Illuminate\\Routing\\Router->Illuminate\\Routing\\{closure}(Object(Illuminate\\Http\\Request))
#7 /var/www/TRDSv2_memo/vendor/laravel/framework/src/Illuminate/Routing/Middleware/SubstituteBindings.php(41): Illuminate\\Routing\\Pipeline->Illuminate\\Routing\\{closure}(Object(Illuminate\\Http\\Request))
#8 /var/www/TRDSv2_memo/vendor/laravel/framework/src/Illuminate/Pipeline/Pipeline.php(163): Illuminate\\Routing\\Middleware\\SubstituteBindings->handle(Object(Illuminate\\Http\\Request), Object(Closure))
#9 /var/www/TRDSv2_memo/vendor/laravel/framework/src/Illuminate/Routing/Pipeline.php(53): Illuminate\\Pipeline\\Pipeline->Illuminate\\Pipeline\\{closure}(Object(Illuminate\\Http\\Request))
#10 /var/www/TRDSv2_memo/vendor/laravel/framework/src/Illuminate/Foundation/Http/Middleware/VerifyCsrfToken.php(75): Illuminate\\Routing\\Pipeline->Illuminate\\Routing\\{closure}(Object(Illuminate\\Http\\Request))
#11 /var/www/TRDSv2_memo/vendor/laravel/framework/src/Illuminate/Pipeline/Pipeline.php(163): Illuminate\\Foundation\\Http\\Middleware\\VerifyCsrfToken->handle(Object(Illuminate\\Http\\Request), Object(Closure))
#12 /var/www/TRDSv2_memo/vendor/laravel/framework/src/Illuminate/Routing/Pipeline.php(53): Illuminate\\Pipeline\\Pipeline->Illuminate\\Pipeline\\{closure}(Object(Illuminate\\Http\\Request))
#13 /var/www/TRDSv2_memo/vendor/laravel/framework/src/Illuminate/View/Middleware/ShareErrorsFromSession.php(49): Illuminate\\Routing\\Pipeline->Illuminate\\Routing\\{closure}(Object(Illuminate\\Http\\Request))
#14 /var/www/TRDSv2_memo/vendor/laravel/framework/src/Illuminate/Pipeline/Pipeline.php(163): Illuminate\\View\\Middleware\\ShareErrorsFromSession->handle(Object(Illuminate\\Http\\Request), Object(Closure))
#15 /var/www/TRDSv2_memo/vendor/laravel/framework/src/Illuminate/Routing/Pipeline.php(53): Illuminate\\Pipeline\\Pipeline->Illuminate\\Pipeline\\{closure}(Object(Illuminate\\Http\\Request))
#16 /var/www/TRDSv2_memo/vendor/laravel/framework/src/Illuminate/Session/Middleware/StartSession.php(56): Illuminate\\Routing\\Pipeline->Illuminate\\Routing\\{closure}(Object(Illuminate\\Http\\Request))
#17 /var/www/TRDSv2_memo/vendor/laravel/framework/src/Illuminate/Pipeline/Pipeline.php(163): Illuminate\\Session\\Middleware\\StartSession->handle(Object(Illuminate\\Http\\Request), Object(Closure))
#18 /var/www/TRDSv2_memo/vendor/laravel/framework/src/Illuminate/Routing/Pipeline.php(53): Illuminate\\Pipeline\\Pipeline->Illuminate\\Pipeline\\{closure}(Object(Illuminate\\Http\\Request))
#19 /var/www/TRDSv2_memo/vendor/laravel/framework/src/Illuminate/Cookie/Middleware/AddQueuedCookiesToResponse.php(37): Illuminate\\Routing\\Pipeline->Illuminate\\Routing\\{closure}(Object(Illuminate\\Http\\Request))
#20 /var/www/TRDSv2_memo/vendor/laravel/framework/src/Illuminate/Pipeline/Pipeline.php(163): Illuminate\\Cookie\\Middleware\\AddQueuedCookiesToResponse->handle(Object(Illuminate\\Http\\Request), Object(Closure))
#21 /var/www/TRDSv2_memo/vendor/laravel/framework/src/Illuminate/Routing/Pipeline.php(53): Illuminate\\Pipeline\\Pipeline->Illuminate\\Pipeline\\{closure}(Object(Illuminate\\Http\\Request))
#22 /var/www/TRDSv2_memo/vendor/laravel/framework/src/Illuminate/Cookie/Middleware/EncryptCookies.php(66): Illuminate\\Routing\\Pipeline->Illuminate\\Routing\\{closure}(Object(Illuminate\\Http\\Request))
#23 /var/www/TRDSv2_memo/vendor/laravel/framework/src/Illuminate/Pipeline/Pipeline.php(163): Illuminate\\Cookie\\Middleware\\EncryptCookies->handle(Object(Illuminate\\Http\\Request), Object(Closure))
#24 /var/www/TRDSv2_memo/vendor/laravel/framework/src/Illuminate/Routing/Pipeline.php(53): Illuminate\\Pipeline\\Pipeline->Illuminate\\Pipeline\\{closure}(Object(Illuminate\\Http\\Request))
#25 /var/www/TRDSv2_memo/vendor/laravel/framework/src/Illuminate/Pipeline/Pipeline.php(104): Illuminate\\Routing\\Pipeline->Illuminate\\Routing\\{closure}(Object(Illuminate\\Http\\Request))
#26 /var/www/TRDSv2_memo/vendor/laravel/framework/src/Illuminate/Routing/Router.php(682): Illuminate\\Pipeline\\Pipeline->then(Object(Closure))
#27 /var/www/TRDSv2_memo/vendor/laravel/framework/src/Illuminate/Routing/Router.php(657): Illuminate\\Routing\\Router->runRouteWithinStack(Object(Illuminate\\Routing\\Route), Object(Illuminate\\Http\\Request))
#28 /var/www/TRDSv2_memo/vendor/laravel/framework/src/Illuminate/Routing/Router.php(623): Illuminate\\Routing\\Router->runRoute(Object(Illuminate\\Http\\Request), Object(Illuminate\\Routing\\Route))
#29 /var/www/TRDSv2_memo/vendor/laravel/framework/src/Illuminate/Routing/Router.php(612): Illuminate\\Routing\\Router->dispatchToRoute(Object(Illuminate\\Http\\Request))
#30 /var/www/TRDSv2_memo/vendor/laravel/framework/src/Illuminate/Foundation/Http/Kernel.php(176): Illuminate\\Routing\\Router->dispatch(Object(Illuminate\\Http\\Request))
#31 /var/www/TRDSv2_memo/vendor/laravel/framework/src/Illuminate/Routing/Pipeline.php(30): Illuminate\\Foundation\\Http\\Kernel->Illuminate\\Foundation\\Http\\{closure}(Object(Illuminate\\Http\\Request))
#32 /var/www/TRDSv2_memo/vendor/laravel/framework/src/Illuminate/Foundation/Http/Middleware/TransformsRequest.php(21): Illuminate\\Routing\\Pipeline->Illuminate\\Routing\\{closure}(Object(Illuminate\\Http\\Request))
#33 /var/www/TRDSv2_memo/vendor/laravel/framework/src/Illuminate/Pipeline/Pipeline.php(163): Illuminate\\Foundation\\Http\\Middleware\\TransformsRequest->handle(Object(Illuminate\\Http\\Request), Object(Closure))
#34 /var/www/TRDSv2_memo/vendor/laravel/framework/src/Illuminate/Routing/Pipeline.php(53): Illuminate\\Pipeline\\Pipeline->Illuminate\\Pipeline\\{closure}(Object(Illuminate\\Http\\Request))
#35 /var/www/TRDSv2_memo/vendor/laravel/framework/src/Illuminate/Foundation/Http/Middleware/TransformsRequest.php(21): Illuminate\\Routing\\Pipeline->Illuminate\\Routing\\{closure}(Object(Illuminate\\Http\\Request))
#36 /var/www/TRDSv2_memo/vendor/laravel/framework/src/Illuminate/Pipeline/Pipeline.php(163): Illuminate\\Foundation\\Http\\Middleware\\TransformsRequest->handle(Object(Illuminate\\Http\\Request), Object(Closure))
#37 /var/www/TRDSv2_memo/vendor/laravel/framework/src/Illuminate/Routing/Pipeline.php(53): Illuminate\\Pipeline\\Pipeline->Illuminate\\Pipeline\\{closure}(Object(Illuminate\\Http\\Request))
#38 /var/www/TRDSv2_memo/vendor/laravel/framework/src/Illuminate/Foundation/Http/Middleware/ValidatePostSize.php(27): Illuminate\\Routing\\Pipeline->Illuminate\\Routing\\{closure}(Object(Illuminate\\Http\\Request))
#39 /var/www/TRDSv2_memo/vendor/laravel/framework/src/Illuminate/Pipeline/Pipeline.php(163): Illuminate\\Foundation\\Http\\Middleware\\ValidatePostSize->handle(Object(Illuminate\\Http\\Request), Object(Closure))
#40 /var/www/TRDSv2_memo/vendor/laravel/framework/src/Illuminate/Routing/Pipeline.php(53): Illuminate\\Pipeline\\Pipeline->Illuminate\\Pipeline\\{closure}(Object(Illuminate\\Http\\Request))
#41 /var/www/TRDSv2_memo/vendor/laravel/framework/src/Illuminate/Foundation/Http/Middleware/CheckForMaintenanceMode.php(62): Illuminate\\Routing\\Pipeline->Illuminate\\Routing\\{closure}(Object(Illuminate\\Http\\Request))
#42 /var/www/TRDSv2_memo/vendor/laravel/framework/src/Illuminate/Pipeline/Pipeline.php(163): Illuminate\\Foundation\\Http\\Middleware\\CheckForMaintenanceMode->handle(Object(Illuminate\\Http\\Request), Object(Closure))
#43 /var/www/TRDSv2_memo/vendor/laravel/framework/src/Illuminate/Routing/Pipeline.php(53): Illuminate\\Pipeline\\Pipeline->Illuminate\\Pipeline\\{closure}(Object(Illuminate\\Http\\Request))
#44 /var/www/TRDSv2_memo/vendor/fideloper/proxy/src/TrustProxies.php(57): Illuminate\\Routing\\Pipeline->Illuminate\\Routing\\{closure}(Object(Illuminate\\Http\\Request))
#45 /var/www/TRDSv2_memo/vendor/laravel/framework/src/Illuminate/Pipeline/Pipeline.php(163): Fideloper\\Proxy\\TrustProxies->handle(Object(Illuminate\\Http\\Request), Object(Closure))
#46 /var/www/TRDSv2_memo/vendor/laravel/framework/src/Illuminate/Routing/Pipeline.php(53): Illuminate\\Pipeline\\Pipeline->Illuminate\\Pipeline\\{closure}(Object(Illuminate\\Http\\Request))
#47 /var/www/TRDSv2_memo/vendor/laravel/framework/src/Illuminate/Pipeline/Pipeline.php(104): Illuminate\\Routing\\Pipeline->Illuminate\\Routing\\{closure}(Object(Illuminate\\Http\\Request))
#48 /var/www/TRDSv2_memo/vendor/laravel/framework/src/Illuminate/Foundation/Http/Kernel.php(151): Illuminate\\Pipeline\\Pipeline->then(Object(Closure))
#49 /var/www/TRDSv2_memo/vendor/laravel/framework/src/Illuminate/Foundation/Http/Kernel.php(116): Illuminate\\Foundation\\Http\\Kernel->sendRequestThroughRouter(Object(Illuminate\\Http\\Request))
#50 /var/www/TRDSv2_memo/index.php(55): Illuminate\\Foundation\\Http\\Kernel->handle(Object(Illuminate\\Http\\Request))
#51 {main}
"} 
[2026-03-03 10:27:59] local.ERROR: Class 'App\Http\Controllers\HrMemo\User' not found {"exception":"[object] (Symfony\\Component\\Debug\\Exception\\FatalThrowableError(code: 0): Class 'App\\Http\\Controllers\\HrMemo\\User' not found at /var/www/TRDSv2_memo/app/Http/Controllers/HrMemo/HrMemoController.php:259)
[stacktrace]
#0 [internal function]: App\\Http\\Controllers\\HrMemo\\HrMemoController->getUsers(Object(Illuminate\\Http\\Request))
#1 /var/www/TRDSv2_memo/vendor/laravel/framework/src/Illuminate/Routing/Controller.php(54): call_user_func_array(Array, Array)
#2 /var/www/TRDSv2_memo/vendor/laravel/framework/src/Illuminate/Routing/ControllerDispatcher.php(45): Illuminate\\Routing\\Controller->callAction('getUsers', Array)
#3 /var/www/TRDSv2_memo/vendor/laravel/framework/src/Illuminate/Routing/Route.php(219): Illuminate\\Routing\\ControllerDispatcher->dispatch(Object(Illuminate\\Routing\\Route), Object(App\\Http\\Controllers\\HrMemo\\HrMemoController), 'getUsers')
#4 /var/www/TRDSv2_memo/vendor/laravel/framework/src/Illuminate/Routing/Route.php(176): Illuminate\\Routing\\Route->runController()
#5 /var/www/TRDSv2_memo/vendor/laravel/framework/src/Illuminate/Routing/Router.php(680): Illuminate\\Routing\\Route->run()
#6 /var/www/TRDSv2_memo/vendor/laravel/framework/src/Illuminate/Routing/Pipeline.php(30): Illuminate\\Routing\\Router->Illuminate\\Routing\\{closure}(Object(Illuminate\\Http\\Request))
#7 /var/www/TRDSv2_memo/vendor/laravel/framework/src/Illuminate/Routing/Middleware/SubstituteBindings.php(41): Illuminate\\Routing\\Pipeline->Illuminate\\Routing\\{closure}(Object(Illuminate\\Http\\Request))
#8 /var/www/TRDSv2_memo/vendor/laravel/framework/src/Illuminate/Pipeline/Pipeline.php(163): Illuminate\\Routing\\Middleware\\SubstituteBindings->handle(Object(Illuminate\\Http\\Request), Object(Closure))
#9 /var/www/TRDSv2_memo/vendor/laravel/framework/src/Illuminate/Routing/Pipeline.php(53): Illuminate\\Pipeline\\Pipeline->Illuminate\\Pipeline\\{closure}(Object(Illuminate\\Http\\Request))
#10 /var/www/TRDSv2_memo/vendor/laravel/framework/src/Illuminate/Foundation/Http/Middleware/VerifyCsrfToken.php(75): Illuminate\\Routing\\Pipeline->Illuminate\\Routing\\{closure}(Object(Illuminate\\Http\\Request))
#11 /var/www/TRDSv2_memo/vendor/laravel/framework/src/Illuminate/Pipeline/Pipeline.php(163): Illuminate\\Foundation\\Http\\Middleware\\VerifyCsrfToken->handle(Object(Illuminate\\Http\\Request), Object(Closure))
#12 /var/www/TRDSv2_memo/vendor/laravel/framework/src/Illuminate/Routing/Pipeline.php(53): Illuminate\\Pipeline\\Pipeline->Illuminate\\Pipeline\\{closure}(Object(Illuminate\\Http\\Request))
#13 /var/www/TRDSv2_memo/vendor/laravel/framework/src/Illuminate/View/Middleware/ShareErrorsFromSession.php(49): Illuminate\\Routing\\Pipeline->Illuminate\\Routing\\{closure}(Object(Illuminate\\Http\\Request))
#14 /var/www/TRDSv2_memo/vendor/laravel/framework/src/Illuminate/Pipeline/Pipeline.php(163): Illuminate\\View\\Middleware\\ShareErrorsFromSession->handle(Object(Illuminate\\Http\\Request), Object(Closure))
#15 /var/www/TRDSv2_memo/vendor/laravel/framework/src/Illuminate/Routing/Pipeline.php(53): Illuminate\\Pipeline\\Pipeline->Illuminate\\Pipeline\\{closure}(Object(Illuminate\\Http\\Request))
#16 /var/www/TRDSv2_memo/vendor/laravel/framework/src/Illuminate/Session/Middleware/StartSession.php(56): Illuminate\\Routing\\Pipeline->Illuminate\\Routing\\{closure}(Object(Illuminate\\Http\\Request))
#17 /var/www/TRDSv2_memo/vendor/laravel/framework/src/Illuminate/Pipeline/Pipeline.php(163): Illuminate\\Session\\Middleware\\StartSession->handle(Object(Illuminate\\Http\\Request), Object(Closure))
#18 /var/www/TRDSv2_memo/vendor/laravel/framework/src/Illuminate/Routing/Pipeline.php(53): Illuminate\\Pipeline\\Pipeline->Illuminate\\Pipeline\\{closure}(Object(Illuminate\\Http\\Request))
#19 /var/www/TRDSv2_memo/vendor/laravel/framework/src/Illuminate/Cookie/Middleware/AddQueuedCookiesToResponse.php(37): Illuminate\\Routing\\Pipeline->Illuminate\\Routing\\{closure}(Object(Illuminate\\Http\\Request))
#20 /var/www/TRDSv2_memo/vendor/laravel/framework/src/Illuminate/Pipeline/Pipeline.php(163): Illuminate\\Cookie\\Middleware\\AddQueuedCookiesToResponse->handle(Object(Illuminate\\Http\\Request), Object(Closure))
#21 /var/www/TRDSv2_memo/vendor/laravel/framework/src/Illuminate/Routing/Pipeline.php(53): Illuminate\\Pipeline\\Pipeline->Illuminate\\Pipeline\\{closure}(Object(Illuminate\\Http\\Request))
#22 /var/www/TRDSv2_memo/vendor/laravel/framework/src/Illuminate/Cookie/Middleware/EncryptCookies.php(66): Illuminate\\Routing\\Pipeline->Illuminate\\Routing\\{closure}(Object(Illuminate\\Http\\Request))
#23 /var/www/TRDSv2_memo/vendor/laravel/framework/src/Illuminate/Pipeline/Pipeline.php(163): Illuminate\\Cookie\\Middleware\\EncryptCookies->handle(Object(Illuminate\\Http\\Request), Object(Closure))
#24 /var/www/TRDSv2_memo/vendor/laravel/framework/src/Illuminate/Routing/Pipeline.php(53): Illuminate\\Pipeline\\Pipeline->Illuminate\\Pipeline\\{closure}(Object(Illuminate\\Http\\Request))
#25 /var/www/TRDSv2_memo/vendor/laravel/framework/src/Illuminate/Pipeline/Pipeline.php(104): Illuminate\\Routing\\Pipeline->Illuminate\\Routing\\{closure}(Object(Illuminate\\Http\\Request))
#26 /var/www/TRDSv2_memo/vendor/laravel/framework/src/Illuminate/Routing/Router.php(682): Illuminate\\Pipeline\\Pipeline->then(Object(Closure))
#27 /var/www/TRDSv2_memo/vendor/laravel/framework/src/Illuminate/Routing/Router.php(657): Illuminate\\Routing\\Router->runRouteWithinStack(Object(Illuminate\\Routing\\Route), Object(Illuminate\\Http\\Request))
#28 /var/www/TRDSv2_memo/vendor/laravel/framework/src/Illuminate/Routing/Router.php(623): Illuminate\\Routing\\Router->runRoute(Object(Illuminate\\Http\\Request), Object(Illuminate\\Routing\\Route))
#29 /var/www/TRDSv2_memo/vendor/laravel/framework/src/Illuminate/Routing/Router.php(612): Illuminate\\Routing\\Router->dispatchToRoute(Object(Illuminate\\Http\\Request))
#30 /var/www/TRDSv2_memo/vendor/laravel/framework/src/Illuminate/Foundation/Http/Kernel.php(176): Illuminate\\Routing\\Router->dispatch(Object(Illuminate\\Http\\Request))
#31 /var/www/TRDSv2_memo/vendor/laravel/framework/src/Illuminate/Routing/Pipeline.php(30): Illuminate\\Foundation\\Http\\Kernel->Illuminate\\Foundation\\Http\\{closure}(Object(Illuminate\\Http\\Request))
#32 /var/www/TRDSv2_memo/vendor/laravel/framework/src/Illuminate/Foundation/Http/Middleware/TransformsRequest.php(21): Illuminate\\Routing\\Pipeline->Illuminate\\Routing\\{closure}(Object(Illuminate\\Http\\Request))
#33 /var/www/TRDSv2_memo/vendor/laravel/framework/src/Illuminate/Pipeline/Pipeline.php(163): Illuminate\\Foundation\\Http\\Middleware\\TransformsRequest->handle(Object(Illuminate\\Http\\Request), Object(Closure))
#34 /var/www/TRDSv2_memo/vendor/laravel/framework/src/Illuminate/Routing/Pipeline.php(53): Illuminate\\Pipeline\\Pipeline->Illuminate\\Pipeline\\{closure}(Object(Illuminate\\Http\\Request))
#35 /var/www/TRDSv2_memo/vendor/laravel/framework/src/Illuminate/Foundation/Http/Middleware/TransformsRequest.php(21): Illuminate\\Routing\\Pipeline->Illuminate\\Routing\\{closure}(Object(Illuminate\\Http\\Request))
#36 /var/www/TRDSv2_memo/vendor/laravel/framework/src/Illuminate/Pipeline/Pipeline.php(163): Illuminate\\Foundation\\Http\\Middleware\\TransformsRequest->handle(Object(Illuminate\\Http\\Request), Object(Closure))
#37 /var/www/TRDSv2_memo/vendor/laravel/framework/src/Illuminate/Routing/Pipeline.php(53): Illuminate\\Pipeline\\Pipeline->Illuminate\\Pipeline\\{closure}(Object(Illuminate\\Http\\Request))
#38 /var/www/TRDSv2_memo/vendor/laravel/framework/src/Illuminate/Foundation/Http/Middleware/ValidatePostSize.php(27): Illuminate\\Routing\\Pipeline->Illuminate\\Routing\\{closure}(Object(Illuminate\\Http\\Request))
#39 /var/www/TRDSv2_memo/vendor/laravel/framework/src/Illuminate/Pipeline/Pipeline.php(163): Illuminate\\Foundation\\Http\\Middleware\\ValidatePostSize->handle(Object(Illuminate\\Http\\Request), Object(Closure))
#40 /var/www/TRDSv2_memo/vendor/laravel/framework/src/Illuminate/Routing/Pipeline.php(53): Illuminate\\Pipeline\\Pipeline->Illuminate\\Pipeline\\{closure}(Object(Illuminate\\Http\\Request))
#41 /var/www/TRDSv2_memo/vendor/laravel/framework/src/Illuminate/Foundation/Http/Middleware/CheckForMaintenanceMode.php(62): Illuminate\\Routing\\Pipeline->Illuminate\\Routing\\{closure}(Object(Illuminate\\Http\\Request))
#42 /var/www/TRDSv2_memo/vendor/laravel/framework/src/Illuminate/Pipeline/Pipeline.php(163): Illuminate\\Foundation\\Http\\Middleware\\CheckForMaintenanceMode->handle(Object(Illuminate\\Http\\Request), Object(Closure))
#43 /var/www/TRDSv2_memo/vendor/laravel/framework/src/Illuminate/Routing/Pipeline.php(53): Illuminate\\Pipeline\\Pipeline->Illuminate\\Pipeline\\{closure}(Object(Illuminate\\Http\\Request))
#44 /var/www/TRDSv2_memo/vendor/fideloper/proxy/src/TrustProxies.php(57): Illuminate\\Routing\\Pipeline->Illuminate\\Routing\\{closure}(Object(Illuminate\\Http\\Request))
#45 /var/www/TRDSv2_memo/vendor/laravel/framework/src/Illuminate/Pipeline/Pipeline.php(163): Fideloper\\Proxy\\TrustProxies->handle(Object(Illuminate\\Http\\Request), Object(Closure))
#46 /var/www/TRDSv2_memo/vendor/laravel/framework/src/Illuminate/Routing/Pipeline.php(53): Illuminate\\Pipeline\\Pipeline->Illuminate\\Pipeline\\{closure}(Object(Illuminate\\Http\\Request))
#47 /var/www/TRDSv2_memo/vendor/laravel/framework/src/Illuminate/Pipeline/Pipeline.php(104): Illuminate\\Routing\\Pipeline->Illuminate\\Routing\\{closure}(Object(Illuminate\\Http\\Request))
#48 /var/www/TRDSv2_memo/vendor/laravel/framework/src/Illuminate/Foundation/Http/Kernel.php(151): Illuminate\\Pipeline\\Pipeline->then(Object(Closure))
#49 /var/www/TRDSv2_memo/vendor/laravel/framework/src/Illuminate/Foundation/Http/Kernel.php(116): Illuminate\\Foundation\\Http\\Kernel->sendRequestThroughRouter(Object(Illuminate\\Http\\Request))
#50 /var/www/TRDSv2_memo/index.php(55): Illuminate\\Foundation\\Http\\Kernel->handle(Object(Illuminate\\Http\\Request))
#51 {main}
"} 
[2026-03-03 10:28:07] local.ERROR: Class 'App\Http\Controllers\HrMemo\User' not found {"exception":"[object] (Symfony\\Component\\Debug\\Exception\\FatalThrowableError(code: 0): Class 'App\\Http\\Controllers\\HrMemo\\User' not found at /var/www/TRDSv2_memo/app/Http/Controllers/HrMemo/HrMemoController.php:259)
[stacktrace]
#0 [internal function]: App\\Http\\Controllers\\HrMemo\\HrMemoController->getUsers(Object(Illuminate\\Http\\Request))
#1 /var/www/TRDSv2_memo/vendor/laravel/framework/src/Illuminate/Routing/Controller.php(54): call_user_func_array(Array, Array)
#2 /var/www/TRDSv2_memo/vendor/laravel/framework/src/Illuminate/Routing/ControllerDispatcher.php(45): Illuminate\\Routing\\Controller->callAction('getUsers', Array)
#3 /var/www/TRDSv2_memo/vendor/laravel/framework/src/Illuminate/Routing/Route.php(219): Illuminate\\Routing\\ControllerDispatcher->dispatch(Object(Illuminate\\Routing\\Route), Object(App\\Http\\Controllers\\HrMemo\\HrMemoController), 'getUsers')
#4 /var/www/TRDSv2_memo/vendor/laravel/framework/src/Illuminate/Routing/Route.php(176): Illuminate\\Routing\\Route->runController()
#5 /var/www/TRDSv2_memo/vendor/laravel/framework/src/Illuminate/Routing/Router.php(680): Illuminate\\Routing\\Route->run()
#6 /var/www/TRDSv2_memo/vendor/laravel/framework/src/Illuminate/Routing/Pipeline.php(30): Illuminate\\Routing\\Router->Illuminate\\Routing\\{closure}(Object(Illuminate\\Http\\Request))
#7 /var/www/TRDSv2_memo/vendor/laravel/framework/src/Illuminate/Routing/Middleware/SubstituteBindings.php(41): Illuminate\\Routing\\Pipeline->Illuminate\\Routing\\{closure}(Object(Illuminate\\Http\\Request))
#8 /var/www/TRDSv2_memo/vendor/laravel/framework/src/Illuminate/Pipeline/Pipeline.php(163): Illuminate\\Routing\\Middleware\\SubstituteBindings->handle(Object(Illuminate\\Http\\Request), Object(Closure))
#9 /var/www/TRDSv2_memo/vendor/laravel/framework/src/Illuminate/Routing/Pipeline.php(53): Illuminate\\Pipeline\\Pipeline->Illuminate\\Pipeline\\{closure}(Object(Illuminate\\Http\\Request))
#10 /var/www/TRDSv2_memo/vendor/laravel/framework/src/Illuminate/Foundation/Http/Middleware/VerifyCsrfToken.php(75): Illuminate\\Routing\\Pipeline->Illuminate\\Routing\\{closure}(Object(Illuminate\\Http\\Request))
#11 /var/www/TRDSv2_memo/vendor/laravel/framework/src/Illuminate/Pipeline/Pipeline.php(163): Illuminate\\Foundation\\Http\\Middleware\\VerifyCsrfToken->handle(Object(Illuminate\\Http\\Request), Object(Closure))
#12 /var/www/TRDSv2_memo/vendor/laravel/framework/src/Illuminate/Routing/Pipeline.php(53): Illuminate\\Pipeline\\Pipeline->Illuminate\\Pipeline\\{closure}(Object(Illuminate\\Http\\Request))
#13 /var/www/TRDSv2_memo/vendor/laravel/framework/src/Illuminate/View/Middleware/ShareErrorsFromSession.php(49): Illuminate\\Routing\\Pipeline->Illuminate\\Routing\\{closure}(Object(Illuminate\\Http\\Request))
#14 /var/www/TRDSv2_memo/vendor/laravel/framework/src/Illuminate/Pipeline/Pipeline.php(163): Illuminate\\View\\Middleware\\ShareErrorsFromSession->handle(Object(Illuminate\\Http\\Request), Object(Closure))
#15 /var/www/TRDSv2_memo/vendor/laravel/framework/src/Illuminate/Routing/Pipeline.php(53): Illuminate\\Pipeline\\Pipeline->Illuminate\\Pipeline\\{closure}(Object(Illuminate\\Http\\Request))
#16 /var/www/TRDSv2_memo/vendor/laravel/framework/src/Illuminate/Session/Middleware/StartSession.php(56): Illuminate\\Routing\\Pipeline->Illuminate\\Routing\\{closure}(Object(Illuminate\\Http\\Request))
#17 /var/www/TRDSv2_memo/vendor/laravel/framework/src/Illuminate/Pipeline/Pipeline.php(163): Illuminate\\Session\\Middleware\\StartSession->handle(Object(Illuminate\\Http\\Request), Object(Closure))
#18 /var/www/TRDSv2_memo/vendor/laravel/framework/src/Illuminate/Routing/Pipeline.php(53): Illuminate\\Pipeline\\Pipeline->Illuminate\\Pipeline\\{closure}(Object(Illuminate\\Http\\Request))
#19 /var/www/TRDSv2_memo/vendor/laravel/framework/src/Illuminate/Cookie/Middleware/AddQueuedCookiesToResponse.php(37): Illuminate\\Routing\\Pipeline->Illuminate\\Routing\\{closure}(Object(Illuminate\\Http\\Request))
#20 /var/www/TRDSv2_memo/vendor/laravel/framework/src/Illuminate/Pipeline/Pipeline.php(163): Illuminate\\Cookie\\Middleware\\AddQueuedCookiesToResponse->handle(Object(Illuminate\\Http\\Request), Object(Closure))
#21 /var/www/TRDSv2_memo/vendor/laravel/framework/src/Illuminate/Routing/Pipeline.php(53): Illuminate\\Pipeline\\Pipeline->Illuminate\\Pipeline\\{closure}(Object(Illuminate\\Http\\Request))
#22 /var/www/TRDSv2_memo/vendor/laravel/framework/src/Illuminate/Cookie/Middleware/EncryptCookies.php(66): Illuminate\\Routing\\Pipeline->Illuminate\\Routing\\{closure}(Object(Illuminate\\Http\\Request))
#23 /var/www/TRDSv2_memo/vendor/laravel/framework/src/Illuminate/Pipeline/Pipeline.php(163): Illuminate\\Cookie\\Middleware\\EncryptCookies->handle(Object(Illuminate\\Http\\Request), Object(Closure))
#24 /var/www/TRDSv2_memo/vendor/laravel/framework/src/Illuminate/Routing/Pipeline.php(53): Illuminate\\Pipeline\\Pipeline->Illuminate\\Pipeline\\{closure}(Object(Illuminate\\Http\\Request))
#25 /var/www/TRDSv2_memo/vendor/laravel/framework/src/Illuminate/Pipeline/Pipeline.php(104): Illuminate\\Routing\\Pipeline->Illuminate\\Routing\\{closure}(Object(Illuminate\\Http\\Request))
#26 /var/www/TRDSv2_memo/vendor/laravel/framework/src/Illuminate/Routing/Router.php(682): Illuminate\\Pipeline\\Pipeline->then(Object(Closure))
#27 /var/www/TRDSv2_memo/vendor/laravel/framework/src/Illuminate/Routing/Router.php(657): Illuminate\\Routing\\Router->runRouteWithinStack(Object(Illuminate\\Routing\\Route), Object(Illuminate\\Http\\Request))
#28 /var/www/TRDSv2_memo/vendor/laravel/framework/src/Illuminate/Routing/Router.php(623): Illuminate\\Routing\\Router->runRoute(Object(Illuminate\\Http\\Request), Object(Illuminate\\Routing\\Route))
#29 /var/www/TRDSv2_memo/vendor/laravel/framework/src/Illuminate/Routing/Router.php(612): Illuminate\\Routing\\Router->dispatchToRoute(Object(Illuminate\\Http\\Request))
#30 /var/www/TRDSv2_memo/vendor/laravel/framework/src/Illuminate/Foundation/Http/Kernel.php(176): Illuminate\\Routing\\Router->dispatch(Object(Illuminate\\Http\\Request))
#31 /var/www/TRDSv2_memo/vendor/laravel/framework/src/Illuminate/Routing/Pipeline.php(30): Illuminate\\Foundation\\Http\\Kernel->Illuminate\\Foundation\\Http\\{closure}(Object(Illuminate\\Http\\Request))
#32 /var/www/TRDSv2_memo/vendor/laravel/framework/src/Illuminate/Foundation/Http/Middleware/TransformsRequest.php(21): Illuminate\\Routing\\Pipeline->Illuminate\\Routing\\{closure}(Object(Illuminate\\Http\\Request))
#33 /var/www/TRDSv2_memo/vendor/laravel/framework/src/Illuminate/Pipeline/Pipeline.php(163): Illuminate\\Foundation\\Http\\Middleware\\TransformsRequest->handle(Object(Illuminate\\Http\\Request), Object(Closure))
#34 /var/www/TRDSv2_memo/vendor/laravel/framework/src/Illuminate/Routing/Pipeline.php(53): Illuminate\\Pipeline\\Pipeline->Illuminate\\Pipeline\\{closure}(Object(Illuminate\\Http\\Request))
#35 /var/www/TRDSv2_memo/vendor/laravel/framework/src/Illuminate/Foundation/Http/Middleware/TransformsRequest.php(21): Illuminate\\Routing\\Pipeline->Illuminate\\Routing\\{closure}(Object(Illuminate\\Http\\Request))
#36 /var/www/TRDSv2_memo/vendor/laravel/framework/src/Illuminate/Pipeline/Pipeline.php(163): Illuminate\\Foundation\\Http\\Middleware\\TransformsRequest->handle(Object(Illuminate\\Http\\Request), Object(Closure))
#37 /var/www/TRDSv2_memo/vendor/laravel/framework/src/Illuminate/Routing/Pipeline.php(53): Illuminate\\Pipeline\\Pipeline->Illuminate\\Pipeline\\{closure}(Object(Illuminate\\Http\\Request))
#38 /var/www/TRDSv2_memo/vendor/laravel/framework/src/Illuminate/Foundation/Http/Middleware/ValidatePostSize.php(27): Illuminate\\Routing\\Pipeline->Illuminate\\Routing\\{closure}(Object(Illuminate\\Http\\Request))
#39 /var/www/TRDSv2_memo/vendor/laravel/framework/src/Illuminate/Pipeline/Pipeline.php(163): Illuminate\\Foundation\\Http\\Middleware\\ValidatePostSize->handle(Object(Illuminate\\Http\\Request), Object(Closure))
#40 /var/www/TRDSv2_memo/vendor/laravel/framework/src/Illuminate/Routing/Pipeline.php(53): Illuminate\\Pipeline\\Pipeline->Illuminate\\Pipeline\\{closure}(Object(Illuminate\\Http\\Request))
#41 /var/www/TRDSv2_memo/vendor/laravel/framework/src/Illuminate/Foundation/Http/Middleware/CheckForMaintenanceMode.php(62): Illuminate\\Routing\\Pipeline->Illuminate\\Routing\\{closure}(Object(Illuminate\\Http\\Request))
#42 /var/www/TRDSv2_memo/vendor/laravel/framework/src/Illuminate/Pipeline/Pipeline.php(163): Illuminate\\Foundation\\Http\\Middleware\\CheckForMaintenanceMode->handle(Object(Illuminate\\Http\\Request), Object(Closure))
#43 /var/www/TRDSv2_memo/vendor/laravel/framework/src/Illuminate/Routing/Pipeline.php(53): Illuminate\\Pipeline\\Pipeline->Illuminate\\Pipeline\\{closure}(Object(Illuminate\\Http\\Request))
#44 /var/www/TRDSv2_memo/vendor/fideloper/proxy/src/TrustProxies.php(57): Illuminate\\Routing\\Pipeline->Illuminate\\Routing\\{closure}(Object(Illuminate\\Http\\Request))
#45 /var/www/TRDSv2_memo/vendor/laravel/framework/src/Illuminate/Pipeline/Pipeline.php(163): Fideloper\\Proxy\\TrustProxies->handle(Object(Illuminate\\Http\\Request), Object(Closure))
#46 /var/www/TRDSv2_memo/vendor/laravel/framework/src/Illuminate/Routing/Pipeline.php(53): Illuminate\\Pipeline\\Pipeline->Illuminate\\Pipeline\\{closure}(Object(Illuminate\\Http\\Request))
#47 /var/www/TRDSv2_memo/vendor/laravel/framework/src/Illuminate/Pipeline/Pipeline.php(104): Illuminate\\Routing\\Pipeline->Illuminate\\Routing\\{closure}(Object(Illuminate\\Http\\Request))
#48 /var/www/TRDSv2_memo/vendor/laravel/framework/src/Illuminate/Foundation/Http/Kernel.php(151): Illuminate\\Pipeline\\Pipeline->then(Object(Closure))
#49 /var/www/TRDSv2_memo/vendor/laravel/framework/src/Illuminate/Foundation/Http/Kernel.php(116): Illuminate\\Foundation\\Http\\Kernel->sendRequestThroughRouter(Object(Illuminate\\Http\\Request))
#50 /var/www/TRDSv2_memo/index.php(55): Illuminate\\Foundation\\Http\\Kernel->handle(Object(Illuminate\\Http\\Request))
#51 {main}
"} 
[2026-03-03 10:30:00] local.ERROR: Class 'App\Http\Controllers\HrMemo\User' not found {"exception":"[object] (Symfony\\Component\\Debug\\Exception\\FatalThrowableError(code: 0): Class 'App\\Http\\Controllers\\HrMemo\\User' not found at /var/www/TRDSv2_memo/app/Http/Controllers/HrMemo/HrMemoController.php:259)
[stacktrace]
#0 [internal function]: App\\Http\\Controllers\\HrMemo\\HrMemoController->getUsers(Object(Illuminate\\Http\\Request))
#1 /var/www/TRDSv2_memo/vendor/laravel/framework/src/Illuminate/Routing/Controller.php(54): call_user_func_array(Array, Array)
#2 /var/www/TRDSv2_memo/vendor/laravel/framework/src/Illuminate/Routing/ControllerDispatcher.php(45): Illuminate\\Routing\\Controller->callAction('getUsers', Array)
#3 /var/www/TRDSv2_memo/vendor/laravel/framework/src/Illuminate/Routing/Route.php(219): Illuminate\\Routing\\ControllerDispatcher->dispatch(Object(Illuminate\\Routing\\Route), Object(App\\Http\\Controllers\\HrMemo\\HrMemoController), 'getUsers')
#4 /var/www/TRDSv2_memo/vendor/laravel/framework/src/Illuminate/Routing/Route.php(176): Illuminate\\Routing\\Route->runController()
#5 /var/www/TRDSv2_memo/vendor/laravel/framework/src/Illuminate/Routing/Router.php(680): Illuminate\\Routing\\Route->run()
#6 /var/www/TRDSv2_memo/vendor/laravel/framework/src/Illuminate/Routing/Pipeline.php(30): Illuminate\\Routing\\Router->Illuminate\\Routing\\{closure}(Object(Illuminate\\Http\\Request))
#7 /var/www/TRDSv2_memo/vendor/laravel/framework/src/Illuminate/Routing/Middleware/SubstituteBindings.php(41): Illuminate\\Routing\\Pipeline->Illuminate\\Routing\\{closure}(Object(Illuminate\\Http\\Request))
#8 /var/www/TRDSv2_memo/vendor/laravel/framework/src/Illuminate/Pipeline/Pipeline.php(163): Illuminate\\Routing\\Middleware\\SubstituteBindings->handle(Object(Illuminate\\Http\\Request), Object(Closure))
#9 /var/www/TRDSv2_memo/vendor/laravel/framework/src/Illuminate/Routing/Pipeline.php(53): Illuminate\\Pipeline\\Pipeline->Illuminate\\Pipeline\\{closure}(Object(Illuminate\\Http\\Request))
#10 /var/www/TRDSv2_memo/vendor/laravel/framework/src/Illuminate/Foundation/Http/Middleware/VerifyCsrfToken.php(75): Illuminate\\Routing\\Pipeline->Illuminate\\Routing\\{closure}(Object(Illuminate\\Http\\Request))
#11 /var/www/TRDSv2_memo/vendor/laravel/framework/src/Illuminate/Pipeline/Pipeline.php(163): Illuminate\\Foundation\\Http\\Middleware\\VerifyCsrfToken->handle(Object(Illuminate\\Http\\Request), Object(Closure))
#12 /var/www/TRDSv2_memo/vendor/laravel/framework/src/Illuminate/Routing/Pipeline.php(53): Illuminate\\Pipeline\\Pipeline->Illuminate\\Pipeline\\{closure}(Object(Illuminate\\Http\\Request))
#13 /var/www/TRDSv2_memo/vendor/laravel/framework/src/Illuminate/View/Middleware/ShareErrorsFromSession.php(49): Illuminate\\Routing\\Pipeline->Illuminate\\Routing\\{closure}(Object(Illuminate\\Http\\Request))
#14 /var/www/TRDSv2_memo/vendor/laravel/framework/src/Illuminate/Pipeline/Pipeline.php(163): Illuminate\\View\\Middleware\\ShareErrorsFromSession->handle(Object(Illuminate\\Http\\Request), Object(Closure))
#15 /var/www/TRDSv2_memo/vendor/laravel/framework/src/Illuminate/Routing/Pipeline.php(53): Illuminate\\Pipeline\\Pipeline->Illuminate\\Pipeline\\{closure}(Object(Illuminate\\Http\\Request))
#16 /var/www/TRDSv2_memo/vendor/laravel/framework/src/Illuminate/Session/Middleware/StartSession.php(56): Illuminate\\Routing\\Pipeline->Illuminate\\Routing\\{closure}(Object(Illuminate\\Http\\Request))
#17 /var/www/TRDSv2_memo/vendor/laravel/framework/src/Illuminate/Pipeline/Pipeline.php(163): Illuminate\\Session\\Middleware\\StartSession->handle(Object(Illuminate\\Http\\Request), Object(Closure))
#18 /var/www/TRDSv2_memo/vendor/laravel/framework/src/Illuminate/Routing/Pipeline.php(53): Illuminate\\Pipeline\\Pipeline->Illuminate\\Pipeline\\{closure}(Object(Illuminate\\Http\\Request))
#19 /var/www/TRDSv2_memo/vendor/laravel/framework/src/Illuminate/Cookie/Middleware/AddQueuedCookiesToResponse.php(37): Illuminate\\Routing\\Pipeline->Illuminate\\Routing\\{closure}(Object(Illuminate\\Http\\Request))
#20 /var/www/TRDSv2_memo/vendor/laravel/framework/src/Illuminate/Pipeline/Pipeline.php(163): Illuminate\\Cookie\\Middleware\\AddQueuedCookiesToResponse->handle(Object(Illuminate\\Http\\Request), Object(Closure))
#21 /var/www/TRDSv2_memo/vendor/laravel/framework/src/Illuminate/Routing/Pipeline.php(53): Illuminate\\Pipeline\\Pipeline->Illuminate\\Pipeline\\{closure}(Object(Illuminate\\Http\\Request))
#22 /var/www/TRDSv2_memo/vendor/laravel/framework/src/Illuminate/Cookie/Middleware/EncryptCookies.php(66): Illuminate\\Routing\\Pipeline->Illuminate\\Routing\\{closure}(Object(Illuminate\\Http\\Request))
#23 /var/www/TRDSv2_memo/vendor/laravel/framework/src/Illuminate/Pipeline/Pipeline.php(163): Illuminate\\Cookie\\Middleware\\EncryptCookies->handle(Object(Illuminate\\Http\\Request), Object(Closure))
#24 /var/www/TRDSv2_memo/vendor/laravel/framework/src/Illuminate/Routing/Pipeline.php(53): Illuminate\\Pipeline\\Pipeline->Illuminate\\Pipeline\\{closure}(Object(Illuminate\\Http\\Request))
#25 /var/www/TRDSv2_memo/vendor/laravel/framework/src/Illuminate/Pipeline/Pipeline.php(104): Illuminate\\Routing\\Pipeline->Illuminate\\Routing\\{closure}(Object(Illuminate\\Http\\Request))
#26 /var/www/TRDSv2_memo/vendor/laravel/framework/src/Illuminate/Routing/Router.php(682): Illuminate\\Pipeline\\Pipeline->then(Object(Closure))
#27 /var/www/TRDSv2_memo/vendor/laravel/framework/src/Illuminate/Routing/Router.php(657): Illuminate\\Routing\\Router->runRouteWithinStack(Object(Illuminate\\Routing\\Route), Object(Illuminate\\Http\\Request))
#28 /var/www/TRDSv2_memo/vendor/laravel/framework/src/Illuminate/Routing/Router.php(623): Illuminate\\Routing\\Router->runRoute(Object(Illuminate\\Http\\Request), Object(Illuminate\\Routing\\Route))
#29 /var/www/TRDSv2_memo/vendor/laravel/framework/src/Illuminate/Routing/Router.php(612): Illuminate\\Routing\\Router->dispatchToRoute(Object(Illuminate\\Http\\Request))
#30 /var/www/TRDSv2_memo/vendor/laravel/framework/src/Illuminate/Foundation/Http/Kernel.php(176): Illuminate\\Routing\\Router->dispatch(Object(Illuminate\\Http\\Request))
#31 /var/www/TRDSv2_memo/vendor/laravel/framework/src/Illuminate/Routing/Pipeline.php(30): Illuminate\\Foundation\\Http\\Kernel->Illuminate\\Foundation\\Http\\{closure}(Object(Illuminate\\Http\\Request))
#32 /var/www/TRDSv2_memo/vendor/laravel/framework/src/Illuminate/Foundation/Http/Middleware/TransformsRequest.php(21): Illuminate\\Routing\\Pipeline->Illuminate\\Routing\\{closure}(Object(Illuminate\\Http\\Request))
#33 /var/www/TRDSv2_memo/vendor/laravel/framework/src/Illuminate/Pipeline/Pipeline.php(163): Illuminate\\Foundation\\Http\\Middleware\\TransformsRequest->handle(Object(Illuminate\\Http\\Request), Object(Closure))
#34 /var/www/TRDSv2_memo/vendor/laravel/framework/src/Illuminate/Routing/Pipeline.php(53): Illuminate\\Pipeline\\Pipeline->Illuminate\\Pipeline\\{closure}(Object(Illuminate\\Http\\Request))
#35 /var/www/TRDSv2_memo/vendor/laravel/framework/src/Illuminate/Foundation/Http/Middleware/TransformsRequest.php(21): Illuminate\\Routing\\Pipeline->Illuminate\\Routing\\{closure}(Object(Illuminate\\Http\\Request))
#36 /var/www/TRDSv2_memo/vendor/laravel/framework/src/Illuminate/Pipeline/Pipeline.php(163): Illuminate\\Foundation\\Http\\Middleware\\TransformsRequest->handle(Object(Illuminate\\Http\\Request), Object(Closure))
#37 /var/www/TRDSv2_memo/vendor/laravel/framework/src/Illuminate/Routing/Pipeline.php(53): Illuminate\\Pipeline\\Pipeline->Illuminate\\Pipeline\\{closure}(Object(Illuminate\\Http\\Request))
#38 /var/www/TRDSv2_memo/vendor/laravel/framework/src/Illuminate/Foundation/Http/Middleware/ValidatePostSize.php(27): Illuminate\\Routing\\Pipeline->Illuminate\\Routing\\{closure}(Object(Illuminate\\Http\\Request))
#39 /var/www/TRDSv2_memo/vendor/laravel/framework/src/Illuminate/Pipeline/Pipeline.php(163): Illuminate\\Foundation\\Http\\Middleware\\ValidatePostSize->handle(Object(Illuminate\\Http\\Request), Object(Closure))
#40 /var/www/TRDSv2_memo/vendor/laravel/framework/src/Illuminate/Routing/Pipeline.php(53): Illuminate\\Pipeline\\Pipeline->Illuminate\\Pipeline\\{closure}(Object(Illuminate\\Http\\Request))
#41 /var/www/TRDSv2_memo/vendor/laravel/framework/src/Illuminate/Foundation/Http/Middleware/CheckForMaintenanceMode.php(62): Illuminate\\Routing\\Pipeline->Illuminate\\Routing\\{closure}(Object(Illuminate\\Http\\Request))
#42 /var/www/TRDSv2_memo/vendor/laravel/framework/src/Illuminate/Pipeline/Pipeline.php(163): Illuminate\\Foundation\\Http\\Middleware\\CheckForMaintenanceMode->handle(Object(Illuminate\\Http\\Request), Object(Closure))
#43 /var/www/TRDSv2_memo/vendor/laravel/framework/src/Illuminate/Routing/Pipeline.php(53): Illuminate\\Pipeline\\Pipeline->Illuminate\\Pipeline\\{closure}(Object(Illuminate\\Http\\Request))
#44 /var/www/TRDSv2_memo/vendor/fideloper/proxy/src/TrustProxies.php(57): Illuminate\\Routing\\Pipeline->Illuminate\\Routing\\{closure}(Object(Illuminate\\Http\\Request))
#45 /var/www/TRDSv2_memo/vendor/laravel/framework/src/Illuminate/Pipeline/Pipeline.php(163): Fideloper\\Proxy\\TrustProxies->handle(Object(Illuminate\\Http\\Request), Object(Closure))
#46 /var/www/TRDSv2_memo/vendor/laravel/framework/src/Illuminate/Routing/Pipeline.php(53): Illuminate\\Pipeline\\Pipeline->Illuminate\\Pipeline\\{closure}(Object(Illuminate\\Http\\Request))
#47 /var/www/TRDSv2_memo/vendor/laravel/framework/src/Illuminate/Pipeline/Pipeline.php(104): Illuminate\\Routing\\Pipeline->Illuminate\\Routing\\{closure}(Object(Illuminate\\Http\\Request))
#48 /var/www/TRDSv2_memo/vendor/laravel/framework/src/Illuminate/Foundation/Http/Kernel.php(151): Illuminate\\Pipeline\\Pipeline->then(Object(Closure))
#49 /var/www/TRDSv2_memo/vendor/laravel/framework/src/Illuminate/Foundation/Http/Kernel.php(116): Illuminate\\Foundation\\Http\\Kernel->sendRequestThroughRouter(Object(Illuminate\\Http\\Request))
#50 /var/www/TRDSv2_memo/index.php(55): Illuminate\\Foundation\\Http\\Kernel->handle(Object(Illuminate\\Http\\Request))
#51 {main}
"} 
[2026-03-03 10:30:25] local.ERROR: Class 'App\Http\Controllers\HrMemo\User' not found {"exception":"[object] (Symfony\\Component\\Debug\\Exception\\FatalThrowableError(code: 0): Class 'App\\Http\\Controllers\\HrMemo\\User' not found at /var/www/TRDSv2_memo/app/Http/Controllers/HrMemo/HrMemoController.php:259)
[stacktrace]
#0 [internal function]: App\\Http\\Controllers\\HrMemo\\HrMemoController->getUsers(Object(Illuminate\\Http\\Request))
#1 /var/www/TRDSv2_memo/vendor/laravel/framework/src/Illuminate/Routing/Controller.php(54): call_user_func_array(Array, Array)
#2 /var/www/TRDSv2_memo/vendor/laravel/framework/src/Illuminate/Routing/ControllerDispatcher.php(45): Illuminate\\Routing\\Controller->callAction('getUsers', Array)
#3 /var/www/TRDSv2_memo/vendor/laravel/framework/src/Illuminate/Routing/Route.php(219): Illuminate\\Routing\\ControllerDispatcher->dispatch(Object(Illuminate\\Routing\\Route), Object(App\\Http\\Controllers\\HrMemo\\HrMemoController), 'getUsers')
#4 /var/www/TRDSv2_memo/vendor/laravel/framework/src/Illuminate/Routing/Route.php(176): Illuminate\\Routing\\Route->runController()
#5 /var/www/TRDSv2_memo/vendor/laravel/framework/src/Illuminate/Routing/Router.php(680): Illuminate\\Routing\\Route->run()
#6 /var/www/TRDSv2_memo/vendor/laravel/framework/src/Illuminate/Routing/Pipeline.php(30): Illuminate\\Routing\\Router->Illuminate\\Routing\\{closure}(Object(Illuminate\\Http\\Request))
#7 /var/www/TRDSv2_memo/vendor/laravel/framework/src/Illuminate/Routing/Middleware/SubstituteBindings.php(41): Illuminate\\Routing\\Pipeline->Illuminate\\Routing\\{closure}(Object(Illuminate\\Http\\Request))
#8 /var/www/TRDSv2_memo/vendor/laravel/framework/src/Illuminate/Pipeline/Pipeline.php(163): Illuminate\\Routing\\Middleware\\SubstituteBindings->handle(Object(Illuminate\\Http\\Request), Object(Closure))
#9 /var/www/TRDSv2_memo/vendor/laravel/framework/src/Illuminate/Routing/Pipeline.php(53): Illuminate\\Pipeline\\Pipeline->Illuminate\\Pipeline\\{closure}(Object(Illuminate\\Http\\Request))
#10 /var/www/TRDSv2_memo/vendor/laravel/framework/src/Illuminate/Foundation/Http/Middleware/VerifyCsrfToken.php(75): Illuminate\\Routing\\Pipeline->Illuminate\\Routing\\{closure}(Object(Illuminate\\Http\\Request))
#11 /var/www/TRDSv2_memo/vendor/laravel/framework/src/Illuminate/Pipeline/Pipeline.php(163): Illuminate\\Foundation\\Http\\Middleware\\VerifyCsrfToken->handle(Object(Illuminate\\Http\\Request), Object(Closure))
#12 /var/www/TRDSv2_memo/vendor/laravel/framework/src/Illuminate/Routing/Pipeline.php(53): Illuminate\\Pipeline\\Pipeline->Illuminate\\Pipeline\\{closure}(Object(Illuminate\\Http\\Request))
#13 /var/www/TRDSv2_memo/vendor/laravel/framework/src/Illuminate/View/Middleware/ShareErrorsFromSession.php(49): Illuminate\\Routing\\Pipeline->Illuminate\\Routing\\{closure}(Object(Illuminate\\Http\\Request))
#14 /var/www/TRDSv2_memo/vendor/laravel/framework/src/Illuminate/Pipeline/Pipeline.php(163): Illuminate\\View\\Middleware\\ShareErrorsFromSession->handle(Object(Illuminate\\Http\\Request), Object(Closure))
#15 /var/www/TRDSv2_memo/vendor/laravel/framework/src/Illuminate/Routing/Pipeline.php(53): Illuminate\\Pipeline\\Pipeline->Illuminate\\Pipeline\\{closure}(Object(Illuminate\\Http\\Request))
#16 /var/www/TRDSv2_memo/vendor/laravel/framework/src/Illuminate/Session/Middleware/StartSession.php(56): Illuminate\\Routing\\Pipeline->Illuminate\\Routing\\{closure}(Object(Illuminate\\Http\\Request))
#17 /var/www/TRDSv2_memo/vendor/laravel/framework/src/Illuminate/Pipeline/Pipeline.php(163): Illuminate\\Session\\Middleware\\StartSession->handle(Object(Illuminate\\Http\\Request), Object(Closure))
#18 /var/www/TRDSv2_memo/vendor/laravel/framework/src/Illuminate/Routing/Pipeline.php(53): Illuminate\\Pipeline\\Pipeline->Illuminate\\Pipeline\\{closure}(Object(Illuminate\\Http\\Request))
#19 /var/www/TRDSv2_memo/vendor/laravel/framework/src/Illuminate/Cookie/Middleware/AddQueuedCookiesToResponse.php(37): Illuminate\\Routing\\Pipeline->Illuminate\\Routing\\{closure}(Object(Illuminate\\Http\\Request))
#20 /var/www/TRDSv2_memo/vendor/laravel/framework/src/Illuminate/Pipeline/Pipeline.php(163): Illuminate\\Cookie\\Middleware\\AddQueuedCookiesToResponse->handle(Object(Illuminate\\Http\\Request), Object(Closure))
#21 /var/www/TRDSv2_memo/vendor/laravel/framework/src/Illuminate/Routing/Pipeline.php(53): Illuminate\\Pipeline\\Pipeline->Illuminate\\Pipeline\\{closure}(Object(Illuminate\\Http\\Request))
#22 /var/www/TRDSv2_memo/vendor/laravel/framework/src/Illuminate/Cookie/Middleware/EncryptCookies.php(66): Illuminate\\Routing\\Pipeline->Illuminate\\Routing\\{closure}(Object(Illuminate\\Http\\Request))
#23 /var/www/TRDSv2_memo/vendor/laravel/framework/src/Illuminate/Pipeline/Pipeline.php(163): Illuminate\\Cookie\\Middleware\\EncryptCookies->handle(Object(Illuminate\\Http\\Request), Object(Closure))
#24 /var/www/TRDSv2_memo/vendor/laravel/framework/src/Illuminate/Routing/Pipeline.php(53): Illuminate\\Pipeline\\Pipeline->Illuminate\\Pipeline\\{closure}(Object(Illuminate\\Http\\Request))
#25 /var/www/TRDSv2_memo/vendor/laravel/framework/src/Illuminate/Pipeline/Pipeline.php(104): Illuminate\\Routing\\Pipeline->Illuminate\\Routing\\{closure}(Object(Illuminate\\Http\\Request))
#26 /var/www/TRDSv2_memo/vendor/laravel/framework/src/Illuminate/Routing/Router.php(682): Illuminate\\Pipeline\\Pipeline->then(Object(Closure))
#27 /var/www/TRDSv2_memo/vendor/laravel/framework/src/Illuminate/Routing/Router.php(657): Illuminate\\Routing\\Router->runRouteWithinStack(Object(Illuminate\\Routing\\Route), Object(Illuminate\\Http\\Request))
#28 /var/www/TRDSv2_memo/vendor/laravel/framework/src/Illuminate/Routing/Router.php(623): Illuminate\\Routing\\Router->runRoute(Object(Illuminate\\Http\\Request), Object(Illuminate\\Routing\\Route))
#29 /var/www/TRDSv2_memo/vendor/laravel/framework/src/Illuminate/Routing/Router.php(612): Illuminate\\Routing\\Router->dispatchToRoute(Object(Illuminate\\Http\\Request))
#30 /var/www/TRDSv2_memo/vendor/laravel/framework/src/Illuminate/Foundation/Http/Kernel.php(176): Illuminate\\Routing\\Router->dispatch(Object(Illuminate\\Http\\Request))
#31 /var/www/TRDSv2_memo/vendor/laravel/framework/src/Illuminate/Routing/Pipeline.php(30): Illuminate\\Foundation\\Http\\Kernel->Illuminate\\Foundation\\Http\\{closure}(Object(Illuminate\\Http\\Request))
#32 /var/www/TRDSv2_memo/vendor/laravel/framework/src/Illuminate/Foundation/Http/Middleware/TransformsRequest.php(21): Illuminate\\Routing\\Pipeline->Illuminate\\Routing\\{closure}(Object(Illuminate\\Http\\Request))
#33 /var/www/TRDSv2_memo/vendor/laravel/framework/src/Illuminate/Pipeline/Pipeline.php(163): Illuminate\\Foundation\\Http\\Middleware\\TransformsRequest->handle(Object(Illuminate\\Http\\Request), Object(Closure))
#34 /var/www/TRDSv2_memo/vendor/laravel/framework/src/Illuminate/Routing/Pipeline.php(53): Illuminate\\Pipeline\\Pipeline->Illuminate\\Pipeline\\{closure}(Object(Illuminate\\Http\\Request))
#35 /var/www/TRDSv2_memo/vendor/laravel/framework/src/Illuminate/Foundation/Http/Middleware/TransformsRequest.php(21): Illuminate\\Routing\\Pipeline->Illuminate\\Routing\\{closure}(Object(Illuminate\\Http\\Request))
#36 /var/www/TRDSv2_memo/vendor/laravel/framework/src/Illuminate/Pipeline/Pipeline.php(163): Illuminate\\Foundation\\Http\\Middleware\\TransformsRequest->handle(Object(Illuminate\\Http\\Request), Object(Closure))
#37 /var/www/TRDSv2_memo/vendor/laravel/framework/src/Illuminate/Routing/Pipeline.php(53): Illuminate\\Pipeline\\Pipeline->Illuminate\\Pipeline\\{closure}(Object(Illuminate\\Http\\Request))
#38 /var/www/TRDSv2_memo/vendor/laravel/framework/src/Illuminate/Foundation/Http/Middleware/ValidatePostSize.php(27): Illuminate\\Routing\\Pipeline->Illuminate\\Routing\\{closure}(Object(Illuminate\\Http\\Request))
#39 /var/www/TRDSv2_memo/vendor/laravel/framework/src/Illuminate/Pipeline/Pipeline.php(163): Illuminate\\Foundation\\Http\\Middleware\\ValidatePostSize->handle(Object(Illuminate\\Http\\Request), Object(Closure))
#40 /var/www/TRDSv2_memo/vendor/laravel/framework/src/Illuminate/Routing/Pipeline.php(53): Illuminate\\Pipeline\\Pipeline->Illuminate\\Pipeline\\{closure}(Object(Illuminate\\Http\\Request))
#41 /var/www/TRDSv2_memo/vendor/laravel/framework/src/Illuminate/Foundation/Http/Middleware/CheckForMaintenanceMode.php(62): Illuminate\\Routing\\Pipeline->Illuminate\\Routing\\{closure}(Object(Illuminate\\Http\\Request))
#42 /var/www/TRDSv2_memo/vendor/laravel/framework/src/Illuminate/Pipeline/Pipeline.php(163): Illuminate\\Foundation\\Http\\Middleware\\CheckForMaintenanceMode->handle(Object(Illuminate\\Http\\Request), Object(Closure))
#43 /var/www/TRDSv2_memo/vendor/laravel/framework/src/Illuminate/Routing/Pipeline.php(53): Illuminate\\Pipeline\\Pipeline->Illuminate\\Pipeline\\{closure}(Object(Illuminate\\Http\\Request))
#44 /var/www/TRDSv2_memo/vendor/fideloper/proxy/src/TrustProxies.php(57): Illuminate\\Routing\\Pipeline->Illuminate\\Routing\\{closure}(Object(Illuminate\\Http\\Request))
#45 /var/www/TRDSv2_memo/vendor/laravel/framework/src/Illuminate/Pipeline/Pipeline.php(163): Fideloper\\Proxy\\TrustProxies->handle(Object(Illuminate\\Http\\Request), Object(Closure))
#46 /var/www/TRDSv2_memo/vendor/laravel/framework/src/Illuminate/Routing/Pipeline.php(53): Illuminate\\Pipeline\\Pipeline->Illuminate\\Pipeline\\{closure}(Object(Illuminate\\Http\\Request))
#47 /var/www/TRDSv2_memo/vendor/laravel/framework/src/Illuminate/Pipeline/Pipeline.php(104): Illuminate\\Routing\\Pipeline->Illuminate\\Routing\\{closure}(Object(Illuminate\\Http\\Request))
#48 /var/www/TRDSv2_memo/vendor/laravel/framework/src/Illuminate/Foundation/Http/Kernel.php(151): Illuminate\\Pipeline\\Pipeline->then(Object(Closure))
#49 /var/www/TRDSv2_memo/vendor/laravel/framework/src/Illuminate/Foundation/Http/Kernel.php(116): Illuminate\\Foundation\\Http\\Kernel->sendRequestThroughRouter(Object(Illuminate\\Http\\Request))
#50 /var/www/TRDSv2_memo/index.php(55): Illuminate\\Foundation\\Http\\Kernel->handle(Object(Illuminate\\Http\\Request))
#51 {main}
"} 
[2026-03-03 10:31:06] local.ERROR: Class 'App\Http\Controllers\HrMemo\User' not found {"exception":"[object] (Symfony\\Component\\Debug\\Exception\\FatalThrowableError(code: 0): Class 'App\\Http\\Controllers\\HrMemo\\User' not found at /var/www/TRDSv2_memo/app/Http/Controllers/HrMemo/HrMemoController.php:259)
[stacktrace]
#0 [internal function]: App\\Http\\Controllers\\HrMemo\\HrMemoController->getUsers(Object(Illuminate\\Http\\Request))
#1 /var/www/TRDSv2_memo/vendor/laravel/framework/src/Illuminate/Routing/Controller.php(54): call_user_func_array(Array, Array)
#2 /var/www/TRDSv2_memo/vendor/laravel/framework/src/Illuminate/Routing/ControllerDispatcher.php(45): Illuminate\\Routing\\Controller->callAction('getUsers', Array)
#3 /var/www/TRDSv2_memo/vendor/laravel/framework/src/Illuminate/Routing/Route.php(219): Illuminate\\Routing\\ControllerDispatcher->dispatch(Object(Illuminate\\Routing\\Route), Object(App\\Http\\Controllers\\HrMemo\\HrMemoController), 'getUsers')
#4 /var/www/TRDSv2_memo/vendor/laravel/framework/src/Illuminate/Routing/Route.php(176): Illuminate\\Routing\\Route->runController()
#5 /var/www/TRDSv2_memo/vendor/laravel/framework/src/Illuminate/Routing/Router.php(680): Illuminate\\Routing\\Route->run()
#6 /var/www/TRDSv2_memo/vendor/laravel/framework/src/Illuminate/Routing/Pipeline.php(30): Illuminate\\Routing\\Router->Illuminate\\Routing\\{closure}(Object(Illuminate\\Http\\Request))
#7 /var/www/TRDSv2_memo/vendor/laravel/framework/src/Illuminate/Routing/Middleware/SubstituteBindings.php(41): Illuminate\\Routing\\Pipeline->Illuminate\\Routing\\{closure}(Object(Illuminate\\Http\\Request))
#8 /var/www/TRDSv2_memo/vendor/laravel/framework/src/Illuminate/Pipeline/Pipeline.php(163): Illuminate\\Routing\\Middleware\\SubstituteBindings->handle(Object(Illuminate\\Http\\Request), Object(Closure))
#9 /var/www/TRDSv2_memo/vendor/laravel/framework/src/Illuminate/Routing/Pipeline.php(53): Illuminate\\Pipeline\\Pipeline->Illuminate\\Pipeline\\{closure}(Object(Illuminate\\Http\\Request))
#10 /var/www/TRDSv2_memo/vendor/laravel/framework/src/Illuminate/Foundation/Http/Middleware/VerifyCsrfToken.php(75): Illuminate\\Routing\\Pipeline->Illuminate\\Routing\\{closure}(Object(Illuminate\\Http\\Request))
#11 /var/www/TRDSv2_memo/vendor/laravel/framework/src/Illuminate/Pipeline/Pipeline.php(163): Illuminate\\Foundation\\Http\\Middleware\\VerifyCsrfToken->handle(Object(Illuminate\\Http\\Request), Object(Closure))
#12 /var/www/TRDSv2_memo/vendor/laravel/framework/src/Illuminate/Routing/Pipeline.php(53): Illuminate\\Pipeline\\Pipeline->Illuminate\\Pipeline\\{closure}(Object(Illuminate\\Http\\Request))
#13 /var/www/TRDSv2_memo/vendor/laravel/framework/src/Illuminate/View/Middleware/ShareErrorsFromSession.php(49): Illuminate\\Routing\\Pipeline->Illuminate\\Routing\\{closure}(Object(Illuminate\\Http\\Request))
#14 /var/www/TRDSv2_memo/vendor/laravel/framework/src/Illuminate/Pipeline/Pipeline.php(163): Illuminate\\View\\Middleware\\ShareErrorsFromSession->handle(Object(Illuminate\\Http\\Request), Object(Closure))
#15 /var/www/TRDSv2_memo/vendor/laravel/framework/src/Illuminate/Routing/Pipeline.php(53): Illuminate\\Pipeline\\Pipeline->Illuminate\\Pipeline\\{closure}(Object(Illuminate\\Http\\Request))
#16 /var/www/TRDSv2_memo/vendor/laravel/framework/src/Illuminate/Session/Middleware/StartSession.php(56): Illuminate\\Routing\\Pipeline->Illuminate\\Routing\\{closure}(Object(Illuminate\\Http\\Request))
#17 /var/www/TRDSv2_memo/vendor/laravel/framework/src/Illuminate/Pipeline/Pipeline.php(163): Illuminate\\Session\\Middleware\\StartSession->handle(Object(Illuminate\\Http\\Request), Object(Closure))
#18 /var/www/TRDSv2_memo/vendor/laravel/framework/src/Illuminate/Routing/Pipeline.php(53): Illuminate\\Pipeline\\Pipeline->Illuminate\\Pipeline\\{closure}(Object(Illuminate\\Http\\Request))
#19 /var/www/TRDSv2_memo/vendor/laravel/framework/src/Illuminate/Cookie/Middleware/AddQueuedCookiesToResponse.php(37): Illuminate\\Routing\\Pipeline->Illuminate\\Routing\\{closure}(Object(Illuminate\\Http\\Request))
#20 /var/www/TRDSv2_memo/vendor/laravel/framework/src/Illuminate/Pipeline/Pipeline.php(163): Illuminate\\Cookie\\Middleware\\AddQueuedCookiesToResponse->handle(Object(Illuminate\\Http\\Request), Object(Closure))
#21 /var/www/TRDSv2_memo/vendor/laravel/framework/src/Illuminate/Routing/Pipeline.php(53): Illuminate\\Pipeline\\Pipeline->Illuminate\\Pipeline\\{closure}(Object(Illuminate\\Http\\Request))
#22 /var/www/TRDSv2_memo/vendor/laravel/framework/src/Illuminate/Cookie/Middleware/EncryptCookies.php(66): Illuminate\\Routing\\Pipeline->Illuminate\\Routing\\{closure}(Object(Illuminate\\Http\\Request))
#23 /var/www/TRDSv2_memo/vendor/laravel/framework/src/Illuminate/Pipeline/Pipeline.php(163): Illuminate\\Cookie\\Middleware\\EncryptCookies->handle(Object(Illuminate\\Http\\Request), Object(Closure))
#24 /var/www/TRDSv2_memo/vendor/laravel/framework/src/Illuminate/Routing/Pipeline.php(53): Illuminate\\Pipeline\\Pipeline->Illuminate\\Pipeline\\{closure}(Object(Illuminate\\Http\\Request))
#25 /var/www/TRDSv2_memo/vendor/laravel/framework/src/Illuminate/Pipeline/Pipeline.php(104): Illuminate\\Routing\\Pipeline->Illuminate\\Routing\\{closure}(Object(Illuminate\\Http\\Request))
#26 /var/www/TRDSv2_memo/vendor/laravel/framework/src/Illuminate/Routing/Router.php(682): Illuminate\\Pipeline\\Pipeline->then(Object(Closure))
#27 /var/www/TRDSv2_memo/vendor/laravel/framework/src/Illuminate/Routing/Router.php(657): Illuminate\\Routing\\Router->runRouteWithinStack(Object(Illuminate\\Routing\\Route), Object(Illuminate\\Http\\Request))
#28 /var/www/TRDSv2_memo/vendor/laravel/framework/src/Illuminate/Routing/Router.php(623): Illuminate\\Routing\\Router->runRoute(Object(Illuminate\\Http\\Request), Object(Illuminate\\Routing\\Route))
#29 /var/www/TRDSv2_memo/vendor/laravel/framework/src/Illuminate/Routing/Router.php(612): Illuminate\\Routing\\Router->dispatchToRoute(Object(Illuminate\\Http\\Request))
#30 /var/www/TRDSv2_memo/vendor/laravel/framework/src/Illuminate/Foundation/Http/Kernel.php(176): Illuminate\\Routing\\Router->dispatch(Object(Illuminate\\Http\\Request))
#31 /var/www/TRDSv2_memo/vendor/laravel/framework/src/Illuminate/Routing/Pipeline.php(30): Illuminate\\Foundation\\Http\\Kernel->Illuminate\\Foundation\\Http\\{closure}(Object(Illuminate\\Http\\Request))
#32 /var/www/TRDSv2_memo/vendor/laravel/framework/src/Illuminate/Foundation/Http/Middleware/TransformsRequest.php(21): Illuminate\\Routing\\Pipeline->Illuminate\\Routing\\{closure}(Object(Illuminate\\Http\\Request))
#33 /var/www/TRDSv2_memo/vendor/laravel/framework/src/Illuminate/Pipeline/Pipeline.php(163): Illuminate\\Foundation\\Http\\Middleware\\TransformsRequest->handle(Object(Illuminate\\Http\\Request), Object(Closure))
#34 /var/www/TRDSv2_memo/vendor/laravel/framework/src/Illuminate/Routing/Pipeline.php(53): Illuminate\\Pipeline\\Pipeline->Illuminate\\Pipeline\\{closure}(Object(Illuminate\\Http\\Request))
#35 /var/www/TRDSv2_memo/vendor/laravel/framework/src/Illuminate/Foundation/Http/Middleware/TransformsRequest.php(21): Illuminate\\Routing\\Pipeline->Illuminate\\Routing\\{closure}(Object(Illuminate\\Http\\Request))
#36 /var/www/TRDSv2_memo/vendor/laravel/framework/src/Illuminate/Pipeline/Pipeline.php(163): Illuminate\\Foundation\\Http\\Middleware\\TransformsRequest->handle(Object(Illuminate\\Http\\Request), Object(Closure))
#37 /var/www/TRDSv2_memo/vendor/laravel/framework/src/Illuminate/Routing/Pipeline.php(53): Illuminate\\Pipeline\\Pipeline->Illuminate\\Pipeline\\{closure}(Object(Illuminate\\Http\\Request))
#38 /var/www/TRDSv2_memo/vendor/laravel/framework/src/Illuminate/Foundation/Http/Middleware/ValidatePostSize.php(27): Illuminate\\Routing\\Pipeline->Illuminate\\Routing\\{closure}(Object(Illuminate\\Http\\Request))
#39 /var/www/TRDSv2_memo/vendor/laravel/framework/src/Illuminate/Pipeline/Pipeline.php(163): Illuminate\\Foundation\\Http\\Middleware\\ValidatePostSize->handle(Object(Illuminate\\Http\\Request), Object(Closure))
#40 /var/www/TRDSv2_memo/vendor/laravel/framework/src/Illuminate/Routing/Pipeline.php(53): Illuminate\\Pipeline\\Pipeline->Illuminate\\Pipeline\\{closure}(Object(Illuminate\\Http\\Request))
#41 /var/www/TRDSv2_memo/vendor/laravel/framework/src/Illuminate/Foundation/Http/Middleware/CheckForMaintenanceMode.php(62): Illuminate\\Routing\\Pipeline->Illuminate\\Routing\\{closure}(Object(Illuminate\\Http\\Request))
#42 /var/www/TRDSv2_memo/vendor/laravel/framework/src/Illuminate/Pipeline/Pipeline.php(163): Illuminate\\Foundation\\Http\\Middleware\\CheckForMaintenanceMode->handle(Object(Illuminate\\Http\\Request), Object(Closure))
#43 /var/www/TRDSv2_memo/vendor/laravel/framework/src/Illuminate/Routing/Pipeline.php(53): Illuminate\\Pipeline\\Pipeline->Illuminate\\Pipeline\\{closure}(Object(Illuminate\\Http\\Request))
#44 /var/www/TRDSv2_memo/vendor/fideloper/proxy/src/TrustProxies.php(57): Illuminate\\Routing\\Pipeline->Illuminate\\Routing\\{closure}(Object(Illuminate\\Http\\Request))
#45 /var/www/TRDSv2_memo/vendor/laravel/framework/src/Illuminate/Pipeline/Pipeline.php(163): Fideloper\\Proxy\\TrustProxies->handle(Object(Illuminate\\Http\\Request), Object(Closure))
#46 /var/www/TRDSv2_memo/vendor/laravel/framework/src/Illuminate/Routing/Pipeline.php(53): Illuminate\\Pipeline\\Pipeline->Illuminate\\Pipeline\\{closure}(Object(Illuminate\\Http\\Request))
#47 /var/www/TRDSv2_memo/vendor/laravel/framework/src/Illuminate/Pipeline/Pipeline.php(104): Illuminate\\Routing\\Pipeline->Illuminate\\Routing\\{closure}(Object(Illuminate\\Http\\Request))
#48 /var/www/TRDSv2_memo/vendor/laravel/framework/src/Illuminate/Foundation/Http/Kernel.php(151): Illuminate\\Pipeline\\Pipeline->then(Object(Closure))
#49 /var/www/TRDSv2_memo/vendor/laravel/framework/src/Illuminate/Foundation/Http/Kernel.php(116): Illuminate\\Foundation\\Http\\Kernel->sendRequestThroughRouter(Object(Illuminate\\Http\\Request))
#50 /var/www/TRDSv2_memo/index.php(55): Illuminate\\Foundation\\Http\\Kernel->handle(Object(Illuminate\\Http\\Request))
#51 {main}
"} 
[2026-03-03 10:31:08] local.ERROR: Class 'App\Http\Controllers\HrMemo\User' not found {"exception":"[object] (Symfony\\Component\\Debug\\Exception\\FatalThrowableError(code: 0): Class 'App\\Http\\Controllers\\HrMemo\\User' not found at /var/www/TRDSv2_memo/app/Http/Controllers/HrMemo/HrMemoController.php:259)
[stacktrace]
#0 [internal function]: App\\Http\\Controllers\\HrMemo\\HrMemoController->getUsers(Object(Illuminate\\Http\\Request))
#1 /var/www/TRDSv2_memo/vendor/laravel/framework/src/Illuminate/Routing/Controller.php(54): call_user_func_array(Array, Array)
#2 /var/www/TRDSv2_memo/vendor/laravel/framework/src/Illuminate/Routing/ControllerDispatcher.php(45): Illuminate\\Routing\\Controller->callAction('getUsers', Array)
#3 /var/www/TRDSv2_memo/vendor/laravel/framework/src/Illuminate/Routing/Route.php(219): Illuminate\\Routing\\ControllerDispatcher->dispatch(Object(Illuminate\\Routing\\Route), Object(App\\Http\\Controllers\\HrMemo\\HrMemoController), 'getUsers')
#4 /var/www/TRDSv2_memo/vendor/laravel/framework/src/Illuminate/Routing/Route.php(176): Illuminate\\Routing\\Route->runController()
#5 /var/www/TRDSv2_memo/vendor/laravel/framework/src/Illuminate/Routing/Router.php(680): Illuminate\\Routing\\Route->run()
#6 /var/www/TRDSv2_memo/vendor/laravel/framework/src/Illuminate/Routing/Pipeline.php(30): Illuminate\\Routing\\Router->Illuminate\\Routing\\{closure}(Object(Illuminate\\Http\\Request))
#7 /var/www/TRDSv2_memo/vendor/laravel/framework/src/Illuminate/Routing/Middleware/SubstituteBindings.php(41): Illuminate\\Routing\\Pipeline->Illuminate\\Routing\\{closure}(Object(Illuminate\\Http\\Request))
#8 /var/www/TRDSv2_memo/vendor/laravel/framework/src/Illuminate/Pipeline/Pipeline.php(163): Illuminate\\Routing\\Middleware\\SubstituteBindings->handle(Object(Illuminate\\Http\\Request), Object(Closure))
#9 /var/www/TRDSv2_memo/vendor/laravel/framework/src/Illuminate/Routing/Pipeline.php(53): Illuminate\\Pipeline\\Pipeline->Illuminate\\Pipeline\\{closure}(Object(Illuminate\\Http\\Request))
#10 /var/www/TRDSv2_memo/vendor/laravel/framework/src/Illuminate/Foundation/Http/Middleware/VerifyCsrfToken.php(75): Illuminate\\Routing\\Pipeline->Illuminate\\Routing\\{closure}(Object(Illuminate\\Http\\Request))
#11 /var/www/TRDSv2_memo/vendor/laravel/framework/src/Illuminate/Pipeline/Pipeline.php(163): Illuminate\\Foundation\\Http\\Middleware\\VerifyCsrfToken->handle(Object(Illuminate\\Http\\Request), Object(Closure))
#12 /var/www/TRDSv2_memo/vendor/laravel/framework/src/Illuminate/Routing/Pipeline.php(53): Illuminate\\Pipeline\\Pipeline->Illuminate\\Pipeline\\{closure}(Object(Illuminate\\Http\\Request))
#13 /var/www/TRDSv2_memo/vendor/laravel/framework/src/Illuminate/View/Middleware/ShareErrorsFromSession.php(49): Illuminate\\Routing\\Pipeline->Illuminate\\Routing\\{closure}(Object(Illuminate\\Http\\Request))
#14 /var/www/TRDSv2_memo/vendor/laravel/framework/src/Illuminate/Pipeline/Pipeline.php(163): Illuminate\\View\\Middleware\\ShareErrorsFromSession->handle(Object(Illuminate\\Http\\Request), Object(Closure))
#15 /var/www/TRDSv2_memo/vendor/laravel/framework/src/Illuminate/Routing/Pipeline.php(53): Illuminate\\Pipeline\\Pipeline->Illuminate\\Pipeline\\{closure}(Object(Illuminate\\Http\\Request))
#16 /var/www/TRDSv2_memo/vendor/laravel/framework/src/Illuminate/Session/Middleware/StartSession.php(56): Illuminate\\Routing\\Pipeline->Illuminate\\Routing\\{closure}(Object(Illuminate\\Http\\Request))
#17 /var/www/TRDSv2_memo/vendor/laravel/framework/src/Illuminate/Pipeline/Pipeline.php(163): Illuminate\\Session\\Middleware\\StartSession->handle(Object(Illuminate\\Http\\Request), Object(Closure))
#18 /var/www/TRDSv2_memo/vendor/laravel/framework/src/Illuminate/Routing/Pipeline.php(53): Illuminate\\Pipeline\\Pipeline->Illuminate\\Pipeline\\{closure}(Object(Illuminate\\Http\\Request))
#19 /var/www/TRDSv2_memo/vendor/laravel/framework/src/Illuminate/Cookie/Middleware/AddQueuedCookiesToResponse.php(37): Illuminate\\Routing\\Pipeline->Illuminate\\Routing\\{closure}(Object(Illuminate\\Http\\Request))
#20 /var/www/TRDSv2_memo/vendor/laravel/framework/src/Illuminate/Pipeline/Pipeline.php(163): Illuminate\\Cookie\\Middleware\\AddQueuedCookiesToResponse->handle(Object(Illuminate\\Http\\Request), Object(Closure))
#21 /var/www/TRDSv2_memo/vendor/laravel/framework/src/Illuminate/Routing/Pipeline.php(53): Illuminate\\Pipeline\\Pipeline->Illuminate\\Pipeline\\{closure}(Object(Illuminate\\Http\\Request))
#22 /var/www/TRDSv2_memo/vendor/laravel/framework/src/Illuminate/Cookie/Middleware/EncryptCookies.php(66): Illuminate\\Routing\\Pipeline->Illuminate\\Routing\\{closure}(Object(Illuminate\\Http\\Request))
#23 /var/www/TRDSv2_memo/vendor/laravel/framework/src/Illuminate/Pipeline/Pipeline.php(163): Illuminate\\Cookie\\Middleware\\EncryptCookies->handle(Object(Illuminate\\Http\\Request), Object(Closure))
#24 /var/www/TRDSv2_memo/vendor/laravel/framework/src/Illuminate/Routing/Pipeline.php(53): Illuminate\\Pipeline\\Pipeline->Illuminate\\Pipeline\\{closure}(Object(Illuminate\\Http\\Request))
#25 /var/www/TRDSv2_memo/vendor/laravel/framework/src/Illuminate/Pipeline/Pipeline.php(104): Illuminate\\Routing\\Pipeline->Illuminate\\Routing\\{closure}(Object(Illuminate\\Http\\Request))
#26 /var/www/TRDSv2_memo/vendor/laravel/framework/src/Illuminate/Routing/Router.php(682): Illuminate\\Pipeline\\Pipeline->then(Object(Closure))
#27 /var/www/TRDSv2_memo/vendor/laravel/framework/src/Illuminate/Routing/Router.php(657): Illuminate\\Routing\\Router->runRouteWithinStack(Object(Illuminate\\Routing\\Route), Object(Illuminate\\Http\\Request))
#28 /var/www/TRDSv2_memo/vendor/laravel/framework/src/Illuminate/Routing/Router.php(623): Illuminate\\Routing\\Router->runRoute(Object(Illuminate\\Http\\Request), Object(Illuminate\\Routing\\Route))
#29 /var/www/TRDSv2_memo/vendor/laravel/framework/src/Illuminate/Routing/Router.php(612): Illuminate\\Routing\\Router->dispatchToRoute(Object(Illuminate\\Http\\Request))
#30 /var/www/TRDSv2_memo/vendor/laravel/framework/src/Illuminate/Foundation/Http/Kernel.php(176): Illuminate\\Routing\\Router->dispatch(Object(Illuminate\\Http\\Request))
#31 /var/www/TRDSv2_memo/vendor/laravel/framework/src/Illuminate/Routing/Pipeline.php(30): Illuminate\\Foundation\\Http\\Kernel->Illuminate\\Foundation\\Http\\{closure}(Object(Illuminate\\Http\\Request))
#32 /var/www/TRDSv2_memo/vendor/laravel/framework/src/Illuminate/Foundation/Http/Middleware/TransformsRequest.php(21): Illuminate\\Routing\\Pipeline->Illuminate\\Routing\\{closure}(Object(Illuminate\\Http\\Request))
#33 /var/www/TRDSv2_memo/vendor/laravel/framework/src/Illuminate/Pipeline/Pipeline.php(163): Illuminate\\Foundation\\Http\\Middleware\\TransformsRequest->handle(Object(Illuminate\\Http\\Request), Object(Closure))
#34 /var/www/TRDSv2_memo/vendor/laravel/framework/src/Illuminate/Routing/Pipeline.php(53): Illuminate\\Pipeline\\Pipeline->Illuminate\\Pipeline\\{closure}(Object(Illuminate\\Http\\Request))
#35 /var/www/TRDSv2_memo/vendor/laravel/framework/src/Illuminate/Foundation/Http/Middleware/TransformsRequest.php(21): Illuminate\\Routing\\Pipeline->Illuminate\\Routing\\{closure}(Object(Illuminate\\Http\\Request))
#36 /var/www/TRDSv2_memo/vendor/laravel/framework/src/Illuminate/Pipeline/Pipeline.php(163): Illuminate\\Foundation\\Http\\Middleware\\TransformsRequest->handle(Object(Illuminate\\Http\\Request), Object(Closure))
#37 /var/www/TRDSv2_memo/vendor/laravel/framework/src/Illuminate/Routing/Pipeline.php(53): Illuminate\\Pipeline\\Pipeline->Illuminate\\Pipeline\\{closure}(Object(Illuminate\\Http\\Request))
#38 /var/www/TRDSv2_memo/vendor/laravel/framework/src/Illuminate/Foundation/Http/Middleware/ValidatePostSize.php(27): Illuminate\\Routing\\Pipeline->Illuminate\\Routing\\{closure}(Object(Illuminate\\Http\\Request))
#39 /var/www/TRDSv2_memo/vendor/laravel/framework/src/Illuminate/Pipeline/Pipeline.php(163): Illuminate\\Foundation\\Http\\Middleware\\ValidatePostSize->handle(Object(Illuminate\\Http\\Request), Object(Closure))
#40 /var/www/TRDSv2_memo/vendor/laravel/framework/src/Illuminate/Routing/Pipeline.php(53): Illuminate\\Pipeline\\Pipeline->Illuminate\\Pipeline\\{closure}(Object(Illuminate\\Http\\Request))
#41 /var/www/TRDSv2_memo/vendor/laravel/framework/src/Illuminate/Foundation/Http/Middleware/CheckForMaintenanceMode.php(62): Illuminate\\Routing\\Pipeline->Illuminate\\Routing\\{closure}(Object(Illuminate\\Http\\Request))
#42 /var/www/TRDSv2_memo/vendor/laravel/framework/src/Illuminate/Pipeline/Pipeline.php(163): Illuminate\\Foundation\\Http\\Middleware\\CheckForMaintenanceMode->handle(Object(Illuminate\\Http\\Request), Object(Closure))
#43 /var/www/TRDSv2_memo/vendor/laravel/framework/src/Illuminate/Routing/Pipeline.php(53): Illuminate\\Pipeline\\Pipeline->Illuminate\\Pipeline\\{closure}(Object(Illuminate\\Http\\Request))
#44 /var/www/TRDSv2_memo/vendor/fideloper/proxy/src/TrustProxies.php(57): Illuminate\\Routing\\Pipeline->Illuminate\\Routing\\{closure}(Object(Illuminate\\Http\\Request))
#45 /var/www/TRDSv2_memo/vendor/laravel/framework/src/Illuminate/Pipeline/Pipeline.php(163): Fideloper\\Proxy\\TrustProxies->handle(Object(Illuminate\\Http\\Request), Object(Closure))
#46 /var/www/TRDSv2_memo/vendor/laravel/framework/src/Illuminate/Routing/Pipeline.php(53): Illuminate\\Pipeline\\Pipeline->Illuminate\\Pipeline\\{closure}(Object(Illuminate\\Http\\Request))
#47 /var/www/TRDSv2_memo/vendor/laravel/framework/src/Illuminate/Pipeline/Pipeline.php(104): Illuminate\\Routing\\Pipeline->Illuminate\\Routing\\{closure}(Object(Illuminate\\Http\\Request))
#48 /var/www/TRDSv2_memo/vendor/laravel/framework/src/Illuminate/Foundation/Http/Kernel.php(151): Illuminate\\Pipeline\\Pipeline->then(Object(Closure))
#49 /var/www/TRDSv2_memo/vendor/laravel/framework/src/Illuminate/Foundation/Http/Kernel.php(116): Illuminate\\Foundation\\Http\\Kernel->sendRequestThroughRouter(Object(Illuminate\\Http\\Request))
#50 /var/www/TRDSv2_memo/index.php(55): Illuminate\\Foundation\\Http\\Kernel->handle(Object(Illuminate\\Http\\Request))
#51 {main}
"} 
[2026-03-03 10:31:52] local.ERROR: Class 'App\Http\Controllers\HrMemo\User' not found {"exception":"[object] (Symfony\\Component\\Debug\\Exception\\FatalThrowableError(code: 0): Class 'App\\Http\\Controllers\\HrMemo\\User' not found at /var/www/TRDSv2_memo/app/Http/Controllers/HrMemo/HrMemoController.php:259)
[stacktrace]
#0 [internal function]: App\\Http\\Controllers\\HrMemo\\HrMemoController->getUsers(Object(Illuminate\\Http\\Request))
#1 /var/www/TRDSv2_memo/vendor/laravel/framework/src/Illuminate/Routing/Controller.php(54): call_user_func_array(Array, Array)
#2 /var/www/TRDSv2_memo/vendor/laravel/framework/src/Illuminate/Routing/ControllerDispatcher.php(45): Illuminate\\Routing\\Controller->callAction('getUsers', Array)
#3 /var/www/TRDSv2_memo/vendor/laravel/framework/src/Illuminate/Routing/Route.php(219): Illuminate\\Routing\\ControllerDispatcher->dispatch(Object(Illuminate\\Routing\\Route), Object(App\\Http\\Controllers\\HrMemo\\HrMemoController), 'getUsers')
#4 /var/www/TRDSv2_memo/vendor/laravel/framework/src/Illuminate/Routing/Route.php(176): Illuminate\\Routing\\Route->runController()
#5 /var/www/TRDSv2_memo/vendor/laravel/framework/src/Illuminate/Routing/Router.php(680): Illuminate\\Routing\\Route->run()
#6 /var/www/TRDSv2_memo/vendor/laravel/framework/src/Illuminate/Routing/Pipeline.php(30): Illuminate\\Routing\\Router->Illuminate\\Routing\\{closure}(Object(Illuminate\\Http\\Request))
#7 /var/www/TRDSv2_memo/vendor/laravel/framework/src/Illuminate/Routing/Middleware/SubstituteBindings.php(41): Illuminate\\Routing\\Pipeline->Illuminate\\Routing\\{closure}(Object(Illuminate\\Http\\Request))
#8 /var/www/TRDSv2_memo/vendor/laravel/framework/src/Illuminate/Pipeline/Pipeline.php(163): Illuminate\\Routing\\Middleware\\SubstituteBindings->handle(Object(Illuminate\\Http\\Request), Object(Closure))
#9 /var/www/TRDSv2_memo/vendor/laravel/framework/src/Illuminate/Routing/Pipeline.php(53): Illuminate\\Pipeline\\Pipeline->Illuminate\\Pipeline\\{closure}(Object(Illuminate\\Http\\Request))
#10 /var/www/TRDSv2_memo/vendor/laravel/framework/src/Illuminate/Foundation/Http/Middleware/VerifyCsrfToken.php(75): Illuminate\\Routing\\Pipeline->Illuminate\\Routing\\{closure}(Object(Illuminate\\Http\\Request))
#11 /var/www/TRDSv2_memo/vendor/laravel/framework/src/Illuminate/Pipeline/Pipeline.php(163): Illuminate\\Foundation\\Http\\Middleware\\VerifyCsrfToken->handle(Object(Illuminate\\Http\\Request), Object(Closure))
#12 /var/www/TRDSv2_memo/vendor/laravel/framework/src/Illuminate/Routing/Pipeline.php(53): Illuminate\\Pipeline\\Pipeline->Illuminate\\Pipeline\\{closure}(Object(Illuminate\\Http\\Request))
#13 /var/www/TRDSv2_memo/vendor/laravel/framework/src/Illuminate/View/Middleware/ShareErrorsFromSession.php(49): Illuminate\\Routing\\Pipeline->Illuminate\\Routing\\{closure}(Object(Illuminate\\Http\\Request))
#14 /var/www/TRDSv2_memo/vendor/laravel/framework/src/Illuminate/Pipeline/Pipeline.php(163): Illuminate\\View\\Middleware\\ShareErrorsFromSession->handle(Object(Illuminate\\Http\\Request), Object(Closure))
#15 /var/www/TRDSv2_memo/vendor/laravel/framework/src/Illuminate/Routing/Pipeline.php(53): Illuminate\\Pipeline\\Pipeline->Illuminate\\Pipeline\\{closure}(Object(Illuminate\\Http\\Request))
#16 /var/www/TRDSv2_memo/vendor/laravel/framework/src/Illuminate/Session/Middleware/StartSession.php(56): Illuminate\\Routing\\Pipeline->Illuminate\\Routing\\{closure}(Object(Illuminate\\Http\\Request))
#17 /var/www/TRDSv2_memo/vendor/laravel/framework/src/Illuminate/Pipeline/Pipeline.php(163): Illuminate\\Session\\Middleware\\StartSession->handle(Object(Illuminate\\Http\\Request), Object(Closure))
#18 /var/www/TRDSv2_memo/vendor/laravel/framework/src/Illuminate/Routing/Pipeline.php(53): Illuminate\\Pipeline\\Pipeline->Illuminate\\Pipeline\\{closure}(Object(Illuminate\\Http\\Request))
#19 /var/www/TRDSv2_memo/vendor/laravel/framework/src/Illuminate/Cookie/Middleware/AddQueuedCookiesToResponse.php(37): Illuminate\\Routing\\Pipeline->Illuminate\\Routing\\{closure}(Object(Illuminate\\Http\\Request))
#20 /var/www/TRDSv2_memo/vendor/laravel/framework/src/Illuminate/Pipeline/Pipeline.php(163): Illuminate\\Cookie\\Middleware\\AddQueuedCookiesToResponse->handle(Object(Illuminate\\Http\\Request), Object(Closure))
#21 /var/www/TRDSv2_memo/vendor/laravel/framework/src/Illuminate/Routing/Pipeline.php(53): Illuminate\\Pipeline\\Pipeline->Illuminate\\Pipeline\\{closure}(Object(Illuminate\\Http\\Request))
#22 /var/www/TRDSv2_memo/vendor/laravel/framework/src/Illuminate/Cookie/Middleware/EncryptCookies.php(66): Illuminate\\Routing\\Pipeline->Illuminate\\Routing\\{closure}(Object(Illuminate\\Http\\Request))
#23 /var/www/TRDSv2_memo/vendor/laravel/framework/src/Illuminate/Pipeline/Pipeline.php(163): Illuminate\\Cookie\\Middleware\\EncryptCookies->handle(Object(Illuminate\\Http\\Request), Object(Closure))
#24 /var/www/TRDSv2_memo/vendor/laravel/framework/src/Illuminate/Routing/Pipeline.php(53): Illuminate\\Pipeline\\Pipeline->Illuminate\\Pipeline\\{closure}(Object(Illuminate\\Http\\Request))
#25 /var/www/TRDSv2_memo/vendor/laravel/framework/src/Illuminate/Pipeline/Pipeline.php(104): Illuminate\\Routing\\Pipeline->Illuminate\\Routing\\{closure}(Object(Illuminate\\Http\\Request))
#26 /var/www/TRDSv2_memo/vendor/laravel/framework/src/Illuminate/Routing/Router.php(682): Illuminate\\Pipeline\\Pipeline->then(Object(Closure))
#27 /var/www/TRDSv2_memo/vendor/laravel/framework/src/Illuminate/Routing/Router.php(657): Illuminate\\Routing\\Router->runRouteWithinStack(Object(Illuminate\\Routing\\Route), Object(Illuminate\\Http\\Request))
#28 /var/www/TRDSv2_memo/vendor/laravel/framework/src/Illuminate/Routing/Router.php(623): Illuminate\\Routing\\Router->runRoute(Object(Illuminate\\Http\\Request), Object(Illuminate\\Routing\\Route))
#29 /var/www/TRDSv2_memo/vendor/laravel/framework/src/Illuminate/Routing/Router.php(612): Illuminate\\Routing\\Router->dispatchToRoute(Object(Illuminate\\Http\\Request))
#30 /var/www/TRDSv2_memo/vendor/laravel/framework/src/Illuminate/Foundation/Http/Kernel.php(176): Illuminate\\Routing\\Router->dispatch(Object(Illuminate\\Http\\Request))
#31 /var/www/TRDSv2_memo/vendor/laravel/framework/src/Illuminate/Routing/Pipeline.php(30): Illuminate\\Foundation\\Http\\Kernel->Illuminate\\Foundation\\Http\\{closure}(Object(Illuminate\\Http\\Request))
#32 /var/www/TRDSv2_memo/vendor/laravel/framework/src/Illuminate/Foundation/Http/Middleware/TransformsRequest.php(21): Illuminate\\Routing\\Pipeline->Illuminate\\Routing\\{closure}(Object(Illuminate\\Http\\Request))
#33 /var/www/TRDSv2_memo/vendor/laravel/framework/src/Illuminate/Pipeline/Pipeline.php(163): Illuminate\\Foundation\\Http\\Middleware\\TransformsRequest->handle(Object(Illuminate\\Http\\Request), Object(Closure))
#34 /var/www/TRDSv2_memo/vendor/laravel/framework/src/Illuminate/Routing/Pipeline.php(53): Illuminate\\Pipeline\\Pipeline->Illuminate\\Pipeline\\{closure}(Object(Illuminate\\Http\\Request))
#35 /var/www/TRDSv2_memo/vendor/laravel/framework/src/Illuminate/Foundation/Http/Middleware/TransformsRequest.php(21): Illuminate\\Routing\\Pipeline->Illuminate\\Routing\\{closure}(Object(Illuminate\\Http\\Request))
#36 /var/www/TRDSv2_memo/vendor/laravel/framework/src/Illuminate/Pipeline/Pipeline.php(163): Illuminate\\Foundation\\Http\\Middleware\\TransformsRequest->handle(Object(Illuminate\\Http\\Request), Object(Closure))
#37 /var/www/TRDSv2_memo/vendor/laravel/framework/src/Illuminate/Routing/Pipeline.php(53): Illuminate\\Pipeline\\Pipeline->Illuminate\\Pipeline\\{closure}(Object(Illuminate\\Http\\Request))
#38 /var/www/TRDSv2_memo/vendor/laravel/framework/src/Illuminate/Foundation/Http/Middleware/ValidatePostSize.php(27): Illuminate\\Routing\\Pipeline->Illuminate\\Routing\\{closure}(Object(Illuminate\\Http\\Request))
#39 /var/www/TRDSv2_memo/vendor/laravel/framework/src/Illuminate/Pipeline/Pipeline.php(163): Illuminate\\Foundation\\Http\\Middleware\\ValidatePostSize->handle(Object(Illuminate\\Http\\Request), Object(Closure))
#40 /var/www/TRDSv2_memo/vendor/laravel/framework/src/Illuminate/Routing/Pipeline.php(53): Illuminate\\Pipeline\\Pipeline->Illuminate\\Pipeline\\{closure}(Object(Illuminate\\Http\\Request))
#41 /var/www/TRDSv2_memo/vendor/laravel/framework/src/Illuminate/Foundation/Http/Middleware/CheckForMaintenanceMode.php(62): Illuminate\\Routing\\Pipeline->Illuminate\\Routing\\{closure}(Object(Illuminate\\Http\\Request))
#42 /var/www/TRDSv2_memo/vendor/laravel/framework/src/Illuminate/Pipeline/Pipeline.php(163): Illuminate\\Foundation\\Http\\Middleware\\CheckForMaintenanceMode->handle(Object(Illuminate\\Http\\Request), Object(Closure))
#43 /var/www/TRDSv2_memo/vendor/laravel/framework/src/Illuminate/Routing/Pipeline.php(53): Illuminate\\Pipeline\\Pipeline->Illuminate\\Pipeline\\{closure}(Object(Illuminate\\Http\\Request))
#44 /var/www/TRDSv2_memo/vendor/fideloper/proxy/src/TrustProxies.php(57): Illuminate\\Routing\\Pipeline->Illuminate\\Routing\\{closure}(Object(Illuminate\\Http\\Request))
#45 /var/www/TRDSv2_memo/vendor/laravel/framework/src/Illuminate/Pipeline/Pipeline.php(163): Fideloper\\Proxy\\TrustProxies->handle(Object(Illuminate\\Http\\Request), Object(Closure))
#46 /var/www/TRDSv2_memo/vendor/laravel/framework/src/Illuminate/Routing/Pipeline.php(53): Illuminate\\Pipeline\\Pipeline->Illuminate\\Pipeline\\{closure}(Object(Illuminate\\Http\\Request))
#47 /var/www/TRDSv2_memo/vendor/laravel/framework/src/Illuminate/Pipeline/Pipeline.php(104): Illuminate\\Routing\\Pipeline->Illuminate\\Routing\\{closure}(Object(Illuminate\\Http\\Request))
#48 /var/www/TRDSv2_memo/vendor/laravel/framework/src/Illuminate/Foundation/Http/Kernel.php(151): Illuminate\\Pipeline\\Pipeline->then(Object(Closure))
#49 /var/www/TRDSv2_memo/vendor/laravel/framework/src/Illuminate/Foundation/Http/Kernel.php(116): Illuminate\\Foundation\\Http\\Kernel->sendRequestThroughRouter(Object(Illuminate\\Http\\Request))
#50 /var/www/TRDSv2_memo/index.php(55): Illuminate\\Foundation\\Http\\Kernel->handle(Object(Illuminate\\Http\\Request))
#51 {main}
"} 
[2026-03-03 10:32:30] local.ERROR: Class 'App\Http\Controllers\HrMemo\User' not found {"exception":"[object] (Symfony\\Component\\Debug\\Exception\\FatalThrowableError(code: 0): Class 'App\\Http\\Controllers\\HrMemo\\User' not found at /var/www/TRDSv2_memo/app/Http/Controllers/HrMemo/HrMemoController.php:259)
[stacktrace]
#0 [internal function]: App\\Http\\Controllers\\HrMemo\\HrMemoController->getUsers(Object(Illuminate\\Http\\Request))
#1 /var/www/TRDSv2_memo/vendor/laravel/framework/src/Illuminate/Routing/Controller.php(54): call_user_func_array(Array, Array)
#2 /var/www/TRDSv2_memo/vendor/laravel/framework/src/Illuminate/Routing/ControllerDispatcher.php(45): Illuminate\\Routing\\Controller->callAction('getUsers', Array)
#3 /var/www/TRDSv2_memo/vendor/laravel/framework/src/Illuminate/Routing/Route.php(219): Illuminate\\Routing\\ControllerDispatcher->dispatch(Object(Illuminate\\Routing\\Route), Object(App\\Http\\Controllers\\HrMemo\\HrMemoController), 'getUsers')
#4 /var/www/TRDSv2_memo/vendor/laravel/framework/src/Illuminate/Routing/Route.php(176): Illuminate\\Routing\\Route->runController()
#5 /var/www/TRDSv2_memo/vendor/laravel/framework/src/Illuminate/Routing/Router.php(680): Illuminate\\Routing\\Route->run()
#6 /var/www/TRDSv2_memo/vendor/laravel/framework/src/Illuminate/Routing/Pipeline.php(30): Illuminate\\Routing\\Router->Illuminate\\Routing\\{closure}(Object(Illuminate\\Http\\Request))
#7 /var/www/TRDSv2_memo/vendor/laravel/framework/src/Illuminate/Routing/Middleware/SubstituteBindings.php(41): Illuminate\\Routing\\Pipeline->Illuminate\\Routing\\{closure}(Object(Illuminate\\Http\\Request))
#8 /var/www/TRDSv2_memo/vendor/laravel/framework/src/Illuminate/Pipeline/Pipeline.php(163): Illuminate\\Routing\\Middleware\\SubstituteBindings->handle(Object(Illuminate\\Http\\Request), Object(Closure))
#9 /var/www/TRDSv2_memo/vendor/laravel/framework/src/Illuminate/Routing/Pipeline.php(53): Illuminate\\Pipeline\\Pipeline->Illuminate\\Pipeline\\{closure}(Object(Illuminate\\Http\\Request))
#10 /var/www/TRDSv2_memo/vendor/laravel/framework/src/Illuminate/Foundation/Http/Middleware/VerifyCsrfToken.php(75): Illuminate\\Routing\\Pipeline->Illuminate\\Routing\\{closure}(Object(Illuminate\\Http\\Request))
#11 /var/www/TRDSv2_memo/vendor/laravel/framework/src/Illuminate/Pipeline/Pipeline.php(163): Illuminate\\Foundation\\Http\\Middleware\\VerifyCsrfToken->handle(Object(Illuminate\\Http\\Request), Object(Closure))
#12 /var/www/TRDSv2_memo/vendor/laravel/framework/src/Illuminate/Routing/Pipeline.php(53): Illuminate\\Pipeline\\Pipeline->Illuminate\\Pipeline\\{closure}(Object(Illuminate\\Http\\Request))
#13 /var/www/TRDSv2_memo/vendor/laravel/framework/src/Illuminate/View/Middleware/ShareErrorsFromSession.php(49): Illuminate\\Routing\\Pipeline->Illuminate\\Routing\\{closure}(Object(Illuminate\\Http\\Request))
#14 /var/www/TRDSv2_memo/vendor/laravel/framework/src/Illuminate/Pipeline/Pipeline.php(163): Illuminate\\View\\Middleware\\ShareErrorsFromSession->handle(Object(Illuminate\\Http\\Request), Object(Closure))
#15 /var/www/TRDSv2_memo/vendor/laravel/framework/src/Illuminate/Routing/Pipeline.php(53): Illuminate\\Pipeline\\Pipeline->Illuminate\\Pipeline\\{closure}(Object(Illuminate\\Http\\Request))
#16 /var/www/TRDSv2_memo/vendor/laravel/framework/src/Illuminate/Session/Middleware/StartSession.php(56): Illuminate\\Routing\\Pipeline->Illuminate\\Routing\\{closure}(Object(Illuminate\\Http\\Request))
#17 /var/www/TRDSv2_memo/vendor/laravel/framework/src/Illuminate/Pipeline/Pipeline.php(163): Illuminate\\Session\\Middleware\\StartSession->handle(Object(Illuminate\\Http\\Request), Object(Closure))
#18 /var/www/TRDSv2_memo/vendor/laravel/framework/src/Illuminate/Routing/Pipeline.php(53): Illuminate\\Pipeline\\Pipeline->Illuminate\\Pipeline\\{closure}(Object(Illuminate\\Http\\Request))
#19 /var/www/TRDSv2_memo/vendor/laravel/framework/src/Illuminate/Cookie/Middleware/AddQueuedCookiesToResponse.php(37): Illuminate\\Routing\\Pipeline->Illuminate\\Routing\\{closure}(Object(Illuminate\\Http\\Request))
#20 /var/www/TRDSv2_memo/vendor/laravel/framework/src/Illuminate/Pipeline/Pipeline.php(163): Illuminate\\Cookie\\Middleware\\AddQueuedCookiesToResponse->handle(Object(Illuminate\\Http\\Request), Object(Closure))
#21 /var/www/TRDSv2_memo/vendor/laravel/framework/src/Illuminate/Routing/Pipeline.php(53): Illuminate\\Pipeline\\Pipeline->Illuminate\\Pipeline\\{closure}(Object(Illuminate\\Http\\Request))
#22 /var/www/TRDSv2_memo/vendor/laravel/framework/src/Illuminate/Cookie/Middleware/EncryptCookies.php(66): Illuminate\\Routing\\Pipeline->Illuminate\\Routing\\{closure}(Object(Illuminate\\Http\\Request))
#23 /var/www/TRDSv2_memo/vendor/laravel/framework/src/Illuminate/Pipeline/Pipeline.php(163): Illuminate\\Cookie\\Middleware\\EncryptCookies->handle(Object(Illuminate\\Http\\Request), Object(Closure))
#24 /var/www/TRDSv2_memo/vendor/laravel/framework/src/Illuminate/Routing/Pipeline.php(53): Illuminate\\Pipeline\\Pipeline->Illuminate\\Pipeline\\{closure}(Object(Illuminate\\Http\\Request))
#25 /var/www/TRDSv2_memo/vendor/laravel/framework/src/Illuminate/Pipeline/Pipeline.php(104): Illuminate\\Routing\\Pipeline->Illuminate\\Routing\\{closure}(Object(Illuminate\\Http\\Request))
#26 /var/www/TRDSv2_memo/vendor/laravel/framework/src/Illuminate/Routing/Router.php(682): Illuminate\\Pipeline\\Pipeline->then(Object(Closure))
#27 /var/www/TRDSv2_memo/vendor/laravel/framework/src/Illuminate/Routing/Router.php(657): Illuminate\\Routing\\Router->runRouteWithinStack(Object(Illuminate\\Routing\\Route), Object(Illuminate\\Http\\Request))
#28 /var/www/TRDSv2_memo/vendor/laravel/framework/src/Illuminate/Routing/Router.php(623): Illuminate\\Routing\\Router->runRoute(Object(Illuminate\\Http\\Request), Object(Illuminate\\Routing\\Route))
#29 /var/www/TRDSv2_memo/vendor/laravel/framework/src/Illuminate/Routing/Router.php(612): Illuminate\\Routing\\Router->dispatchToRoute(Object(Illuminate\\Http\\Request))
#30 /var/www/TRDSv2_memo/vendor/laravel/framework/src/Illuminate/Foundation/Http/Kernel.php(176): Illuminate\\Routing\\Router->dispatch(Object(Illuminate\\Http\\Request))
#31 /var/www/TRDSv2_memo/vendor/laravel/framework/src/Illuminate/Routing/Pipeline.php(30): Illuminate\\Foundation\\Http\\Kernel->Illuminate\\Foundation\\Http\\{closure}(Object(Illuminate\\Http\\Request))
#32 /var/www/TRDSv2_memo/vendor/laravel/framework/src/Illuminate/Foundation/Http/Middleware/TransformsRequest.php(21): Illuminate\\Routing\\Pipeline->Illuminate\\Routing\\{closure}(Object(Illuminate\\Http\\Request))
#33 /var/www/TRDSv2_memo/vendor/laravel/framework/src/Illuminate/Pipeline/Pipeline.php(163): Illuminate\\Foundation\\Http\\Middleware\\TransformsRequest->handle(Object(Illuminate\\Http\\Request), Object(Closure))
#34 /var/www/TRDSv2_memo/vendor/laravel/framework/src/Illuminate/Routing/Pipeline.php(53): Illuminate\\Pipeline\\Pipeline->Illuminate\\Pipeline\\{closure}(Object(Illuminate\\Http\\Request))
#35 /var/www/TRDSv2_memo/vendor/laravel/framework/src/Illuminate/Foundation/Http/Middleware/TransformsRequest.php(21): Illuminate\\Routing\\Pipeline->Illuminate\\Routing\\{closure}(Object(Illuminate\\Http\\Request))
#36 /var/www/TRDSv2_memo/vendor/laravel/framework/src/Illuminate/Pipeline/Pipeline.php(163): Illuminate\\Foundation\\Http\\Middleware\\TransformsRequest->handle(Object(Illuminate\\Http\\Request), Object(Closure))
#37 /var/www/TRDSv2_memo/vendor/laravel/framework/src/Illuminate/Routing/Pipeline.php(53): Illuminate\\Pipeline\\Pipeline->Illuminate\\Pipeline\\{closure}(Object(Illuminate\\Http\\Request))
#38 /var/www/TRDSv2_memo/vendor/laravel/framework/src/Illuminate/Foundation/Http/Middleware/ValidatePostSize.php(27): Illuminate\\Routing\\Pipeline->Illuminate\\Routing\\{closure}(Object(Illuminate\\Http\\Request))
#39 /var/www/TRDSv2_memo/vendor/laravel/framework/src/Illuminate/Pipeline/Pipeline.php(163): Illuminate\\Foundation\\Http\\Middleware\\ValidatePostSize->handle(Object(Illuminate\\Http\\Request), Object(Closure))
#40 /var/www/TRDSv2_memo/vendor/laravel/framework/src/Illuminate/Routing/Pipeline.php(53): Illuminate\\Pipeline\\Pipeline->Illuminate\\Pipeline\\{closure}(Object(Illuminate\\Http\\Request))
#41 /var/www/TRDSv2_memo/vendor/laravel/framework/src/Illuminate/Foundation/Http/Middleware/CheckForMaintenanceMode.php(62): Illuminate\\Routing\\Pipeline->Illuminate\\Routing\\{closure}(Object(Illuminate\\Http\\Request))
#42 /var/www/TRDSv2_memo/vendor/laravel/framework/src/Illuminate/Pipeline/Pipeline.php(163): Illuminate\\Foundation\\Http\\Middleware\\CheckForMaintenanceMode->handle(Object(Illuminate\\Http\\Request), Object(Closure))
#43 /var/www/TRDSv2_memo/vendor/laravel/framework/src/Illuminate/Routing/Pipeline.php(53): Illuminate\\Pipeline\\Pipeline->Illuminate\\Pipeline\\{closure}(Object(Illuminate\\Http\\Request))
#44 /var/www/TRDSv2_memo/vendor/fideloper/proxy/src/TrustProxies.php(57): Illuminate\\Routing\\Pipeline->Illuminate\\Routing\\{closure}(Object(Illuminate\\Http\\Request))
#45 /var/www/TRDSv2_memo/vendor/laravel/framework/src/Illuminate/Pipeline/Pipeline.php(163): Fideloper\\Proxy\\TrustProxies->handle(Object(Illuminate\\Http\\Request), Object(Closure))
#46 /var/www/TRDSv2_memo/vendor/laravel/framework/src/Illuminate/Routing/Pipeline.php(53): Illuminate\\Pipeline\\Pipeline->Illuminate\\Pipeline\\{closure}(Object(Illuminate\\Http\\Request))
#47 /var/www/TRDSv2_memo/vendor/laravel/framework/src/Illuminate/Pipeline/Pipeline.php(104): Illuminate\\Routing\\Pipeline->Illuminate\\Routing\\{closure}(Object(Illuminate\\Http\\Request))
#48 /var/www/TRDSv2_memo/vendor/laravel/framework/src/Illuminate/Foundation/Http/Kernel.php(151): Illuminate\\Pipeline\\Pipeline->then(Object(Closure))
#49 /var/www/TRDSv2_memo/vendor/laravel/framework/src/Illuminate/Foundation/Http/Kernel.php(116): Illuminate\\Foundation\\Http\\Kernel->sendRequestThroughRouter(Object(Illuminate\\Http\\Request))
#50 /var/www/TRDSv2_memo/index.php(55): Illuminate\\Foundation\\Http\\Kernel->handle(Object(Illuminate\\Http\\Request))
#51 {main}
"} 
[2026-03-03 10:32:54] local.ERROR: Class 'App\Http\Controllers\HrMemo\User' not found {"exception":"[object] (Symfony\\Component\\Debug\\Exception\\FatalThrowableError(code: 0): Class 'App\\Http\\Controllers\\HrMemo\\User' not found at /var/www/TRDSv2_memo/app/Http/Controllers/HrMemo/HrMemoController.php:259)
[stacktrace]
#0 [internal function]: App\\Http\\Controllers\\HrMemo\\HrMemoController->getUsers(Object(Illuminate\\Http\\Request))
#1 /var/www/TRDSv2_memo/vendor/laravel/framework/src/Illuminate/Routing/Controller.php(54): call_user_func_array(Array, Array)
#2 /var/www/TRDSv2_memo/vendor/laravel/framework/src/Illuminate/Routing/ControllerDispatcher.php(45): Illuminate\\Routing\\Controller->callAction('getUsers', Array)
#3 /var/www/TRDSv2_memo/vendor/laravel/framework/src/Illuminate/Routing/Route.php(219): Illuminate\\Routing\\ControllerDispatcher->dispatch(Object(Illuminate\\Routing\\Route), Object(App\\Http\\Controllers\\HrMemo\\HrMemoController), 'getUsers')
#4 /var/www/TRDSv2_memo/vendor/laravel/framework/src/Illuminate/Routing/Route.php(176): Illuminate\\Routing\\Route->runController()
#5 /var/www/TRDSv2_memo/vendor/laravel/framework/src/Illuminate/Routing/Router.php(680): Illuminate\\Routing\\Route->run()
#6 /var/www/TRDSv2_memo/vendor/laravel/framework/src/Illuminate/Routing/Pipeline.php(30): Illuminate\\Routing\\Router->Illuminate\\Routing\\{closure}(Object(Illuminate\\Http\\Request))
#7 /var/www/TRDSv2_memo/vendor/laravel/framework/src/Illuminate/Routing/Middleware/SubstituteBindings.php(41): Illuminate\\Routing\\Pipeline->Illuminate\\Routing\\{closure}(Object(Illuminate\\Http\\Request))
#8 /var/www/TRDSv2_memo/vendor/laravel/framework/src/Illuminate/Pipeline/Pipeline.php(163): Illuminate\\Routing\\Middleware\\SubstituteBindings->handle(Object(Illuminate\\Http\\Request), Object(Closure))
#9 /var/www/TRDSv2_memo/vendor/laravel/framework/src/Illuminate/Routing/Pipeline.php(53): Illuminate\\Pipeline\\Pipeline->Illuminate\\Pipeline\\{closure}(Object(Illuminate\\Http\\Request))
#10 /var/www/TRDSv2_memo/vendor/laravel/framework/src/Illuminate/Foundation/Http/Middleware/VerifyCsrfToken.php(75): Illuminate\\Routing\\Pipeline->Illuminate\\Routing\\{closure}(Object(Illuminate\\Http\\Request))
#11 /var/www/TRDSv2_memo/vendor/laravel/framework/src/Illuminate/Pipeline/Pipeline.php(163): Illuminate\\Foundation\\Http\\Middleware\\VerifyCsrfToken->handle(Object(Illuminate\\Http\\Request), Object(Closure))
#12 /var/www/TRDSv2_memo/vendor/laravel/framework/src/Illuminate/Routing/Pipeline.php(53): Illuminate\\Pipeline\\Pipeline->Illuminate\\Pipeline\\{closure}(Object(Illuminate\\Http\\Request))
#13 /var/www/TRDSv2_memo/vendor/laravel/framework/src/Illuminate/View/Middleware/ShareErrorsFromSession.php(49): Illuminate\\Routing\\Pipeline->Illuminate\\Routing\\{closure}(Object(Illuminate\\Http\\Request))
#14 /var/www/TRDSv2_memo/vendor/laravel/framework/src/Illuminate/Pipeline/Pipeline.php(163): Illuminate\\View\\Middleware\\ShareErrorsFromSession->handle(Object(Illuminate\\Http\\Request), Object(Closure))
#15 /var/www/TRDSv2_memo/vendor/laravel/framework/src/Illuminate/Routing/Pipeline.php(53): Illuminate\\Pipeline\\Pipeline->Illuminate\\Pipeline\\{closure}(Object(Illuminate\\Http\\Request))
#16 /var/www/TRDSv2_memo/vendor/laravel/framework/src/Illuminate/Session/Middleware/StartSession.php(56): Illuminate\\Routing\\Pipeline->Illuminate\\Routing\\{closure}(Object(Illuminate\\Http\\Request))
#17 /var/www/TRDSv2_memo/vendor/laravel/framework/src/Illuminate/Pipeline/Pipeline.php(163): Illuminate\\Session\\Middleware\\StartSession->handle(Object(Illuminate\\Http\\Request), Object(Closure))
#18 /var/www/TRDSv2_memo/vendor/laravel/framework/src/Illuminate/Routing/Pipeline.php(53): Illuminate\\Pipeline\\Pipeline->Illuminate\\Pipeline\\{closure}(Object(Illuminate\\Http\\Request))
#19 /var/www/TRDSv2_memo/vendor/laravel/framework/src/Illuminate/Cookie/Middleware/AddQueuedCookiesToResponse.php(37): Illuminate\\Routing\\Pipeline->Illuminate\\Routing\\{closure}(Object(Illuminate\\Http\\Request))
#20 /var/www/TRDSv2_memo/vendor/laravel/framework/src/Illuminate/Pipeline/Pipeline.php(163): Illuminate\\Cookie\\Middleware\\AddQueuedCookiesToResponse->handle(Object(Illuminate\\Http\\Request), Object(Closure))
#21 /var/www/TRDSv2_memo/vendor/laravel/framework/src/Illuminate/Routing/Pipeline.php(53): Illuminate\\Pipeline\\Pipeline->Illuminate\\Pipeline\\{closure}(Object(Illuminate\\Http\\Request))
#22 /var/www/TRDSv2_memo/vendor/laravel/framework/src/Illuminate/Cookie/Middleware/EncryptCookies.php(66): Illuminate\\Routing\\Pipeline->Illuminate\\Routing\\{closure}(Object(Illuminate\\Http\\Request))
#23 /var/www/TRDSv2_memo/vendor/laravel/framework/src/Illuminate/Pipeline/Pipeline.php(163): Illuminate\\Cookie\\Middleware\\EncryptCookies->handle(Object(Illuminate\\Http\\Request), Object(Closure))
#24 /var/www/TRDSv2_memo/vendor/laravel/framework/src/Illuminate/Routing/Pipeline.php(53): Illuminate\\Pipeline\\Pipeline->Illuminate\\Pipeline\\{closure}(Object(Illuminate\\Http\\Request))
#25 /var/www/TRDSv2_memo/vendor/laravel/framework/src/Illuminate/Pipeline/Pipeline.php(104): Illuminate\\Routing\\Pipeline->Illuminate\\Routing\\{closure}(Object(Illuminate\\Http\\Request))
#26 /var/www/TRDSv2_memo/vendor/laravel/framework/src/Illuminate/Routing/Router.php(682): Illuminate\\Pipeline\\Pipeline->then(Object(Closure))
#27 /var/www/TRDSv2_memo/vendor/laravel/framework/src/Illuminate/Routing/Router.php(657): Illuminate\\Routing\\Router->runRouteWithinStack(Object(Illuminate\\Routing\\Route), Object(Illuminate\\Http\\Request))
#28 /var/www/TRDSv2_memo/vendor/laravel/framework/src/Illuminate/Routing/Router.php(623): Illuminate\\Routing\\Router->runRoute(Object(Illuminate\\Http\\Request), Object(Illuminate\\Routing\\Route))
#29 /var/www/TRDSv2_memo/vendor/laravel/framework/src/Illuminate/Routing/Router.php(612): Illuminate\\Routing\\Router->dispatchToRoute(Object(Illuminate\\Http\\Request))
#30 /var/www/TRDSv2_memo/vendor/laravel/framework/src/Illuminate/Foundation/Http/Kernel.php(176): Illuminate\\Routing\\Router->dispatch(Object(Illuminate\\Http\\Request))
#31 /var/www/TRDSv2_memo/vendor/laravel/framework/src/Illuminate/Routing/Pipeline.php(30): Illuminate\\Foundation\\Http\\Kernel->Illuminate\\Foundation\\Http\\{closure}(Object(Illuminate\\Http\\Request))
#32 /var/www/TRDSv2_memo/vendor/laravel/framework/src/Illuminate/Foundation/Http/Middleware/TransformsRequest.php(21): Illuminate\\Routing\\Pipeline->Illuminate\\Routing\\{closure}(Object(Illuminate\\Http\\Request))
#33 /var/www/TRDSv2_memo/vendor/laravel/framework/src/Illuminate/Pipeline/Pipeline.php(163): Illuminate\\Foundation\\Http\\Middleware\\TransformsRequest->handle(Object(Illuminate\\Http\\Request), Object(Closure))
#34 /var/www/TRDSv2_memo/vendor/laravel/framework/src/Illuminate/Routing/Pipeline.php(53): Illuminate\\Pipeline\\Pipeline->Illuminate\\Pipeline\\{closure}(Object(Illuminate\\Http\\Request))
#35 /var/www/TRDSv2_memo/vendor/laravel/framework/src/Illuminate/Foundation/Http/Middleware/TransformsRequest.php(21): Illuminate\\Routing\\Pipeline->Illuminate\\Routing\\{closure}(Object(Illuminate\\Http\\Request))
#36 /var/www/TRDSv2_memo/vendor/laravel/framework/src/Illuminate/Pipeline/Pipeline.php(163): Illuminate\\Foundation\\Http\\Middleware\\TransformsRequest->handle(Object(Illuminate\\Http\\Request), Object(Closure))
#37 /var/www/TRDSv2_memo/vendor/laravel/framework/src/Illuminate/Routing/Pipeline.php(53): Illuminate\\Pipeline\\Pipeline->Illuminate\\Pipeline\\{closure}(Object(Illuminate\\Http\\Request))
#38 /var/www/TRDSv2_memo/vendor/laravel/framework/src/Illuminate/Foundation/Http/Middleware/ValidatePostSize.php(27): Illuminate\\Routing\\Pipeline->Illuminate\\Routing\\{closure}(Object(Illuminate\\Http\\Request))
#39 /var/www/TRDSv2_memo/vendor/laravel/framework/src/Illuminate/Pipeline/Pipeline.php(163): Illuminate\\Foundation\\Http\\Middleware\\ValidatePostSize->handle(Object(Illuminate\\Http\\Request), Object(Closure))
#40 /var/www/TRDSv2_memo/vendor/laravel/framework/src/Illuminate/Routing/Pipeline.php(53): Illuminate\\Pipeline\\Pipeline->Illuminate\\Pipeline\\{closure}(Object(Illuminate\\Http\\Request))
#41 /var/www/TRDSv2_memo/vendor/laravel/framework/src/Illuminate/Foundation/Http/Middleware/CheckForMaintenanceMode.php(62): Illuminate\\Routing\\Pipeline->Illuminate\\Routing\\{closure}(Object(Illuminate\\Http\\Request))
#42 /var/www/TRDSv2_memo/vendor/laravel/framework/src/Illuminate/Pipeline/Pipeline.php(163): Illuminate\\Foundation\\Http\\Middleware\\CheckForMaintenanceMode->handle(Object(Illuminate\\Http\\Request), Object(Closure))
#43 /var/www/TRDSv2_memo/vendor/laravel/framework/src/Illuminate/Routing/Pipeline.php(53): Illuminate\\Pipeline\\Pipeline->Illuminate\\Pipeline\\{closure}(Object(Illuminate\\Http\\Request))
#44 /var/www/TRDSv2_memo/vendor/fideloper/proxy/src/TrustProxies.php(57): Illuminate\\Routing\\Pipeline->Illuminate\\Routing\\{closure}(Object(Illuminate\\Http\\Request))
#45 /var/www/TRDSv2_memo/vendor/laravel/framework/src/Illuminate/Pipeline/Pipeline.php(163): Fideloper\\Proxy\\TrustProxies->handle(Object(Illuminate\\Http\\Request), Object(Closure))
#46 /var/www/TRDSv2_memo/vendor/laravel/framework/src/Illuminate/Routing/Pipeline.php(53): Illuminate\\Pipeline\\Pipeline->Illuminate\\Pipeline\\{closure}(Object(Illuminate\\Http\\Request))
#47 /var/www/TRDSv2_memo/vendor/laravel/framework/src/Illuminate/Pipeline/Pipeline.php(104): Illuminate\\Routing\\Pipeline->Illuminate\\Routing\\{closure}(Object(Illuminate\\Http\\Request))
#48 /var/www/TRDSv2_memo/vendor/laravel/framework/src/Illuminate/Foundation/Http/Kernel.php(151): Illuminate\\Pipeline\\Pipeline->then(Object(Closure))
#49 /var/www/TRDSv2_memo/vendor/laravel/framework/src/Illuminate/Foundation/Http/Kernel.php(116): Illuminate\\Foundation\\Http\\Kernel->sendRequestThroughRouter(Object(Illuminate\\Http\\Request))
#50 /var/www/TRDSv2_memo/index.php(55): Illuminate\\Foundation\\Http\\Kernel->handle(Object(Illuminate\\Http\\Request))
#51 {main}
"} 
[2026-03-03 10:33:11] local.ERROR: Class 'App\Http\Controllers\HrMemo\User' not found {"exception":"[object] (Symfony\\Component\\Debug\\Exception\\FatalThrowableError(code: 0): Class 'App\\Http\\Controllers\\HrMemo\\User' not found at /var/www/TRDSv2_memo/app/Http/Controllers/HrMemo/HrMemoController.php:259)
[stacktrace]
#0 [internal function]: App\\Http\\Controllers\\HrMemo\\HrMemoController->getUsers(Object(Illuminate\\Http\\Request))
#1 /var/www/TRDSv2_memo/vendor/laravel/framework/src/Illuminate/Routing/Controller.php(54): call_user_func_array(Array, Array)
#2 /var/www/TRDSv2_memo/vendor/laravel/framework/src/Illuminate/Routing/ControllerDispatcher.php(45): Illuminate\\Routing\\Controller->callAction('getUsers', Array)
#3 /var/www/TRDSv2_memo/vendor/laravel/framework/src/Illuminate/Routing/Route.php(219): Illuminate\\Routing\\ControllerDispatcher->dispatch(Object(Illuminate\\Routing\\Route), Object(App\\Http\\Controllers\\HrMemo\\HrMemoController), 'getUsers')
#4 /var/www/TRDSv2_memo/vendor/laravel/framework/src/Illuminate/Routing/Route.php(176): Illuminate\\Routing\\Route->runController()
#5 /var/www/TRDSv2_memo/vendor/laravel/framework/src/Illuminate/Routing/Router.php(680): Illuminate\\Routing\\Route->run()
#6 /var/www/TRDSv2_memo/vendor/laravel/framework/src/Illuminate/Routing/Pipeline.php(30): Illuminate\\Routing\\Router->Illuminate\\Routing\\{closure}(Object(Illuminate\\Http\\Request))
#7 /var/www/TRDSv2_memo/vendor/laravel/framework/src/Illuminate/Routing/Middleware/SubstituteBindings.php(41): Illuminate\\Routing\\Pipeline->Illuminate\\Routing\\{closure}(Object(Illuminate\\Http\\Request))
#8 /var/www/TRDSv2_memo/vendor/laravel/framework/src/Illuminate/Pipeline/Pipeline.php(163): Illuminate\\Routing\\Middleware\\SubstituteBindings->handle(Object(Illuminate\\Http\\Request), Object(Closure))
#9 /var/www/TRDSv2_memo/vendor/laravel/framework/src/Illuminate/Routing/Pipeline.php(53): Illuminate\\Pipeline\\Pipeline->Illuminate\\Pipeline\\{closure}(Object(Illuminate\\Http\\Request))
#10 /var/www/TRDSv2_memo/vendor/laravel/framework/src/Illuminate/Foundation/Http/Middleware/VerifyCsrfToken.php(75): Illuminate\\Routing\\Pipeline->Illuminate\\Routing\\{closure}(Object(Illuminate\\Http\\Request))
#11 /var/www/TRDSv2_memo/vendor/laravel/framework/src/Illuminate/Pipeline/Pipeline.php(163): Illuminate\\Foundation\\Http\\Middleware\\VerifyCsrfToken->handle(Object(Illuminate\\Http\\Request), Object(Closure))
#12 /var/www/TRDSv2_memo/vendor/laravel/framework/src/Illuminate/Routing/Pipeline.php(53): Illuminate\\Pipeline\\Pipeline->Illuminate\\Pipeline\\{closure}(Object(Illuminate\\Http\\Request))
#13 /var/www/TRDSv2_memo/vendor/laravel/framework/src/Illuminate/View/Middleware/ShareErrorsFromSession.php(49): Illuminate\\Routing\\Pipeline->Illuminate\\Routing\\{closure}(Object(Illuminate\\Http\\Request))
#14 /var/www/TRDSv2_memo/vendor/laravel/framework/src/Illuminate/Pipeline/Pipeline.php(163): Illuminate\\View\\Middleware\\ShareErrorsFromSession->handle(Object(Illuminate\\Http\\Request), Object(Closure))
#15 /var/www/TRDSv2_memo/vendor/laravel/framework/src/Illuminate/Routing/Pipeline.php(53): Illuminate\\Pipeline\\Pipeline->Illuminate\\Pipeline\\{closure}(Object(Illuminate\\Http\\Request))
#16 /var/www/TRDSv2_memo/vendor/laravel/framework/src/Illuminate/Session/Middleware/StartSession.php(56): Illuminate\\Routing\\Pipeline->Illuminate\\Routing\\{closure}(Object(Illuminate\\Http\\Request))
#17 /var/www/TRDSv2_memo/vendor/laravel/framework/src/Illuminate/Pipeline/Pipeline.php(163): Illuminate\\Session\\Middleware\\StartSession->handle(Object(Illuminate\\Http\\Request), Object(Closure))
#18 /var/www/TRDSv2_memo/vendor/laravel/framework/src/Illuminate/Routing/Pipeline.php(53): Illuminate\\Pipeline\\Pipeline->Illuminate\\Pipeline\\{closure}(Object(Illuminate\\Http\\Request))
#19 /var/www/TRDSv2_memo/vendor/laravel/framework/src/Illuminate/Cookie/Middleware/AddQueuedCookiesToResponse.php(37): Illuminate\\Routing\\Pipeline->Illuminate\\Routing\\{closure}(Object(Illuminate\\Http\\Request))
#20 /var/www/TRDSv2_memo/vendor/laravel/framework/src/Illuminate/Pipeline/Pipeline.php(163): Illuminate\\Cookie\\Middleware\\AddQueuedCookiesToResponse->handle(Object(Illuminate\\Http\\Request), Object(Closure))
#21 /var/www/TRDSv2_memo/vendor/laravel/framework/src/Illuminate/Routing/Pipeline.php(53): Illuminate\\Pipeline\\Pipeline->Illuminate\\Pipeline\\{closure}(Object(Illuminate\\Http\\Request))
#22 /var/www/TRDSv2_memo/vendor/laravel/framework/src/Illuminate/Cookie/Middleware/EncryptCookies.php(66): Illuminate\\Routing\\Pipeline->Illuminate\\Routing\\{closure}(Object(Illuminate\\Http\\Request))
#23 /var/www/TRDSv2_memo/vendor/laravel/framework/src/Illuminate/Pipeline/Pipeline.php(163): Illuminate\\Cookie\\Middleware\\EncryptCookies->handle(Object(Illuminate\\Http\\Request), Object(Closure))
#24 /var/www/TRDSv2_memo/vendor/laravel/framework/src/Illuminate/Routing/Pipeline.php(53): Illuminate\\Pipeline\\Pipeline->Illuminate\\Pipeline\\{closure}(Object(Illuminate\\Http\\Request))
#25 /var/www/TRDSv2_memo/vendor/laravel/framework/src/Illuminate/Pipeline/Pipeline.php(104): Illuminate\\Routing\\Pipeline->Illuminate\\Routing\\{closure}(Object(Illuminate\\Http\\Request))
#26 /var/www/TRDSv2_memo/vendor/laravel/framework/src/Illuminate/Routing/Router.php(682): Illuminate\\Pipeline\\Pipeline->then(Object(Closure))
#27 /var/www/TRDSv2_memo/vendor/laravel/framework/src/Illuminate/Routing/Router.php(657): Illuminate\\Routing\\Router->runRouteWithinStack(Object(Illuminate\\Routing\\Route), Object(Illuminate\\Http\\Request))
#28 /var/www/TRDSv2_memo/vendor/laravel/framework/src/Illuminate/Routing/Router.php(623): Illuminate\\Routing\\Router->runRoute(Object(Illuminate\\Http\\Request), Object(Illuminate\\Routing\\Route))
#29 /var/www/TRDSv2_memo/vendor/laravel/framework/src/Illuminate/Routing/Router.php(612): Illuminate\\Routing\\Router->dispatchToRoute(Object(Illuminate\\Http\\Request))
#30 /var/www/TRDSv2_memo/vendor/laravel/framework/src/Illuminate/Foundation/Http/Kernel.php(176): Illuminate\\Routing\\Router->dispatch(Object(Illuminate\\Http\\Request))
#31 /var/www/TRDSv2_memo/vendor/laravel/framework/src/Illuminate/Routing/Pipeline.php(30): Illuminate\\Foundation\\Http\\Kernel->Illuminate\\Foundation\\Http\\{closure}(Object(Illuminate\\Http\\Request))
#32 /var/www/TRDSv2_memo/vendor/laravel/framework/src/Illuminate/Foundation/Http/Middleware/TransformsRequest.php(21): Illuminate\\Routing\\Pipeline->Illuminate\\Routing\\{closure}(Object(Illuminate\\Http\\Request))
#33 /var/www/TRDSv2_memo/vendor/laravel/framework/src/Illuminate/Pipeline/Pipeline.php(163): Illuminate\\Foundation\\Http\\Middleware\\TransformsRequest->handle(Object(Illuminate\\Http\\Request), Object(Closure))
#34 /var/www/TRDSv2_memo/vendor/laravel/framework/src/Illuminate/Routing/Pipeline.php(53): Illuminate\\Pipeline\\Pipeline->Illuminate\\Pipeline\\{closure}(Object(Illuminate\\Http\\Request))
#35 /var/www/TRDSv2_memo/vendor/laravel/framework/src/Illuminate/Foundation/Http/Middleware/TransformsRequest.php(21): Illuminate\\Routing\\Pipeline->Illuminate\\Routing\\{closure}(Object(Illuminate\\Http\\Request))
#36 /var/www/TRDSv2_memo/vendor/laravel/framework/src/Illuminate/Pipeline/Pipeline.php(163): Illuminate\\Foundation\\Http\\Middleware\\TransformsRequest->handle(Object(Illuminate\\Http\\Request), Object(Closure))
#37 /var/www/TRDSv2_memo/vendor/laravel/framework/src/Illuminate/Routing/Pipeline.php(53): Illuminate\\Pipeline\\Pipeline->Illuminate\\Pipeline\\{closure}(Object(Illuminate\\Http\\Request))
#38 /var/www/TRDSv2_memo/vendor/laravel/framework/src/Illuminate/Foundation/Http/Middleware/ValidatePostSize.php(27): Illuminate\\Routing\\Pipeline->Illuminate\\Routing\\{closure}(Object(Illuminate\\Http\\Request))
#39 /var/www/TRDSv2_memo/vendor/laravel/framework/src/Illuminate/Pipeline/Pipeline.php(163): Illuminate\\Foundation\\Http\\Middleware\\ValidatePostSize->handle(Object(Illuminate\\Http\\Request), Object(Closure))
#40 /var/www/TRDSv2_memo/vendor/laravel/framework/src/Illuminate/Routing/Pipeline.php(53): Illuminate\\Pipeline\\Pipeline->Illuminate\\Pipeline\\{closure}(Object(Illuminate\\Http\\Request))
#41 /var/www/TRDSv2_memo/vendor/laravel/framework/src/Illuminate/Foundation/Http/Middleware/CheckForMaintenanceMode.php(62): Illuminate\\Routing\\Pipeline->Illuminate\\Routing\\{closure}(Object(Illuminate\\Http\\Request))
#42 /var/www/TRDSv2_memo/vendor/laravel/framework/src/Illuminate/Pipeline/Pipeline.php(163): Illuminate\\Foundation\\Http\\Middleware\\CheckForMaintenanceMode->handle(Object(Illuminate\\Http\\Request), Object(Closure))
#43 /var/www/TRDSv2_memo/vendor/laravel/framework/src/Illuminate/Routing/Pipeline.php(53): Illuminate\\Pipeline\\Pipeline->Illuminate\\Pipeline\\{closure}(Object(Illuminate\\Http\\Request))
#44 /var/www/TRDSv2_memo/vendor/fideloper/proxy/src/TrustProxies.php(57): Illuminate\\Routing\\Pipeline->Illuminate\\Routing\\{closure}(Object(Illuminate\\Http\\Request))
#45 /var/www/TRDSv2_memo/vendor/laravel/framework/src/Illuminate/Pipeline/Pipeline.php(163): Fideloper\\Proxy\\TrustProxies->handle(Object(Illuminate\\Http\\Request), Object(Closure))
#46 /var/www/TRDSv2_memo/vendor/laravel/framework/src/Illuminate/Routing/Pipeline.php(53): Illuminate\\Pipeline\\Pipeline->Illuminate\\Pipeline\\{closure}(Object(Illuminate\\Http\\Request))
#47 /var/www/TRDSv2_memo/vendor/laravel/framework/src/Illuminate/Pipeline/Pipeline.php(104): Illuminate\\Routing\\Pipeline->Illuminate\\Routing\\{closure}(Object(Illuminate\\Http\\Request))
#48 /var/www/TRDSv2_memo/vendor/laravel/framework/src/Illuminate/Foundation/Http/Kernel.php(151): Illuminate\\Pipeline\\Pipeline->then(Object(Closure))
#49 /var/www/TRDSv2_memo/vendor/laravel/framework/src/Illuminate/Foundation/Http/Kernel.php(116): Illuminate\\Foundation\\Http\\Kernel->sendRequestThroughRouter(Object(Illuminate\\Http\\Request))
#50 /var/www/TRDSv2_memo/index.php(55): Illuminate\\Foundation\\Http\\Kernel->handle(Object(Illuminate\\Http\\Request))
#51 {main}
"} 
[2026-03-03 11:19:46] local.ERROR: Class 'App\Http\Controllers\HrMemo\User' not found {"exception":"[object] (Symfony\\Component\\Debug\\Exception\\FatalThrowableError(code: 0): Class 'App\\Http\\Controllers\\HrMemo\\User' not found at /var/www/TRDSv2_memo/app/Http/Controllers/HrMemo/HrMemoController.php:259)
[stacktrace]
#0 [internal function]: App\\Http\\Controllers\\HrMemo\\HrMemoController->getUsers(Object(Illuminate\\Http\\Request))
#1 /var/www/TRDSv2_memo/vendor/laravel/framework/src/Illuminate/Routing/Controller.php(54): call_user_func_array(Array, Array)
#2 /var/www/TRDSv2_memo/vendor/laravel/framework/src/Illuminate/Routing/ControllerDispatcher.php(45): Illuminate\\Routing\\Controller->callAction('getUsers', Array)
#3 /var/www/TRDSv2_memo/vendor/laravel/framework/src/Illuminate/Routing/Route.php(219): Illuminate\\Routing\\ControllerDispatcher->dispatch(Object(Illuminate\\Routing\\Route), Object(App\\Http\\Controllers\\HrMemo\\HrMemoController), 'getUsers')
#4 /var/www/TRDSv2_memo/vendor/laravel/framework/src/Illuminate/Routing/Route.php(176): Illuminate\\Routing\\Route->runController()
#5 /var/www/TRDSv2_memo/vendor/laravel/framework/src/Illuminate/Routing/Router.php(680): Illuminate\\Routing\\Route->run()
#6 /var/www/TRDSv2_memo/vendor/laravel/framework/src/Illuminate/Routing/Pipeline.php(30): Illuminate\\Routing\\Router->Illuminate\\Routing\\{closure}(Object(Illuminate\\Http\\Request))
#7 /var/www/TRDSv2_memo/vendor/laravel/framework/src/Illuminate/Routing/Middleware/SubstituteBindings.php(41): Illuminate\\Routing\\Pipeline->Illuminate\\Routing\\{closure}(Object(Illuminate\\Http\\Request))
#8 /var/www/TRDSv2_memo/vendor/laravel/framework/src/Illuminate/Pipeline/Pipeline.php(163): Illuminate\\Routing\\Middleware\\SubstituteBindings->handle(Object(Illuminate\\Http\\Request), Object(Closure))
#9 /var/www/TRDSv2_memo/vendor/laravel/framework/src/Illuminate/Routing/Pipeline.php(53): Illuminate\\Pipeline\\Pipeline->Illuminate\\Pipeline\\{closure}(Object(Illuminate\\Http\\Request))
#10 /var/www/TRDSv2_memo/vendor/laravel/framework/src/Illuminate/Foundation/Http/Middleware/VerifyCsrfToken.php(75): Illuminate\\Routing\\Pipeline->Illuminate\\Routing\\{closure}(Object(Illuminate\\Http\\Request))
#11 /var/www/TRDSv2_memo/vendor/laravel/framework/src/Illuminate/Pipeline/Pipeline.php(163): Illuminate\\Foundation\\Http\\Middleware\\VerifyCsrfToken->handle(Object(Illuminate\\Http\\Request), Object(Closure))
#12 /var/www/TRDSv2_memo/vendor/laravel/framework/src/Illuminate/Routing/Pipeline.php(53): Illuminate\\Pipeline\\Pipeline->Illuminate\\Pipeline\\{closure}(Object(Illuminate\\Http\\Request))
#13 /var/www/TRDSv2_memo/vendor/laravel/framework/src/Illuminate/View/Middleware/ShareErrorsFromSession.php(49): Illuminate\\Routing\\Pipeline->Illuminate\\Routing\\{closure}(Object(Illuminate\\Http\\Request))
#14 /var/www/TRDSv2_memo/vendor/laravel/framework/src/Illuminate/Pipeline/Pipeline.php(163): Illuminate\\View\\Middleware\\ShareErrorsFromSession->handle(Object(Illuminate\\Http\\Request), Object(Closure))
#15 /var/www/TRDSv2_memo/vendor/laravel/framework/src/Illuminate/Routing/Pipeline.php(53): Illuminate\\Pipeline\\Pipeline->Illuminate\\Pipeline\\{closure}(Object(Illuminate\\Http\\Request))
#16 /var/www/TRDSv2_memo/vendor/laravel/framework/src/Illuminate/Session/Middleware/StartSession.php(56): Illuminate\\Routing\\Pipeline->Illuminate\\Routing\\{closure}(Object(Illuminate\\Http\\Request))
#17 /var/www/TRDSv2_memo/vendor/laravel/framework/src/Illuminate/Pipeline/Pipeline.php(163): Illuminate\\Session\\Middleware\\StartSession->handle(Object(Illuminate\\Http\\Request), Object(Closure))
#18 /var/www/TRDSv2_memo/vendor/laravel/framework/src/Illuminate/Routing/Pipeline.php(53): Illuminate\\Pipeline\\Pipeline->Illuminate\\Pipeline\\{closure}(Object(Illuminate\\Http\\Request))
#19 /var/www/TRDSv2_memo/vendor/laravel/framework/src/Illuminate/Cookie/Middleware/AddQueuedCookiesToResponse.php(37): Illuminate\\Routing\\Pipeline->Illuminate\\Routing\\{closure}(Object(Illuminate\\Http\\Request))
#20 /var/www/TRDSv2_memo/vendor/laravel/framework/src/Illuminate/Pipeline/Pipeline.php(163): Illuminate\\Cookie\\Middleware\\AddQueuedCookiesToResponse->handle(Object(Illuminate\\Http\\Request), Object(Closure))
#21 /var/www/TRDSv2_memo/vendor/laravel/framework/src/Illuminate/Routing/Pipeline.php(53): Illuminate\\Pipeline\\Pipeline->Illuminate\\Pipeline\\{closure}(Object(Illuminate\\Http\\Request))
#22 /var/www/TRDSv2_memo/vendor/laravel/framework/src/Illuminate/Cookie/Middleware/EncryptCookies.php(66): Illuminate\\Routing\\Pipeline->Illuminate\\Routing\\{closure}(Object(Illuminate\\Http\\Request))
#23 /var/www/TRDSv2_memo/vendor/laravel/framework/src/Illuminate/Pipeline/Pipeline.php(163): Illuminate\\Cookie\\Middleware\\EncryptCookies->handle(Object(Illuminate\\Http\\Request), Object(Closure))
#24 /var/www/TRDSv2_memo/vendor/laravel/framework/src/Illuminate/Routing/Pipeline.php(53): Illuminate\\Pipeline\\Pipeline->Illuminate\\Pipeline\\{closure}(Object(Illuminate\\Http\\Request))
#25 /var/www/TRDSv2_memo/vendor/laravel/framework/src/Illuminate/Pipeline/Pipeline.php(104): Illuminate\\Routing\\Pipeline->Illuminate\\Routing\\{closure}(Object(Illuminate\\Http\\Request))
#26 /var/www/TRDSv2_memo/vendor/laravel/framework/src/Illuminate/Routing/Router.php(682): Illuminate\\Pipeline\\Pipeline->then(Object(Closure))
#27 /var/www/TRDSv2_memo/vendor/laravel/framework/src/Illuminate/Routing/Router.php(657): Illuminate\\Routing\\Router->runRouteWithinStack(Object(Illuminate\\Routing\\Route), Object(Illuminate\\Http\\Request))
#28 /var/www/TRDSv2_memo/vendor/laravel/framework/src/Illuminate/Routing/Router.php(623): Illuminate\\Routing\\Router->runRoute(Object(Illuminate\\Http\\Request), Object(Illuminate\\Routing\\Route))
#29 /var/www/TRDSv2_memo/vendor/laravel/framework/src/Illuminate/Routing/Router.php(612): Illuminate\\Routing\\Router->dispatchToRoute(Object(Illuminate\\Http\\Request))
#30 /var/www/TRDSv2_memo/vendor/laravel/framework/src/Illuminate/Foundation/Http/Kernel.php(176): Illuminate\\Routing\\Router->dispatch(Object(Illuminate\\Http\\Request))
#31 /var/www/TRDSv2_memo/vendor/laravel/framework/src/Illuminate/Routing/Pipeline.php(30): Illuminate\\Foundation\\Http\\Kernel->Illuminate\\Foundation\\Http\\{closure}(Object(Illuminate\\Http\\Request))
#32 /var/www/TRDSv2_memo/vendor/laravel/framework/src/Illuminate/Foundation/Http/Middleware/TransformsRequest.php(21): Illuminate\\Routing\\Pipeline->Illuminate\\Routing\\{closure}(Object(Illuminate\\Http\\Request))
#33 /var/www/TRDSv2_memo/vendor/laravel/framework/src/Illuminate/Pipeline/Pipeline.php(163): Illuminate\\Foundation\\Http\\Middleware\\TransformsRequest->handle(Object(Illuminate\\Http\\Request), Object(Closure))
#34 /var/www/TRDSv2_memo/vendor/laravel/framework/src/Illuminate/Routing/Pipeline.php(53): Illuminate\\Pipeline\\Pipeline->Illuminate\\Pipeline\\{closure}(Object(Illuminate\\Http\\Request))
#35 /var/www/TRDSv2_memo/vendor/laravel/framework/src/Illuminate/Foundation/Http/Middleware/TransformsRequest.php(21): Illuminate\\Routing\\Pipeline->Illuminate\\Routing\\{closure}(Object(Illuminate\\Http\\Request))
#36 /var/www/TRDSv2_memo/vendor/laravel/framework/src/Illuminate/Pipeline/Pipeline.php(163): Illuminate\\Foundation\\Http\\Middleware\\TransformsRequest->handle(Object(Illuminate\\Http\\Request), Object(Closure))
#37 /var/www/TRDSv2_memo/vendor/laravel/framework/src/Illuminate/Routing/Pipeline.php(53): Illuminate\\Pipeline\\Pipeline->Illuminate\\Pipeline\\{closure}(Object(Illuminate\\Http\\Request))
#38 /var/www/TRDSv2_memo/vendor/laravel/framework/src/Illuminate/Foundation/Http/Middleware/ValidatePostSize.php(27): Illuminate\\Routing\\Pipeline->Illuminate\\Routing\\{closure}(Object(Illuminate\\Http\\Request))
#39 /var/www/TRDSv2_memo/vendor/laravel/framework/src/Illuminate/Pipeline/Pipeline.php(163): Illuminate\\Foundation\\Http\\Middleware\\ValidatePostSize->handle(Object(Illuminate\\Http\\Request), Object(Closure))
#40 /var/www/TRDSv2_memo/vendor/laravel/framework/src/Illuminate/Routing/Pipeline.php(53): Illuminate\\Pipeline\\Pipeline->Illuminate\\Pipeline\\{closure}(Object(Illuminate\\Http\\Request))
#41 /var/www/TRDSv2_memo/vendor/laravel/framework/src/Illuminate/Foundation/Http/Middleware/CheckForMaintenanceMode.php(62): Illuminate\\Routing\\Pipeline->Illuminate\\Routing\\{closure}(Object(Illuminate\\Http\\Request))
#42 /var/www/TRDSv2_memo/vendor/laravel/framework/src/Illuminate/Pipeline/Pipeline.php(163): Illuminate\\Foundation\\Http\\Middleware\\CheckForMaintenanceMode->handle(Object(Illuminate\\Http\\Request), Object(Closure))
#43 /var/www/TRDSv2_memo/vendor/laravel/framework/src/Illuminate/Routing/Pipeline.php(53): Illuminate\\Pipeline\\Pipeline->Illuminate\\Pipeline\\{closure}(Object(Illuminate\\Http\\Request))
#44 /var/www/TRDSv2_memo/vendor/fideloper/proxy/src/TrustProxies.php(57): Illuminate\\Routing\\Pipeline->Illuminate\\Routing\\{closure}(Object(Illuminate\\Http\\Request))
#45 /var/www/TRDSv2_memo/vendor/laravel/framework/src/Illuminate/Pipeline/Pipeline.php(163): Fideloper\\Proxy\\TrustProxies->handle(Object(Illuminate\\Http\\Request), Object(Closure))
#46 /var/www/TRDSv2_memo/vendor/laravel/framework/src/Illuminate/Routing/Pipeline.php(53): Illuminate\\Pipeline\\Pipeline->Illuminate\\Pipeline\\{closure}(Object(Illuminate\\Http\\Request))
#47 /var/www/TRDSv2_memo/vendor/laravel/framework/src/Illuminate/Pipeline/Pipeline.php(104): Illuminate\\Routing\\Pipeline->Illuminate\\Routing\\{closure}(Object(Illuminate\\Http\\Request))
#48 /var/www/TRDSv2_memo/vendor/laravel/framework/src/Illuminate/Foundation/Http/Kernel.php(151): Illuminate\\Pipeline\\Pipeline->then(Object(Closure))
#49 /var/www/TRDSv2_memo/vendor/laravel/framework/src/Illuminate/Foundation/Http/Kernel.php(116): Illuminate\\Foundation\\Http\\Kernel->sendRequestThroughRouter(Object(Illuminate\\Http\\Request))
#50 /var/www/TRDSv2_memo/index.php(55): Illuminate\\Foundation\\Http\\Kernel->handle(Object(Illuminate\\Http\\Request))
#51 {main}
"} 
