[2026-07-10 08:36:47] local.ERROR: SQLSTATE[42S22]: Column not found: 1054 Unknown column 'appproval_at' in 'field list' (SQL: update `qc_slips` set `status` = decision, `appproval_at` = 2026-07-10 08:36:47, `qc_slips`.`updated_at` = 2026-07-10 08:36:47 where `id` is null and `deleted_at` is null) {"exception":"[object] (Illuminate\\Database\\QueryException(code: 42S22): SQLSTATE[42S22]: Column not found: 1054 Unknown column 'appproval_at' in 'field list' (SQL: update `qc_slips` set `status` = decision, `appproval_at` = 2026-07-10 08:36:47, `qc_slips`.`updated_at` = 2026-07-10 08:36:47 where `id` is null and `deleted_at` is null) at /var/www/TRDSv2_laravel8_memo/vendor/laravel/framework/src/Illuminate/Database/Connection.php:712)
[stacktrace]
#0 /var/www/TRDSv2_laravel8_memo/vendor/laravel/framework/src/Illuminate/Database/Connection.php(672): Illuminate\\Database\\Connection->runQueryCallback('update `qc_slip...', Array, Object(Closure))
#1 /var/www/TRDSv2_laravel8_memo/vendor/laravel/framework/src/Illuminate/Database/Connection.php(533): Illuminate\\Database\\Connection->run('update `qc_slip...', Array, Object(Closure))
#2 /var/www/TRDSv2_laravel8_memo/vendor/laravel/framework/src/Illuminate/Database/Connection.php(466): Illuminate\\Database\\Connection->affectingStatement('update `qc_slip...', Array)
#3 /var/www/TRDSv2_laravel8_memo/vendor/laravel/framework/src/Illuminate/Database/Query/Builder.php(3063): Illuminate\\Database\\Connection->update('update `qc_slip...', Array)
#4 /var/www/TRDSv2_laravel8_memo/vendor/laravel/framework/src/Illuminate/Database/Eloquent/Builder.php(921): Illuminate\\Database\\Query\\Builder->update(Array)
#5 /var/www/TRDSv2_laravel8_memo/app/Http/Controllers/QualificationCertificationController.php(49): Illuminate\\Database\\Eloquent\\Builder->update(Array)
#6 /var/www/TRDSv2_laravel8_memo/vendor/laravel/framework/src/Illuminate/Routing/Controller.php(54): App\\Http\\Controllers\\QualificationCertificationController->updateApproval(Object(Illuminate\\Http\\Request))
#7 /var/www/TRDSv2_laravel8_memo/vendor/laravel/framework/src/Illuminate/Routing/ControllerDispatcher.php(45): Illuminate\\Routing\\Controller->callAction('updateApproval', Array)
#8 /var/www/TRDSv2_laravel8_memo/vendor/laravel/framework/src/Illuminate/Routing/Route.php(262): Illuminate\\Routing\\ControllerDispatcher->dispatch(Object(Illuminate\\Routing\\Route), Object(App\\Http\\Controllers\\QualificationCertificationController), 'updateApproval')
#9 /var/www/TRDSv2_laravel8_memo/vendor/laravel/framework/src/Illuminate/Routing/Route.php(205): Illuminate\\Routing\\Route->runController()
#10 /var/www/TRDSv2_laravel8_memo/vendor/laravel/framework/src/Illuminate/Routing/Router.php(721): Illuminate\\Routing\\Route->run()
#11 /var/www/TRDSv2_laravel8_memo/vendor/laravel/framework/src/Illuminate/Pipeline/Pipeline.php(128): Illuminate\\Routing\\Router->Illuminate\\Routing\\{closure}(Object(Illuminate\\Http\\Request))
#12 /var/www/TRDSv2_laravel8_memo/app/Http/Middleware/CheckSession.php(55): Illuminate\\Pipeline\\Pipeline->Illuminate\\Pipeline\\{closure}(Object(Illuminate\\Http\\Request))
#13 /var/www/TRDSv2_laravel8_memo/vendor/laravel/framework/src/Illuminate/Pipeline/Pipeline.php(167): App\\Http\\Middleware\\CheckSession->handle(Object(Illuminate\\Http\\Request), Object(Closure))
#14 /var/www/TRDSv2_laravel8_memo/vendor/laravel/framework/src/Illuminate/Routing/Middleware/SubstituteBindings.php(50): Illuminate\\Pipeline\\Pipeline->Illuminate\\Pipeline\\{closure}(Object(Illuminate\\Http\\Request))
#15 /var/www/TRDSv2_laravel8_memo/vendor/laravel/framework/src/Illuminate/Pipeline/Pipeline.php(167): Illuminate\\Routing\\Middleware\\SubstituteBindings->handle(Object(Illuminate\\Http\\Request), Object(Closure))
#16 /var/www/TRDSv2_laravel8_memo/vendor/laravel/framework/src/Illuminate/Foundation/Http/Middleware/VerifyCsrfToken.php(78): Illuminate\\Pipeline\\Pipeline->Illuminate\\Pipeline\\{closure}(Object(Illuminate\\Http\\Request))
#17 /var/www/TRDSv2_laravel8_memo/vendor/laravel/framework/src/Illuminate/Pipeline/Pipeline.php(167): Illuminate\\Foundation\\Http\\Middleware\\VerifyCsrfToken->handle(Object(Illuminate\\Http\\Request), Object(Closure))
#18 /var/www/TRDSv2_laravel8_memo/vendor/laravel/framework/src/Illuminate/View/Middleware/ShareErrorsFromSession.php(49): Illuminate\\Pipeline\\Pipeline->Illuminate\\Pipeline\\{closure}(Object(Illuminate\\Http\\Request))
#19 /var/www/TRDSv2_laravel8_memo/vendor/laravel/framework/src/Illuminate/Pipeline/Pipeline.php(167): Illuminate\\View\\Middleware\\ShareErrorsFromSession->handle(Object(Illuminate\\Http\\Request), Object(Closure))
#20 /var/www/TRDSv2_laravel8_memo/vendor/laravel/framework/src/Illuminate/Session/Middleware/StartSession.php(121): Illuminate\\Pipeline\\Pipeline->Illuminate\\Pipeline\\{closure}(Object(Illuminate\\Http\\Request))
#21 /var/www/TRDSv2_laravel8_memo/vendor/laravel/framework/src/Illuminate/Session/Middleware/StartSession.php(64): Illuminate\\Session\\Middleware\\StartSession->handleStatefulRequest(Object(Illuminate\\Http\\Request), Object(Illuminate\\Session\\Store), Object(Closure))
#22 /var/www/TRDSv2_laravel8_memo/vendor/laravel/framework/src/Illuminate/Pipeline/Pipeline.php(167): Illuminate\\Session\\Middleware\\StartSession->handle(Object(Illuminate\\Http\\Request), Object(Closure))
#23 /var/www/TRDSv2_laravel8_memo/vendor/laravel/framework/src/Illuminate/Cookie/Middleware/AddQueuedCookiesToResponse.php(37): Illuminate\\Pipeline\\Pipeline->Illuminate\\Pipeline\\{closure}(Object(Illuminate\\Http\\Request))
#24 /var/www/TRDSv2_laravel8_memo/vendor/laravel/framework/src/Illuminate/Pipeline/Pipeline.php(167): Illuminate\\Cookie\\Middleware\\AddQueuedCookiesToResponse->handle(Object(Illuminate\\Http\\Request), Object(Closure))
#25 /var/www/TRDSv2_laravel8_memo/vendor/laravel/framework/src/Illuminate/Cookie/Middleware/EncryptCookies.php(67): Illuminate\\Pipeline\\Pipeline->Illuminate\\Pipeline\\{closure}(Object(Illuminate\\Http\\Request))
#26 /var/www/TRDSv2_laravel8_memo/vendor/laravel/framework/src/Illuminate/Pipeline/Pipeline.php(167): Illuminate\\Cookie\\Middleware\\EncryptCookies->handle(Object(Illuminate\\Http\\Request), Object(Closure))
#27 /var/www/TRDSv2_laravel8_memo/vendor/laravel/framework/src/Illuminate/Pipeline/Pipeline.php(103): Illuminate\\Pipeline\\Pipeline->Illuminate\\Pipeline\\{closure}(Object(Illuminate\\Http\\Request))
#28 /var/www/TRDSv2_laravel8_memo/vendor/laravel/framework/src/Illuminate/Routing/Router.php(723): Illuminate\\Pipeline\\Pipeline->then(Object(Closure))
#29 /var/www/TRDSv2_laravel8_memo/vendor/laravel/framework/src/Illuminate/Routing/Router.php(698): Illuminate\\Routing\\Router->runRouteWithinStack(Object(Illuminate\\Routing\\Route), Object(Illuminate\\Http\\Request))
#30 /var/www/TRDSv2_laravel8_memo/vendor/laravel/framework/src/Illuminate/Routing/Router.php(662): Illuminate\\Routing\\Router->runRoute(Object(Illuminate\\Http\\Request), Object(Illuminate\\Routing\\Route))
#31 /var/www/TRDSv2_laravel8_memo/vendor/laravel/framework/src/Illuminate/Routing/Router.php(651): Illuminate\\Routing\\Router->dispatchToRoute(Object(Illuminate\\Http\\Request))
#32 /var/www/TRDSv2_laravel8_memo/vendor/laravel/framework/src/Illuminate/Foundation/Http/Kernel.php(167): Illuminate\\Routing\\Router->dispatch(Object(Illuminate\\Http\\Request))
#33 /var/www/TRDSv2_laravel8_memo/vendor/laravel/framework/src/Illuminate/Pipeline/Pipeline.php(128): Illuminate\\Foundation\\Http\\Kernel->Illuminate\\Foundation\\Http\\{closure}(Object(Illuminate\\Http\\Request))
#34 /var/www/TRDSv2_laravel8_memo/vendor/laravel/framework/src/Illuminate/Foundation/Http/Middleware/TransformsRequest.php(21): Illuminate\\Pipeline\\Pipeline->Illuminate\\Pipeline\\{closure}(Object(Illuminate\\Http\\Request))
#35 /var/www/TRDSv2_laravel8_memo/vendor/laravel/framework/src/Illuminate/Foundation/Http/Middleware/ConvertEmptyStringsToNull.php(31): Illuminate\\Foundation\\Http\\Middleware\\TransformsRequest->handle(Object(Illuminate\\Http\\Request), Object(Closure))
#36 /var/www/TRDSv2_laravel8_memo/vendor/laravel/framework/src/Illuminate/Pipeline/Pipeline.php(167): Illuminate\\Foundation\\Http\\Middleware\\ConvertEmptyStringsToNull->handle(Object(Illuminate\\Http\\Request), Object(Closure))
#37 /var/www/TRDSv2_laravel8_memo/vendor/laravel/framework/src/Illuminate/Foundation/Http/Middleware/TransformsRequest.php(21): Illuminate\\Pipeline\\Pipeline->Illuminate\\Pipeline\\{closure}(Object(Illuminate\\Http\\Request))
#38 /var/www/TRDSv2_laravel8_memo/vendor/laravel/framework/src/Illuminate/Foundation/Http/Middleware/TrimStrings.php(40): Illuminate\\Foundation\\Http\\Middleware\\TransformsRequest->handle(Object(Illuminate\\Http\\Request), Object(Closure))
#39 /var/www/TRDSv2_laravel8_memo/vendor/laravel/framework/src/Illuminate/Pipeline/Pipeline.php(167): Illuminate\\Foundation\\Http\\Middleware\\TrimStrings->handle(Object(Illuminate\\Http\\Request), Object(Closure))
#40 /var/www/TRDSv2_laravel8_memo/vendor/laravel/framework/src/Illuminate/Foundation/Http/Middleware/ValidatePostSize.php(27): Illuminate\\Pipeline\\Pipeline->Illuminate\\Pipeline\\{closure}(Object(Illuminate\\Http\\Request))
#41 /var/www/TRDSv2_laravel8_memo/vendor/laravel/framework/src/Illuminate/Pipeline/Pipeline.php(167): Illuminate\\Foundation\\Http\\Middleware\\ValidatePostSize->handle(Object(Illuminate\\Http\\Request), Object(Closure))
#42 /var/www/TRDSv2_laravel8_memo/vendor/laravel/framework/src/Illuminate/Foundation/Http/Middleware/PreventRequestsDuringMaintenance.php(86): Illuminate\\Pipeline\\Pipeline->Illuminate\\Pipeline\\{closure}(Object(Illuminate\\Http\\Request))
#43 /var/www/TRDSv2_laravel8_memo/vendor/laravel/framework/src/Illuminate/Pipeline/Pipeline.php(167): Illuminate\\Foundation\\Http\\Middleware\\PreventRequestsDuringMaintenance->handle(Object(Illuminate\\Http\\Request), Object(Closure))
#44 /var/www/TRDSv2_laravel8_memo/vendor/fideloper/proxy/src/TrustProxies.php(57): Illuminate\\Pipeline\\Pipeline->Illuminate\\Pipeline\\{closure}(Object(Illuminate\\Http\\Request))
#45 /var/www/TRDSv2_laravel8_memo/vendor/laravel/framework/src/Illuminate/Pipeline/Pipeline.php(167): Fideloper\\Proxy\\TrustProxies->handle(Object(Illuminate\\Http\\Request), Object(Closure))
#46 /var/www/TRDSv2_laravel8_memo/vendor/laravel/framework/src/Illuminate/Pipeline/Pipeline.php(103): Illuminate\\Pipeline\\Pipeline->Illuminate\\Pipeline\\{closure}(Object(Illuminate\\Http\\Request))
#47 /var/www/TRDSv2_laravel8_memo/vendor/laravel/framework/src/Illuminate/Foundation/Http/Kernel.php(142): Illuminate\\Pipeline\\Pipeline->then(Object(Closure))
#48 /var/www/TRDSv2_laravel8_memo/vendor/laravel/framework/src/Illuminate/Foundation/Http/Kernel.php(111): Illuminate\\Foundation\\Http\\Kernel->sendRequestThroughRouter(Object(Illuminate\\Http\\Request))
#49 /var/www/TRDSv2_laravel8_memo/index.php(55): Illuminate\\Foundation\\Http\\Kernel->handle(Object(Illuminate\\Http\\Request))
#50 {main}

[previous exception] [object] (PDOException(code: 42S22): SQLSTATE[42S22]: Column not found: 1054 Unknown column 'appproval_at' in 'field list' at /var/www/TRDSv2_laravel8_memo/vendor/laravel/framework/src/Illuminate/Database/Connection.php:522)
[stacktrace]
#0 /var/www/TRDSv2_laravel8_memo/vendor/laravel/framework/src/Illuminate/Database/Connection.php(522): PDO->prepare('update `qc_slip...')
#1 /var/www/TRDSv2_laravel8_memo/vendor/laravel/framework/src/Illuminate/Database/Connection.php(705): Illuminate\\Database\\Connection->Illuminate\\Database\\{closure}('update `qc_slip...', Array)
#2 /var/www/TRDSv2_laravel8_memo/vendor/laravel/framework/src/Illuminate/Database/Connection.php(672): Illuminate\\Database\\Connection->runQueryCallback('update `qc_slip...', Array, Object(Closure))
#3 /var/www/TRDSv2_laravel8_memo/vendor/laravel/framework/src/Illuminate/Database/Connection.php(533): Illuminate\\Database\\Connection->run('update `qc_slip...', Array, Object(Closure))
#4 /var/www/TRDSv2_laravel8_memo/vendor/laravel/framework/src/Illuminate/Database/Connection.php(466): Illuminate\\Database\\Connection->affectingStatement('update `qc_slip...', Array)
#5 /var/www/TRDSv2_laravel8_memo/vendor/laravel/framework/src/Illuminate/Database/Query/Builder.php(3063): Illuminate\\Database\\Connection->update('update `qc_slip...', Array)
#6 /var/www/TRDSv2_laravel8_memo/vendor/laravel/framework/src/Illuminate/Database/Eloquent/Builder.php(921): Illuminate\\Database\\Query\\Builder->update(Array)
#7 /var/www/TRDSv2_laravel8_memo/app/Http/Controllers/QualificationCertificationController.php(49): Illuminate\\Database\\Eloquent\\Builder->update(Array)
#8 /var/www/TRDSv2_laravel8_memo/vendor/laravel/framework/src/Illuminate/Routing/Controller.php(54): App\\Http\\Controllers\\QualificationCertificationController->updateApproval(Object(Illuminate\\Http\\Request))
#9 /var/www/TRDSv2_laravel8_memo/vendor/laravel/framework/src/Illuminate/Routing/ControllerDispatcher.php(45): Illuminate\\Routing\\Controller->callAction('updateApproval', Array)
#10 /var/www/TRDSv2_laravel8_memo/vendor/laravel/framework/src/Illuminate/Routing/Route.php(262): Illuminate\\Routing\\ControllerDispatcher->dispatch(Object(Illuminate\\Routing\\Route), Object(App\\Http\\Controllers\\QualificationCertificationController), 'updateApproval')
#11 /var/www/TRDSv2_laravel8_memo/vendor/laravel/framework/src/Illuminate/Routing/Route.php(205): Illuminate\\Routing\\Route->runController()
#12 /var/www/TRDSv2_laravel8_memo/vendor/laravel/framework/src/Illuminate/Routing/Router.php(721): Illuminate\\Routing\\Route->run()
#13 /var/www/TRDSv2_laravel8_memo/vendor/laravel/framework/src/Illuminate/Pipeline/Pipeline.php(128): Illuminate\\Routing\\Router->Illuminate\\Routing\\{closure}(Object(Illuminate\\Http\\Request))
#14 /var/www/TRDSv2_laravel8_memo/app/Http/Middleware/CheckSession.php(55): Illuminate\\Pipeline\\Pipeline->Illuminate\\Pipeline\\{closure}(Object(Illuminate\\Http\\Request))
#15 /var/www/TRDSv2_laravel8_memo/vendor/laravel/framework/src/Illuminate/Pipeline/Pipeline.php(167): App\\Http\\Middleware\\CheckSession->handle(Object(Illuminate\\Http\\Request), Object(Closure))
#16 /var/www/TRDSv2_laravel8_memo/vendor/laravel/framework/src/Illuminate/Routing/Middleware/SubstituteBindings.php(50): Illuminate\\Pipeline\\Pipeline->Illuminate\\Pipeline\\{closure}(Object(Illuminate\\Http\\Request))
#17 /var/www/TRDSv2_laravel8_memo/vendor/laravel/framework/src/Illuminate/Pipeline/Pipeline.php(167): Illuminate\\Routing\\Middleware\\SubstituteBindings->handle(Object(Illuminate\\Http\\Request), Object(Closure))
#18 /var/www/TRDSv2_laravel8_memo/vendor/laravel/framework/src/Illuminate/Foundation/Http/Middleware/VerifyCsrfToken.php(78): Illuminate\\Pipeline\\Pipeline->Illuminate\\Pipeline\\{closure}(Object(Illuminate\\Http\\Request))
#19 /var/www/TRDSv2_laravel8_memo/vendor/laravel/framework/src/Illuminate/Pipeline/Pipeline.php(167): Illuminate\\Foundation\\Http\\Middleware\\VerifyCsrfToken->handle(Object(Illuminate\\Http\\Request), Object(Closure))
#20 /var/www/TRDSv2_laravel8_memo/vendor/laravel/framework/src/Illuminate/View/Middleware/ShareErrorsFromSession.php(49): Illuminate\\Pipeline\\Pipeline->Illuminate\\Pipeline\\{closure}(Object(Illuminate\\Http\\Request))
#21 /var/www/TRDSv2_laravel8_memo/vendor/laravel/framework/src/Illuminate/Pipeline/Pipeline.php(167): Illuminate\\View\\Middleware\\ShareErrorsFromSession->handle(Object(Illuminate\\Http\\Request), Object(Closure))
#22 /var/www/TRDSv2_laravel8_memo/vendor/laravel/framework/src/Illuminate/Session/Middleware/StartSession.php(121): Illuminate\\Pipeline\\Pipeline->Illuminate\\Pipeline\\{closure}(Object(Illuminate\\Http\\Request))
#23 /var/www/TRDSv2_laravel8_memo/vendor/laravel/framework/src/Illuminate/Session/Middleware/StartSession.php(64): Illuminate\\Session\\Middleware\\StartSession->handleStatefulRequest(Object(Illuminate\\Http\\Request), Object(Illuminate\\Session\\Store), Object(Closure))
#24 /var/www/TRDSv2_laravel8_memo/vendor/laravel/framework/src/Illuminate/Pipeline/Pipeline.php(167): Illuminate\\Session\\Middleware\\StartSession->handle(Object(Illuminate\\Http\\Request), Object(Closure))
#25 /var/www/TRDSv2_laravel8_memo/vendor/laravel/framework/src/Illuminate/Cookie/Middleware/AddQueuedCookiesToResponse.php(37): Illuminate\\Pipeline\\Pipeline->Illuminate\\Pipeline\\{closure}(Object(Illuminate\\Http\\Request))
#26 /var/www/TRDSv2_laravel8_memo/vendor/laravel/framework/src/Illuminate/Pipeline/Pipeline.php(167): Illuminate\\Cookie\\Middleware\\AddQueuedCookiesToResponse->handle(Object(Illuminate\\Http\\Request), Object(Closure))
#27 /var/www/TRDSv2_laravel8_memo/vendor/laravel/framework/src/Illuminate/Cookie/Middleware/EncryptCookies.php(67): Illuminate\\Pipeline\\Pipeline->Illuminate\\Pipeline\\{closure}(Object(Illuminate\\Http\\Request))
#28 /var/www/TRDSv2_laravel8_memo/vendor/laravel/framework/src/Illuminate/Pipeline/Pipeline.php(167): Illuminate\\Cookie\\Middleware\\EncryptCookies->handle(Object(Illuminate\\Http\\Request), Object(Closure))
#29 /var/www/TRDSv2_laravel8_memo/vendor/laravel/framework/src/Illuminate/Pipeline/Pipeline.php(103): Illuminate\\Pipeline\\Pipeline->Illuminate\\Pipeline\\{closure}(Object(Illuminate\\Http\\Request))
#30 /var/www/TRDSv2_laravel8_memo/vendor/laravel/framework/src/Illuminate/Routing/Router.php(723): Illuminate\\Pipeline\\Pipeline->then(Object(Closure))
#31 /var/www/TRDSv2_laravel8_memo/vendor/laravel/framework/src/Illuminate/Routing/Router.php(698): Illuminate\\Routing\\Router->runRouteWithinStack(Object(Illuminate\\Routing\\Route), Object(Illuminate\\Http\\Request))
#32 /var/www/TRDSv2_laravel8_memo/vendor/laravel/framework/src/Illuminate/Routing/Router.php(662): Illuminate\\Routing\\Router->runRoute(Object(Illuminate\\Http\\Request), Object(Illuminate\\Routing\\Route))
#33 /var/www/TRDSv2_laravel8_memo/vendor/laravel/framework/src/Illuminate/Routing/Router.php(651): Illuminate\\Routing\\Router->dispatchToRoute(Object(Illuminate\\Http\\Request))
#34 /var/www/TRDSv2_laravel8_memo/vendor/laravel/framework/src/Illuminate/Foundation/Http/Kernel.php(167): Illuminate\\Routing\\Router->dispatch(Object(Illuminate\\Http\\Request))
#35 /var/www/TRDSv2_laravel8_memo/vendor/laravel/framework/src/Illuminate/Pipeline/Pipeline.php(128): Illuminate\\Foundation\\Http\\Kernel->Illuminate\\Foundation\\Http\\{closure}(Object(Illuminate\\Http\\Request))
#36 /var/www/TRDSv2_laravel8_memo/vendor/laravel/framework/src/Illuminate/Foundation/Http/Middleware/TransformsRequest.php(21): Illuminate\\Pipeline\\Pipeline->Illuminate\\Pipeline\\{closure}(Object(Illuminate\\Http\\Request))
#37 /var/www/TRDSv2_laravel8_memo/vendor/laravel/framework/src/Illuminate/Foundation/Http/Middleware/ConvertEmptyStringsToNull.php(31): Illuminate\\Foundation\\Http\\Middleware\\TransformsRequest->handle(Object(Illuminate\\Http\\Request), Object(Closure))
#38 /var/www/TRDSv2_laravel8_memo/vendor/laravel/framework/src/Illuminate/Pipeline/Pipeline.php(167): Illuminate\\Foundation\\Http\\Middleware\\ConvertEmptyStringsToNull->handle(Object(Illuminate\\Http\\Request), Object(Closure))
#39 /var/www/TRDSv2_laravel8_memo/vendor/laravel/framework/src/Illuminate/Foundation/Http/Middleware/TransformsRequest.php(21): Illuminate\\Pipeline\\Pipeline->Illuminate\\Pipeline\\{closure}(Object(Illuminate\\Http\\Request))
#40 /var/www/TRDSv2_laravel8_memo/vendor/laravel/framework/src/Illuminate/Foundation/Http/Middleware/TrimStrings.php(40): Illuminate\\Foundation\\Http\\Middleware\\TransformsRequest->handle(Object(Illuminate\\Http\\Request), Object(Closure))
#41 /var/www/TRDSv2_laravel8_memo/vendor/laravel/framework/src/Illuminate/Pipeline/Pipeline.php(167): Illuminate\\Foundation\\Http\\Middleware\\TrimStrings->handle(Object(Illuminate\\Http\\Request), Object(Closure))
#42 /var/www/TRDSv2_laravel8_memo/vendor/laravel/framework/src/Illuminate/Foundation/Http/Middleware/ValidatePostSize.php(27): Illuminate\\Pipeline\\Pipeline->Illuminate\\Pipeline\\{closure}(Object(Illuminate\\Http\\Request))
#43 /var/www/TRDSv2_laravel8_memo/vendor/laravel/framework/src/Illuminate/Pipeline/Pipeline.php(167): Illuminate\\Foundation\\Http\\Middleware\\ValidatePostSize->handle(Object(Illuminate\\Http\\Request), Object(Closure))
#44 /var/www/TRDSv2_laravel8_memo/vendor/laravel/framework/src/Illuminate/Foundation/Http/Middleware/PreventRequestsDuringMaintenance.php(86): Illuminate\\Pipeline\\Pipeline->Illuminate\\Pipeline\\{closure}(Object(Illuminate\\Http\\Request))
#45 /var/www/TRDSv2_laravel8_memo/vendor/laravel/framework/src/Illuminate/Pipeline/Pipeline.php(167): Illuminate\\Foundation\\Http\\Middleware\\PreventRequestsDuringMaintenance->handle(Object(Illuminate\\Http\\Request), Object(Closure))
#46 /var/www/TRDSv2_laravel8_memo/vendor/fideloper/proxy/src/TrustProxies.php(57): Illuminate\\Pipeline\\Pipeline->Illuminate\\Pipeline\\{closure}(Object(Illuminate\\Http\\Request))
#47 /var/www/TRDSv2_laravel8_memo/vendor/laravel/framework/src/Illuminate/Pipeline/Pipeline.php(167): Fideloper\\Proxy\\TrustProxies->handle(Object(Illuminate\\Http\\Request), Object(Closure))
#48 /var/www/TRDSv2_laravel8_memo/vendor/laravel/framework/src/Illuminate/Pipeline/Pipeline.php(103): Illuminate\\Pipeline\\Pipeline->Illuminate\\Pipeline\\{closure}(Object(Illuminate\\Http\\Request))
#49 /var/www/TRDSv2_laravel8_memo/vendor/laravel/framework/src/Illuminate/Foundation/Http/Kernel.php(142): Illuminate\\Pipeline\\Pipeline->then(Object(Closure))
#50 /var/www/TRDSv2_laravel8_memo/vendor/laravel/framework/src/Illuminate/Foundation/Http/Kernel.php(111): Illuminate\\Foundation\\Http\\Kernel->sendRequestThroughRouter(Object(Illuminate\\Http\\Request))
#51 /var/www/TRDSv2_laravel8_memo/index.php(55): Illuminate\\Foundation\\Http\\Kernel->handle(Object(Illuminate\\Http\\Request))
#52 {main}
"} 
[2026-07-10 13:22:22] local.ERROR: SQLSTATE[23000]: Integrity constraint violation: 1048 Column 'approval_status' cannot be null (SQL: update `qc_slips` set `status` = OK, `approval_status` = ?, `appproval_at` = 2026-07-10 13:22:22, `qc_slips`.`updated_at` = 2026-07-10 13:22:22 where `id` = 2 and `deleted_at` is null) {"exception":"[object] (Illuminate\\Database\\QueryException(code: 23000): SQLSTATE[23000]: Integrity constraint violation: 1048 Column 'approval_status' cannot be null (SQL: update `qc_slips` set `status` = OK, `approval_status` = ?, `appproval_at` = 2026-07-10 13:22:22, `qc_slips`.`updated_at` = 2026-07-10 13:22:22 where `id` = 2 and `deleted_at` is null) at /var/www/TRDSv2_laravel8_memo/vendor/laravel/framework/src/Illuminate/Database/Connection.php:712)
[stacktrace]
#0 /var/www/TRDSv2_laravel8_memo/vendor/laravel/framework/src/Illuminate/Database/Connection.php(672): Illuminate\\Database\\Connection->runQueryCallback('update `qc_slip...', Array, Object(Closure))
#1 /var/www/TRDSv2_laravel8_memo/vendor/laravel/framework/src/Illuminate/Database/Connection.php(533): Illuminate\\Database\\Connection->run('update `qc_slip...', Array, Object(Closure))
#2 /var/www/TRDSv2_laravel8_memo/vendor/laravel/framework/src/Illuminate/Database/Connection.php(466): Illuminate\\Database\\Connection->affectingStatement('update `qc_slip...', Array)
#3 /var/www/TRDSv2_laravel8_memo/vendor/laravel/framework/src/Illuminate/Database/Query/Builder.php(3063): Illuminate\\Database\\Connection->update('update `qc_slip...', Array)
#4 /var/www/TRDSv2_laravel8_memo/vendor/laravel/framework/src/Illuminate/Database/Eloquent/Builder.php(921): Illuminate\\Database\\Query\\Builder->update(Array)
#5 /var/www/TRDSv2_laravel8_memo/app/Http/Controllers/QualificationCertificationController.php(51): Illuminate\\Database\\Eloquent\\Builder->update(Array)
#6 /var/www/TRDSv2_laravel8_memo/vendor/laravel/framework/src/Illuminate/Routing/Controller.php(54): App\\Http\\Controllers\\QualificationCertificationController->updateApproval(Object(Illuminate\\Http\\Request))
#7 /var/www/TRDSv2_laravel8_memo/vendor/laravel/framework/src/Illuminate/Routing/ControllerDispatcher.php(45): Illuminate\\Routing\\Controller->callAction('updateApproval', Array)
#8 /var/www/TRDSv2_laravel8_memo/vendor/laravel/framework/src/Illuminate/Routing/Route.php(262): Illuminate\\Routing\\ControllerDispatcher->dispatch(Object(Illuminate\\Routing\\Route), Object(App\\Http\\Controllers\\QualificationCertificationController), 'updateApproval')
#9 /var/www/TRDSv2_laravel8_memo/vendor/laravel/framework/src/Illuminate/Routing/Route.php(205): Illuminate\\Routing\\Route->runController()
#10 /var/www/TRDSv2_laravel8_memo/vendor/laravel/framework/src/Illuminate/Routing/Router.php(721): Illuminate\\Routing\\Route->run()
#11 /var/www/TRDSv2_laravel8_memo/vendor/laravel/framework/src/Illuminate/Pipeline/Pipeline.php(128): Illuminate\\Routing\\Router->Illuminate\\Routing\\{closure}(Object(Illuminate\\Http\\Request))
#12 /var/www/TRDSv2_laravel8_memo/app/Http/Middleware/CheckSession.php(55): Illuminate\\Pipeline\\Pipeline->Illuminate\\Pipeline\\{closure}(Object(Illuminate\\Http\\Request))
#13 /var/www/TRDSv2_laravel8_memo/vendor/laravel/framework/src/Illuminate/Pipeline/Pipeline.php(167): App\\Http\\Middleware\\CheckSession->handle(Object(Illuminate\\Http\\Request), Object(Closure))
#14 /var/www/TRDSv2_laravel8_memo/vendor/laravel/framework/src/Illuminate/Routing/Middleware/SubstituteBindings.php(50): Illuminate\\Pipeline\\Pipeline->Illuminate\\Pipeline\\{closure}(Object(Illuminate\\Http\\Request))
#15 /var/www/TRDSv2_laravel8_memo/vendor/laravel/framework/src/Illuminate/Pipeline/Pipeline.php(167): Illuminate\\Routing\\Middleware\\SubstituteBindings->handle(Object(Illuminate\\Http\\Request), Object(Closure))
#16 /var/www/TRDSv2_laravel8_memo/vendor/laravel/framework/src/Illuminate/Foundation/Http/Middleware/VerifyCsrfToken.php(78): Illuminate\\Pipeline\\Pipeline->Illuminate\\Pipeline\\{closure}(Object(Illuminate\\Http\\Request))
#17 /var/www/TRDSv2_laravel8_memo/vendor/laravel/framework/src/Illuminate/Pipeline/Pipeline.php(167): Illuminate\\Foundation\\Http\\Middleware\\VerifyCsrfToken->handle(Object(Illuminate\\Http\\Request), Object(Closure))
#18 /var/www/TRDSv2_laravel8_memo/vendor/laravel/framework/src/Illuminate/View/Middleware/ShareErrorsFromSession.php(49): Illuminate\\Pipeline\\Pipeline->Illuminate\\Pipeline\\{closure}(Object(Illuminate\\Http\\Request))
#19 /var/www/TRDSv2_laravel8_memo/vendor/laravel/framework/src/Illuminate/Pipeline/Pipeline.php(167): Illuminate\\View\\Middleware\\ShareErrorsFromSession->handle(Object(Illuminate\\Http\\Request), Object(Closure))
#20 /var/www/TRDSv2_laravel8_memo/vendor/laravel/framework/src/Illuminate/Session/Middleware/StartSession.php(121): Illuminate\\Pipeline\\Pipeline->Illuminate\\Pipeline\\{closure}(Object(Illuminate\\Http\\Request))
#21 /var/www/TRDSv2_laravel8_memo/vendor/laravel/framework/src/Illuminate/Session/Middleware/StartSession.php(64): Illuminate\\Session\\Middleware\\StartSession->handleStatefulRequest(Object(Illuminate\\Http\\Request), Object(Illuminate\\Session\\Store), Object(Closure))
#22 /var/www/TRDSv2_laravel8_memo/vendor/laravel/framework/src/Illuminate/Pipeline/Pipeline.php(167): Illuminate\\Session\\Middleware\\StartSession->handle(Object(Illuminate\\Http\\Request), Object(Closure))
#23 /var/www/TRDSv2_laravel8_memo/vendor/laravel/framework/src/Illuminate/Cookie/Middleware/AddQueuedCookiesToResponse.php(37): Illuminate\\Pipeline\\Pipeline->Illuminate\\Pipeline\\{closure}(Object(Illuminate\\Http\\Request))
#24 /var/www/TRDSv2_laravel8_memo/vendor/laravel/framework/src/Illuminate/Pipeline/Pipeline.php(167): Illuminate\\Cookie\\Middleware\\AddQueuedCookiesToResponse->handle(Object(Illuminate\\Http\\Request), Object(Closure))
#25 /var/www/TRDSv2_laravel8_memo/vendor/laravel/framework/src/Illuminate/Cookie/Middleware/EncryptCookies.php(67): Illuminate\\Pipeline\\Pipeline->Illuminate\\Pipeline\\{closure}(Object(Illuminate\\Http\\Request))
#26 /var/www/TRDSv2_laravel8_memo/vendor/laravel/framework/src/Illuminate/Pipeline/Pipeline.php(167): Illuminate\\Cookie\\Middleware\\EncryptCookies->handle(Object(Illuminate\\Http\\Request), Object(Closure))
#27 /var/www/TRDSv2_laravel8_memo/vendor/laravel/framework/src/Illuminate/Pipeline/Pipeline.php(103): Illuminate\\Pipeline\\Pipeline->Illuminate\\Pipeline\\{closure}(Object(Illuminate\\Http\\Request))
#28 /var/www/TRDSv2_laravel8_memo/vendor/laravel/framework/src/Illuminate/Routing/Router.php(723): Illuminate\\Pipeline\\Pipeline->then(Object(Closure))
#29 /var/www/TRDSv2_laravel8_memo/vendor/laravel/framework/src/Illuminate/Routing/Router.php(698): Illuminate\\Routing\\Router->runRouteWithinStack(Object(Illuminate\\Routing\\Route), Object(Illuminate\\Http\\Request))
#30 /var/www/TRDSv2_laravel8_memo/vendor/laravel/framework/src/Illuminate/Routing/Router.php(662): Illuminate\\Routing\\Router->runRoute(Object(Illuminate\\Http\\Request), Object(Illuminate\\Routing\\Route))
#31 /var/www/TRDSv2_laravel8_memo/vendor/laravel/framework/src/Illuminate/Routing/Router.php(651): Illuminate\\Routing\\Router->dispatchToRoute(Object(Illuminate\\Http\\Request))
#32 /var/www/TRDSv2_laravel8_memo/vendor/laravel/framework/src/Illuminate/Foundation/Http/Kernel.php(167): Illuminate\\Routing\\Router->dispatch(Object(Illuminate\\Http\\Request))
#33 /var/www/TRDSv2_laravel8_memo/vendor/laravel/framework/src/Illuminate/Pipeline/Pipeline.php(128): Illuminate\\Foundation\\Http\\Kernel->Illuminate\\Foundation\\Http\\{closure}(Object(Illuminate\\Http\\Request))
#34 /var/www/TRDSv2_laravel8_memo/vendor/laravel/framework/src/Illuminate/Foundation/Http/Middleware/TransformsRequest.php(21): Illuminate\\Pipeline\\Pipeline->Illuminate\\Pipeline\\{closure}(Object(Illuminate\\Http\\Request))
#35 /var/www/TRDSv2_laravel8_memo/vendor/laravel/framework/src/Illuminate/Foundation/Http/Middleware/ConvertEmptyStringsToNull.php(31): Illuminate\\Foundation\\Http\\Middleware\\TransformsRequest->handle(Object(Illuminate\\Http\\Request), Object(Closure))
#36 /var/www/TRDSv2_laravel8_memo/vendor/laravel/framework/src/Illuminate/Pipeline/Pipeline.php(167): Illuminate\\Foundation\\Http\\Middleware\\ConvertEmptyStringsToNull->handle(Object(Illuminate\\Http\\Request), Object(Closure))
#37 /var/www/TRDSv2_laravel8_memo/vendor/laravel/framework/src/Illuminate/Foundation/Http/Middleware/TransformsRequest.php(21): Illuminate\\Pipeline\\Pipeline->Illuminate\\Pipeline\\{closure}(Object(Illuminate\\Http\\Request))
#38 /var/www/TRDSv2_laravel8_memo/vendor/laravel/framework/src/Illuminate/Foundation/Http/Middleware/TrimStrings.php(40): Illuminate\\Foundation\\Http\\Middleware\\TransformsRequest->handle(Object(Illuminate\\Http\\Request), Object(Closure))
#39 /var/www/TRDSv2_laravel8_memo/vendor/laravel/framework/src/Illuminate/Pipeline/Pipeline.php(167): Illuminate\\Foundation\\Http\\Middleware\\TrimStrings->handle(Object(Illuminate\\Http\\Request), Object(Closure))
#40 /var/www/TRDSv2_laravel8_memo/vendor/laravel/framework/src/Illuminate/Foundation/Http/Middleware/ValidatePostSize.php(27): Illuminate\\Pipeline\\Pipeline->Illuminate\\Pipeline\\{closure}(Object(Illuminate\\Http\\Request))
#41 /var/www/TRDSv2_laravel8_memo/vendor/laravel/framework/src/Illuminate/Pipeline/Pipeline.php(167): Illuminate\\Foundation\\Http\\Middleware\\ValidatePostSize->handle(Object(Illuminate\\Http\\Request), Object(Closure))
#42 /var/www/TRDSv2_laravel8_memo/vendor/laravel/framework/src/Illuminate/Foundation/Http/Middleware/PreventRequestsDuringMaintenance.php(86): Illuminate\\Pipeline\\Pipeline->Illuminate\\Pipeline\\{closure}(Object(Illuminate\\Http\\Request))
#43 /var/www/TRDSv2_laravel8_memo/vendor/laravel/framework/src/Illuminate/Pipeline/Pipeline.php(167): Illuminate\\Foundation\\Http\\Middleware\\PreventRequestsDuringMaintenance->handle(Object(Illuminate\\Http\\Request), Object(Closure))
#44 /var/www/TRDSv2_laravel8_memo/vendor/fideloper/proxy/src/TrustProxies.php(57): Illuminate\\Pipeline\\Pipeline->Illuminate\\Pipeline\\{closure}(Object(Illuminate\\Http\\Request))
#45 /var/www/TRDSv2_laravel8_memo/vendor/laravel/framework/src/Illuminate/Pipeline/Pipeline.php(167): Fideloper\\Proxy\\TrustProxies->handle(Object(Illuminate\\Http\\Request), Object(Closure))
#46 /var/www/TRDSv2_laravel8_memo/vendor/laravel/framework/src/Illuminate/Pipeline/Pipeline.php(103): Illuminate\\Pipeline\\Pipeline->Illuminate\\Pipeline\\{closure}(Object(Illuminate\\Http\\Request))
#47 /var/www/TRDSv2_laravel8_memo/vendor/laravel/framework/src/Illuminate/Foundation/Http/Kernel.php(142): Illuminate\\Pipeline\\Pipeline->then(Object(Closure))
#48 /var/www/TRDSv2_laravel8_memo/vendor/laravel/framework/src/Illuminate/Foundation/Http/Kernel.php(111): Illuminate\\Foundation\\Http\\Kernel->sendRequestThroughRouter(Object(Illuminate\\Http\\Request))
#49 /var/www/TRDSv2_laravel8_memo/index.php(55): Illuminate\\Foundation\\Http\\Kernel->handle(Object(Illuminate\\Http\\Request))
#50 {main}

[previous exception] [object] (PDOException(code: 23000): SQLSTATE[23000]: Integrity constraint violation: 1048 Column 'approval_status' cannot be null at /var/www/TRDSv2_laravel8_memo/vendor/laravel/framework/src/Illuminate/Database/Connection.php:526)
[stacktrace]
#0 /var/www/TRDSv2_laravel8_memo/vendor/laravel/framework/src/Illuminate/Database/Connection.php(526): PDOStatement->execute()
#1 /var/www/TRDSv2_laravel8_memo/vendor/laravel/framework/src/Illuminate/Database/Connection.php(705): Illuminate\\Database\\Connection->Illuminate\\Database\\{closure}('update `qc_slip...', Array)
#2 /var/www/TRDSv2_laravel8_memo/vendor/laravel/framework/src/Illuminate/Database/Connection.php(672): Illuminate\\Database\\Connection->runQueryCallback('update `qc_slip...', Array, Object(Closure))
#3 /var/www/TRDSv2_laravel8_memo/vendor/laravel/framework/src/Illuminate/Database/Connection.php(533): Illuminate\\Database\\Connection->run('update `qc_slip...', Array, Object(Closure))
#4 /var/www/TRDSv2_laravel8_memo/vendor/laravel/framework/src/Illuminate/Database/Connection.php(466): Illuminate\\Database\\Connection->affectingStatement('update `qc_slip...', Array)
#5 /var/www/TRDSv2_laravel8_memo/vendor/laravel/framework/src/Illuminate/Database/Query/Builder.php(3063): Illuminate\\Database\\Connection->update('update `qc_slip...', Array)
#6 /var/www/TRDSv2_laravel8_memo/vendor/laravel/framework/src/Illuminate/Database/Eloquent/Builder.php(921): Illuminate\\Database\\Query\\Builder->update(Array)
#7 /var/www/TRDSv2_laravel8_memo/app/Http/Controllers/QualificationCertificationController.php(51): Illuminate\\Database\\Eloquent\\Builder->update(Array)
#8 /var/www/TRDSv2_laravel8_memo/vendor/laravel/framework/src/Illuminate/Routing/Controller.php(54): App\\Http\\Controllers\\QualificationCertificationController->updateApproval(Object(Illuminate\\Http\\Request))
#9 /var/www/TRDSv2_laravel8_memo/vendor/laravel/framework/src/Illuminate/Routing/ControllerDispatcher.php(45): Illuminate\\Routing\\Controller->callAction('updateApproval', Array)
#10 /var/www/TRDSv2_laravel8_memo/vendor/laravel/framework/src/Illuminate/Routing/Route.php(262): Illuminate\\Routing\\ControllerDispatcher->dispatch(Object(Illuminate\\Routing\\Route), Object(App\\Http\\Controllers\\QualificationCertificationController), 'updateApproval')
#11 /var/www/TRDSv2_laravel8_memo/vendor/laravel/framework/src/Illuminate/Routing/Route.php(205): Illuminate\\Routing\\Route->runController()
#12 /var/www/TRDSv2_laravel8_memo/vendor/laravel/framework/src/Illuminate/Routing/Router.php(721): Illuminate\\Routing\\Route->run()
#13 /var/www/TRDSv2_laravel8_memo/vendor/laravel/framework/src/Illuminate/Pipeline/Pipeline.php(128): Illuminate\\Routing\\Router->Illuminate\\Routing\\{closure}(Object(Illuminate\\Http\\Request))
#14 /var/www/TRDSv2_laravel8_memo/app/Http/Middleware/CheckSession.php(55): Illuminate\\Pipeline\\Pipeline->Illuminate\\Pipeline\\{closure}(Object(Illuminate\\Http\\Request))
#15 /var/www/TRDSv2_laravel8_memo/vendor/laravel/framework/src/Illuminate/Pipeline/Pipeline.php(167): App\\Http\\Middleware\\CheckSession->handle(Object(Illuminate\\Http\\Request), Object(Closure))
#16 /var/www/TRDSv2_laravel8_memo/vendor/laravel/framework/src/Illuminate/Routing/Middleware/SubstituteBindings.php(50): Illuminate\\Pipeline\\Pipeline->Illuminate\\Pipeline\\{closure}(Object(Illuminate\\Http\\Request))
#17 /var/www/TRDSv2_laravel8_memo/vendor/laravel/framework/src/Illuminate/Pipeline/Pipeline.php(167): Illuminate\\Routing\\Middleware\\SubstituteBindings->handle(Object(Illuminate\\Http\\Request), Object(Closure))
#18 /var/www/TRDSv2_laravel8_memo/vendor/laravel/framework/src/Illuminate/Foundation/Http/Middleware/VerifyCsrfToken.php(78): Illuminate\\Pipeline\\Pipeline->Illuminate\\Pipeline\\{closure}(Object(Illuminate\\Http\\Request))
#19 /var/www/TRDSv2_laravel8_memo/vendor/laravel/framework/src/Illuminate/Pipeline/Pipeline.php(167): Illuminate\\Foundation\\Http\\Middleware\\VerifyCsrfToken->handle(Object(Illuminate\\Http\\Request), Object(Closure))
#20 /var/www/TRDSv2_laravel8_memo/vendor/laravel/framework/src/Illuminate/View/Middleware/ShareErrorsFromSession.php(49): Illuminate\\Pipeline\\Pipeline->Illuminate\\Pipeline\\{closure}(Object(Illuminate\\Http\\Request))
#21 /var/www/TRDSv2_laravel8_memo/vendor/laravel/framework/src/Illuminate/Pipeline/Pipeline.php(167): Illuminate\\View\\Middleware\\ShareErrorsFromSession->handle(Object(Illuminate\\Http\\Request), Object(Closure))
#22 /var/www/TRDSv2_laravel8_memo/vendor/laravel/framework/src/Illuminate/Session/Middleware/StartSession.php(121): Illuminate\\Pipeline\\Pipeline->Illuminate\\Pipeline\\{closure}(Object(Illuminate\\Http\\Request))
#23 /var/www/TRDSv2_laravel8_memo/vendor/laravel/framework/src/Illuminate/Session/Middleware/StartSession.php(64): Illuminate\\Session\\Middleware\\StartSession->handleStatefulRequest(Object(Illuminate\\Http\\Request), Object(Illuminate\\Session\\Store), Object(Closure))
#24 /var/www/TRDSv2_laravel8_memo/vendor/laravel/framework/src/Illuminate/Pipeline/Pipeline.php(167): Illuminate\\Session\\Middleware\\StartSession->handle(Object(Illuminate\\Http\\Request), Object(Closure))
#25 /var/www/TRDSv2_laravel8_memo/vendor/laravel/framework/src/Illuminate/Cookie/Middleware/AddQueuedCookiesToResponse.php(37): Illuminate\\Pipeline\\Pipeline->Illuminate\\Pipeline\\{closure}(Object(Illuminate\\Http\\Request))
#26 /var/www/TRDSv2_laravel8_memo/vendor/laravel/framework/src/Illuminate/Pipeline/Pipeline.php(167): Illuminate\\Cookie\\Middleware\\AddQueuedCookiesToResponse->handle(Object(Illuminate\\Http\\Request), Object(Closure))
#27 /var/www/TRDSv2_laravel8_memo/vendor/laravel/framework/src/Illuminate/Cookie/Middleware/EncryptCookies.php(67): Illuminate\\Pipeline\\Pipeline->Illuminate\\Pipeline\\{closure}(Object(Illuminate\\Http\\Request))
#28 /var/www/TRDSv2_laravel8_memo/vendor/laravel/framework/src/Illuminate/Pipeline/Pipeline.php(167): Illuminate\\Cookie\\Middleware\\EncryptCookies->handle(Object(Illuminate\\Http\\Request), Object(Closure))
#29 /var/www/TRDSv2_laravel8_memo/vendor/laravel/framework/src/Illuminate/Pipeline/Pipeline.php(103): Illuminate\\Pipeline\\Pipeline->Illuminate\\Pipeline\\{closure}(Object(Illuminate\\Http\\Request))
#30 /var/www/TRDSv2_laravel8_memo/vendor/laravel/framework/src/Illuminate/Routing/Router.php(723): Illuminate\\Pipeline\\Pipeline->then(Object(Closure))
#31 /var/www/TRDSv2_laravel8_memo/vendor/laravel/framework/src/Illuminate/Routing/Router.php(698): Illuminate\\Routing\\Router->runRouteWithinStack(Object(Illuminate\\Routing\\Route), Object(Illuminate\\Http\\Request))
#32 /var/www/TRDSv2_laravel8_memo/vendor/laravel/framework/src/Illuminate/Routing/Router.php(662): Illuminate\\Routing\\Router->runRoute(Object(Illuminate\\Http\\Request), Object(Illuminate\\Routing\\Route))
#33 /var/www/TRDSv2_laravel8_memo/vendor/laravel/framework/src/Illuminate/Routing/Router.php(651): Illuminate\\Routing\\Router->dispatchToRoute(Object(Illuminate\\Http\\Request))
#34 /var/www/TRDSv2_laravel8_memo/vendor/laravel/framework/src/Illuminate/Foundation/Http/Kernel.php(167): Illuminate\\Routing\\Router->dispatch(Object(Illuminate\\Http\\Request))
#35 /var/www/TRDSv2_laravel8_memo/vendor/laravel/framework/src/Illuminate/Pipeline/Pipeline.php(128): Illuminate\\Foundation\\Http\\Kernel->Illuminate\\Foundation\\Http\\{closure}(Object(Illuminate\\Http\\Request))
#36 /var/www/TRDSv2_laravel8_memo/vendor/laravel/framework/src/Illuminate/Foundation/Http/Middleware/TransformsRequest.php(21): Illuminate\\Pipeline\\Pipeline->Illuminate\\Pipeline\\{closure}(Object(Illuminate\\Http\\Request))
#37 /var/www/TRDSv2_laravel8_memo/vendor/laravel/framework/src/Illuminate/Foundation/Http/Middleware/ConvertEmptyStringsToNull.php(31): Illuminate\\Foundation\\Http\\Middleware\\TransformsRequest->handle(Object(Illuminate\\Http\\Request), Object(Closure))
#38 /var/www/TRDSv2_laravel8_memo/vendor/laravel/framework/src/Illuminate/Pipeline/Pipeline.php(167): Illuminate\\Foundation\\Http\\Middleware\\ConvertEmptyStringsToNull->handle(Object(Illuminate\\Http\\Request), Object(Closure))
#39 /var/www/TRDSv2_laravel8_memo/vendor/laravel/framework/src/Illuminate/Foundation/Http/Middleware/TransformsRequest.php(21): Illuminate\\Pipeline\\Pipeline->Illuminate\\Pipeline\\{closure}(Object(Illuminate\\Http\\Request))
#40 /var/www/TRDSv2_laravel8_memo/vendor/laravel/framework/src/Illuminate/Foundation/Http/Middleware/TrimStrings.php(40): Illuminate\\Foundation\\Http\\Middleware\\TransformsRequest->handle(Object(Illuminate\\Http\\Request), Object(Closure))
#41 /var/www/TRDSv2_laravel8_memo/vendor/laravel/framework/src/Illuminate/Pipeline/Pipeline.php(167): Illuminate\\Foundation\\Http\\Middleware\\TrimStrings->handle(Object(Illuminate\\Http\\Request), Object(Closure))
#42 /var/www/TRDSv2_laravel8_memo/vendor/laravel/framework/src/Illuminate/Foundation/Http/Middleware/ValidatePostSize.php(27): Illuminate\\Pipeline\\Pipeline->Illuminate\\Pipeline\\{closure}(Object(Illuminate\\Http\\Request))
#43 /var/www/TRDSv2_laravel8_memo/vendor/laravel/framework/src/Illuminate/Pipeline/Pipeline.php(167): Illuminate\\Foundation\\Http\\Middleware\\ValidatePostSize->handle(Object(Illuminate\\Http\\Request), Object(Closure))
#44 /var/www/TRDSv2_laravel8_memo/vendor/laravel/framework/src/Illuminate/Foundation/Http/Middleware/PreventRequestsDuringMaintenance.php(86): Illuminate\\Pipeline\\Pipeline->Illuminate\\Pipeline\\{closure}(Object(Illuminate\\Http\\Request))
#45 /var/www/TRDSv2_laravel8_memo/vendor/laravel/framework/src/Illuminate/Pipeline/Pipeline.php(167): Illuminate\\Foundation\\Http\\Middleware\\PreventRequestsDuringMaintenance->handle(Object(Illuminate\\Http\\Request), Object(Closure))
#46 /var/www/TRDSv2_laravel8_memo/vendor/fideloper/proxy/src/TrustProxies.php(57): Illuminate\\Pipeline\\Pipeline->Illuminate\\Pipeline\\{closure}(Object(Illuminate\\Http\\Request))
#47 /var/www/TRDSv2_laravel8_memo/vendor/laravel/framework/src/Illuminate/Pipeline/Pipeline.php(167): Fideloper\\Proxy\\TrustProxies->handle(Object(Illuminate\\Http\\Request), Object(Closure))
#48 /var/www/TRDSv2_laravel8_memo/vendor/laravel/framework/src/Illuminate/Pipeline/Pipeline.php(103): Illuminate\\Pipeline\\Pipeline->Illuminate\\Pipeline\\{closure}(Object(Illuminate\\Http\\Request))
#49 /var/www/TRDSv2_laravel8_memo/vendor/laravel/framework/src/Illuminate/Foundation/Http/Kernel.php(142): Illuminate\\Pipeline\\Pipeline->then(Object(Closure))
#50 /var/www/TRDSv2_laravel8_memo/vendor/laravel/framework/src/Illuminate/Foundation/Http/Kernel.php(111): Illuminate\\Foundation\\Http\\Kernel->sendRequestThroughRouter(Object(Illuminate\\Http\\Request))
#51 /var/www/TRDSv2_laravel8_memo/index.php(55): Illuminate\\Foundation\\Http\\Kernel->handle(Object(Illuminate\\Http\\Request))
#52 {main}
"} 
[2026-07-10 05:22:43] local.ERROR: ErrorException: Undefined variable: newStatus in /var/www/TRDSv2_laravel8_memo/app/Http/Controllers/CommonController.php:51
Stack trace:
#0 /var/www/TRDSv2_laravel8_memo/app/Http/Controllers/CommonController.php(51): Illuminate\Foundation\Bootstrap\HandleExceptions->handleError(8, 'Undefined varia...', '/var/www/TRDSv2...', 51, Array)
#1 /var/www/TRDSv2_laravel8_memo/app/Http/Controllers/QualificationCertificationController.php(276): App\Http\Controllers\CommonController->getApprovalStatus('---')
#2 /var/www/TRDSv2_laravel8_memo/vendor/laravel/framework/src/Illuminate/Container/BoundMethod.php(36): App\Http\Controllers\QualificationCertificationController->App\Http\Controllers\{closure}(Object(App\Model\QcSlip))
#3 /var/www/TRDSv2_laravel8_memo/vendor/laravel/framework/src/Illuminate/Container/Util.php(40): Illuminate\Container\BoundMethod::Illuminate\Container\{closure}()
#4 /var/www/TRDSv2_laravel8_memo/vendor/laravel/framework/src/Illuminate/Container/BoundMethod.php(81): Illuminate\Container\Util::unwrapIfClosure(Object(Closure))
#5 /var/www/TRDSv2_laravel8_memo/vendor/laravel/framework/src/Illuminate/Container/BoundMethod.php(37): Illuminate\Container\BoundMethod::callBoundMethod(Object(Illuminate\Foundation\Application), Object(Closure), Object(Closure))
#6 /var/www/TRDSv2_laravel8_memo/vendor/laravel/framework/src/Illuminate/Container/Container.php(653): Illuminate\Container\BoundMethod::call(Object(Illuminate\Foundation\Application), Object(Closure), Array, NULL)
#7 /var/www/TRDSv2_laravel8_memo/vendor/yajra/laravel-datatables-oracle/src/Utilities/Helper.php(71): Illuminate\Container\Container->call(Object(Closure), Array)
#8 /var/www/TRDSv2_laravel8_memo/vendor/yajra/laravel-datatables-oracle/src/Processors/DataProcessor.php(137): Yajra\DataTables\Utilities\Helper::compileContent(Object(Closure), Array, Object(App\Model\QcSlip))
#9 /var/www/TRDSv2_laravel8_memo/vendor/yajra/laravel-datatables-oracle/src/Processors/DataProcessor.php(106): Yajra\DataTables\Processors\DataProcessor->addColumns(Array, Object(App\Model\QcSlip))
#10 /var/www/TRDSv2_laravel8_memo/vendor/yajra/laravel-datatables-oracle/src/DataTableAbstract.php(806): Yajra\DataTables\Processors\DataProcessor->process(true)
#11 /var/www/TRDSv2_laravel8_memo/vendor/yajra/laravel-datatables-oracle/src/CollectionDataTable.php(164): Yajra\DataTables\DataTableAbstract->processResults(Array, true)
#12 /var/www/TRDSv2_laravel8_memo/app/Http/Controllers/QualificationCertificationController.php(317): Yajra\DataTables\CollectionDataTable->make(true)
#13 /var/www/TRDSv2_laravel8_memo/vendor/laravel/framework/src/Illuminate/Routing/Controller.php(54): App\Http\Controllers\QualificationCertificationController->loadQcSlip(Object(Illuminate\Http\Request))
#14 /var/www/TRDSv2_laravel8_memo/vendor/laravel/framework/src/Illuminate/Routing/ControllerDispatcher.php(45): Illuminate\Routing\Controller->callAction('loadQcSlip', Array)
#15 /var/www/TRDSv2_laravel8_memo/vendor/laravel/framework/src/Illuminate/Routing/Route.php(262): Illuminate\Routing\ControllerDispatcher->dispatch(Object(Illuminate\Routing\Route), Object(App\Http\Controllers\QualificationCertificationController), 'loadQcSlip')
#16 /var/www/TRDSv2_laravel8_memo/vendor/laravel/framework/src/Illuminate/Routing/Route.php(205): Illuminate\Routing\Route->runController()
#17 /var/www/TRDSv2_laravel8_memo/vendor/laravel/framework/src/Illuminate/Routing/Router.php(721): Illuminate\Routing\Route->run()
#18 /var/www/TRDSv2_laravel8_memo/vendor/laravel/framework/src/Illuminate/Pipeline/Pipeline.php(128): Illuminate\Routing\Router->Illuminate\Routing\{closure}(Object(Illuminate\Http\Request))
#19 /var/www/TRDSv2_laravel8_memo/app/Http/Middleware/CheckSession.php(55): Illuminate\Pipeline\Pipeline->Illuminate\Pipeline\{closure}(Object(Illuminate\Http\Request))
#20 /var/www/TRDSv2_laravel8_memo/vendor/laravel/framework/src/Illuminate/Pipeline/Pipeline.php(167): App\Http\Middleware\CheckSession->handle(Object(Illuminate\Http\Request), Object(Closure))
#21 /var/www/TRDSv2_laravel8_memo/vendor/laravel/framework/src/Illuminate/Routing/Middleware/SubstituteBindings.php(50): Illuminate\Pipeline\Pipeline->Illuminate\Pipeline\{closure}(Object(Illuminate\Http\Request))
#22 /var/www/TRDSv2_laravel8_memo/vendor/laravel/framework/src/Illuminate/Pipeline/Pipeline.php(167): Illuminate\Routing\Middleware\SubstituteBindings->handle(Object(Illuminate\Http\Request), Object(Closure))
#23 /var/www/TRDSv2_laravel8_memo/vendor/laravel/framework/src/Illuminate/Foundation/Http/Middleware/VerifyCsrfToken.php(78): Illuminate\Pipeline\Pipeline->Illuminate\Pipeline\{closure}(Object(Illuminate\Http\Request))
#24 /var/www/TRDSv2_laravel8_memo/vendor/laravel/framework/src/Illuminate/Pipeline/Pipeline.php(167): Illuminate\Foundation\Http\Middleware\VerifyCsrfToken->handle(Object(Illuminate\Http\Request), Object(Closure))
#25 /var/www/TRDSv2_laravel8_memo/vendor/laravel/framework/src/Illuminate/View/Middleware/ShareErrorsFromSession.php(49): Illuminate\Pipeline\Pipeline->Illuminate\Pipeline\{closure}(Object(Illuminate\Http\Request))
#26 /var/www/TRDSv2_laravel8_memo/vendor/laravel/framework/src/Illuminate/Pipeline/Pipeline.php(167): Illuminate\View\Middleware\ShareErrorsFromSession->handle(Object(Illuminate\Http\Request), Object(Closure))
#27 /var/www/TRDSv2_laravel8_memo/vendor/laravel/framework/src/Illuminate/Session/Middleware/StartSession.php(121): Illuminate\Pipeline\Pipeline->Illuminate\Pipeline\{closure}(Object(Illuminate\Http\Request))
#28 /var/www/TRDSv2_laravel8_memo/vendor/laravel/framework/src/Illuminate/Session/Middleware/StartSession.php(64): Illuminate\Session\Middleware\StartSession->handleStatefulRequest(Object(Illuminate\Http\Request), Object(Illuminate\Session\Store), Object(Closure))
#29 /var/www/TRDSv2_laravel8_memo/vendor/laravel/framework/src/Illuminate/Pipeline/Pipeline.php(167): Illuminate\Session\Middleware\StartSession->handle(Object(Illuminate\Http\Request), Object(Closure))
#30 /var/www/TRDSv2_laravel8_memo/vendor/laravel/framework/src/Illuminate/Cookie/Middleware/AddQueuedCookiesToResponse.php(37): Illuminate\Pipeline\Pipeline->Illuminate\Pipeline\{closure}(Object(Illuminate\Http\Request))
#31 /var/www/TRDSv2_laravel8_memo/vendor/laravel/framework/src/Illuminate/Pipeline/Pipeline.php(167): Illuminate\Cookie\Middleware\AddQueuedCookiesToResponse->handle(Object(Illuminate\Http\Request), Object(Closure))
#32 /var/www/TRDSv2_laravel8_memo/vendor/laravel/framework/src/Illuminate/Cookie/Middleware/EncryptCookies.php(67): Illuminate\Pipeline\Pipeline->Illuminate\Pipeline\{closure}(Object(Illuminate\Http\Request))
#33 /var/www/TRDSv2_laravel8_memo/vendor/laravel/framework/src/Illuminate/Pipeline/Pipeline.php(167): Illuminate\Cookie\Middleware\EncryptCookies->handle(Object(Illuminate\Http\Request), Object(Closure))
#34 /var/www/TRDSv2_laravel8_memo/vendor/laravel/framework/src/Illuminate/Pipeline/Pipeline.php(103): Illuminate\Pipeline\Pipeline->Illuminate\Pipeline\{closure}(Object(Illuminate\Http\Request))
#35 /var/www/TRDSv2_laravel8_memo/vendor/laravel/framework/src/Illuminate/Routing/Router.php(723): Illuminate\Pipeline\Pipeline->then(Object(Closure))
#36 /var/www/TRDSv2_laravel8_memo/vendor/laravel/framework/src/Illuminate/Routing/Router.php(698): Illuminate\Routing\Router->runRouteWithinStack(Object(Illuminate\Routing\Route), Object(Illuminate\Http\Request))
#37 /var/www/TRDSv2_laravel8_memo/vendor/laravel/framework/src/Illuminate/Routing/Router.php(662): Illuminate\Routing\Router->runRoute(Object(Illuminate\Http\Request), Object(Illuminate\Routing\Route))
#38 /var/www/TRDSv2_laravel8_memo/vendor/laravel/framework/src/Illuminate/Routing/Router.php(651): Illuminate\Routing\Router->dispatchToRoute(Object(Illuminate\Http\Request))
#39 /var/www/TRDSv2_laravel8_memo/vendor/laravel/framework/src/Illuminate/Foundation/Http/Kernel.php(167): Illuminate\Routing\Router->dispatch(Object(Illuminate\Http\Request))
#40 /var/www/TRDSv2_laravel8_memo/vendor/laravel/framework/src/Illuminate/Pipeline/Pipeline.php(128): Illuminate\Foundation\Http\Kernel->Illuminate\Foundation\Http\{closure}(Object(Illuminate\Http\Request))
#41 /var/www/TRDSv2_laravel8_memo/vendor/laravel/framework/src/Illuminate/Foundation/Http/Middleware/TransformsRequest.php(21): Illuminate\Pipeline\Pipeline->Illuminate\Pipeline\{closure}(Object(Illuminate\Http\Request))
#42 /var/www/TRDSv2_laravel8_memo/vendor/laravel/framework/src/Illuminate/Foundation/Http/Middleware/ConvertEmptyStringsToNull.php(31): Illuminate\Foundation\Http\Middleware\TransformsRequest->handle(Object(Illuminate\Http\Request), Object(Closure))
#43 /var/www/TRDSv2_laravel8_memo/vendor/laravel/framework/src/Illuminate/Pipeline/Pipeline.php(167): Illuminate\Foundation\Http\Middleware\ConvertEmptyStringsToNull->handle(Object(Illuminate\Http\Request), Object(Closure))
#44 /var/www/TRDSv2_laravel8_memo/vendor/laravel/framework/src/Illuminate/Foundation/Http/Middleware/TransformsRequest.php(21): Illuminate\Pipeline\Pipeline->Illuminate\Pipeline\{closure}(Object(Illuminate\Http\Request))
#45 /var/www/TRDSv2_laravel8_memo/vendor/laravel/framework/src/Illuminate/Foundation/Http/Middleware/TrimStrings.php(40): Illuminate\Foundation\Http\Middleware\TransformsRequest->handle(Object(Illuminate\Http\Request), Object(Closure))
#46 /var/www/TRDSv2_laravel8_memo/vendor/laravel/framework/src/Illuminate/Pipeline/Pipeline.php(167): Illuminate\Foundation\Http\Middleware\TrimStrings->handle(Object(Illuminate\Http\Request), Object(Closure))
#47 /var/www/TRDSv2_laravel8_memo/vendor/laravel/framework/src/Illuminate/Foundation/Http/Middleware/ValidatePostSize.php(27): Illuminate\Pipeline\Pipeline->Illuminate\Pipeline\{closure}(Object(Illuminate\Http\Request))
#48 /var/www/TRDSv2_laravel8_memo/vendor/laravel/framework/src/Illuminate/Pipeline/Pipeline.php(167): Illuminate\Foundation\Http\Middleware\ValidatePostSize->handle(Object(Illuminate\Http\Request), Object(Closure))
#49 /var/www/TRDSv2_laravel8_memo/vendor/laravel/framework/src/Illuminate/Foundation/Http/Middleware/PreventRequestsDuringMaintenance.php(86): Illuminate\Pipeline\Pipeline->Illuminate\Pipeline\{closure}(Object(Illuminate\Http\Request))
#50 /var/www/TRDSv2_laravel8_memo/vendor/laravel/framework/src/Illuminate/Pipeline/Pipeline.php(167): Illuminate\Foundation\Http\Middleware\PreventRequestsDuringMaintenance->handle(Object(Illuminate\Http\Request), Object(Closure))
#51 /var/www/TRDSv2_laravel8_memo/vendor/fideloper/proxy/src/TrustProxies.php(57): Illuminate\Pipeline\Pipeline->Illuminate\Pipeline\{closure}(Object(Illuminate\Http\Request))
#52 /var/www/TRDSv2_laravel8_memo/vendor/laravel/framework/src/Illuminate/Pipeline/Pipeline.php(167): Fideloper\Proxy\TrustProxies->handle(Object(Illuminate\Http\Request), Object(Closure))
#53 /var/www/TRDSv2_laravel8_memo/vendor/laravel/framework/src/Illuminate/Pipeline/Pipeline.php(103): Illuminate\Pipeline\Pipeline->Illuminate\Pipeline\{closure}(Object(Illuminate\Http\Request))
#54 /var/www/TRDSv2_laravel8_memo/vendor/laravel/framework/src/Illuminate/Foundation/Http/Kernel.php(142): Illuminate\Pipeline\Pipeline->then(Object(Closure))
#55 /var/www/TRDSv2_laravel8_memo/vendor/laravel/framework/src/Illuminate/Foundation/Http/Kernel.php(111): Illuminate\Foundation\Http\Kernel->sendRequestThroughRouter(Object(Illuminate\Http\Request))
#56 /var/www/TRDSv2_laravel8_memo/index.php(55): Illuminate\Foundation\Http\Kernel->handle(Object(Illuminate\Http\Request))
#57 {main}  
[2026-07-10 05:24:32] local.ERROR: ErrorException: Undefined variable: newStatus in /var/www/TRDSv2_laravel8_memo/app/Http/Controllers/CommonController.php:52
Stack trace:
#0 /var/www/TRDSv2_laravel8_memo/app/Http/Controllers/CommonController.php(52): Illuminate\Foundation\Bootstrap\HandleExceptions->handleError(8, 'Undefined varia...', '/var/www/TRDSv2...', 52, Array)
#1 /var/www/TRDSv2_laravel8_memo/app/Http/Controllers/QualificationCertificationController.php(276): App\Http\Controllers\CommonController->getApprovalStatus('---')
#2 /var/www/TRDSv2_laravel8_memo/vendor/laravel/framework/src/Illuminate/Container/BoundMethod.php(36): App\Http\Controllers\QualificationCertificationController->App\Http\Controllers\{closure}(Object(App\Model\QcSlip))
#3 /var/www/TRDSv2_laravel8_memo/vendor/laravel/framework/src/Illuminate/Container/Util.php(40): Illuminate\Container\BoundMethod::Illuminate\Container\{closure}()
#4 /var/www/TRDSv2_laravel8_memo/vendor/laravel/framework/src/Illuminate/Container/BoundMethod.php(81): Illuminate\Container\Util::unwrapIfClosure(Object(Closure))
#5 /var/www/TRDSv2_laravel8_memo/vendor/laravel/framework/src/Illuminate/Container/BoundMethod.php(37): Illuminate\Container\BoundMethod::callBoundMethod(Object(Illuminate\Foundation\Application), Object(Closure), Object(Closure))
#6 /var/www/TRDSv2_laravel8_memo/vendor/laravel/framework/src/Illuminate/Container/Container.php(653): Illuminate\Container\BoundMethod::call(Object(Illuminate\Foundation\Application), Object(Closure), Array, NULL)
#7 /var/www/TRDSv2_laravel8_memo/vendor/yajra/laravel-datatables-oracle/src/Utilities/Helper.php(71): Illuminate\Container\Container->call(Object(Closure), Array)
#8 /var/www/TRDSv2_laravel8_memo/vendor/yajra/laravel-datatables-oracle/src/Processors/DataProcessor.php(137): Yajra\DataTables\Utilities\Helper::compileContent(Object(Closure), Array, Object(App\Model\QcSlip))
#9 /var/www/TRDSv2_laravel8_memo/vendor/yajra/laravel-datatables-oracle/src/Processors/DataProcessor.php(106): Yajra\DataTables\Processors\DataProcessor->addColumns(Array, Object(App\Model\QcSlip))
#10 /var/www/TRDSv2_laravel8_memo/vendor/yajra/laravel-datatables-oracle/src/DataTableAbstract.php(806): Yajra\DataTables\Processors\DataProcessor->process(true)
#11 /var/www/TRDSv2_laravel8_memo/vendor/yajra/laravel-datatables-oracle/src/CollectionDataTable.php(164): Yajra\DataTables\DataTableAbstract->processResults(Array, true)
#12 /var/www/TRDSv2_laravel8_memo/app/Http/Controllers/QualificationCertificationController.php(317): Yajra\DataTables\CollectionDataTable->make(true)
#13 /var/www/TRDSv2_laravel8_memo/vendor/laravel/framework/src/Illuminate/Routing/Controller.php(54): App\Http\Controllers\QualificationCertificationController->loadQcSlip(Object(Illuminate\Http\Request))
#14 /var/www/TRDSv2_laravel8_memo/vendor/laravel/framework/src/Illuminate/Routing/ControllerDispatcher.php(45): Illuminate\Routing\Controller->callAction('loadQcSlip', Array)
#15 /var/www/TRDSv2_laravel8_memo/vendor/laravel/framework/src/Illuminate/Routing/Route.php(262): Illuminate\Routing\ControllerDispatcher->dispatch(Object(Illuminate\Routing\Route), Object(App\Http\Controllers\QualificationCertificationController), 'loadQcSlip')
#16 /var/www/TRDSv2_laravel8_memo/vendor/laravel/framework/src/Illuminate/Routing/Route.php(205): Illuminate\Routing\Route->runController()
#17 /var/www/TRDSv2_laravel8_memo/vendor/laravel/framework/src/Illuminate/Routing/Router.php(721): Illuminate\Routing\Route->run()
#18 /var/www/TRDSv2_laravel8_memo/vendor/laravel/framework/src/Illuminate/Pipeline/Pipeline.php(128): Illuminate\Routing\Router->Illuminate\Routing\{closure}(Object(Illuminate\Http\Request))
#19 /var/www/TRDSv2_laravel8_memo/app/Http/Middleware/CheckSession.php(55): Illuminate\Pipeline\Pipeline->Illuminate\Pipeline\{closure}(Object(Illuminate\Http\Request))
#20 /var/www/TRDSv2_laravel8_memo/vendor/laravel/framework/src/Illuminate/Pipeline/Pipeline.php(167): App\Http\Middleware\CheckSession->handle(Object(Illuminate\Http\Request), Object(Closure))
#21 /var/www/TRDSv2_laravel8_memo/vendor/laravel/framework/src/Illuminate/Routing/Middleware/SubstituteBindings.php(50): Illuminate\Pipeline\Pipeline->Illuminate\Pipeline\{closure}(Object(Illuminate\Http\Request))
#22 /var/www/TRDSv2_laravel8_memo/vendor/laravel/framework/src/Illuminate/Pipeline/Pipeline.php(167): Illuminate\Routing\Middleware\SubstituteBindings->handle(Object(Illuminate\Http\Request), Object(Closure))
#23 /var/www/TRDSv2_laravel8_memo/vendor/laravel/framework/src/Illuminate/Foundation/Http/Middleware/VerifyCsrfToken.php(78): Illuminate\Pipeline\Pipeline->Illuminate\Pipeline\{closure}(Object(Illuminate\Http\Request))
#24 /var/www/TRDSv2_laravel8_memo/vendor/laravel/framework/src/Illuminate/Pipeline/Pipeline.php(167): Illuminate\Foundation\Http\Middleware\VerifyCsrfToken->handle(Object(Illuminate\Http\Request), Object(Closure))
#25 /var/www/TRDSv2_laravel8_memo/vendor/laravel/framework/src/Illuminate/View/Middleware/ShareErrorsFromSession.php(49): Illuminate\Pipeline\Pipeline->Illuminate\Pipeline\{closure}(Object(Illuminate\Http\Request))
#26 /var/www/TRDSv2_laravel8_memo/vendor/laravel/framework/src/Illuminate/Pipeline/Pipeline.php(167): Illuminate\View\Middleware\ShareErrorsFromSession->handle(Object(Illuminate\Http\Request), Object(Closure))
#27 /var/www/TRDSv2_laravel8_memo/vendor/laravel/framework/src/Illuminate/Session/Middleware/StartSession.php(121): Illuminate\Pipeline\Pipeline->Illuminate\Pipeline\{closure}(Object(Illuminate\Http\Request))
#28 /var/www/TRDSv2_laravel8_memo/vendor/laravel/framework/src/Illuminate/Session/Middleware/StartSession.php(64): Illuminate\Session\Middleware\StartSession->handleStatefulRequest(Object(Illuminate\Http\Request), Object(Illuminate\Session\Store), Object(Closure))
#29 /var/www/TRDSv2_laravel8_memo/vendor/laravel/framework/src/Illuminate/Pipeline/Pipeline.php(167): Illuminate\Session\Middleware\StartSession->handle(Object(Illuminate\Http\Request), Object(Closure))
#30 /var/www/TRDSv2_laravel8_memo/vendor/laravel/framework/src/Illuminate/Cookie/Middleware/AddQueuedCookiesToResponse.php(37): Illuminate\Pipeline\Pipeline->Illuminate\Pipeline\{closure}(Object(Illuminate\Http\Request))
#31 /var/www/TRDSv2_laravel8_memo/vendor/laravel/framework/src/Illuminate/Pipeline/Pipeline.php(167): Illuminate\Cookie\Middleware\AddQueuedCookiesToResponse->handle(Object(Illuminate\Http\Request), Object(Closure))
#32 /var/www/TRDSv2_laravel8_memo/vendor/laravel/framework/src/Illuminate/Cookie/Middleware/EncryptCookies.php(67): Illuminate\Pipeline\Pipeline->Illuminate\Pipeline\{closure}(Object(Illuminate\Http\Request))
#33 /var/www/TRDSv2_laravel8_memo/vendor/laravel/framework/src/Illuminate/Pipeline/Pipeline.php(167): Illuminate\Cookie\Middleware\EncryptCookies->handle(Object(Illuminate\Http\Request), Object(Closure))
#34 /var/www/TRDSv2_laravel8_memo/vendor/laravel/framework/src/Illuminate/Pipeline/Pipeline.php(103): Illuminate\Pipeline\Pipeline->Illuminate\Pipeline\{closure}(Object(Illuminate\Http\Request))
#35 /var/www/TRDSv2_laravel8_memo/vendor/laravel/framework/src/Illuminate/Routing/Router.php(723): Illuminate\Pipeline\Pipeline->then(Object(Closure))
#36 /var/www/TRDSv2_laravel8_memo/vendor/laravel/framework/src/Illuminate/Routing/Router.php(698): Illuminate\Routing\Router->runRouteWithinStack(Object(Illuminate\Routing\Route), Object(Illuminate\Http\Request))
#37 /var/www/TRDSv2_laravel8_memo/vendor/laravel/framework/src/Illuminate/Routing/Router.php(662): Illuminate\Routing\Router->runRoute(Object(Illuminate\Http\Request), Object(Illuminate\Routing\Route))
#38 /var/www/TRDSv2_laravel8_memo/vendor/laravel/framework/src/Illuminate/Routing/Router.php(651): Illuminate\Routing\Router->dispatchToRoute(Object(Illuminate\Http\Request))
#39 /var/www/TRDSv2_laravel8_memo/vendor/laravel/framework/src/Illuminate/Foundation/Http/Kernel.php(167): Illuminate\Routing\Router->dispatch(Object(Illuminate\Http\Request))
#40 /var/www/TRDSv2_laravel8_memo/vendor/laravel/framework/src/Illuminate/Pipeline/Pipeline.php(128): Illuminate\Foundation\Http\Kernel->Illuminate\Foundation\Http\{closure}(Object(Illuminate\Http\Request))
#41 /var/www/TRDSv2_laravel8_memo/vendor/laravel/framework/src/Illuminate/Foundation/Http/Middleware/TransformsRequest.php(21): Illuminate\Pipeline\Pipeline->Illuminate\Pipeline\{closure}(Object(Illuminate\Http\Request))
#42 /var/www/TRDSv2_laravel8_memo/vendor/laravel/framework/src/Illuminate/Foundation/Http/Middleware/ConvertEmptyStringsToNull.php(31): Illuminate\Foundation\Http\Middleware\TransformsRequest->handle(Object(Illuminate\Http\Request), Object(Closure))
#43 /var/www/TRDSv2_laravel8_memo/vendor/laravel/framework/src/Illuminate/Pipeline/Pipeline.php(167): Illuminate\Foundation\Http\Middleware\ConvertEmptyStringsToNull->handle(Object(Illuminate\Http\Request), Object(Closure))
#44 /var/www/TRDSv2_laravel8_memo/vendor/laravel/framework/src/Illuminate/Foundation/Http/Middleware/TransformsRequest.php(21): Illuminate\Pipeline\Pipeline->Illuminate\Pipeline\{closure}(Object(Illuminate\Http\Request))
#45 /var/www/TRDSv2_laravel8_memo/vendor/laravel/framework/src/Illuminate/Foundation/Http/Middleware/TrimStrings.php(40): Illuminate\Foundation\Http\Middleware\TransformsRequest->handle(Object(Illuminate\Http\Request), Object(Closure))
#46 /var/www/TRDSv2_laravel8_memo/vendor/laravel/framework/src/Illuminate/Pipeline/Pipeline.php(167): Illuminate\Foundation\Http\Middleware\TrimStrings->handle(Object(Illuminate\Http\Request), Object(Closure))
#47 /var/www/TRDSv2_laravel8_memo/vendor/laravel/framework/src/Illuminate/Foundation/Http/Middleware/ValidatePostSize.php(27): Illuminate\Pipeline\Pipeline->Illuminate\Pipeline\{closure}(Object(Illuminate\Http\Request))
#48 /var/www/TRDSv2_laravel8_memo/vendor/laravel/framework/src/Illuminate/Pipeline/Pipeline.php(167): Illuminate\Foundation\Http\Middleware\ValidatePostSize->handle(Object(Illuminate\Http\Request), Object(Closure))
#49 /var/www/TRDSv2_laravel8_memo/vendor/laravel/framework/src/Illuminate/Foundation/Http/Middleware/PreventRequestsDuringMaintenance.php(86): Illuminate\Pipeline\Pipeline->Illuminate\Pipeline\{closure}(Object(Illuminate\Http\Request))
#50 /var/www/TRDSv2_laravel8_memo/vendor/laravel/framework/src/Illuminate/Pipeline/Pipeline.php(167): Illuminate\Foundation\Http\Middleware\PreventRequestsDuringMaintenance->handle(Object(Illuminate\Http\Request), Object(Closure))
#51 /var/www/TRDSv2_laravel8_memo/vendor/fideloper/proxy/src/TrustProxies.php(57): Illuminate\Pipeline\Pipeline->Illuminate\Pipeline\{closure}(Object(Illuminate\Http\Request))
#52 /var/www/TRDSv2_laravel8_memo/vendor/laravel/framework/src/Illuminate/Pipeline/Pipeline.php(167): Fideloper\Proxy\TrustProxies->handle(Object(Illuminate\Http\Request), Object(Closure))
#53 /var/www/TRDSv2_laravel8_memo/vendor/laravel/framework/src/Illuminate/Pipeline/Pipeline.php(103): Illuminate\Pipeline\Pipeline->Illuminate\Pipeline\{closure}(Object(Illuminate\Http\Request))
#54 /var/www/TRDSv2_laravel8_memo/vendor/laravel/framework/src/Illuminate/Foundation/Http/Kernel.php(142): Illuminate\Pipeline\Pipeline->then(Object(Closure))
#55 /var/www/TRDSv2_laravel8_memo/vendor/laravel/framework/src/Illuminate/Foundation/Http/Kernel.php(111): Illuminate\Foundation\Http\Kernel->sendRequestThroughRouter(Object(Illuminate\Http\Request))
#56 /var/www/TRDSv2_laravel8_memo/index.php(55): Illuminate\Foundation\Http\Kernel->handle(Object(Illuminate\Http\Request))
#57 {main}  
[2026-07-10 05:24:37] local.ERROR: ErrorException: Undefined variable: newStatus in /var/www/TRDSv2_laravel8_memo/app/Http/Controllers/CommonController.php:52
Stack trace:
#0 /var/www/TRDSv2_laravel8_memo/app/Http/Controllers/CommonController.php(52): Illuminate\Foundation\Bootstrap\HandleExceptions->handleError(8, 'Undefined varia...', '/var/www/TRDSv2...', 52, Array)
#1 /var/www/TRDSv2_laravel8_memo/app/Http/Controllers/QualificationCertificationController.php(276): App\Http\Controllers\CommonController->getApprovalStatus('---')
#2 /var/www/TRDSv2_laravel8_memo/vendor/laravel/framework/src/Illuminate/Container/BoundMethod.php(36): App\Http\Controllers\QualificationCertificationController->App\Http\Controllers\{closure}(Object(App\Model\QcSlip))
#3 /var/www/TRDSv2_laravel8_memo/vendor/laravel/framework/src/Illuminate/Container/Util.php(40): Illuminate\Container\BoundMethod::Illuminate\Container\{closure}()
#4 /var/www/TRDSv2_laravel8_memo/vendor/laravel/framework/src/Illuminate/Container/BoundMethod.php(81): Illuminate\Container\Util::unwrapIfClosure(Object(Closure))
#5 /var/www/TRDSv2_laravel8_memo/vendor/laravel/framework/src/Illuminate/Container/BoundMethod.php(37): Illuminate\Container\BoundMethod::callBoundMethod(Object(Illuminate\Foundation\Application), Object(Closure), Object(Closure))
#6 /var/www/TRDSv2_laravel8_memo/vendor/laravel/framework/src/Illuminate/Container/Container.php(653): Illuminate\Container\BoundMethod::call(Object(Illuminate\Foundation\Application), Object(Closure), Array, NULL)
#7 /var/www/TRDSv2_laravel8_memo/vendor/yajra/laravel-datatables-oracle/src/Utilities/Helper.php(71): Illuminate\Container\Container->call(Object(Closure), Array)
#8 /var/www/TRDSv2_laravel8_memo/vendor/yajra/laravel-datatables-oracle/src/Processors/DataProcessor.php(137): Yajra\DataTables\Utilities\Helper::compileContent(Object(Closure), Array, Object(App\Model\QcSlip))
#9 /var/www/TRDSv2_laravel8_memo/vendor/yajra/laravel-datatables-oracle/src/Processors/DataProcessor.php(106): Yajra\DataTables\Processors\DataProcessor->addColumns(Array, Object(App\Model\QcSlip))
#10 /var/www/TRDSv2_laravel8_memo/vendor/yajra/laravel-datatables-oracle/src/DataTableAbstract.php(806): Yajra\DataTables\Processors\DataProcessor->process(true)
#11 /var/www/TRDSv2_laravel8_memo/vendor/yajra/laravel-datatables-oracle/src/CollectionDataTable.php(164): Yajra\DataTables\DataTableAbstract->processResults(Array, true)
#12 /var/www/TRDSv2_laravel8_memo/app/Http/Controllers/QualificationCertificationController.php(317): Yajra\DataTables\CollectionDataTable->make(true)
#13 /var/www/TRDSv2_laravel8_memo/vendor/laravel/framework/src/Illuminate/Routing/Controller.php(54): App\Http\Controllers\QualificationCertificationController->loadQcSlip(Object(Illuminate\Http\Request))
#14 /var/www/TRDSv2_laravel8_memo/vendor/laravel/framework/src/Illuminate/Routing/ControllerDispatcher.php(45): Illuminate\Routing\Controller->callAction('loadQcSlip', Array)
#15 /var/www/TRDSv2_laravel8_memo/vendor/laravel/framework/src/Illuminate/Routing/Route.php(262): Illuminate\Routing\ControllerDispatcher->dispatch(Object(Illuminate\Routing\Route), Object(App\Http\Controllers\QualificationCertificationController), 'loadQcSlip')
#16 /var/www/TRDSv2_laravel8_memo/vendor/laravel/framework/src/Illuminate/Routing/Route.php(205): Illuminate\Routing\Route->runController()
#17 /var/www/TRDSv2_laravel8_memo/vendor/laravel/framework/src/Illuminate/Routing/Router.php(721): Illuminate\Routing\Route->run()
#18 /var/www/TRDSv2_laravel8_memo/vendor/laravel/framework/src/Illuminate/Pipeline/Pipeline.php(128): Illuminate\Routing\Router->Illuminate\Routing\{closure}(Object(Illuminate\Http\Request))
#19 /var/www/TRDSv2_laravel8_memo/app/Http/Middleware/CheckSession.php(55): Illuminate\Pipeline\Pipeline->Illuminate\Pipeline\{closure}(Object(Illuminate\Http\Request))
#20 /var/www/TRDSv2_laravel8_memo/vendor/laravel/framework/src/Illuminate/Pipeline/Pipeline.php(167): App\Http\Middleware\CheckSession->handle(Object(Illuminate\Http\Request), Object(Closure))
#21 /var/www/TRDSv2_laravel8_memo/vendor/laravel/framework/src/Illuminate/Routing/Middleware/SubstituteBindings.php(50): Illuminate\Pipeline\Pipeline->Illuminate\Pipeline\{closure}(Object(Illuminate\Http\Request))
#22 /var/www/TRDSv2_laravel8_memo/vendor/laravel/framework/src/Illuminate/Pipeline/Pipeline.php(167): Illuminate\Routing\Middleware\SubstituteBindings->handle(Object(Illuminate\Http\Request), Object(Closure))
#23 /var/www/TRDSv2_laravel8_memo/vendor/laravel/framework/src/Illuminate/Foundation/Http/Middleware/VerifyCsrfToken.php(78): Illuminate\Pipeline\Pipeline->Illuminate\Pipeline\{closure}(Object(Illuminate\Http\Request))
#24 /var/www/TRDSv2_laravel8_memo/vendor/laravel/framework/src/Illuminate/Pipeline/Pipeline.php(167): Illuminate\Foundation\Http\Middleware\VerifyCsrfToken->handle(Object(Illuminate\Http\Request), Object(Closure))
#25 /var/www/TRDSv2_laravel8_memo/vendor/laravel/framework/src/Illuminate/View/Middleware/ShareErrorsFromSession.php(49): Illuminate\Pipeline\Pipeline->Illuminate\Pipeline\{closure}(Object(Illuminate\Http\Request))
#26 /var/www/TRDSv2_laravel8_memo/vendor/laravel/framework/src/Illuminate/Pipeline/Pipeline.php(167): Illuminate\View\Middleware\ShareErrorsFromSession->handle(Object(Illuminate\Http\Request), Object(Closure))
#27 /var/www/TRDSv2_laravel8_memo/vendor/laravel/framework/src/Illuminate/Session/Middleware/StartSession.php(121): Illuminate\Pipeline\Pipeline->Illuminate\Pipeline\{closure}(Object(Illuminate\Http\Request))
#28 /var/www/TRDSv2_laravel8_memo/vendor/laravel/framework/src/Illuminate/Session/Middleware/StartSession.php(64): Illuminate\Session\Middleware\StartSession->handleStatefulRequest(Object(Illuminate\Http\Request), Object(Illuminate\Session\Store), Object(Closure))
#29 /var/www/TRDSv2_laravel8_memo/vendor/laravel/framework/src/Illuminate/Pipeline/Pipeline.php(167): Illuminate\Session\Middleware\StartSession->handle(Object(Illuminate\Http\Request), Object(Closure))
#30 /var/www/TRDSv2_laravel8_memo/vendor/laravel/framework/src/Illuminate/Cookie/Middleware/AddQueuedCookiesToResponse.php(37): Illuminate\Pipeline\Pipeline->Illuminate\Pipeline\{closure}(Object(Illuminate\Http\Request))
#31 /var/www/TRDSv2_laravel8_memo/vendor/laravel/framework/src/Illuminate/Pipeline/Pipeline.php(167): Illuminate\Cookie\Middleware\AddQueuedCookiesToResponse->handle(Object(Illuminate\Http\Request), Object(Closure))
#32 /var/www/TRDSv2_laravel8_memo/vendor/laravel/framework/src/Illuminate/Cookie/Middleware/EncryptCookies.php(67): Illuminate\Pipeline\Pipeline->Illuminate\Pipeline\{closure}(Object(Illuminate\Http\Request))
#33 /var/www/TRDSv2_laravel8_memo/vendor/laravel/framework/src/Illuminate/Pipeline/Pipeline.php(167): Illuminate\Cookie\Middleware\EncryptCookies->handle(Object(Illuminate\Http\Request), Object(Closure))
#34 /var/www/TRDSv2_laravel8_memo/vendor/laravel/framework/src/Illuminate/Pipeline/Pipeline.php(103): Illuminate\Pipeline\Pipeline->Illuminate\Pipeline\{closure}(Object(Illuminate\Http\Request))
#35 /var/www/TRDSv2_laravel8_memo/vendor/laravel/framework/src/Illuminate/Routing/Router.php(723): Illuminate\Pipeline\Pipeline->then(Object(Closure))
#36 /var/www/TRDSv2_laravel8_memo/vendor/laravel/framework/src/Illuminate/Routing/Router.php(698): Illuminate\Routing\Router->runRouteWithinStack(Object(Illuminate\Routing\Route), Object(Illuminate\Http\Request))
#37 /var/www/TRDSv2_laravel8_memo/vendor/laravel/framework/src/Illuminate/Routing/Router.php(662): Illuminate\Routing\Router->runRoute(Object(Illuminate\Http\Request), Object(Illuminate\Routing\Route))
#38 /var/www/TRDSv2_laravel8_memo/vendor/laravel/framework/src/Illuminate/Routing/Router.php(651): Illuminate\Routing\Router->dispatchToRoute(Object(Illuminate\Http\Request))
#39 /var/www/TRDSv2_laravel8_memo/vendor/laravel/framework/src/Illuminate/Foundation/Http/Kernel.php(167): Illuminate\Routing\Router->dispatch(Object(Illuminate\Http\Request))
#40 /var/www/TRDSv2_laravel8_memo/vendor/laravel/framework/src/Illuminate/Pipeline/Pipeline.php(128): Illuminate\Foundation\Http\Kernel->Illuminate\Foundation\Http\{closure}(Object(Illuminate\Http\Request))
#41 /var/www/TRDSv2_laravel8_memo/vendor/laravel/framework/src/Illuminate/Foundation/Http/Middleware/TransformsRequest.php(21): Illuminate\Pipeline\Pipeline->Illuminate\Pipeline\{closure}(Object(Illuminate\Http\Request))
#42 /var/www/TRDSv2_laravel8_memo/vendor/laravel/framework/src/Illuminate/Foundation/Http/Middleware/ConvertEmptyStringsToNull.php(31): Illuminate\Foundation\Http\Middleware\TransformsRequest->handle(Object(Illuminate\Http\Request), Object(Closure))
#43 /var/www/TRDSv2_laravel8_memo/vendor/laravel/framework/src/Illuminate/Pipeline/Pipeline.php(167): Illuminate\Foundation\Http\Middleware\ConvertEmptyStringsToNull->handle(Object(Illuminate\Http\Request), Object(Closure))
#44 /var/www/TRDSv2_laravel8_memo/vendor/laravel/framework/src/Illuminate/Foundation/Http/Middleware/TransformsRequest.php(21): Illuminate\Pipeline\Pipeline->Illuminate\Pipeline\{closure}(Object(Illuminate\Http\Request))
#45 /var/www/TRDSv2_laravel8_memo/vendor/laravel/framework/src/Illuminate/Foundation/Http/Middleware/TrimStrings.php(40): Illuminate\Foundation\Http\Middleware\TransformsRequest->handle(Object(Illuminate\Http\Request), Object(Closure))
#46 /var/www/TRDSv2_laravel8_memo/vendor/laravel/framework/src/Illuminate/Pipeline/Pipeline.php(167): Illuminate\Foundation\Http\Middleware\TrimStrings->handle(Object(Illuminate\Http\Request), Object(Closure))
#47 /var/www/TRDSv2_laravel8_memo/vendor/laravel/framework/src/Illuminate/Foundation/Http/Middleware/ValidatePostSize.php(27): Illuminate\Pipeline\Pipeline->Illuminate\Pipeline\{closure}(Object(Illuminate\Http\Request))
#48 /var/www/TRDSv2_laravel8_memo/vendor/laravel/framework/src/Illuminate/Pipeline/Pipeline.php(167): Illuminate\Foundation\Http\Middleware\ValidatePostSize->handle(Object(Illuminate\Http\Request), Object(Closure))
#49 /var/www/TRDSv2_laravel8_memo/vendor/laravel/framework/src/Illuminate/Foundation/Http/Middleware/PreventRequestsDuringMaintenance.php(86): Illuminate\Pipeline\Pipeline->Illuminate\Pipeline\{closure}(Object(Illuminate\Http\Request))
#50 /var/www/TRDSv2_laravel8_memo/vendor/laravel/framework/src/Illuminate/Pipeline/Pipeline.php(167): Illuminate\Foundation\Http\Middleware\PreventRequestsDuringMaintenance->handle(Object(Illuminate\Http\Request), Object(Closure))
#51 /var/www/TRDSv2_laravel8_memo/vendor/fideloper/proxy/src/TrustProxies.php(57): Illuminate\Pipeline\Pipeline->Illuminate\Pipeline\{closure}(Object(Illuminate\Http\Request))
#52 /var/www/TRDSv2_laravel8_memo/vendor/laravel/framework/src/Illuminate/Pipeline/Pipeline.php(167): Fideloper\Proxy\TrustProxies->handle(Object(Illuminate\Http\Request), Object(Closure))
#53 /var/www/TRDSv2_laravel8_memo/vendor/laravel/framework/src/Illuminate/Pipeline/Pipeline.php(103): Illuminate\Pipeline\Pipeline->Illuminate\Pipeline\{closure}(Object(Illuminate\Http\Request))
#54 /var/www/TRDSv2_laravel8_memo/vendor/laravel/framework/src/Illuminate/Foundation/Http/Kernel.php(142): Illuminate\Pipeline\Pipeline->then(Object(Closure))
#55 /var/www/TRDSv2_laravel8_memo/vendor/laravel/framework/src/Illuminate/Foundation/Http/Kernel.php(111): Illuminate\Foundation\Http\Kernel->sendRequestThroughRouter(Object(Illuminate\Http\Request))
#56 /var/www/TRDSv2_laravel8_memo/index.php(55): Illuminate\Foundation\Http\Kernel->handle(Object(Illuminate\Http\Request))
#57 {main}  
[2026-07-10 05:24:51] local.ERROR: ErrorException: Undefined variable: newStatus in /var/www/TRDSv2_laravel8_memo/app/Http/Controllers/CommonController.php:52
Stack trace:
#0 /var/www/TRDSv2_laravel8_memo/app/Http/Controllers/CommonController.php(52): Illuminate\Foundation\Bootstrap\HandleExceptions->handleError(8, 'Undefined varia...', '/var/www/TRDSv2...', 52, Array)
#1 /var/www/TRDSv2_laravel8_memo/app/Http/Controllers/QualificationCertificationController.php(276): App\Http\Controllers\CommonController->getApprovalStatus('---')
#2 /var/www/TRDSv2_laravel8_memo/vendor/laravel/framework/src/Illuminate/Container/BoundMethod.php(36): App\Http\Controllers\QualificationCertificationController->App\Http\Controllers\{closure}(Object(App\Model\QcSlip))
#3 /var/www/TRDSv2_laravel8_memo/vendor/laravel/framework/src/Illuminate/Container/Util.php(40): Illuminate\Container\BoundMethod::Illuminate\Container\{closure}()
#4 /var/www/TRDSv2_laravel8_memo/vendor/laravel/framework/src/Illuminate/Container/BoundMethod.php(81): Illuminate\Container\Util::unwrapIfClosure(Object(Closure))
#5 /var/www/TRDSv2_laravel8_memo/vendor/laravel/framework/src/Illuminate/Container/BoundMethod.php(37): Illuminate\Container\BoundMethod::callBoundMethod(Object(Illuminate\Foundation\Application), Object(Closure), Object(Closure))
#6 /var/www/TRDSv2_laravel8_memo/vendor/laravel/framework/src/Illuminate/Container/Container.php(653): Illuminate\Container\BoundMethod::call(Object(Illuminate\Foundation\Application), Object(Closure), Array, NULL)
#7 /var/www/TRDSv2_laravel8_memo/vendor/yajra/laravel-datatables-oracle/src/Utilities/Helper.php(71): Illuminate\Container\Container->call(Object(Closure), Array)
#8 /var/www/TRDSv2_laravel8_memo/vendor/yajra/laravel-datatables-oracle/src/Processors/DataProcessor.php(137): Yajra\DataTables\Utilities\Helper::compileContent(Object(Closure), Array, Object(App\Model\QcSlip))
#9 /var/www/TRDSv2_laravel8_memo/vendor/yajra/laravel-datatables-oracle/src/Processors/DataProcessor.php(106): Yajra\DataTables\Processors\DataProcessor->addColumns(Array, Object(App\Model\QcSlip))
#10 /var/www/TRDSv2_laravel8_memo/vendor/yajra/laravel-datatables-oracle/src/DataTableAbstract.php(806): Yajra\DataTables\Processors\DataProcessor->process(true)
#11 /var/www/TRDSv2_laravel8_memo/vendor/yajra/laravel-datatables-oracle/src/CollectionDataTable.php(164): Yajra\DataTables\DataTableAbstract->processResults(Array, true)
#12 /var/www/TRDSv2_laravel8_memo/app/Http/Controllers/QualificationCertificationController.php(317): Yajra\DataTables\CollectionDataTable->make(true)
#13 /var/www/TRDSv2_laravel8_memo/vendor/laravel/framework/src/Illuminate/Routing/Controller.php(54): App\Http\Controllers\QualificationCertificationController->loadQcSlip(Object(Illuminate\Http\Request))
#14 /var/www/TRDSv2_laravel8_memo/vendor/laravel/framework/src/Illuminate/Routing/ControllerDispatcher.php(45): Illuminate\Routing\Controller->callAction('loadQcSlip', Array)
#15 /var/www/TRDSv2_laravel8_memo/vendor/laravel/framework/src/Illuminate/Routing/Route.php(262): Illuminate\Routing\ControllerDispatcher->dispatch(Object(Illuminate\Routing\Route), Object(App\Http\Controllers\QualificationCertificationController), 'loadQcSlip')
#16 /var/www/TRDSv2_laravel8_memo/vendor/laravel/framework/src/Illuminate/Routing/Route.php(205): Illuminate\Routing\Route->runController()
#17 /var/www/TRDSv2_laravel8_memo/vendor/laravel/framework/src/Illuminate/Routing/Router.php(721): Illuminate\Routing\Route->run()
#18 /var/www/TRDSv2_laravel8_memo/vendor/laravel/framework/src/Illuminate/Pipeline/Pipeline.php(128): Illuminate\Routing\Router->Illuminate\Routing\{closure}(Object(Illuminate\Http\Request))
#19 /var/www/TRDSv2_laravel8_memo/app/Http/Middleware/CheckSession.php(55): Illuminate\Pipeline\Pipeline->Illuminate\Pipeline\{closure}(Object(Illuminate\Http\Request))
#20 /var/www/TRDSv2_laravel8_memo/vendor/laravel/framework/src/Illuminate/Pipeline/Pipeline.php(167): App\Http\Middleware\CheckSession->handle(Object(Illuminate\Http\Request), Object(Closure))
#21 /var/www/TRDSv2_laravel8_memo/vendor/laravel/framework/src/Illuminate/Routing/Middleware/SubstituteBindings.php(50): Illuminate\Pipeline\Pipeline->Illuminate\Pipeline\{closure}(Object(Illuminate\Http\Request))
#22 /var/www/TRDSv2_laravel8_memo/vendor/laravel/framework/src/Illuminate/Pipeline/Pipeline.php(167): Illuminate\Routing\Middleware\SubstituteBindings->handle(Object(Illuminate\Http\Request), Object(Closure))
#23 /var/www/TRDSv2_laravel8_memo/vendor/laravel/framework/src/Illuminate/Foundation/Http/Middleware/VerifyCsrfToken.php(78): Illuminate\Pipeline\Pipeline->Illuminate\Pipeline\{closure}(Object(Illuminate\Http\Request))
#24 /var/www/TRDSv2_laravel8_memo/vendor/laravel/framework/src/Illuminate/Pipeline/Pipeline.php(167): Illuminate\Foundation\Http\Middleware\VerifyCsrfToken->handle(Object(Illuminate\Http\Request), Object(Closure))
#25 /var/www/TRDSv2_laravel8_memo/vendor/laravel/framework/src/Illuminate/View/Middleware/ShareErrorsFromSession.php(49): Illuminate\Pipeline\Pipeline->Illuminate\Pipeline\{closure}(Object(Illuminate\Http\Request))
#26 /var/www/TRDSv2_laravel8_memo/vendor/laravel/framework/src/Illuminate/Pipeline/Pipeline.php(167): Illuminate\View\Middleware\ShareErrorsFromSession->handle(Object(Illuminate\Http\Request), Object(Closure))
#27 /var/www/TRDSv2_laravel8_memo/vendor/laravel/framework/src/Illuminate/Session/Middleware/StartSession.php(121): Illuminate\Pipeline\Pipeline->Illuminate\Pipeline\{closure}(Object(Illuminate\Http\Request))
#28 /var/www/TRDSv2_laravel8_memo/vendor/laravel/framework/src/Illuminate/Session/Middleware/StartSession.php(64): Illuminate\Session\Middleware\StartSession->handleStatefulRequest(Object(Illuminate\Http\Request), Object(Illuminate\Session\Store), Object(Closure))
#29 /var/www/TRDSv2_laravel8_memo/vendor/laravel/framework/src/Illuminate/Pipeline/Pipeline.php(167): Illuminate\Session\Middleware\StartSession->handle(Object(Illuminate\Http\Request), Object(Closure))
#30 /var/www/TRDSv2_laravel8_memo/vendor/laravel/framework/src/Illuminate/Cookie/Middleware/AddQueuedCookiesToResponse.php(37): Illuminate\Pipeline\Pipeline->Illuminate\Pipeline\{closure}(Object(Illuminate\Http\Request))
#31 /var/www/TRDSv2_laravel8_memo/vendor/laravel/framework/src/Illuminate/Pipeline/Pipeline.php(167): Illuminate\Cookie\Middleware\AddQueuedCookiesToResponse->handle(Object(Illuminate\Http\Request), Object(Closure))
#32 /var/www/TRDSv2_laravel8_memo/vendor/laravel/framework/src/Illuminate/Cookie/Middleware/EncryptCookies.php(67): Illuminate\Pipeline\Pipeline->Illuminate\Pipeline\{closure}(Object(Illuminate\Http\Request))
#33 /var/www/TRDSv2_laravel8_memo/vendor/laravel/framework/src/Illuminate/Pipeline/Pipeline.php(167): Illuminate\Cookie\Middleware\EncryptCookies->handle(Object(Illuminate\Http\Request), Object(Closure))
#34 /var/www/TRDSv2_laravel8_memo/vendor/laravel/framework/src/Illuminate/Pipeline/Pipeline.php(103): Illuminate\Pipeline\Pipeline->Illuminate\Pipeline\{closure}(Object(Illuminate\Http\Request))
#35 /var/www/TRDSv2_laravel8_memo/vendor/laravel/framework/src/Illuminate/Routing/Router.php(723): Illuminate\Pipeline\Pipeline->then(Object(Closure))
#36 /var/www/TRDSv2_laravel8_memo/vendor/laravel/framework/src/Illuminate/Routing/Router.php(698): Illuminate\Routing\Router->runRouteWithinStack(Object(Illuminate\Routing\Route), Object(Illuminate\Http\Request))
#37 /var/www/TRDSv2_laravel8_memo/vendor/laravel/framework/src/Illuminate/Routing/Router.php(662): Illuminate\Routing\Router->runRoute(Object(Illuminate\Http\Request), Object(Illuminate\Routing\Route))
#38 /var/www/TRDSv2_laravel8_memo/vendor/laravel/framework/src/Illuminate/Routing/Router.php(651): Illuminate\Routing\Router->dispatchToRoute(Object(Illuminate\Http\Request))
#39 /var/www/TRDSv2_laravel8_memo/vendor/laravel/framework/src/Illuminate/Foundation/Http/Kernel.php(167): Illuminate\Routing\Router->dispatch(Object(Illuminate\Http\Request))
#40 /var/www/TRDSv2_laravel8_memo/vendor/laravel/framework/src/Illuminate/Pipeline/Pipeline.php(128): Illuminate\Foundation\Http\Kernel->Illuminate\Foundation\Http\{closure}(Object(Illuminate\Http\Request))
#41 /var/www/TRDSv2_laravel8_memo/vendor/laravel/framework/src/Illuminate/Foundation/Http/Middleware/TransformsRequest.php(21): Illuminate\Pipeline\Pipeline->Illuminate\Pipeline\{closure}(Object(Illuminate\Http\Request))
#42 /var/www/TRDSv2_laravel8_memo/vendor/laravel/framework/src/Illuminate/Foundation/Http/Middleware/ConvertEmptyStringsToNull.php(31): Illuminate\Foundation\Http\Middleware\TransformsRequest->handle(Object(Illuminate\Http\Request), Object(Closure))
#43 /var/www/TRDSv2_laravel8_memo/vendor/laravel/framework/src/Illuminate/Pipeline/Pipeline.php(167): Illuminate\Foundation\Http\Middleware\ConvertEmptyStringsToNull->handle(Object(Illuminate\Http\Request), Object(Closure))
#44 /var/www/TRDSv2_laravel8_memo/vendor/laravel/framework/src/Illuminate/Foundation/Http/Middleware/TransformsRequest.php(21): Illuminate\Pipeline\Pipeline->Illuminate\Pipeline\{closure}(Object(Illuminate\Http\Request))
#45 /var/www/TRDSv2_laravel8_memo/vendor/laravel/framework/src/Illuminate/Foundation/Http/Middleware/TrimStrings.php(40): Illuminate\Foundation\Http\Middleware\TransformsRequest->handle(Object(Illuminate\Http\Request), Object(Closure))
#46 /var/www/TRDSv2_laravel8_memo/vendor/laravel/framework/src/Illuminate/Pipeline/Pipeline.php(167): Illuminate\Foundation\Http\Middleware\TrimStrings->handle(Object(Illuminate\Http\Request), Object(Closure))
#47 /var/www/TRDSv2_laravel8_memo/vendor/laravel/framework/src/Illuminate/Foundation/Http/Middleware/ValidatePostSize.php(27): Illuminate\Pipeline\Pipeline->Illuminate\Pipeline\{closure}(Object(Illuminate\Http\Request))
#48 /var/www/TRDSv2_laravel8_memo/vendor/laravel/framework/src/Illuminate/Pipeline/Pipeline.php(167): Illuminate\Foundation\Http\Middleware\ValidatePostSize->handle(Object(Illuminate\Http\Request), Object(Closure))
#49 /var/www/TRDSv2_laravel8_memo/vendor/laravel/framework/src/Illuminate/Foundation/Http/Middleware/PreventRequestsDuringMaintenance.php(86): Illuminate\Pipeline\Pipeline->Illuminate\Pipeline\{closure}(Object(Illuminate\Http\Request))
#50 /var/www/TRDSv2_laravel8_memo/vendor/laravel/framework/src/Illuminate/Pipeline/Pipeline.php(167): Illuminate\Foundation\Http\Middleware\PreventRequestsDuringMaintenance->handle(Object(Illuminate\Http\Request), Object(Closure))
#51 /var/www/TRDSv2_laravel8_memo/vendor/fideloper/proxy/src/TrustProxies.php(57): Illuminate\Pipeline\Pipeline->Illuminate\Pipeline\{closure}(Object(Illuminate\Http\Request))
#52 /var/www/TRDSv2_laravel8_memo/vendor/laravel/framework/src/Illuminate/Pipeline/Pipeline.php(167): Fideloper\Proxy\TrustProxies->handle(Object(Illuminate\Http\Request), Object(Closure))
#53 /var/www/TRDSv2_laravel8_memo/vendor/laravel/framework/src/Illuminate/Pipeline/Pipeline.php(103): Illuminate\Pipeline\Pipeline->Illuminate\Pipeline\{closure}(Object(Illuminate\Http\Request))
#54 /var/www/TRDSv2_laravel8_memo/vendor/laravel/framework/src/Illuminate/Foundation/Http/Kernel.php(142): Illuminate\Pipeline\Pipeline->then(Object(Closure))
#55 /var/www/TRDSv2_laravel8_memo/vendor/laravel/framework/src/Illuminate/Foundation/Http/Kernel.php(111): Illuminate\Foundation\Http\Kernel->sendRequestThroughRouter(Object(Illuminate\Http\Request))
#56 /var/www/TRDSv2_laravel8_memo/index.php(55): Illuminate\Foundation\Http\Kernel->handle(Object(Illuminate\Http\Request))
#57 {main}  
[2026-07-10 05:25:06] local.ERROR: ErrorException: Undefined variable: newStatus in /var/www/TRDSv2_laravel8_memo/app/Http/Controllers/CommonController.php:52
Stack trace:
#0 /var/www/TRDSv2_laravel8_memo/app/Http/Controllers/CommonController.php(52): Illuminate\Foundation\Bootstrap\HandleExceptions->handleError(8, 'Undefined varia...', '/var/www/TRDSv2...', 52, Array)
#1 /var/www/TRDSv2_laravel8_memo/app/Http/Controllers/QualificationCertificationController.php(276): App\Http\Controllers\CommonController->getApprovalStatus('---')
#2 /var/www/TRDSv2_laravel8_memo/vendor/laravel/framework/src/Illuminate/Container/BoundMethod.php(36): App\Http\Controllers\QualificationCertificationController->App\Http\Controllers\{closure}(Object(App\Model\QcSlip))
#3 /var/www/TRDSv2_laravel8_memo/vendor/laravel/framework/src/Illuminate/Container/Util.php(40): Illuminate\Container\BoundMethod::Illuminate\Container\{closure}()
#4 /var/www/TRDSv2_laravel8_memo/vendor/laravel/framework/src/Illuminate/Container/BoundMethod.php(81): Illuminate\Container\Util::unwrapIfClosure(Object(Closure))
#5 /var/www/TRDSv2_laravel8_memo/vendor/laravel/framework/src/Illuminate/Container/BoundMethod.php(37): Illuminate\Container\BoundMethod::callBoundMethod(Object(Illuminate\Foundation\Application), Object(Closure), Object(Closure))
#6 /var/www/TRDSv2_laravel8_memo/vendor/laravel/framework/src/Illuminate/Container/Container.php(653): Illuminate\Container\BoundMethod::call(Object(Illuminate\Foundation\Application), Object(Closure), Array, NULL)
#7 /var/www/TRDSv2_laravel8_memo/vendor/yajra/laravel-datatables-oracle/src/Utilities/Helper.php(71): Illuminate\Container\Container->call(Object(Closure), Array)
#8 /var/www/TRDSv2_laravel8_memo/vendor/yajra/laravel-datatables-oracle/src/Processors/DataProcessor.php(137): Yajra\DataTables\Utilities\Helper::compileContent(Object(Closure), Array, Object(App\Model\QcSlip))
#9 /var/www/TRDSv2_laravel8_memo/vendor/yajra/laravel-datatables-oracle/src/Processors/DataProcessor.php(106): Yajra\DataTables\Processors\DataProcessor->addColumns(Array, Object(App\Model\QcSlip))
#10 /var/www/TRDSv2_laravel8_memo/vendor/yajra/laravel-datatables-oracle/src/DataTableAbstract.php(806): Yajra\DataTables\Processors\DataProcessor->process(true)
#11 /var/www/TRDSv2_laravel8_memo/vendor/yajra/laravel-datatables-oracle/src/CollectionDataTable.php(164): Yajra\DataTables\DataTableAbstract->processResults(Array, true)
#12 /var/www/TRDSv2_laravel8_memo/app/Http/Controllers/QualificationCertificationController.php(317): Yajra\DataTables\CollectionDataTable->make(true)
#13 /var/www/TRDSv2_laravel8_memo/vendor/laravel/framework/src/Illuminate/Routing/Controller.php(54): App\Http\Controllers\QualificationCertificationController->loadQcSlip(Object(Illuminate\Http\Request))
#14 /var/www/TRDSv2_laravel8_memo/vendor/laravel/framework/src/Illuminate/Routing/ControllerDispatcher.php(45): Illuminate\Routing\Controller->callAction('loadQcSlip', Array)
#15 /var/www/TRDSv2_laravel8_memo/vendor/laravel/framework/src/Illuminate/Routing/Route.php(262): Illuminate\Routing\ControllerDispatcher->dispatch(Object(Illuminate\Routing\Route), Object(App\Http\Controllers\QualificationCertificationController), 'loadQcSlip')
#16 /var/www/TRDSv2_laravel8_memo/vendor/laravel/framework/src/Illuminate/Routing/Route.php(205): Illuminate\Routing\Route->runController()
#17 /var/www/TRDSv2_laravel8_memo/vendor/laravel/framework/src/Illuminate/Routing/Router.php(721): Illuminate\Routing\Route->run()
#18 /var/www/TRDSv2_laravel8_memo/vendor/laravel/framework/src/Illuminate/Pipeline/Pipeline.php(128): Illuminate\Routing\Router->Illuminate\Routing\{closure}(Object(Illuminate\Http\Request))
#19 /var/www/TRDSv2_laravel8_memo/app/Http/Middleware/CheckSession.php(55): Illuminate\Pipeline\Pipeline->Illuminate\Pipeline\{closure}(Object(Illuminate\Http\Request))
#20 /var/www/TRDSv2_laravel8_memo/vendor/laravel/framework/src/Illuminate/Pipeline/Pipeline.php(167): App\Http\Middleware\CheckSession->handle(Object(Illuminate\Http\Request), Object(Closure))
#21 /var/www/TRDSv2_laravel8_memo/vendor/laravel/framework/src/Illuminate/Routing/Middleware/SubstituteBindings.php(50): Illuminate\Pipeline\Pipeline->Illuminate\Pipeline\{closure}(Object(Illuminate\Http\Request))
#22 /var/www/TRDSv2_laravel8_memo/vendor/laravel/framework/src/Illuminate/Pipeline/Pipeline.php(167): Illuminate\Routing\Middleware\SubstituteBindings->handle(Object(Illuminate\Http\Request), Object(Closure))
#23 /var/www/TRDSv2_laravel8_memo/vendor/laravel/framework/src/Illuminate/Foundation/Http/Middleware/VerifyCsrfToken.php(78): Illuminate\Pipeline\Pipeline->Illuminate\Pipeline\{closure}(Object(Illuminate\Http\Request))
#24 /var/www/TRDSv2_laravel8_memo/vendor/laravel/framework/src/Illuminate/Pipeline/Pipeline.php(167): Illuminate\Foundation\Http\Middleware\VerifyCsrfToken->handle(Object(Illuminate\Http\Request), Object(Closure))
#25 /var/www/TRDSv2_laravel8_memo/vendor/laravel/framework/src/Illuminate/View/Middleware/ShareErrorsFromSession.php(49): Illuminate\Pipeline\Pipeline->Illuminate\Pipeline\{closure}(Object(Illuminate\Http\Request))
#26 /var/www/TRDSv2_laravel8_memo/vendor/laravel/framework/src/Illuminate/Pipeline/Pipeline.php(167): Illuminate\View\Middleware\ShareErrorsFromSession->handle(Object(Illuminate\Http\Request), Object(Closure))
#27 /var/www/TRDSv2_laravel8_memo/vendor/laravel/framework/src/Illuminate/Session/Middleware/StartSession.php(121): Illuminate\Pipeline\Pipeline->Illuminate\Pipeline\{closure}(Object(Illuminate\Http\Request))
#28 /var/www/TRDSv2_laravel8_memo/vendor/laravel/framework/src/Illuminate/Session/Middleware/StartSession.php(64): Illuminate\Session\Middleware\StartSession->handleStatefulRequest(Object(Illuminate\Http\Request), Object(Illuminate\Session\Store), Object(Closure))
#29 /var/www/TRDSv2_laravel8_memo/vendor/laravel/framework/src/Illuminate/Pipeline/Pipeline.php(167): Illuminate\Session\Middleware\StartSession->handle(Object(Illuminate\Http\Request), Object(Closure))
#30 /var/www/TRDSv2_laravel8_memo/vendor/laravel/framework/src/Illuminate/Cookie/Middleware/AddQueuedCookiesToResponse.php(37): Illuminate\Pipeline\Pipeline->Illuminate\Pipeline\{closure}(Object(Illuminate\Http\Request))
#31 /var/www/TRDSv2_laravel8_memo/vendor/laravel/framework/src/Illuminate/Pipeline/Pipeline.php(167): Illuminate\Cookie\Middleware\AddQueuedCookiesToResponse->handle(Object(Illuminate\Http\Request), Object(Closure))
#32 /var/www/TRDSv2_laravel8_memo/vendor/laravel/framework/src/Illuminate/Cookie/Middleware/EncryptCookies.php(67): Illuminate\Pipeline\Pipeline->Illuminate\Pipeline\{closure}(Object(Illuminate\Http\Request))
#33 /var/www/TRDSv2_laravel8_memo/vendor/laravel/framework/src/Illuminate/Pipeline/Pipeline.php(167): Illuminate\Cookie\Middleware\EncryptCookies->handle(Object(Illuminate\Http\Request), Object(Closure))
#34 /var/www/TRDSv2_laravel8_memo/vendor/laravel/framework/src/Illuminate/Pipeline/Pipeline.php(103): Illuminate\Pipeline\Pipeline->Illuminate\Pipeline\{closure}(Object(Illuminate\Http\Request))
#35 /var/www/TRDSv2_laravel8_memo/vendor/laravel/framework/src/Illuminate/Routing/Router.php(723): Illuminate\Pipeline\Pipeline->then(Object(Closure))
#36 /var/www/TRDSv2_laravel8_memo/vendor/laravel/framework/src/Illuminate/Routing/Router.php(698): Illuminate\Routing\Router->runRouteWithinStack(Object(Illuminate\Routing\Route), Object(Illuminate\Http\Request))
#37 /var/www/TRDSv2_laravel8_memo/vendor/laravel/framework/src/Illuminate/Routing/Router.php(662): Illuminate\Routing\Router->runRoute(Object(Illuminate\Http\Request), Object(Illuminate\Routing\Route))
#38 /var/www/TRDSv2_laravel8_memo/vendor/laravel/framework/src/Illuminate/Routing/Router.php(651): Illuminate\Routing\Router->dispatchToRoute(Object(Illuminate\Http\Request))
#39 /var/www/TRDSv2_laravel8_memo/vendor/laravel/framework/src/Illuminate/Foundation/Http/Kernel.php(167): Illuminate\Routing\Router->dispatch(Object(Illuminate\Http\Request))
#40 /var/www/TRDSv2_laravel8_memo/vendor/laravel/framework/src/Illuminate/Pipeline/Pipeline.php(128): Illuminate\Foundation\Http\Kernel->Illuminate\Foundation\Http\{closure}(Object(Illuminate\Http\Request))
#41 /var/www/TRDSv2_laravel8_memo/vendor/laravel/framework/src/Illuminate/Foundation/Http/Middleware/TransformsRequest.php(21): Illuminate\Pipeline\Pipeline->Illuminate\Pipeline\{closure}(Object(Illuminate\Http\Request))
#42 /var/www/TRDSv2_laravel8_memo/vendor/laravel/framework/src/Illuminate/Foundation/Http/Middleware/ConvertEmptyStringsToNull.php(31): Illuminate\Foundation\Http\Middleware\TransformsRequest->handle(Object(Illuminate\Http\Request), Object(Closure))
#43 /var/www/TRDSv2_laravel8_memo/vendor/laravel/framework/src/Illuminate/Pipeline/Pipeline.php(167): Illuminate\Foundation\Http\Middleware\ConvertEmptyStringsToNull->handle(Object(Illuminate\Http\Request), Object(Closure))
#44 /var/www/TRDSv2_laravel8_memo/vendor/laravel/framework/src/Illuminate/Foundation/Http/Middleware/TransformsRequest.php(21): Illuminate\Pipeline\Pipeline->Illuminate\Pipeline\{closure}(Object(Illuminate\Http\Request))
#45 /var/www/TRDSv2_laravel8_memo/vendor/laravel/framework/src/Illuminate/Foundation/Http/Middleware/TrimStrings.php(40): Illuminate\Foundation\Http\Middleware\TransformsRequest->handle(Object(Illuminate\Http\Request), Object(Closure))
#46 /var/www/TRDSv2_laravel8_memo/vendor/laravel/framework/src/Illuminate/Pipeline/Pipeline.php(167): Illuminate\Foundation\Http\Middleware\TrimStrings->handle(Object(Illuminate\Http\Request), Object(Closure))
#47 /var/www/TRDSv2_laravel8_memo/vendor/laravel/framework/src/Illuminate/Foundation/Http/Middleware/ValidatePostSize.php(27): Illuminate\Pipeline\Pipeline->Illuminate\Pipeline\{closure}(Object(Illuminate\Http\Request))
#48 /var/www/TRDSv2_laravel8_memo/vendor/laravel/framework/src/Illuminate/Pipeline/Pipeline.php(167): Illuminate\Foundation\Http\Middleware\ValidatePostSize->handle(Object(Illuminate\Http\Request), Object(Closure))
#49 /var/www/TRDSv2_laravel8_memo/vendor/laravel/framework/src/Illuminate/Foundation/Http/Middleware/PreventRequestsDuringMaintenance.php(86): Illuminate\Pipeline\Pipeline->Illuminate\Pipeline\{closure}(Object(Illuminate\Http\Request))
#50 /var/www/TRDSv2_laravel8_memo/vendor/laravel/framework/src/Illuminate/Pipeline/Pipeline.php(167): Illuminate\Foundation\Http\Middleware\PreventRequestsDuringMaintenance->handle(Object(Illuminate\Http\Request), Object(Closure))
#51 /var/www/TRDSv2_laravel8_memo/vendor/fideloper/proxy/src/TrustProxies.php(57): Illuminate\Pipeline\Pipeline->Illuminate\Pipeline\{closure}(Object(Illuminate\Http\Request))
#52 /var/www/TRDSv2_laravel8_memo/vendor/laravel/framework/src/Illuminate/Pipeline/Pipeline.php(167): Fideloper\Proxy\TrustProxies->handle(Object(Illuminate\Http\Request), Object(Closure))
#53 /var/www/TRDSv2_laravel8_memo/vendor/laravel/framework/src/Illuminate/Pipeline/Pipeline.php(103): Illuminate\Pipeline\Pipeline->Illuminate\Pipeline\{closure}(Object(Illuminate\Http\Request))
#54 /var/www/TRDSv2_laravel8_memo/vendor/laravel/framework/src/Illuminate/Foundation/Http/Kernel.php(142): Illuminate\Pipeline\Pipeline->then(Object(Closure))
#55 /var/www/TRDSv2_laravel8_memo/vendor/laravel/framework/src/Illuminate/Foundation/Http/Kernel.php(111): Illuminate\Foundation\Http\Kernel->sendRequestThroughRouter(Object(Illuminate\Http\Request))
#56 /var/www/TRDSv2_laravel8_memo/index.php(55): Illuminate\Foundation\Http\Kernel->handle(Object(Illuminate\Http\Request))
#57 {main}  
[2026-07-10 05:27:37] local.ERROR: ErrorException: Undefined variable: newStatus in /var/www/TRDSv2_laravel8_memo/app/Http/Controllers/CommonController.php:52
Stack trace:
#0 /var/www/TRDSv2_laravel8_memo/app/Http/Controllers/CommonController.php(52): Illuminate\Foundation\Bootstrap\HandleExceptions->handleError(8, 'Undefined varia...', '/var/www/TRDSv2...', 52, Array)
#1 /var/www/TRDSv2_laravel8_memo/app/Http/Controllers/QualificationCertificationController.php(277): App\Http\Controllers\CommonController->getApprovalStatus('---')
#2 /var/www/TRDSv2_laravel8_memo/vendor/laravel/framework/src/Illuminate/Container/BoundMethod.php(36): App\Http\Controllers\QualificationCertificationController->App\Http\Controllers\{closure}(Object(App\Model\QcSlip))
#3 /var/www/TRDSv2_laravel8_memo/vendor/laravel/framework/src/Illuminate/Container/Util.php(40): Illuminate\Container\BoundMethod::Illuminate\Container\{closure}()
#4 /var/www/TRDSv2_laravel8_memo/vendor/laravel/framework/src/Illuminate/Container/BoundMethod.php(81): Illuminate\Container\Util::unwrapIfClosure(Object(Closure))
#5 /var/www/TRDSv2_laravel8_memo/vendor/laravel/framework/src/Illuminate/Container/BoundMethod.php(37): Illuminate\Container\BoundMethod::callBoundMethod(Object(Illuminate\Foundation\Application), Object(Closure), Object(Closure))
#6 /var/www/TRDSv2_laravel8_memo/vendor/laravel/framework/src/Illuminate/Container/Container.php(653): Illuminate\Container\BoundMethod::call(Object(Illuminate\Foundation\Application), Object(Closure), Array, NULL)
#7 /var/www/TRDSv2_laravel8_memo/vendor/yajra/laravel-datatables-oracle/src/Utilities/Helper.php(71): Illuminate\Container\Container->call(Object(Closure), Array)
#8 /var/www/TRDSv2_laravel8_memo/vendor/yajra/laravel-datatables-oracle/src/Processors/DataProcessor.php(137): Yajra\DataTables\Utilities\Helper::compileContent(Object(Closure), Array, Object(App\Model\QcSlip))
#9 /var/www/TRDSv2_laravel8_memo/vendor/yajra/laravel-datatables-oracle/src/Processors/DataProcessor.php(106): Yajra\DataTables\Processors\DataProcessor->addColumns(Array, Object(App\Model\QcSlip))
#10 /var/www/TRDSv2_laravel8_memo/vendor/yajra/laravel-datatables-oracle/src/DataTableAbstract.php(806): Yajra\DataTables\Processors\DataProcessor->process(true)
#11 /var/www/TRDSv2_laravel8_memo/vendor/yajra/laravel-datatables-oracle/src/CollectionDataTable.php(164): Yajra\DataTables\DataTableAbstract->processResults(Array, true)
#12 /var/www/TRDSv2_laravel8_memo/app/Http/Controllers/QualificationCertificationController.php(318): Yajra\DataTables\CollectionDataTable->make(true)
#13 /var/www/TRDSv2_laravel8_memo/vendor/laravel/framework/src/Illuminate/Routing/Controller.php(54): App\Http\Controllers\QualificationCertificationController->loadQcSlip(Object(Illuminate\Http\Request))
#14 /var/www/TRDSv2_laravel8_memo/vendor/laravel/framework/src/Illuminate/Routing/ControllerDispatcher.php(45): Illuminate\Routing\Controller->callAction('loadQcSlip', Array)
#15 /var/www/TRDSv2_laravel8_memo/vendor/laravel/framework/src/Illuminate/Routing/Route.php(262): Illuminate\Routing\ControllerDispatcher->dispatch(Object(Illuminate\Routing\Route), Object(App\Http\Controllers\QualificationCertificationController), 'loadQcSlip')
#16 /var/www/TRDSv2_laravel8_memo/vendor/laravel/framework/src/Illuminate/Routing/Route.php(205): Illuminate\Routing\Route->runController()
#17 /var/www/TRDSv2_laravel8_memo/vendor/laravel/framework/src/Illuminate/Routing/Router.php(721): Illuminate\Routing\Route->run()
#18 /var/www/TRDSv2_laravel8_memo/vendor/laravel/framework/src/Illuminate/Pipeline/Pipeline.php(128): Illuminate\Routing\Router->Illuminate\Routing\{closure}(Object(Illuminate\Http\Request))
#19 /var/www/TRDSv2_laravel8_memo/app/Http/Middleware/CheckSession.php(55): Illuminate\Pipeline\Pipeline->Illuminate\Pipeline\{closure}(Object(Illuminate\Http\Request))
#20 /var/www/TRDSv2_laravel8_memo/vendor/laravel/framework/src/Illuminate/Pipeline/Pipeline.php(167): App\Http\Middleware\CheckSession->handle(Object(Illuminate\Http\Request), Object(Closure))
#21 /var/www/TRDSv2_laravel8_memo/vendor/laravel/framework/src/Illuminate/Routing/Middleware/SubstituteBindings.php(50): Illuminate\Pipeline\Pipeline->Illuminate\Pipeline\{closure}(Object(Illuminate\Http\Request))
#22 /var/www/TRDSv2_laravel8_memo/vendor/laravel/framework/src/Illuminate/Pipeline/Pipeline.php(167): Illuminate\Routing\Middleware\SubstituteBindings->handle(Object(Illuminate\Http\Request), Object(Closure))
#23 /var/www/TRDSv2_laravel8_memo/vendor/laravel/framework/src/Illuminate/Foundation/Http/Middleware/VerifyCsrfToken.php(78): Illuminate\Pipeline\Pipeline->Illuminate\Pipeline\{closure}(Object(Illuminate\Http\Request))
#24 /var/www/TRDSv2_laravel8_memo/vendor/laravel/framework/src/Illuminate/Pipeline/Pipeline.php(167): Illuminate\Foundation\Http\Middleware\VerifyCsrfToken->handle(Object(Illuminate\Http\Request), Object(Closure))
#25 /var/www/TRDSv2_laravel8_memo/vendor/laravel/framework/src/Illuminate/View/Middleware/ShareErrorsFromSession.php(49): Illuminate\Pipeline\Pipeline->Illuminate\Pipeline\{closure}(Object(Illuminate\Http\Request))
#26 /var/www/TRDSv2_laravel8_memo/vendor/laravel/framework/src/Illuminate/Pipeline/Pipeline.php(167): Illuminate\View\Middleware\ShareErrorsFromSession->handle(Object(Illuminate\Http\Request), Object(Closure))
#27 /var/www/TRDSv2_laravel8_memo/vendor/laravel/framework/src/Illuminate/Session/Middleware/StartSession.php(121): Illuminate\Pipeline\Pipeline->Illuminate\Pipeline\{closure}(Object(Illuminate\Http\Request))
#28 /var/www/TRDSv2_laravel8_memo/vendor/laravel/framework/src/Illuminate/Session/Middleware/StartSession.php(64): Illuminate\Session\Middleware\StartSession->handleStatefulRequest(Object(Illuminate\Http\Request), Object(Illuminate\Session\Store), Object(Closure))
#29 /var/www/TRDSv2_laravel8_memo/vendor/laravel/framework/src/Illuminate/Pipeline/Pipeline.php(167): Illuminate\Session\Middleware\StartSession->handle(Object(Illuminate\Http\Request), Object(Closure))
#30 /var/www/TRDSv2_laravel8_memo/vendor/laravel/framework/src/Illuminate/Cookie/Middleware/AddQueuedCookiesToResponse.php(37): Illuminate\Pipeline\Pipeline->Illuminate\Pipeline\{closure}(Object(Illuminate\Http\Request))
#31 /var/www/TRDSv2_laravel8_memo/vendor/laravel/framework/src/Illuminate/Pipeline/Pipeline.php(167): Illuminate\Cookie\Middleware\AddQueuedCookiesToResponse->handle(Object(Illuminate\Http\Request), Object(Closure))
#32 /var/www/TRDSv2_laravel8_memo/vendor/laravel/framework/src/Illuminate/Cookie/Middleware/EncryptCookies.php(67): Illuminate\Pipeline\Pipeline->Illuminate\Pipeline\{closure}(Object(Illuminate\Http\Request))
#33 /var/www/TRDSv2_laravel8_memo/vendor/laravel/framework/src/Illuminate/Pipeline/Pipeline.php(167): Illuminate\Cookie\Middleware\EncryptCookies->handle(Object(Illuminate\Http\Request), Object(Closure))
#34 /var/www/TRDSv2_laravel8_memo/vendor/laravel/framework/src/Illuminate/Pipeline/Pipeline.php(103): Illuminate\Pipeline\Pipeline->Illuminate\Pipeline\{closure}(Object(Illuminate\Http\Request))
#35 /var/www/TRDSv2_laravel8_memo/vendor/laravel/framework/src/Illuminate/Routing/Router.php(723): Illuminate\Pipeline\Pipeline->then(Object(Closure))
#36 /var/www/TRDSv2_laravel8_memo/vendor/laravel/framework/src/Illuminate/Routing/Router.php(698): Illuminate\Routing\Router->runRouteWithinStack(Object(Illuminate\Routing\Route), Object(Illuminate\Http\Request))
#37 /var/www/TRDSv2_laravel8_memo/vendor/laravel/framework/src/Illuminate/Routing/Router.php(662): Illuminate\Routing\Router->runRoute(Object(Illuminate\Http\Request), Object(Illuminate\Routing\Route))
#38 /var/www/TRDSv2_laravel8_memo/vendor/laravel/framework/src/Illuminate/Routing/Router.php(651): Illuminate\Routing\Router->dispatchToRoute(Object(Illuminate\Http\Request))
#39 /var/www/TRDSv2_laravel8_memo/vendor/laravel/framework/src/Illuminate/Foundation/Http/Kernel.php(167): Illuminate\Routing\Router->dispatch(Object(Illuminate\Http\Request))
#40 /var/www/TRDSv2_laravel8_memo/vendor/laravel/framework/src/Illuminate/Pipeline/Pipeline.php(128): Illuminate\Foundation\Http\Kernel->Illuminate\Foundation\Http\{closure}(Object(Illuminate\Http\Request))
#41 /var/www/TRDSv2_laravel8_memo/vendor/laravel/framework/src/Illuminate/Foundation/Http/Middleware/TransformsRequest.php(21): Illuminate\Pipeline\Pipeline->Illuminate\Pipeline\{closure}(Object(Illuminate\Http\Request))
#42 /var/www/TRDSv2_laravel8_memo/vendor/laravel/framework/src/Illuminate/Foundation/Http/Middleware/ConvertEmptyStringsToNull.php(31): Illuminate\Foundation\Http\Middleware\TransformsRequest->handle(Object(Illuminate\Http\Request), Object(Closure))
#43 /var/www/TRDSv2_laravel8_memo/vendor/laravel/framework/src/Illuminate/Pipeline/Pipeline.php(167): Illuminate\Foundation\Http\Middleware\ConvertEmptyStringsToNull->handle(Object(Illuminate\Http\Request), Object(Closure))
#44 /var/www/TRDSv2_laravel8_memo/vendor/laravel/framework/src/Illuminate/Foundation/Http/Middleware/TransformsRequest.php(21): Illuminate\Pipeline\Pipeline->Illuminate\Pipeline\{closure}(Object(Illuminate\Http\Request))
#45 /var/www/TRDSv2_laravel8_memo/vendor/laravel/framework/src/Illuminate/Foundation/Http/Middleware/TrimStrings.php(40): Illuminate\Foundation\Http\Middleware\TransformsRequest->handle(Object(Illuminate\Http\Request), Object(Closure))
#46 /var/www/TRDSv2_laravel8_memo/vendor/laravel/framework/src/Illuminate/Pipeline/Pipeline.php(167): Illuminate\Foundation\Http\Middleware\TrimStrings->handle(Object(Illuminate\Http\Request), Object(Closure))
#47 /var/www/TRDSv2_laravel8_memo/vendor/laravel/framework/src/Illuminate/Foundation/Http/Middleware/ValidatePostSize.php(27): Illuminate\Pipeline\Pipeline->Illuminate\Pipeline\{closure}(Object(Illuminate\Http\Request))
#48 /var/www/TRDSv2_laravel8_memo/vendor/laravel/framework/src/Illuminate/Pipeline/Pipeline.php(167): Illuminate\Foundation\Http\Middleware\ValidatePostSize->handle(Object(Illuminate\Http\Request), Object(Closure))
#49 /var/www/TRDSv2_laravel8_memo/vendor/laravel/framework/src/Illuminate/Foundation/Http/Middleware/PreventRequestsDuringMaintenance.php(86): Illuminate\Pipeline\Pipeline->Illuminate\Pipeline\{closure}(Object(Illuminate\Http\Request))
#50 /var/www/TRDSv2_laravel8_memo/vendor/laravel/framework/src/Illuminate/Pipeline/Pipeline.php(167): Illuminate\Foundation\Http\Middleware\PreventRequestsDuringMaintenance->handle(Object(Illuminate\Http\Request), Object(Closure))
#51 /var/www/TRDSv2_laravel8_memo/vendor/fideloper/proxy/src/TrustProxies.php(57): Illuminate\Pipeline\Pipeline->Illuminate\Pipeline\{closure}(Object(Illuminate\Http\Request))
#52 /var/www/TRDSv2_laravel8_memo/vendor/laravel/framework/src/Illuminate/Pipeline/Pipeline.php(167): Fideloper\Proxy\TrustProxies->handle(Object(Illuminate\Http\Request), Object(Closure))
#53 /var/www/TRDSv2_laravel8_memo/vendor/laravel/framework/src/Illuminate/Pipeline/Pipeline.php(103): Illuminate\Pipeline\Pipeline->Illuminate\Pipeline\{closure}(Object(Illuminate\Http\Request))
#54 /var/www/TRDSv2_laravel8_memo/vendor/laravel/framework/src/Illuminate/Foundation/Http/Kernel.php(142): Illuminate\Pipeline\Pipeline->then(Object(Closure))
#55 /var/www/TRDSv2_laravel8_memo/vendor/laravel/framework/src/Illuminate/Foundation/Http/Kernel.php(111): Illuminate\Foundation\Http\Kernel->sendRequestThroughRouter(Object(Illuminate\Http\Request))
#56 /var/www/TRDSv2_laravel8_memo/index.php(55): Illuminate\Foundation\Http\Kernel->handle(Object(Illuminate\Http\Request))
#57 {main}  
[2026-07-10 05:27:48] local.ERROR: ErrorException: Undefined variable: newStatus in /var/www/TRDSv2_laravel8_memo/app/Http/Controllers/CommonController.php:52
Stack trace:
#0 /var/www/TRDSv2_laravel8_memo/app/Http/Controllers/CommonController.php(52): Illuminate\Foundation\Bootstrap\HandleExceptions->handleError(8, 'Undefined varia...', '/var/www/TRDSv2...', 52, Array)
#1 /var/www/TRDSv2_laravel8_memo/app/Http/Controllers/QualificationCertificationController.php(277): App\Http\Controllers\CommonController->getApprovalStatus('---')
#2 /var/www/TRDSv2_laravel8_memo/vendor/laravel/framework/src/Illuminate/Container/BoundMethod.php(36): App\Http\Controllers\QualificationCertificationController->App\Http\Controllers\{closure}(Object(App\Model\QcSlip))
#3 /var/www/TRDSv2_laravel8_memo/vendor/laravel/framework/src/Illuminate/Container/Util.php(40): Illuminate\Container\BoundMethod::Illuminate\Container\{closure}()
#4 /var/www/TRDSv2_laravel8_memo/vendor/laravel/framework/src/Illuminate/Container/BoundMethod.php(81): Illuminate\Container\Util::unwrapIfClosure(Object(Closure))
#5 /var/www/TRDSv2_laravel8_memo/vendor/laravel/framework/src/Illuminate/Container/BoundMethod.php(37): Illuminate\Container\BoundMethod::callBoundMethod(Object(Illuminate\Foundation\Application), Object(Closure), Object(Closure))
#6 /var/www/TRDSv2_laravel8_memo/vendor/laravel/framework/src/Illuminate/Container/Container.php(653): Illuminate\Container\BoundMethod::call(Object(Illuminate\Foundation\Application), Object(Closure), Array, NULL)
#7 /var/www/TRDSv2_laravel8_memo/vendor/yajra/laravel-datatables-oracle/src/Utilities/Helper.php(71): Illuminate\Container\Container->call(Object(Closure), Array)
#8 /var/www/TRDSv2_laravel8_memo/vendor/yajra/laravel-datatables-oracle/src/Processors/DataProcessor.php(137): Yajra\DataTables\Utilities\Helper::compileContent(Object(Closure), Array, Object(App\Model\QcSlip))
#9 /var/www/TRDSv2_laravel8_memo/vendor/yajra/laravel-datatables-oracle/src/Processors/DataProcessor.php(106): Yajra\DataTables\Processors\DataProcessor->addColumns(Array, Object(App\Model\QcSlip))
#10 /var/www/TRDSv2_laravel8_memo/vendor/yajra/laravel-datatables-oracle/src/DataTableAbstract.php(806): Yajra\DataTables\Processors\DataProcessor->process(true)
#11 /var/www/TRDSv2_laravel8_memo/vendor/yajra/laravel-datatables-oracle/src/CollectionDataTable.php(164): Yajra\DataTables\DataTableAbstract->processResults(Array, true)
#12 /var/www/TRDSv2_laravel8_memo/app/Http/Controllers/QualificationCertificationController.php(318): Yajra\DataTables\CollectionDataTable->make(true)
#13 /var/www/TRDSv2_laravel8_memo/vendor/laravel/framework/src/Illuminate/Routing/Controller.php(54): App\Http\Controllers\QualificationCertificationController->loadQcSlip(Object(Illuminate\Http\Request))
#14 /var/www/TRDSv2_laravel8_memo/vendor/laravel/framework/src/Illuminate/Routing/ControllerDispatcher.php(45): Illuminate\Routing\Controller->callAction('loadQcSlip', Array)
#15 /var/www/TRDSv2_laravel8_memo/vendor/laravel/framework/src/Illuminate/Routing/Route.php(262): Illuminate\Routing\ControllerDispatcher->dispatch(Object(Illuminate\Routing\Route), Object(App\Http\Controllers\QualificationCertificationController), 'loadQcSlip')
#16 /var/www/TRDSv2_laravel8_memo/vendor/laravel/framework/src/Illuminate/Routing/Route.php(205): Illuminate\Routing\Route->runController()
#17 /var/www/TRDSv2_laravel8_memo/vendor/laravel/framework/src/Illuminate/Routing/Router.php(721): Illuminate\Routing\Route->run()
#18 /var/www/TRDSv2_laravel8_memo/vendor/laravel/framework/src/Illuminate/Pipeline/Pipeline.php(128): Illuminate\Routing\Router->Illuminate\Routing\{closure}(Object(Illuminate\Http\Request))
#19 /var/www/TRDSv2_laravel8_memo/app/Http/Middleware/CheckSession.php(55): Illuminate\Pipeline\Pipeline->Illuminate\Pipeline\{closure}(Object(Illuminate\Http\Request))
#20 /var/www/TRDSv2_laravel8_memo/vendor/laravel/framework/src/Illuminate/Pipeline/Pipeline.php(167): App\Http\Middleware\CheckSession->handle(Object(Illuminate\Http\Request), Object(Closure))
#21 /var/www/TRDSv2_laravel8_memo/vendor/laravel/framework/src/Illuminate/Routing/Middleware/SubstituteBindings.php(50): Illuminate\Pipeline\Pipeline->Illuminate\Pipeline\{closure}(Object(Illuminate\Http\Request))
#22 /var/www/TRDSv2_laravel8_memo/vendor/laravel/framework/src/Illuminate/Pipeline/Pipeline.php(167): Illuminate\Routing\Middleware\SubstituteBindings->handle(Object(Illuminate\Http\Request), Object(Closure))
#23 /var/www/TRDSv2_laravel8_memo/vendor/laravel/framework/src/Illuminate/Foundation/Http/Middleware/VerifyCsrfToken.php(78): Illuminate\Pipeline\Pipeline->Illuminate\Pipeline\{closure}(Object(Illuminate\Http\Request))
#24 /var/www/TRDSv2_laravel8_memo/vendor/laravel/framework/src/Illuminate/Pipeline/Pipeline.php(167): Illuminate\Foundation\Http\Middleware\VerifyCsrfToken->handle(Object(Illuminate\Http\Request), Object(Closure))
#25 /var/www/TRDSv2_laravel8_memo/vendor/laravel/framework/src/Illuminate/View/Middleware/ShareErrorsFromSession.php(49): Illuminate\Pipeline\Pipeline->Illuminate\Pipeline\{closure}(Object(Illuminate\Http\Request))
#26 /var/www/TRDSv2_laravel8_memo/vendor/laravel/framework/src/Illuminate/Pipeline/Pipeline.php(167): Illuminate\View\Middleware\ShareErrorsFromSession->handle(Object(Illuminate\Http\Request), Object(Closure))
#27 /var/www/TRDSv2_laravel8_memo/vendor/laravel/framework/src/Illuminate/Session/Middleware/StartSession.php(121): Illuminate\Pipeline\Pipeline->Illuminate\Pipeline\{closure}(Object(Illuminate\Http\Request))
#28 /var/www/TRDSv2_laravel8_memo/vendor/laravel/framework/src/Illuminate/Session/Middleware/StartSession.php(64): Illuminate\Session\Middleware\StartSession->handleStatefulRequest(Object(Illuminate\Http\Request), Object(Illuminate\Session\Store), Object(Closure))
#29 /var/www/TRDSv2_laravel8_memo/vendor/laravel/framework/src/Illuminate/Pipeline/Pipeline.php(167): Illuminate\Session\Middleware\StartSession->handle(Object(Illuminate\Http\Request), Object(Closure))
#30 /var/www/TRDSv2_laravel8_memo/vendor/laravel/framework/src/Illuminate/Cookie/Middleware/AddQueuedCookiesToResponse.php(37): Illuminate\Pipeline\Pipeline->Illuminate\Pipeline\{closure}(Object(Illuminate\Http\Request))
#31 /var/www/TRDSv2_laravel8_memo/vendor/laravel/framework/src/Illuminate/Pipeline/Pipeline.php(167): Illuminate\Cookie\Middleware\AddQueuedCookiesToResponse->handle(Object(Illuminate\Http\Request), Object(Closure))
#32 /var/www/TRDSv2_laravel8_memo/vendor/laravel/framework/src/Illuminate/Cookie/Middleware/EncryptCookies.php(67): Illuminate\Pipeline\Pipeline->Illuminate\Pipeline\{closure}(Object(Illuminate\Http\Request))
#33 /var/www/TRDSv2_laravel8_memo/vendor/laravel/framework/src/Illuminate/Pipeline/Pipeline.php(167): Illuminate\Cookie\Middleware\EncryptCookies->handle(Object(Illuminate\Http\Request), Object(Closure))
#34 /var/www/TRDSv2_laravel8_memo/vendor/laravel/framework/src/Illuminate/Pipeline/Pipeline.php(103): Illuminate\Pipeline\Pipeline->Illuminate\Pipeline\{closure}(Object(Illuminate\Http\Request))
#35 /var/www/TRDSv2_laravel8_memo/vendor/laravel/framework/src/Illuminate/Routing/Router.php(723): Illuminate\Pipeline\Pipeline->then(Object(Closure))
#36 /var/www/TRDSv2_laravel8_memo/vendor/laravel/framework/src/Illuminate/Routing/Router.php(698): Illuminate\Routing\Router->runRouteWithinStack(Object(Illuminate\Routing\Route), Object(Illuminate\Http\Request))
#37 /var/www/TRDSv2_laravel8_memo/vendor/laravel/framework/src/Illuminate/Routing/Router.php(662): Illuminate\Routing\Router->runRoute(Object(Illuminate\Http\Request), Object(Illuminate\Routing\Route))
#38 /var/www/TRDSv2_laravel8_memo/vendor/laravel/framework/src/Illuminate/Routing/Router.php(651): Illuminate\Routing\Router->dispatchToRoute(Object(Illuminate\Http\Request))
#39 /var/www/TRDSv2_laravel8_memo/vendor/laravel/framework/src/Illuminate/Foundation/Http/Kernel.php(167): Illuminate\Routing\Router->dispatch(Object(Illuminate\Http\Request))
#40 /var/www/TRDSv2_laravel8_memo/vendor/laravel/framework/src/Illuminate/Pipeline/Pipeline.php(128): Illuminate\Foundation\Http\Kernel->Illuminate\Foundation\Http\{closure}(Object(Illuminate\Http\Request))
#41 /var/www/TRDSv2_laravel8_memo/vendor/laravel/framework/src/Illuminate/Foundation/Http/Middleware/TransformsRequest.php(21): Illuminate\Pipeline\Pipeline->Illuminate\Pipeline\{closure}(Object(Illuminate\Http\Request))
#42 /var/www/TRDSv2_laravel8_memo/vendor/laravel/framework/src/Illuminate/Foundation/Http/Middleware/ConvertEmptyStringsToNull.php(31): Illuminate\Foundation\Http\Middleware\TransformsRequest->handle(Object(Illuminate\Http\Request), Object(Closure))
#43 /var/www/TRDSv2_laravel8_memo/vendor/laravel/framework/src/Illuminate/Pipeline/Pipeline.php(167): Illuminate\Foundation\Http\Middleware\ConvertEmptyStringsToNull->handle(Object(Illuminate\Http\Request), Object(Closure))
#44 /var/www/TRDSv2_laravel8_memo/vendor/laravel/framework/src/Illuminate/Foundation/Http/Middleware/TransformsRequest.php(21): Illuminate\Pipeline\Pipeline->Illuminate\Pipeline\{closure}(Object(Illuminate\Http\Request))
#45 /var/www/TRDSv2_laravel8_memo/vendor/laravel/framework/src/Illuminate/Foundation/Http/Middleware/TrimStrings.php(40): Illuminate\Foundation\Http\Middleware\TransformsRequest->handle(Object(Illuminate\Http\Request), Object(Closure))
#46 /var/www/TRDSv2_laravel8_memo/vendor/laravel/framework/src/Illuminate/Pipeline/Pipeline.php(167): Illuminate\Foundation\Http\Middleware\TrimStrings->handle(Object(Illuminate\Http\Request), Object(Closure))
#47 /var/www/TRDSv2_laravel8_memo/vendor/laravel/framework/src/Illuminate/Foundation/Http/Middleware/ValidatePostSize.php(27): Illuminate\Pipeline\Pipeline->Illuminate\Pipeline\{closure}(Object(Illuminate\Http\Request))
#48 /var/www/TRDSv2_laravel8_memo/vendor/laravel/framework/src/Illuminate/Pipeline/Pipeline.php(167): Illuminate\Foundation\Http\Middleware\ValidatePostSize->handle(Object(Illuminate\Http\Request), Object(Closure))
#49 /var/www/TRDSv2_laravel8_memo/vendor/laravel/framework/src/Illuminate/Foundation/Http/Middleware/PreventRequestsDuringMaintenance.php(86): Illuminate\Pipeline\Pipeline->Illuminate\Pipeline\{closure}(Object(Illuminate\Http\Request))
#50 /var/www/TRDSv2_laravel8_memo/vendor/laravel/framework/src/Illuminate/Pipeline/Pipeline.php(167): Illuminate\Foundation\Http\Middleware\PreventRequestsDuringMaintenance->handle(Object(Illuminate\Http\Request), Object(Closure))
#51 /var/www/TRDSv2_laravel8_memo/vendor/fideloper/proxy/src/TrustProxies.php(57): Illuminate\Pipeline\Pipeline->Illuminate\Pipeline\{closure}(Object(Illuminate\Http\Request))
#52 /var/www/TRDSv2_laravel8_memo/vendor/laravel/framework/src/Illuminate/Pipeline/Pipeline.php(167): Fideloper\Proxy\TrustProxies->handle(Object(Illuminate\Http\Request), Object(Closure))
#53 /var/www/TRDSv2_laravel8_memo/vendor/laravel/framework/src/Illuminate/Pipeline/Pipeline.php(103): Illuminate\Pipeline\Pipeline->Illuminate\Pipeline\{closure}(Object(Illuminate\Http\Request))
#54 /var/www/TRDSv2_laravel8_memo/vendor/laravel/framework/src/Illuminate/Foundation/Http/Kernel.php(142): Illuminate\Pipeline\Pipeline->then(Object(Closure))
#55 /var/www/TRDSv2_laravel8_memo/vendor/laravel/framework/src/Illuminate/Foundation/Http/Kernel.php(111): Illuminate\Foundation\Http\Kernel->sendRequestThroughRouter(Object(Illuminate\Http\Request))
#56 /var/www/TRDSv2_laravel8_memo/index.php(55): Illuminate\Foundation\Http\Kernel->handle(Object(Illuminate\Http\Request))
#57 {main}  
[2026-07-10 05:33:07] local.ERROR: ErrorException: Undefined variable: spanColor in /var/www/TRDSv2_laravel8_memo/app/Http/Controllers/QualificationCertificationController.php:281
Stack trace:
#0 /var/www/TRDSv2_laravel8_memo/app/Http/Controllers/QualificationCertificationController.php(281): Illuminate\Foundation\Bootstrap\HandleExceptions->handleError(8, 'Undefined varia...', '/var/www/TRDSv2...', 281, Array)
#1 /var/www/TRDSv2_laravel8_memo/vendor/laravel/framework/src/Illuminate/Container/BoundMethod.php(36): App\Http\Controllers\QualificationCertificationController->App\Http\Controllers\{closure}(Object(App\Model\QcSlip))
#2 /var/www/TRDSv2_laravel8_memo/vendor/laravel/framework/src/Illuminate/Container/Util.php(40): Illuminate\Container\BoundMethod::Illuminate\Container\{closure}()
#3 /var/www/TRDSv2_laravel8_memo/vendor/laravel/framework/src/Illuminate/Container/BoundMethod.php(81): Illuminate\Container\Util::unwrapIfClosure(Object(Closure))
#4 /var/www/TRDSv2_laravel8_memo/vendor/laravel/framework/src/Illuminate/Container/BoundMethod.php(37): Illuminate\Container\BoundMethod::callBoundMethod(Object(Illuminate\Foundation\Application), Object(Closure), Object(Closure))
#5 /var/www/TRDSv2_laravel8_memo/vendor/laravel/framework/src/Illuminate/Container/Container.php(653): Illuminate\Container\BoundMethod::call(Object(Illuminate\Foundation\Application), Object(Closure), Array, NULL)
#6 /var/www/TRDSv2_laravel8_memo/vendor/yajra/laravel-datatables-oracle/src/Utilities/Helper.php(71): Illuminate\Container\Container->call(Object(Closure), Array)
#7 /var/www/TRDSv2_laravel8_memo/vendor/yajra/laravel-datatables-oracle/src/Processors/DataProcessor.php(137): Yajra\DataTables\Utilities\Helper::compileContent(Object(Closure), Array, Object(App\Model\QcSlip))
#8 /var/www/TRDSv2_laravel8_memo/vendor/yajra/laravel-datatables-oracle/src/Processors/DataProcessor.php(106): Yajra\DataTables\Processors\DataProcessor->addColumns(Array, Object(App\Model\QcSlip))
#9 /var/www/TRDSv2_laravel8_memo/vendor/yajra/laravel-datatables-oracle/src/DataTableAbstract.php(806): Yajra\DataTables\Processors\DataProcessor->process(true)
#10 /var/www/TRDSv2_laravel8_memo/vendor/yajra/laravel-datatables-oracle/src/CollectionDataTable.php(164): Yajra\DataTables\DataTableAbstract->processResults(Array, true)
#11 /var/www/TRDSv2_laravel8_memo/app/Http/Controllers/QualificationCertificationController.php(318): Yajra\DataTables\CollectionDataTable->make(true)
#12 /var/www/TRDSv2_laravel8_memo/vendor/laravel/framework/src/Illuminate/Routing/Controller.php(54): App\Http\Controllers\QualificationCertificationController->loadQcSlip(Object(Illuminate\Http\Request))
#13 /var/www/TRDSv2_laravel8_memo/vendor/laravel/framework/src/Illuminate/Routing/ControllerDispatcher.php(45): Illuminate\Routing\Controller->callAction('loadQcSlip', Array)
#14 /var/www/TRDSv2_laravel8_memo/vendor/laravel/framework/src/Illuminate/Routing/Route.php(262): Illuminate\Routing\ControllerDispatcher->dispatch(Object(Illuminate\Routing\Route), Object(App\Http\Controllers\QualificationCertificationController), 'loadQcSlip')
#15 /var/www/TRDSv2_laravel8_memo/vendor/laravel/framework/src/Illuminate/Routing/Route.php(205): Illuminate\Routing\Route->runController()
#16 /var/www/TRDSv2_laravel8_memo/vendor/laravel/framework/src/Illuminate/Routing/Router.php(721): Illuminate\Routing\Route->run()
#17 /var/www/TRDSv2_laravel8_memo/vendor/laravel/framework/src/Illuminate/Pipeline/Pipeline.php(128): Illuminate\Routing\Router->Illuminate\Routing\{closure}(Object(Illuminate\Http\Request))
#18 /var/www/TRDSv2_laravel8_memo/app/Http/Middleware/CheckSession.php(55): Illuminate\Pipeline\Pipeline->Illuminate\Pipeline\{closure}(Object(Illuminate\Http\Request))
#19 /var/www/TRDSv2_laravel8_memo/vendor/laravel/framework/src/Illuminate/Pipeline/Pipeline.php(167): App\Http\Middleware\CheckSession->handle(Object(Illuminate\Http\Request), Object(Closure))
#20 /var/www/TRDSv2_laravel8_memo/vendor/laravel/framework/src/Illuminate/Routing/Middleware/SubstituteBindings.php(50): Illuminate\Pipeline\Pipeline->Illuminate\Pipeline\{closure}(Object(Illuminate\Http\Request))
#21 /var/www/TRDSv2_laravel8_memo/vendor/laravel/framework/src/Illuminate/Pipeline/Pipeline.php(167): Illuminate\Routing\Middleware\SubstituteBindings->handle(Object(Illuminate\Http\Request), Object(Closure))
#22 /var/www/TRDSv2_laravel8_memo/vendor/laravel/framework/src/Illuminate/Foundation/Http/Middleware/VerifyCsrfToken.php(78): Illuminate\Pipeline\Pipeline->Illuminate\Pipeline\{closure}(Object(Illuminate\Http\Request))
#23 /var/www/TRDSv2_laravel8_memo/vendor/laravel/framework/src/Illuminate/Pipeline/Pipeline.php(167): Illuminate\Foundation\Http\Middleware\VerifyCsrfToken->handle(Object(Illuminate\Http\Request), Object(Closure))
#24 /var/www/TRDSv2_laravel8_memo/vendor/laravel/framework/src/Illuminate/View/Middleware/ShareErrorsFromSession.php(49): Illuminate\Pipeline\Pipeline->Illuminate\Pipeline\{closure}(Object(Illuminate\Http\Request))
#25 /var/www/TRDSv2_laravel8_memo/vendor/laravel/framework/src/Illuminate/Pipeline/Pipeline.php(167): Illuminate\View\Middleware\ShareErrorsFromSession->handle(Object(Illuminate\Http\Request), Object(Closure))
#26 /var/www/TRDSv2_laravel8_memo/vendor/laravel/framework/src/Illuminate/Session/Middleware/StartSession.php(121): Illuminate\Pipeline\Pipeline->Illuminate\Pipeline\{closure}(Object(Illuminate\Http\Request))
#27 /var/www/TRDSv2_laravel8_memo/vendor/laravel/framework/src/Illuminate/Session/Middleware/StartSession.php(64): Illuminate\Session\Middleware\StartSession->handleStatefulRequest(Object(Illuminate\Http\Request), Object(Illuminate\Session\Store), Object(Closure))
#28 /var/www/TRDSv2_laravel8_memo/vendor/laravel/framework/src/Illuminate/Pipeline/Pipeline.php(167): Illuminate\Session\Middleware\StartSession->handle(Object(Illuminate\Http\Request), Object(Closure))
#29 /var/www/TRDSv2_laravel8_memo/vendor/laravel/framework/src/Illuminate/Cookie/Middleware/AddQueuedCookiesToResponse.php(37): Illuminate\Pipeline\Pipeline->Illuminate\Pipeline\{closure}(Object(Illuminate\Http\Request))
#30 /var/www/TRDSv2_laravel8_memo/vendor/laravel/framework/src/Illuminate/Pipeline/Pipeline.php(167): Illuminate\Cookie\Middleware\AddQueuedCookiesToResponse->handle(Object(Illuminate\Http\Request), Object(Closure))
#31 /var/www/TRDSv2_laravel8_memo/vendor/laravel/framework/src/Illuminate/Cookie/Middleware/EncryptCookies.php(67): Illuminate\Pipeline\Pipeline->Illuminate\Pipeline\{closure}(Object(Illuminate\Http\Request))
#32 /var/www/TRDSv2_laravel8_memo/vendor/laravel/framework/src/Illuminate/Pipeline/Pipeline.php(167): Illuminate\Cookie\Middleware\EncryptCookies->handle(Object(Illuminate\Http\Request), Object(Closure))
#33 /var/www/TRDSv2_laravel8_memo/vendor/laravel/framework/src/Illuminate/Pipeline/Pipeline.php(103): Illuminate\Pipeline\Pipeline->Illuminate\Pipeline\{closure}(Object(Illuminate\Http\Request))
#34 /var/www/TRDSv2_laravel8_memo/vendor/laravel/framework/src/Illuminate/Routing/Router.php(723): Illuminate\Pipeline\Pipeline->then(Object(Closure))
#35 /var/www/TRDSv2_laravel8_memo/vendor/laravel/framework/src/Illuminate/Routing/Router.php(698): Illuminate\Routing\Router->runRouteWithinStack(Object(Illuminate\Routing\Route), Object(Illuminate\Http\Request))
#36 /var/www/TRDSv2_laravel8_memo/vendor/laravel/framework/src/Illuminate/Routing/Router.php(662): Illuminate\Routing\Router->runRoute(Object(Illuminate\Http\Request), Object(Illuminate\Routing\Route))
#37 /var/www/TRDSv2_laravel8_memo/vendor/laravel/framework/src/Illuminate/Routing/Router.php(651): Illuminate\Routing\Router->dispatchToRoute(Object(Illuminate\Http\Request))
#38 /var/www/TRDSv2_laravel8_memo/vendor/laravel/framework/src/Illuminate/Foundation/Http/Kernel.php(167): Illuminate\Routing\Router->dispatch(Object(Illuminate\Http\Request))
#39 /var/www/TRDSv2_laravel8_memo/vendor/laravel/framework/src/Illuminate/Pipeline/Pipeline.php(128): Illuminate\Foundation\Http\Kernel->Illuminate\Foundation\Http\{closure}(Object(Illuminate\Http\Request))
#40 /var/www/TRDSv2_laravel8_memo/vendor/laravel/framework/src/Illuminate/Foundation/Http/Middleware/TransformsRequest.php(21): Illuminate\Pipeline\Pipeline->Illuminate\Pipeline\{closure}(Object(Illuminate\Http\Request))
#41 /var/www/TRDSv2_laravel8_memo/vendor/laravel/framework/src/Illuminate/Foundation/Http/Middleware/ConvertEmptyStringsToNull.php(31): Illuminate\Foundation\Http\Middleware\TransformsRequest->handle(Object(Illuminate\Http\Request), Object(Closure))
#42 /var/www/TRDSv2_laravel8_memo/vendor/laravel/framework/src/Illuminate/Pipeline/Pipeline.php(167): Illuminate\Foundation\Http\Middleware\ConvertEmptyStringsToNull->handle(Object(Illuminate\Http\Request), Object(Closure))
#43 /var/www/TRDSv2_laravel8_memo/vendor/laravel/framework/src/Illuminate/Foundation/Http/Middleware/TransformsRequest.php(21): Illuminate\Pipeline\Pipeline->Illuminate\Pipeline\{closure}(Object(Illuminate\Http\Request))
#44 /var/www/TRDSv2_laravel8_memo/vendor/laravel/framework/src/Illuminate/Foundation/Http/Middleware/TrimStrings.php(40): Illuminate\Foundation\Http\Middleware\TransformsRequest->handle(Object(Illuminate\Http\Request), Object(Closure))
#45 /var/www/TRDSv2_laravel8_memo/vendor/laravel/framework/src/Illuminate/Pipeline/Pipeline.php(167): Illuminate\Foundation\Http\Middleware\TrimStrings->handle(Object(Illuminate\Http\Request), Object(Closure))
#46 /var/www/TRDSv2_laravel8_memo/vendor/laravel/framework/src/Illuminate/Foundation/Http/Middleware/ValidatePostSize.php(27): Illuminate\Pipeline\Pipeline->Illuminate\Pipeline\{closure}(Object(Illuminate\Http\Request))
#47 /var/www/TRDSv2_laravel8_memo/vendor/laravel/framework/src/Illuminate/Pipeline/Pipeline.php(167): Illuminate\Foundation\Http\Middleware\ValidatePostSize->handle(Object(Illuminate\Http\Request), Object(Closure))
#48 /var/www/TRDSv2_laravel8_memo/vendor/laravel/framework/src/Illuminate/Foundation/Http/Middleware/PreventRequestsDuringMaintenance.php(86): Illuminate\Pipeline\Pipeline->Illuminate\Pipeline\{closure}(Object(Illuminate\Http\Request))
#49 /var/www/TRDSv2_laravel8_memo/vendor/laravel/framework/src/Illuminate/Pipeline/Pipeline.php(167): Illuminate\Foundation\Http\Middleware\PreventRequestsDuringMaintenance->handle(Object(Illuminate\Http\Request), Object(Closure))
#50 /var/www/TRDSv2_laravel8_memo/vendor/fideloper/proxy/src/TrustProxies.php(57): Illuminate\Pipeline\Pipeline->Illuminate\Pipeline\{closure}(Object(Illuminate\Http\Request))
#51 /var/www/TRDSv2_laravel8_memo/vendor/laravel/framework/src/Illuminate/Pipeline/Pipeline.php(167): Fideloper\Proxy\TrustProxies->handle(Object(Illuminate\Http\Request), Object(Closure))
#52 /var/www/TRDSv2_laravel8_memo/vendor/laravel/framework/src/Illuminate/Pipeline/Pipeline.php(103): Illuminate\Pipeline\Pipeline->Illuminate\Pipeline\{closure}(Object(Illuminate\Http\Request))
#53 /var/www/TRDSv2_laravel8_memo/vendor/laravel/framework/src/Illuminate/Foundation/Http/Kernel.php(142): Illuminate\Pipeline\Pipeline->then(Object(Closure))
#54 /var/www/TRDSv2_laravel8_memo/vendor/laravel/framework/src/Illuminate/Foundation/Http/Kernel.php(111): Illuminate\Foundation\Http\Kernel->sendRequestThroughRouter(Object(Illuminate\Http\Request))
#55 /var/www/TRDSv2_laravel8_memo/index.php(55): Illuminate\Foundation\Http\Kernel->handle(Object(Illuminate\Http\Request))
#56 {main}  
[2026-07-10 06:25:48] local.ERROR: Class 'App\Model\QcSlipEmployee' not found {"exception":"[object] (Error(code: 0): Class 'App\\Model\\QcSlipEmployee' not found at /var/www/TRDSv2_laravel8_memo/vendor/laravel/framework/src/Illuminate/Database/Eloquent/Concerns/HasRelationships.php:750)
[stacktrace]
#0 /var/www/TRDSv2_laravel8_memo/vendor/laravel/framework/src/Illuminate/Database/Eloquent/Concerns/HasRelationships.php(351): Illuminate\\Database\\Eloquent\\Model->newRelatedInstance('App\\\\Model\\\\QcSli...')
#1 /var/www/TRDSv2_laravel8_memo/app/Model/QcSlip.php(25): Illuminate\\Database\\Eloquent\\Model->hasMany('App\\\\Model\\\\QcSli...', 'qc_slips_id', 'id')
#2 /var/www/TRDSv2_laravel8_memo/vendor/laravel/framework/src/Illuminate/Database/Eloquent/Builder.php(690): App\\Model\\QcSlip->qc_slip_employees()
#3 /var/www/TRDSv2_laravel8_memo/vendor/laravel/framework/src/Illuminate/Database/Eloquent/Relations/Relation.php(106): Illuminate\\Database\\Eloquent\\Builder->Illuminate\\Database\\Eloquent\\{closure}()
#4 /var/www/TRDSv2_laravel8_memo/vendor/laravel/framework/src/Illuminate/Database/Eloquent/Builder.php(694): Illuminate\\Database\\Eloquent\\Relations\\Relation::noConstraints(Object(Closure))
#5 /var/www/TRDSv2_laravel8_memo/vendor/laravel/framework/src/Illuminate/Database/Eloquent/Builder.php(662): Illuminate\\Database\\Eloquent\\Builder->getRelation('qc_slip_employe...')
#6 /var/www/TRDSv2_laravel8_memo/vendor/laravel/framework/src/Illuminate/Database/Eloquent/Builder.php(642): Illuminate\\Database\\Eloquent\\Builder->eagerLoadRelation(Array, 'qc_slip_employe...', Object(Closure))
#7 /var/www/TRDSv2_laravel8_memo/vendor/laravel/framework/src/Illuminate/Database/Eloquent/Builder.php(610): Illuminate\\Database\\Eloquent\\Builder->eagerLoadRelations(Array)
#8 /var/www/TRDSv2_laravel8_memo/app/Http/Controllers/QualificationCertificationController.php(103): Illuminate\\Database\\Eloquent\\Builder->get()
#9 /var/www/TRDSv2_laravel8_memo/vendor/laravel/framework/src/Illuminate/Routing/Controller.php(54): App\\Http\\Controllers\\QualificationCertificationController->getQcSlipsById(Object(Illuminate\\Http\\Request))
#10 /var/www/TRDSv2_laravel8_memo/vendor/laravel/framework/src/Illuminate/Routing/ControllerDispatcher.php(45): Illuminate\\Routing\\Controller->callAction('getQcSlipsById', Array)
#11 /var/www/TRDSv2_laravel8_memo/vendor/laravel/framework/src/Illuminate/Routing/Route.php(262): Illuminate\\Routing\\ControllerDispatcher->dispatch(Object(Illuminate\\Routing\\Route), Object(App\\Http\\Controllers\\QualificationCertificationController), 'getQcSlipsById')
#12 /var/www/TRDSv2_laravel8_memo/vendor/laravel/framework/src/Illuminate/Routing/Route.php(205): Illuminate\\Routing\\Route->runController()
#13 /var/www/TRDSv2_laravel8_memo/vendor/laravel/framework/src/Illuminate/Routing/Router.php(721): Illuminate\\Routing\\Route->run()
#14 /var/www/TRDSv2_laravel8_memo/vendor/laravel/framework/src/Illuminate/Pipeline/Pipeline.php(128): Illuminate\\Routing\\Router->Illuminate\\Routing\\{closure}(Object(Illuminate\\Http\\Request))
#15 /var/www/TRDSv2_laravel8_memo/app/Http/Middleware/CheckSession.php(55): Illuminate\\Pipeline\\Pipeline->Illuminate\\Pipeline\\{closure}(Object(Illuminate\\Http\\Request))
#16 /var/www/TRDSv2_laravel8_memo/vendor/laravel/framework/src/Illuminate/Pipeline/Pipeline.php(167): App\\Http\\Middleware\\CheckSession->handle(Object(Illuminate\\Http\\Request), Object(Closure))
#17 /var/www/TRDSv2_laravel8_memo/vendor/laravel/framework/src/Illuminate/Routing/Middleware/SubstituteBindings.php(50): Illuminate\\Pipeline\\Pipeline->Illuminate\\Pipeline\\{closure}(Object(Illuminate\\Http\\Request))
#18 /var/www/TRDSv2_laravel8_memo/vendor/laravel/framework/src/Illuminate/Pipeline/Pipeline.php(167): Illuminate\\Routing\\Middleware\\SubstituteBindings->handle(Object(Illuminate\\Http\\Request), Object(Closure))
#19 /var/www/TRDSv2_laravel8_memo/vendor/laravel/framework/src/Illuminate/Foundation/Http/Middleware/VerifyCsrfToken.php(78): Illuminate\\Pipeline\\Pipeline->Illuminate\\Pipeline\\{closure}(Object(Illuminate\\Http\\Request))
#20 /var/www/TRDSv2_laravel8_memo/vendor/laravel/framework/src/Illuminate/Pipeline/Pipeline.php(167): Illuminate\\Foundation\\Http\\Middleware\\VerifyCsrfToken->handle(Object(Illuminate\\Http\\Request), Object(Closure))
#21 /var/www/TRDSv2_laravel8_memo/vendor/laravel/framework/src/Illuminate/View/Middleware/ShareErrorsFromSession.php(49): Illuminate\\Pipeline\\Pipeline->Illuminate\\Pipeline\\{closure}(Object(Illuminate\\Http\\Request))
#22 /var/www/TRDSv2_laravel8_memo/vendor/laravel/framework/src/Illuminate/Pipeline/Pipeline.php(167): Illuminate\\View\\Middleware\\ShareErrorsFromSession->handle(Object(Illuminate\\Http\\Request), Object(Closure))
#23 /var/www/TRDSv2_laravel8_memo/vendor/laravel/framework/src/Illuminate/Session/Middleware/StartSession.php(121): Illuminate\\Pipeline\\Pipeline->Illuminate\\Pipeline\\{closure}(Object(Illuminate\\Http\\Request))
#24 /var/www/TRDSv2_laravel8_memo/vendor/laravel/framework/src/Illuminate/Session/Middleware/StartSession.php(64): Illuminate\\Session\\Middleware\\StartSession->handleStatefulRequest(Object(Illuminate\\Http\\Request), Object(Illuminate\\Session\\Store), Object(Closure))
#25 /var/www/TRDSv2_laravel8_memo/vendor/laravel/framework/src/Illuminate/Pipeline/Pipeline.php(167): Illuminate\\Session\\Middleware\\StartSession->handle(Object(Illuminate\\Http\\Request), Object(Closure))
#26 /var/www/TRDSv2_laravel8_memo/vendor/laravel/framework/src/Illuminate/Cookie/Middleware/AddQueuedCookiesToResponse.php(37): Illuminate\\Pipeline\\Pipeline->Illuminate\\Pipeline\\{closure}(Object(Illuminate\\Http\\Request))
#27 /var/www/TRDSv2_laravel8_memo/vendor/laravel/framework/src/Illuminate/Pipeline/Pipeline.php(167): Illuminate\\Cookie\\Middleware\\AddQueuedCookiesToResponse->handle(Object(Illuminate\\Http\\Request), Object(Closure))
#28 /var/www/TRDSv2_laravel8_memo/vendor/laravel/framework/src/Illuminate/Cookie/Middleware/EncryptCookies.php(67): Illuminate\\Pipeline\\Pipeline->Illuminate\\Pipeline\\{closure}(Object(Illuminate\\Http\\Request))
#29 /var/www/TRDSv2_laravel8_memo/vendor/laravel/framework/src/Illuminate/Pipeline/Pipeline.php(167): Illuminate\\Cookie\\Middleware\\EncryptCookies->handle(Object(Illuminate\\Http\\Request), Object(Closure))
#30 /var/www/TRDSv2_laravel8_memo/vendor/laravel/framework/src/Illuminate/Pipeline/Pipeline.php(103): Illuminate\\Pipeline\\Pipeline->Illuminate\\Pipeline\\{closure}(Object(Illuminate\\Http\\Request))
#31 /var/www/TRDSv2_laravel8_memo/vendor/laravel/framework/src/Illuminate/Routing/Router.php(723): Illuminate\\Pipeline\\Pipeline->then(Object(Closure))
#32 /var/www/TRDSv2_laravel8_memo/vendor/laravel/framework/src/Illuminate/Routing/Router.php(698): Illuminate\\Routing\\Router->runRouteWithinStack(Object(Illuminate\\Routing\\Route), Object(Illuminate\\Http\\Request))
#33 /var/www/TRDSv2_laravel8_memo/vendor/laravel/framework/src/Illuminate/Routing/Router.php(662): Illuminate\\Routing\\Router->runRoute(Object(Illuminate\\Http\\Request), Object(Illuminate\\Routing\\Route))
#34 /var/www/TRDSv2_laravel8_memo/vendor/laravel/framework/src/Illuminate/Routing/Router.php(651): Illuminate\\Routing\\Router->dispatchToRoute(Object(Illuminate\\Http\\Request))
#35 /var/www/TRDSv2_laravel8_memo/vendor/laravel/framework/src/Illuminate/Foundation/Http/Kernel.php(167): Illuminate\\Routing\\Router->dispatch(Object(Illuminate\\Http\\Request))
#36 /var/www/TRDSv2_laravel8_memo/vendor/laravel/framework/src/Illuminate/Pipeline/Pipeline.php(128): Illuminate\\Foundation\\Http\\Kernel->Illuminate\\Foundation\\Http\\{closure}(Object(Illuminate\\Http\\Request))
#37 /var/www/TRDSv2_laravel8_memo/vendor/laravel/framework/src/Illuminate/Foundation/Http/Middleware/TransformsRequest.php(21): Illuminate\\Pipeline\\Pipeline->Illuminate\\Pipeline\\{closure}(Object(Illuminate\\Http\\Request))
#38 /var/www/TRDSv2_laravel8_memo/vendor/laravel/framework/src/Illuminate/Foundation/Http/Middleware/ConvertEmptyStringsToNull.php(31): Illuminate\\Foundation\\Http\\Middleware\\TransformsRequest->handle(Object(Illuminate\\Http\\Request), Object(Closure))
#39 /var/www/TRDSv2_laravel8_memo/vendor/laravel/framework/src/Illuminate/Pipeline/Pipeline.php(167): Illuminate\\Foundation\\Http\\Middleware\\ConvertEmptyStringsToNull->handle(Object(Illuminate\\Http\\Request), Object(Closure))
#40 /var/www/TRDSv2_laravel8_memo/vendor/laravel/framework/src/Illuminate/Foundation/Http/Middleware/TransformsRequest.php(21): Illuminate\\Pipeline\\Pipeline->Illuminate\\Pipeline\\{closure}(Object(Illuminate\\Http\\Request))
#41 /var/www/TRDSv2_laravel8_memo/vendor/laravel/framework/src/Illuminate/Foundation/Http/Middleware/TrimStrings.php(40): Illuminate\\Foundation\\Http\\Middleware\\TransformsRequest->handle(Object(Illuminate\\Http\\Request), Object(Closure))
#42 /var/www/TRDSv2_laravel8_memo/vendor/laravel/framework/src/Illuminate/Pipeline/Pipeline.php(167): Illuminate\\Foundation\\Http\\Middleware\\TrimStrings->handle(Object(Illuminate\\Http\\Request), Object(Closure))
#43 /var/www/TRDSv2_laravel8_memo/vendor/laravel/framework/src/Illuminate/Foundation/Http/Middleware/ValidatePostSize.php(27): Illuminate\\Pipeline\\Pipeline->Illuminate\\Pipeline\\{closure}(Object(Illuminate\\Http\\Request))
#44 /var/www/TRDSv2_laravel8_memo/vendor/laravel/framework/src/Illuminate/Pipeline/Pipeline.php(167): Illuminate\\Foundation\\Http\\Middleware\\ValidatePostSize->handle(Object(Illuminate\\Http\\Request), Object(Closure))
#45 /var/www/TRDSv2_laravel8_memo/vendor/laravel/framework/src/Illuminate/Foundation/Http/Middleware/PreventRequestsDuringMaintenance.php(86): Illuminate\\Pipeline\\Pipeline->Illuminate\\Pipeline\\{closure}(Object(Illuminate\\Http\\Request))
#46 /var/www/TRDSv2_laravel8_memo/vendor/laravel/framework/src/Illuminate/Pipeline/Pipeline.php(167): Illuminate\\Foundation\\Http\\Middleware\\PreventRequestsDuringMaintenance->handle(Object(Illuminate\\Http\\Request), Object(Closure))
#47 /var/www/TRDSv2_laravel8_memo/vendor/fideloper/proxy/src/TrustProxies.php(57): Illuminate\\Pipeline\\Pipeline->Illuminate\\Pipeline\\{closure}(Object(Illuminate\\Http\\Request))
#48 /var/www/TRDSv2_laravel8_memo/vendor/laravel/framework/src/Illuminate/Pipeline/Pipeline.php(167): Fideloper\\Proxy\\TrustProxies->handle(Object(Illuminate\\Http\\Request), Object(Closure))
#49 /var/www/TRDSv2_laravel8_memo/vendor/laravel/framework/src/Illuminate/Pipeline/Pipeline.php(103): Illuminate\\Pipeline\\Pipeline->Illuminate\\Pipeline\\{closure}(Object(Illuminate\\Http\\Request))
#50 /var/www/TRDSv2_laravel8_memo/vendor/laravel/framework/src/Illuminate/Foundation/Http/Kernel.php(142): Illuminate\\Pipeline\\Pipeline->then(Object(Closure))
#51 /var/www/TRDSv2_laravel8_memo/vendor/laravel/framework/src/Illuminate/Foundation/Http/Kernel.php(111): Illuminate\\Foundation\\Http\\Kernel->sendRequestThroughRouter(Object(Illuminate\\Http\\Request))
#52 /var/www/TRDSv2_laravel8_memo/index.php(55): Illuminate\\Foundation\\Http\\Kernel->handle(Object(Illuminate\\Http\\Request))
#53 {main}
"} 
[2026-07-10 16:05:15] local.ERROR: Add [status] to fillable property to allow mass assignment on [App\Model\QcSlip]. {"exception":"[object] (Illuminate\\Database\\Eloquent\\MassAssignmentException(code: 0): Add [status] to fillable property to allow mass assignment on [App\\Model\\QcSlip]. at /var/www/TRDSv2_laravel8_memo/vendor/laravel/framework/src/Illuminate/Database/Eloquent/Model.php:433)
[stacktrace]
#0 /var/www/TRDSv2_laravel8_memo/vendor/laravel/framework/src/Illuminate/Database/Eloquent/Model.php(885): Illuminate\\Database\\Eloquent\\Model->fill(Array)
#1 /var/www/TRDSv2_laravel8_memo/app/Http/Controllers/QualificationCertificationController.php(459): Illuminate\\Database\\Eloquent\\Model->update(Array)
#2 /var/www/TRDSv2_laravel8_memo/vendor/laravel/framework/src/Illuminate/Routing/Controller.php(54): App\\Http\\Controllers\\QualificationCertificationController->saveQualificationCertificationOper(Object(Illuminate\\Http\\Request))
#3 /var/www/TRDSv2_laravel8_memo/vendor/laravel/framework/src/Illuminate/Routing/ControllerDispatcher.php(45): Illuminate\\Routing\\Controller->callAction('saveQualificati...', Array)
#4 /var/www/TRDSv2_laravel8_memo/vendor/laravel/framework/src/Illuminate/Routing/Route.php(262): Illuminate\\Routing\\ControllerDispatcher->dispatch(Object(Illuminate\\Routing\\Route), Object(App\\Http\\Controllers\\QualificationCertificationController), 'saveQualificati...')
#5 /var/www/TRDSv2_laravel8_memo/vendor/laravel/framework/src/Illuminate/Routing/Route.php(205): Illuminate\\Routing\\Route->runController()
#6 /var/www/TRDSv2_laravel8_memo/vendor/laravel/framework/src/Illuminate/Routing/Router.php(721): Illuminate\\Routing\\Route->run()
#7 /var/www/TRDSv2_laravel8_memo/vendor/laravel/framework/src/Illuminate/Pipeline/Pipeline.php(128): Illuminate\\Routing\\Router->Illuminate\\Routing\\{closure}(Object(Illuminate\\Http\\Request))
#8 /var/www/TRDSv2_laravel8_memo/app/Http/Middleware/CheckSession.php(55): Illuminate\\Pipeline\\Pipeline->Illuminate\\Pipeline\\{closure}(Object(Illuminate\\Http\\Request))
#9 /var/www/TRDSv2_laravel8_memo/vendor/laravel/framework/src/Illuminate/Pipeline/Pipeline.php(167): App\\Http\\Middleware\\CheckSession->handle(Object(Illuminate\\Http\\Request), Object(Closure))
#10 /var/www/TRDSv2_laravel8_memo/vendor/laravel/framework/src/Illuminate/Routing/Middleware/SubstituteBindings.php(50): Illuminate\\Pipeline\\Pipeline->Illuminate\\Pipeline\\{closure}(Object(Illuminate\\Http\\Request))
#11 /var/www/TRDSv2_laravel8_memo/vendor/laravel/framework/src/Illuminate/Pipeline/Pipeline.php(167): Illuminate\\Routing\\Middleware\\SubstituteBindings->handle(Object(Illuminate\\Http\\Request), Object(Closure))
#12 /var/www/TRDSv2_laravel8_memo/vendor/laravel/framework/src/Illuminate/Foundation/Http/Middleware/VerifyCsrfToken.php(78): Illuminate\\Pipeline\\Pipeline->Illuminate\\Pipeline\\{closure}(Object(Illuminate\\Http\\Request))
#13 /var/www/TRDSv2_laravel8_memo/vendor/laravel/framework/src/Illuminate/Pipeline/Pipeline.php(167): Illuminate\\Foundation\\Http\\Middleware\\VerifyCsrfToken->handle(Object(Illuminate\\Http\\Request), Object(Closure))
#14 /var/www/TRDSv2_laravel8_memo/vendor/laravel/framework/src/Illuminate/View/Middleware/ShareErrorsFromSession.php(49): Illuminate\\Pipeline\\Pipeline->Illuminate\\Pipeline\\{closure}(Object(Illuminate\\Http\\Request))
#15 /var/www/TRDSv2_laravel8_memo/vendor/laravel/framework/src/Illuminate/Pipeline/Pipeline.php(167): Illuminate\\View\\Middleware\\ShareErrorsFromSession->handle(Object(Illuminate\\Http\\Request), Object(Closure))
#16 /var/www/TRDSv2_laravel8_memo/vendor/laravel/framework/src/Illuminate/Session/Middleware/StartSession.php(121): Illuminate\\Pipeline\\Pipeline->Illuminate\\Pipeline\\{closure}(Object(Illuminate\\Http\\Request))
#17 /var/www/TRDSv2_laravel8_memo/vendor/laravel/framework/src/Illuminate/Session/Middleware/StartSession.php(64): Illuminate\\Session\\Middleware\\StartSession->handleStatefulRequest(Object(Illuminate\\Http\\Request), Object(Illuminate\\Session\\Store), Object(Closure))
#18 /var/www/TRDSv2_laravel8_memo/vendor/laravel/framework/src/Illuminate/Pipeline/Pipeline.php(167): Illuminate\\Session\\Middleware\\StartSession->handle(Object(Illuminate\\Http\\Request), Object(Closure))
#19 /var/www/TRDSv2_laravel8_memo/vendor/laravel/framework/src/Illuminate/Cookie/Middleware/AddQueuedCookiesToResponse.php(37): Illuminate\\Pipeline\\Pipeline->Illuminate\\Pipeline\\{closure}(Object(Illuminate\\Http\\Request))
#20 /var/www/TRDSv2_laravel8_memo/vendor/laravel/framework/src/Illuminate/Pipeline/Pipeline.php(167): Illuminate\\Cookie\\Middleware\\AddQueuedCookiesToResponse->handle(Object(Illuminate\\Http\\Request), Object(Closure))
#21 /var/www/TRDSv2_laravel8_memo/vendor/laravel/framework/src/Illuminate/Cookie/Middleware/EncryptCookies.php(67): Illuminate\\Pipeline\\Pipeline->Illuminate\\Pipeline\\{closure}(Object(Illuminate\\Http\\Request))
#22 /var/www/TRDSv2_laravel8_memo/vendor/laravel/framework/src/Illuminate/Pipeline/Pipeline.php(167): Illuminate\\Cookie\\Middleware\\EncryptCookies->handle(Object(Illuminate\\Http\\Request), Object(Closure))
#23 /var/www/TRDSv2_laravel8_memo/vendor/laravel/framework/src/Illuminate/Pipeline/Pipeline.php(103): Illuminate\\Pipeline\\Pipeline->Illuminate\\Pipeline\\{closure}(Object(Illuminate\\Http\\Request))
#24 /var/www/TRDSv2_laravel8_memo/vendor/laravel/framework/src/Illuminate/Routing/Router.php(723): Illuminate\\Pipeline\\Pipeline->then(Object(Closure))
#25 /var/www/TRDSv2_laravel8_memo/vendor/laravel/framework/src/Illuminate/Routing/Router.php(698): Illuminate\\Routing\\Router->runRouteWithinStack(Object(Illuminate\\Routing\\Route), Object(Illuminate\\Http\\Request))
#26 /var/www/TRDSv2_laravel8_memo/vendor/laravel/framework/src/Illuminate/Routing/Router.php(662): Illuminate\\Routing\\Router->runRoute(Object(Illuminate\\Http\\Request), Object(Illuminate\\Routing\\Route))
#27 /var/www/TRDSv2_laravel8_memo/vendor/laravel/framework/src/Illuminate/Routing/Router.php(651): Illuminate\\Routing\\Router->dispatchToRoute(Object(Illuminate\\Http\\Request))
#28 /var/www/TRDSv2_laravel8_memo/vendor/laravel/framework/src/Illuminate/Foundation/Http/Kernel.php(167): Illuminate\\Routing\\Router->dispatch(Object(Illuminate\\Http\\Request))
#29 /var/www/TRDSv2_laravel8_memo/vendor/laravel/framework/src/Illuminate/Pipeline/Pipeline.php(128): Illuminate\\Foundation\\Http\\Kernel->Illuminate\\Foundation\\Http\\{closure}(Object(Illuminate\\Http\\Request))
#30 /var/www/TRDSv2_laravel8_memo/vendor/laravel/framework/src/Illuminate/Foundation/Http/Middleware/TransformsRequest.php(21): Illuminate\\Pipeline\\Pipeline->Illuminate\\Pipeline\\{closure}(Object(Illuminate\\Http\\Request))
#31 /var/www/TRDSv2_laravel8_memo/vendor/laravel/framework/src/Illuminate/Foundation/Http/Middleware/ConvertEmptyStringsToNull.php(31): Illuminate\\Foundation\\Http\\Middleware\\TransformsRequest->handle(Object(Illuminate\\Http\\Request), Object(Closure))
#32 /var/www/TRDSv2_laravel8_memo/vendor/laravel/framework/src/Illuminate/Pipeline/Pipeline.php(167): Illuminate\\Foundation\\Http\\Middleware\\ConvertEmptyStringsToNull->handle(Object(Illuminate\\Http\\Request), Object(Closure))
#33 /var/www/TRDSv2_laravel8_memo/vendor/laravel/framework/src/Illuminate/Foundation/Http/Middleware/TransformsRequest.php(21): Illuminate\\Pipeline\\Pipeline->Illuminate\\Pipeline\\{closure}(Object(Illuminate\\Http\\Request))
#34 /var/www/TRDSv2_laravel8_memo/vendor/laravel/framework/src/Illuminate/Foundation/Http/Middleware/TrimStrings.php(40): Illuminate\\Foundation\\Http\\Middleware\\TransformsRequest->handle(Object(Illuminate\\Http\\Request), Object(Closure))
#35 /var/www/TRDSv2_laravel8_memo/vendor/laravel/framework/src/Illuminate/Pipeline/Pipeline.php(167): Illuminate\\Foundation\\Http\\Middleware\\TrimStrings->handle(Object(Illuminate\\Http\\Request), Object(Closure))
#36 /var/www/TRDSv2_laravel8_memo/vendor/laravel/framework/src/Illuminate/Foundation/Http/Middleware/ValidatePostSize.php(27): Illuminate\\Pipeline\\Pipeline->Illuminate\\Pipeline\\{closure}(Object(Illuminate\\Http\\Request))
#37 /var/www/TRDSv2_laravel8_memo/vendor/laravel/framework/src/Illuminate/Pipeline/Pipeline.php(167): Illuminate\\Foundation\\Http\\Middleware\\ValidatePostSize->handle(Object(Illuminate\\Http\\Request), Object(Closure))
#38 /var/www/TRDSv2_laravel8_memo/vendor/laravel/framework/src/Illuminate/Foundation/Http/Middleware/PreventRequestsDuringMaintenance.php(86): Illuminate\\Pipeline\\Pipeline->Illuminate\\Pipeline\\{closure}(Object(Illuminate\\Http\\Request))
#39 /var/www/TRDSv2_laravel8_memo/vendor/laravel/framework/src/Illuminate/Pipeline/Pipeline.php(167): Illuminate\\Foundation\\Http\\Middleware\\PreventRequestsDuringMaintenance->handle(Object(Illuminate\\Http\\Request), Object(Closure))
#40 /var/www/TRDSv2_laravel8_memo/vendor/fideloper/proxy/src/TrustProxies.php(57): Illuminate\\Pipeline\\Pipeline->Illuminate\\Pipeline\\{closure}(Object(Illuminate\\Http\\Request))
#41 /var/www/TRDSv2_laravel8_memo/vendor/laravel/framework/src/Illuminate/Pipeline/Pipeline.php(167): Fideloper\\Proxy\\TrustProxies->handle(Object(Illuminate\\Http\\Request), Object(Closure))
#42 /var/www/TRDSv2_laravel8_memo/vendor/laravel/framework/src/Illuminate/Pipeline/Pipeline.php(103): Illuminate\\Pipeline\\Pipeline->Illuminate\\Pipeline\\{closure}(Object(Illuminate\\Http\\Request))
#43 /var/www/TRDSv2_laravel8_memo/vendor/laravel/framework/src/Illuminate/Foundation/Http/Kernel.php(142): Illuminate\\Pipeline\\Pipeline->then(Object(Closure))
#44 /var/www/TRDSv2_laravel8_memo/vendor/laravel/framework/src/Illuminate/Foundation/Http/Kernel.php(111): Illuminate\\Foundation\\Http\\Kernel->sendRequestThroughRouter(Object(Illuminate\\Http\\Request))
#45 /var/www/TRDSv2_laravel8_memo/index.php(55): Illuminate\\Foundation\\Http\\Kernel->handle(Object(Illuminate\\Http\\Request))
#46 {main}
"} 
[2026-07-10 16:05:48] local.ERROR: syntax error, unexpected '$fillable' (T_VARIABLE), expecting function (T_FUNCTION) or const (T_CONST) {"exception":"[object] (ParseError(code: 0): syntax error, unexpected '$fillable' (T_VARIABLE), expecting function (T_FUNCTION) or const (T_CONST) at /var/www/TRDSv2_laravel8_memo/app/Model/QcSlip.php:15)
[stacktrace]
#0 /var/www/TRDSv2_laravel8_memo/vendor/composer/ClassLoader.php(322): Composer\\Autoload\\includeFile('/var/www/TRDSv2...')
#1 [internal function]: Composer\\Autoload\\ClassLoader->loadClass('App\\\\Model\\\\QcSli...')
#2 /var/www/TRDSv2_laravel8_memo/app/Http/Controllers/QualificationCertificationController.php(827): spl_autoload_call('App\\\\Model\\\\QcSli...')
#3 /var/www/TRDSv2_laravel8_memo/app/Http/Controllers/QualificationCertificationController.php(403): App\\Http\\Controllers\\QualificationCertificationController->generateControlNumber(Array)
#4 /var/www/TRDSv2_laravel8_memo/vendor/laravel/framework/src/Illuminate/Routing/Controller.php(54): App\\Http\\Controllers\\QualificationCertificationController->saveQualificationCertificationOper(Object(Illuminate\\Http\\Request))
#5 /var/www/TRDSv2_laravel8_memo/vendor/laravel/framework/src/Illuminate/Routing/ControllerDispatcher.php(45): Illuminate\\Routing\\Controller->callAction('saveQualificati...', Array)
#6 /var/www/TRDSv2_laravel8_memo/vendor/laravel/framework/src/Illuminate/Routing/Route.php(262): Illuminate\\Routing\\ControllerDispatcher->dispatch(Object(Illuminate\\Routing\\Route), Object(App\\Http\\Controllers\\QualificationCertificationController), 'saveQualificati...')
#7 /var/www/TRDSv2_laravel8_memo/vendor/laravel/framework/src/Illuminate/Routing/Route.php(205): Illuminate\\Routing\\Route->runController()
#8 /var/www/TRDSv2_laravel8_memo/vendor/laravel/framework/src/Illuminate/Routing/Router.php(721): Illuminate\\Routing\\Route->run()
#9 /var/www/TRDSv2_laravel8_memo/vendor/laravel/framework/src/Illuminate/Pipeline/Pipeline.php(128): Illuminate\\Routing\\Router->Illuminate\\Routing\\{closure}(Object(Illuminate\\Http\\Request))
#10 /var/www/TRDSv2_laravel8_memo/app/Http/Middleware/CheckSession.php(55): Illuminate\\Pipeline\\Pipeline->Illuminate\\Pipeline\\{closure}(Object(Illuminate\\Http\\Request))
#11 /var/www/TRDSv2_laravel8_memo/vendor/laravel/framework/src/Illuminate/Pipeline/Pipeline.php(167): App\\Http\\Middleware\\CheckSession->handle(Object(Illuminate\\Http\\Request), Object(Closure))
#12 /var/www/TRDSv2_laravel8_memo/vendor/laravel/framework/src/Illuminate/Routing/Middleware/SubstituteBindings.php(50): Illuminate\\Pipeline\\Pipeline->Illuminate\\Pipeline\\{closure}(Object(Illuminate\\Http\\Request))
#13 /var/www/TRDSv2_laravel8_memo/vendor/laravel/framework/src/Illuminate/Pipeline/Pipeline.php(167): Illuminate\\Routing\\Middleware\\SubstituteBindings->handle(Object(Illuminate\\Http\\Request), Object(Closure))
#14 /var/www/TRDSv2_laravel8_memo/vendor/laravel/framework/src/Illuminate/Foundation/Http/Middleware/VerifyCsrfToken.php(78): Illuminate\\Pipeline\\Pipeline->Illuminate\\Pipeline\\{closure}(Object(Illuminate\\Http\\Request))
#15 /var/www/TRDSv2_laravel8_memo/vendor/laravel/framework/src/Illuminate/Pipeline/Pipeline.php(167): Illuminate\\Foundation\\Http\\Middleware\\VerifyCsrfToken->handle(Object(Illuminate\\Http\\Request), Object(Closure))
#16 /var/www/TRDSv2_laravel8_memo/vendor/laravel/framework/src/Illuminate/View/Middleware/ShareErrorsFromSession.php(49): Illuminate\\Pipeline\\Pipeline->Illuminate\\Pipeline\\{closure}(Object(Illuminate\\Http\\Request))
#17 /var/www/TRDSv2_laravel8_memo/vendor/laravel/framework/src/Illuminate/Pipeline/Pipeline.php(167): Illuminate\\View\\Middleware\\ShareErrorsFromSession->handle(Object(Illuminate\\Http\\Request), Object(Closure))
#18 /var/www/TRDSv2_laravel8_memo/vendor/laravel/framework/src/Illuminate/Session/Middleware/StartSession.php(121): Illuminate\\Pipeline\\Pipeline->Illuminate\\Pipeline\\{closure}(Object(Illuminate\\Http\\Request))
#19 /var/www/TRDSv2_laravel8_memo/vendor/laravel/framework/src/Illuminate/Session/Middleware/StartSession.php(64): Illuminate\\Session\\Middleware\\StartSession->handleStatefulRequest(Object(Illuminate\\Http\\Request), Object(Illuminate\\Session\\Store), Object(Closure))
#20 /var/www/TRDSv2_laravel8_memo/vendor/laravel/framework/src/Illuminate/Pipeline/Pipeline.php(167): Illuminate\\Session\\Middleware\\StartSession->handle(Object(Illuminate\\Http\\Request), Object(Closure))
#21 /var/www/TRDSv2_laravel8_memo/vendor/laravel/framework/src/Illuminate/Cookie/Middleware/AddQueuedCookiesToResponse.php(37): Illuminate\\Pipeline\\Pipeline->Illuminate\\Pipeline\\{closure}(Object(Illuminate\\Http\\Request))
#22 /var/www/TRDSv2_laravel8_memo/vendor/laravel/framework/src/Illuminate/Pipeline/Pipeline.php(167): Illuminate\\Cookie\\Middleware\\AddQueuedCookiesToResponse->handle(Object(Illuminate\\Http\\Request), Object(Closure))
#23 /var/www/TRDSv2_laravel8_memo/vendor/laravel/framework/src/Illuminate/Cookie/Middleware/EncryptCookies.php(67): Illuminate\\Pipeline\\Pipeline->Illuminate\\Pipeline\\{closure}(Object(Illuminate\\Http\\Request))
#24 /var/www/TRDSv2_laravel8_memo/vendor/laravel/framework/src/Illuminate/Pipeline/Pipeline.php(167): Illuminate\\Cookie\\Middleware\\EncryptCookies->handle(Object(Illuminate\\Http\\Request), Object(Closure))
#25 /var/www/TRDSv2_laravel8_memo/vendor/laravel/framework/src/Illuminate/Pipeline/Pipeline.php(103): Illuminate\\Pipeline\\Pipeline->Illuminate\\Pipeline\\{closure}(Object(Illuminate\\Http\\Request))
#26 /var/www/TRDSv2_laravel8_memo/vendor/laravel/framework/src/Illuminate/Routing/Router.php(723): Illuminate\\Pipeline\\Pipeline->then(Object(Closure))
#27 /var/www/TRDSv2_laravel8_memo/vendor/laravel/framework/src/Illuminate/Routing/Router.php(698): Illuminate\\Routing\\Router->runRouteWithinStack(Object(Illuminate\\Routing\\Route), Object(Illuminate\\Http\\Request))
#28 /var/www/TRDSv2_laravel8_memo/vendor/laravel/framework/src/Illuminate/Routing/Router.php(662): Illuminate\\Routing\\Router->runRoute(Object(Illuminate\\Http\\Request), Object(Illuminate\\Routing\\Route))
#29 /var/www/TRDSv2_laravel8_memo/vendor/laravel/framework/src/Illuminate/Routing/Router.php(651): Illuminate\\Routing\\Router->dispatchToRoute(Object(Illuminate\\Http\\Request))
#30 /var/www/TRDSv2_laravel8_memo/vendor/laravel/framework/src/Illuminate/Foundation/Http/Kernel.php(167): Illuminate\\Routing\\Router->dispatch(Object(Illuminate\\Http\\Request))
#31 /var/www/TRDSv2_laravel8_memo/vendor/laravel/framework/src/Illuminate/Pipeline/Pipeline.php(128): Illuminate\\Foundation\\Http\\Kernel->Illuminate\\Foundation\\Http\\{closure}(Object(Illuminate\\Http\\Request))
#32 /var/www/TRDSv2_laravel8_memo/vendor/laravel/framework/src/Illuminate/Foundation/Http/Middleware/TransformsRequest.php(21): Illuminate\\Pipeline\\Pipeline->Illuminate\\Pipeline\\{closure}(Object(Illuminate\\Http\\Request))
#33 /var/www/TRDSv2_laravel8_memo/vendor/laravel/framework/src/Illuminate/Foundation/Http/Middleware/ConvertEmptyStringsToNull.php(31): Illuminate\\Foundation\\Http\\Middleware\\TransformsRequest->handle(Object(Illuminate\\Http\\Request), Object(Closure))
#34 /var/www/TRDSv2_laravel8_memo/vendor/laravel/framework/src/Illuminate/Pipeline/Pipeline.php(167): Illuminate\\Foundation\\Http\\Middleware\\ConvertEmptyStringsToNull->handle(Object(Illuminate\\Http\\Request), Object(Closure))
#35 /var/www/TRDSv2_laravel8_memo/vendor/laravel/framework/src/Illuminate/Foundation/Http/Middleware/TransformsRequest.php(21): Illuminate\\Pipeline\\Pipeline->Illuminate\\Pipeline\\{closure}(Object(Illuminate\\Http\\Request))
#36 /var/www/TRDSv2_laravel8_memo/vendor/laravel/framework/src/Illuminate/Foundation/Http/Middleware/TrimStrings.php(40): Illuminate\\Foundation\\Http\\Middleware\\TransformsRequest->handle(Object(Illuminate\\Http\\Request), Object(Closure))
#37 /var/www/TRDSv2_laravel8_memo/vendor/laravel/framework/src/Illuminate/Pipeline/Pipeline.php(167): Illuminate\\Foundation\\Http\\Middleware\\TrimStrings->handle(Object(Illuminate\\Http\\Request), Object(Closure))
#38 /var/www/TRDSv2_laravel8_memo/vendor/laravel/framework/src/Illuminate/Foundation/Http/Middleware/ValidatePostSize.php(27): Illuminate\\Pipeline\\Pipeline->Illuminate\\Pipeline\\{closure}(Object(Illuminate\\Http\\Request))
#39 /var/www/TRDSv2_laravel8_memo/vendor/laravel/framework/src/Illuminate/Pipeline/Pipeline.php(167): Illuminate\\Foundation\\Http\\Middleware\\ValidatePostSize->handle(Object(Illuminate\\Http\\Request), Object(Closure))
#40 /var/www/TRDSv2_laravel8_memo/vendor/laravel/framework/src/Illuminate/Foundation/Http/Middleware/PreventRequestsDuringMaintenance.php(86): Illuminate\\Pipeline\\Pipeline->Illuminate\\Pipeline\\{closure}(Object(Illuminate\\Http\\Request))
#41 /var/www/TRDSv2_laravel8_memo/vendor/laravel/framework/src/Illuminate/Pipeline/Pipeline.php(167): Illuminate\\Foundation\\Http\\Middleware\\PreventRequestsDuringMaintenance->handle(Object(Illuminate\\Http\\Request), Object(Closure))
#42 /var/www/TRDSv2_laravel8_memo/vendor/fideloper/proxy/src/TrustProxies.php(57): Illuminate\\Pipeline\\Pipeline->Illuminate\\Pipeline\\{closure}(Object(Illuminate\\Http\\Request))
#43 /var/www/TRDSv2_laravel8_memo/vendor/laravel/framework/src/Illuminate/Pipeline/Pipeline.php(167): Fideloper\\Proxy\\TrustProxies->handle(Object(Illuminate\\Http\\Request), Object(Closure))
#44 /var/www/TRDSv2_laravel8_memo/vendor/laravel/framework/src/Illuminate/Pipeline/Pipeline.php(103): Illuminate\\Pipeline\\Pipeline->Illuminate\\Pipeline\\{closure}(Object(Illuminate\\Http\\Request))
#45 /var/www/TRDSv2_laravel8_memo/vendor/laravel/framework/src/Illuminate/Foundation/Http/Kernel.php(142): Illuminate\\Pipeline\\Pipeline->then(Object(Closure))
#46 /var/www/TRDSv2_laravel8_memo/vendor/laravel/framework/src/Illuminate/Foundation/Http/Kernel.php(111): Illuminate\\Foundation\\Http\\Kernel->sendRequestThroughRouter(Object(Illuminate\\Http\\Request))
#47 /var/www/TRDSv2_laravel8_memo/index.php(55): Illuminate\\Foundation\\Http\\Kernel->handle(Object(Illuminate\\Http\\Request))
#48 {main}
"} 
[2026-07-10 16:34:57] local.ERROR: Undefined variable: collectOperatorEmployees {"exception":"[object] (ErrorException(code: 0): Undefined variable: collectOperatorEmployees at /var/www/TRDSv2_laravel8_memo/app/Http/Controllers/QualificationCertificationController.php:463)
[stacktrace]
#0 /var/www/TRDSv2_laravel8_memo/app/Http/Controllers/QualificationCertificationController.php(463): Illuminate\\Foundation\\Bootstrap\\HandleExceptions->handleError(8, 'Undefined varia...', '/var/www/TRDSv2...', 463, Array)
#1 /var/www/TRDSv2_laravel8_memo/vendor/laravel/framework/src/Illuminate/Routing/Controller.php(54): App\\Http\\Controllers\\QualificationCertificationController->saveQualificationCertificationOper(Object(Illuminate\\Http\\Request))
#2 /var/www/TRDSv2_laravel8_memo/vendor/laravel/framework/src/Illuminate/Routing/ControllerDispatcher.php(45): Illuminate\\Routing\\Controller->callAction('saveQualificati...', Array)
#3 /var/www/TRDSv2_laravel8_memo/vendor/laravel/framework/src/Illuminate/Routing/Route.php(262): Illuminate\\Routing\\ControllerDispatcher->dispatch(Object(Illuminate\\Routing\\Route), Object(App\\Http\\Controllers\\QualificationCertificationController), 'saveQualificati...')
#4 /var/www/TRDSv2_laravel8_memo/vendor/laravel/framework/src/Illuminate/Routing/Route.php(205): Illuminate\\Routing\\Route->runController()
#5 /var/www/TRDSv2_laravel8_memo/vendor/laravel/framework/src/Illuminate/Routing/Router.php(721): Illuminate\\Routing\\Route->run()
#6 /var/www/TRDSv2_laravel8_memo/vendor/laravel/framework/src/Illuminate/Pipeline/Pipeline.php(128): Illuminate\\Routing\\Router->Illuminate\\Routing\\{closure}(Object(Illuminate\\Http\\Request))
#7 /var/www/TRDSv2_laravel8_memo/app/Http/Middleware/CheckSession.php(55): Illuminate\\Pipeline\\Pipeline->Illuminate\\Pipeline\\{closure}(Object(Illuminate\\Http\\Request))
#8 /var/www/TRDSv2_laravel8_memo/vendor/laravel/framework/src/Illuminate/Pipeline/Pipeline.php(167): App\\Http\\Middleware\\CheckSession->handle(Object(Illuminate\\Http\\Request), Object(Closure))
#9 /var/www/TRDSv2_laravel8_memo/vendor/laravel/framework/src/Illuminate/Routing/Middleware/SubstituteBindings.php(50): Illuminate\\Pipeline\\Pipeline->Illuminate\\Pipeline\\{closure}(Object(Illuminate\\Http\\Request))
#10 /var/www/TRDSv2_laravel8_memo/vendor/laravel/framework/src/Illuminate/Pipeline/Pipeline.php(167): Illuminate\\Routing\\Middleware\\SubstituteBindings->handle(Object(Illuminate\\Http\\Request), Object(Closure))
#11 /var/www/TRDSv2_laravel8_memo/vendor/laravel/framework/src/Illuminate/Foundation/Http/Middleware/VerifyCsrfToken.php(78): Illuminate\\Pipeline\\Pipeline->Illuminate\\Pipeline\\{closure}(Object(Illuminate\\Http\\Request))
#12 /var/www/TRDSv2_laravel8_memo/vendor/laravel/framework/src/Illuminate/Pipeline/Pipeline.php(167): Illuminate\\Foundation\\Http\\Middleware\\VerifyCsrfToken->handle(Object(Illuminate\\Http\\Request), Object(Closure))
#13 /var/www/TRDSv2_laravel8_memo/vendor/laravel/framework/src/Illuminate/View/Middleware/ShareErrorsFromSession.php(49): Illuminate\\Pipeline\\Pipeline->Illuminate\\Pipeline\\{closure}(Object(Illuminate\\Http\\Request))
#14 /var/www/TRDSv2_laravel8_memo/vendor/laravel/framework/src/Illuminate/Pipeline/Pipeline.php(167): Illuminate\\View\\Middleware\\ShareErrorsFromSession->handle(Object(Illuminate\\Http\\Request), Object(Closure))
#15 /var/www/TRDSv2_laravel8_memo/vendor/laravel/framework/src/Illuminate/Session/Middleware/StartSession.php(121): Illuminate\\Pipeline\\Pipeline->Illuminate\\Pipeline\\{closure}(Object(Illuminate\\Http\\Request))
#16 /var/www/TRDSv2_laravel8_memo/vendor/laravel/framework/src/Illuminate/Session/Middleware/StartSession.php(64): Illuminate\\Session\\Middleware\\StartSession->handleStatefulRequest(Object(Illuminate\\Http\\Request), Object(Illuminate\\Session\\Store), Object(Closure))
#17 /var/www/TRDSv2_laravel8_memo/vendor/laravel/framework/src/Illuminate/Pipeline/Pipeline.php(167): Illuminate\\Session\\Middleware\\StartSession->handle(Object(Illuminate\\Http\\Request), Object(Closure))
#18 /var/www/TRDSv2_laravel8_memo/vendor/laravel/framework/src/Illuminate/Cookie/Middleware/AddQueuedCookiesToResponse.php(37): Illuminate\\Pipeline\\Pipeline->Illuminate\\Pipeline\\{closure}(Object(Illuminate\\Http\\Request))
#19 /var/www/TRDSv2_laravel8_memo/vendor/laravel/framework/src/Illuminate/Pipeline/Pipeline.php(167): Illuminate\\Cookie\\Middleware\\AddQueuedCookiesToResponse->handle(Object(Illuminate\\Http\\Request), Object(Closure))
#20 /var/www/TRDSv2_laravel8_memo/vendor/laravel/framework/src/Illuminate/Cookie/Middleware/EncryptCookies.php(67): Illuminate\\Pipeline\\Pipeline->Illuminate\\Pipeline\\{closure}(Object(Illuminate\\Http\\Request))
#21 /var/www/TRDSv2_laravel8_memo/vendor/laravel/framework/src/Illuminate/Pipeline/Pipeline.php(167): Illuminate\\Cookie\\Middleware\\EncryptCookies->handle(Object(Illuminate\\Http\\Request), Object(Closure))
#22 /var/www/TRDSv2_laravel8_memo/vendor/laravel/framework/src/Illuminate/Pipeline/Pipeline.php(103): Illuminate\\Pipeline\\Pipeline->Illuminate\\Pipeline\\{closure}(Object(Illuminate\\Http\\Request))
#23 /var/www/TRDSv2_laravel8_memo/vendor/laravel/framework/src/Illuminate/Routing/Router.php(723): Illuminate\\Pipeline\\Pipeline->then(Object(Closure))
#24 /var/www/TRDSv2_laravel8_memo/vendor/laravel/framework/src/Illuminate/Routing/Router.php(698): Illuminate\\Routing\\Router->runRouteWithinStack(Object(Illuminate\\Routing\\Route), Object(Illuminate\\Http\\Request))
#25 /var/www/TRDSv2_laravel8_memo/vendor/laravel/framework/src/Illuminate/Routing/Router.php(662): Illuminate\\Routing\\Router->runRoute(Object(Illuminate\\Http\\Request), Object(Illuminate\\Routing\\Route))
#26 /var/www/TRDSv2_laravel8_memo/vendor/laravel/framework/src/Illuminate/Routing/Router.php(651): Illuminate\\Routing\\Router->dispatchToRoute(Object(Illuminate\\Http\\Request))
#27 /var/www/TRDSv2_laravel8_memo/vendor/laravel/framework/src/Illuminate/Foundation/Http/Kernel.php(167): Illuminate\\Routing\\Router->dispatch(Object(Illuminate\\Http\\Request))
#28 /var/www/TRDSv2_laravel8_memo/vendor/laravel/framework/src/Illuminate/Pipeline/Pipeline.php(128): Illuminate\\Foundation\\Http\\Kernel->Illuminate\\Foundation\\Http\\{closure}(Object(Illuminate\\Http\\Request))
#29 /var/www/TRDSv2_laravel8_memo/vendor/laravel/framework/src/Illuminate/Foundation/Http/Middleware/TransformsRequest.php(21): Illuminate\\Pipeline\\Pipeline->Illuminate\\Pipeline\\{closure}(Object(Illuminate\\Http\\Request))
#30 /var/www/TRDSv2_laravel8_memo/vendor/laravel/framework/src/Illuminate/Foundation/Http/Middleware/ConvertEmptyStringsToNull.php(31): Illuminate\\Foundation\\Http\\Middleware\\TransformsRequest->handle(Object(Illuminate\\Http\\Request), Object(Closure))
#31 /var/www/TRDSv2_laravel8_memo/vendor/laravel/framework/src/Illuminate/Pipeline/Pipeline.php(167): Illuminate\\Foundation\\Http\\Middleware\\ConvertEmptyStringsToNull->handle(Object(Illuminate\\Http\\Request), Object(Closure))
#32 /var/www/TRDSv2_laravel8_memo/vendor/laravel/framework/src/Illuminate/Foundation/Http/Middleware/TransformsRequest.php(21): Illuminate\\Pipeline\\Pipeline->Illuminate\\Pipeline\\{closure}(Object(Illuminate\\Http\\Request))
#33 /var/www/TRDSv2_laravel8_memo/vendor/laravel/framework/src/Illuminate/Foundation/Http/Middleware/TrimStrings.php(40): Illuminate\\Foundation\\Http\\Middleware\\TransformsRequest->handle(Object(Illuminate\\Http\\Request), Object(Closure))
#34 /var/www/TRDSv2_laravel8_memo/vendor/laravel/framework/src/Illuminate/Pipeline/Pipeline.php(167): Illuminate\\Foundation\\Http\\Middleware\\TrimStrings->handle(Object(Illuminate\\Http\\Request), Object(Closure))
#35 /var/www/TRDSv2_laravel8_memo/vendor/laravel/framework/src/Illuminate/Foundation/Http/Middleware/ValidatePostSize.php(27): Illuminate\\Pipeline\\Pipeline->Illuminate\\Pipeline\\{closure}(Object(Illuminate\\Http\\Request))
#36 /var/www/TRDSv2_laravel8_memo/vendor/laravel/framework/src/Illuminate/Pipeline/Pipeline.php(167): Illuminate\\Foundation\\Http\\Middleware\\ValidatePostSize->handle(Object(Illuminate\\Http\\Request), Object(Closure))
#37 /var/www/TRDSv2_laravel8_memo/vendor/laravel/framework/src/Illuminate/Foundation/Http/Middleware/PreventRequestsDuringMaintenance.php(86): Illuminate\\Pipeline\\Pipeline->Illuminate\\Pipeline\\{closure}(Object(Illuminate\\Http\\Request))
#38 /var/www/TRDSv2_laravel8_memo/vendor/laravel/framework/src/Illuminate/Pipeline/Pipeline.php(167): Illuminate\\Foundation\\Http\\Middleware\\PreventRequestsDuringMaintenance->handle(Object(Illuminate\\Http\\Request), Object(Closure))
#39 /var/www/TRDSv2_laravel8_memo/vendor/fideloper/proxy/src/TrustProxies.php(57): Illuminate\\Pipeline\\Pipeline->Illuminate\\Pipeline\\{closure}(Object(Illuminate\\Http\\Request))
#40 /var/www/TRDSv2_laravel8_memo/vendor/laravel/framework/src/Illuminate/Pipeline/Pipeline.php(167): Fideloper\\Proxy\\TrustProxies->handle(Object(Illuminate\\Http\\Request), Object(Closure))
#41 /var/www/TRDSv2_laravel8_memo/vendor/laravel/framework/src/Illuminate/Pipeline/Pipeline.php(103): Illuminate\\Pipeline\\Pipeline->Illuminate\\Pipeline\\{closure}(Object(Illuminate\\Http\\Request))
#42 /var/www/TRDSv2_laravel8_memo/vendor/laravel/framework/src/Illuminate/Foundation/Http/Kernel.php(142): Illuminate\\Pipeline\\Pipeline->then(Object(Closure))
#43 /var/www/TRDSv2_laravel8_memo/vendor/laravel/framework/src/Illuminate/Foundation/Http/Kernel.php(111): Illuminate\\Foundation\\Http\\Kernel->sendRequestThroughRouter(Object(Illuminate\\Http\\Request))
#44 /var/www/TRDSv2_laravel8_memo/index.php(55): Illuminate\\Foundation\\Http\\Kernel->handle(Object(Illuminate\\Http\\Request))
#45 {main}
"} 
[2026-07-10 16:35:02] local.ERROR: Undefined variable: collectOperatorEmployees {"exception":"[object] (ErrorException(code: 0): Undefined variable: collectOperatorEmployees at /var/www/TRDSv2_laravel8_memo/app/Http/Controllers/QualificationCertificationController.php:463)
[stacktrace]
#0 /var/www/TRDSv2_laravel8_memo/app/Http/Controllers/QualificationCertificationController.php(463): Illuminate\\Foundation\\Bootstrap\\HandleExceptions->handleError(8, 'Undefined varia...', '/var/www/TRDSv2...', 463, Array)
#1 /var/www/TRDSv2_laravel8_memo/vendor/laravel/framework/src/Illuminate/Routing/Controller.php(54): App\\Http\\Controllers\\QualificationCertificationController->saveQualificationCertificationOper(Object(Illuminate\\Http\\Request))
#2 /var/www/TRDSv2_laravel8_memo/vendor/laravel/framework/src/Illuminate/Routing/ControllerDispatcher.php(45): Illuminate\\Routing\\Controller->callAction('saveQualificati...', Array)
#3 /var/www/TRDSv2_laravel8_memo/vendor/laravel/framework/src/Illuminate/Routing/Route.php(262): Illuminate\\Routing\\ControllerDispatcher->dispatch(Object(Illuminate\\Routing\\Route), Object(App\\Http\\Controllers\\QualificationCertificationController), 'saveQualificati...')
#4 /var/www/TRDSv2_laravel8_memo/vendor/laravel/framework/src/Illuminate/Routing/Route.php(205): Illuminate\\Routing\\Route->runController()
#5 /var/www/TRDSv2_laravel8_memo/vendor/laravel/framework/src/Illuminate/Routing/Router.php(721): Illuminate\\Routing\\Route->run()
#6 /var/www/TRDSv2_laravel8_memo/vendor/laravel/framework/src/Illuminate/Pipeline/Pipeline.php(128): Illuminate\\Routing\\Router->Illuminate\\Routing\\{closure}(Object(Illuminate\\Http\\Request))
#7 /var/www/TRDSv2_laravel8_memo/app/Http/Middleware/CheckSession.php(55): Illuminate\\Pipeline\\Pipeline->Illuminate\\Pipeline\\{closure}(Object(Illuminate\\Http\\Request))
#8 /var/www/TRDSv2_laravel8_memo/vendor/laravel/framework/src/Illuminate/Pipeline/Pipeline.php(167): App\\Http\\Middleware\\CheckSession->handle(Object(Illuminate\\Http\\Request), Object(Closure))
#9 /var/www/TRDSv2_laravel8_memo/vendor/laravel/framework/src/Illuminate/Routing/Middleware/SubstituteBindings.php(50): Illuminate\\Pipeline\\Pipeline->Illuminate\\Pipeline\\{closure}(Object(Illuminate\\Http\\Request))
#10 /var/www/TRDSv2_laravel8_memo/vendor/laravel/framework/src/Illuminate/Pipeline/Pipeline.php(167): Illuminate\\Routing\\Middleware\\SubstituteBindings->handle(Object(Illuminate\\Http\\Request), Object(Closure))
#11 /var/www/TRDSv2_laravel8_memo/vendor/laravel/framework/src/Illuminate/Foundation/Http/Middleware/VerifyCsrfToken.php(78): Illuminate\\Pipeline\\Pipeline->Illuminate\\Pipeline\\{closure}(Object(Illuminate\\Http\\Request))
#12 /var/www/TRDSv2_laravel8_memo/vendor/laravel/framework/src/Illuminate/Pipeline/Pipeline.php(167): Illuminate\\Foundation\\Http\\Middleware\\VerifyCsrfToken->handle(Object(Illuminate\\Http\\Request), Object(Closure))
#13 /var/www/TRDSv2_laravel8_memo/vendor/laravel/framework/src/Illuminate/View/Middleware/ShareErrorsFromSession.php(49): Illuminate\\Pipeline\\Pipeline->Illuminate\\Pipeline\\{closure}(Object(Illuminate\\Http\\Request))
#14 /var/www/TRDSv2_laravel8_memo/vendor/laravel/framework/src/Illuminate/Pipeline/Pipeline.php(167): Illuminate\\View\\Middleware\\ShareErrorsFromSession->handle(Object(Illuminate\\Http\\Request), Object(Closure))
#15 /var/www/TRDSv2_laravel8_memo/vendor/laravel/framework/src/Illuminate/Session/Middleware/StartSession.php(121): Illuminate\\Pipeline\\Pipeline->Illuminate\\Pipeline\\{closure}(Object(Illuminate\\Http\\Request))
#16 /var/www/TRDSv2_laravel8_memo/vendor/laravel/framework/src/Illuminate/Session/Middleware/StartSession.php(64): Illuminate\\Session\\Middleware\\StartSession->handleStatefulRequest(Object(Illuminate\\Http\\Request), Object(Illuminate\\Session\\Store), Object(Closure))
#17 /var/www/TRDSv2_laravel8_memo/vendor/laravel/framework/src/Illuminate/Pipeline/Pipeline.php(167): Illuminate\\Session\\Middleware\\StartSession->handle(Object(Illuminate\\Http\\Request), Object(Closure))
#18 /var/www/TRDSv2_laravel8_memo/vendor/laravel/framework/src/Illuminate/Cookie/Middleware/AddQueuedCookiesToResponse.php(37): Illuminate\\Pipeline\\Pipeline->Illuminate\\Pipeline\\{closure}(Object(Illuminate\\Http\\Request))
#19 /var/www/TRDSv2_laravel8_memo/vendor/laravel/framework/src/Illuminate/Pipeline/Pipeline.php(167): Illuminate\\Cookie\\Middleware\\AddQueuedCookiesToResponse->handle(Object(Illuminate\\Http\\Request), Object(Closure))
#20 /var/www/TRDSv2_laravel8_memo/vendor/laravel/framework/src/Illuminate/Cookie/Middleware/EncryptCookies.php(67): Illuminate\\Pipeline\\Pipeline->Illuminate\\Pipeline\\{closure}(Object(Illuminate\\Http\\Request))
#21 /var/www/TRDSv2_laravel8_memo/vendor/laravel/framework/src/Illuminate/Pipeline/Pipeline.php(167): Illuminate\\Cookie\\Middleware\\EncryptCookies->handle(Object(Illuminate\\Http\\Request), Object(Closure))
#22 /var/www/TRDSv2_laravel8_memo/vendor/laravel/framework/src/Illuminate/Pipeline/Pipeline.php(103): Illuminate\\Pipeline\\Pipeline->Illuminate\\Pipeline\\{closure}(Object(Illuminate\\Http\\Request))
#23 /var/www/TRDSv2_laravel8_memo/vendor/laravel/framework/src/Illuminate/Routing/Router.php(723): Illuminate\\Pipeline\\Pipeline->then(Object(Closure))
#24 /var/www/TRDSv2_laravel8_memo/vendor/laravel/framework/src/Illuminate/Routing/Router.php(698): Illuminate\\Routing\\Router->runRouteWithinStack(Object(Illuminate\\Routing\\Route), Object(Illuminate\\Http\\Request))
#25 /var/www/TRDSv2_laravel8_memo/vendor/laravel/framework/src/Illuminate/Routing/Router.php(662): Illuminate\\Routing\\Router->runRoute(Object(Illuminate\\Http\\Request), Object(Illuminate\\Routing\\Route))
#26 /var/www/TRDSv2_laravel8_memo/vendor/laravel/framework/src/Illuminate/Routing/Router.php(651): Illuminate\\Routing\\Router->dispatchToRoute(Object(Illuminate\\Http\\Request))
#27 /var/www/TRDSv2_laravel8_memo/vendor/laravel/framework/src/Illuminate/Foundation/Http/Kernel.php(167): Illuminate\\Routing\\Router->dispatch(Object(Illuminate\\Http\\Request))
#28 /var/www/TRDSv2_laravel8_memo/vendor/laravel/framework/src/Illuminate/Pipeline/Pipeline.php(128): Illuminate\\Foundation\\Http\\Kernel->Illuminate\\Foundation\\Http\\{closure}(Object(Illuminate\\Http\\Request))
#29 /var/www/TRDSv2_laravel8_memo/vendor/laravel/framework/src/Illuminate/Foundation/Http/Middleware/TransformsRequest.php(21): Illuminate\\Pipeline\\Pipeline->Illuminate\\Pipeline\\{closure}(Object(Illuminate\\Http\\Request))
#30 /var/www/TRDSv2_laravel8_memo/vendor/laravel/framework/src/Illuminate/Foundation/Http/Middleware/ConvertEmptyStringsToNull.php(31): Illuminate\\Foundation\\Http\\Middleware\\TransformsRequest->handle(Object(Illuminate\\Http\\Request), Object(Closure))
#31 /var/www/TRDSv2_laravel8_memo/vendor/laravel/framework/src/Illuminate/Pipeline/Pipeline.php(167): Illuminate\\Foundation\\Http\\Middleware\\ConvertEmptyStringsToNull->handle(Object(Illuminate\\Http\\Request), Object(Closure))
#32 /var/www/TRDSv2_laravel8_memo/vendor/laravel/framework/src/Illuminate/Foundation/Http/Middleware/TransformsRequest.php(21): Illuminate\\Pipeline\\Pipeline->Illuminate\\Pipeline\\{closure}(Object(Illuminate\\Http\\Request))
#33 /var/www/TRDSv2_laravel8_memo/vendor/laravel/framework/src/Illuminate/Foundation/Http/Middleware/TrimStrings.php(40): Illuminate\\Foundation\\Http\\Middleware\\TransformsRequest->handle(Object(Illuminate\\Http\\Request), Object(Closure))
#34 /var/www/TRDSv2_laravel8_memo/vendor/laravel/framework/src/Illuminate/Pipeline/Pipeline.php(167): Illuminate\\Foundation\\Http\\Middleware\\TrimStrings->handle(Object(Illuminate\\Http\\Request), Object(Closure))
#35 /var/www/TRDSv2_laravel8_memo/vendor/laravel/framework/src/Illuminate/Foundation/Http/Middleware/ValidatePostSize.php(27): Illuminate\\Pipeline\\Pipeline->Illuminate\\Pipeline\\{closure}(Object(Illuminate\\Http\\Request))
#36 /var/www/TRDSv2_laravel8_memo/vendor/laravel/framework/src/Illuminate/Pipeline/Pipeline.php(167): Illuminate\\Foundation\\Http\\Middleware\\ValidatePostSize->handle(Object(Illuminate\\Http\\Request), Object(Closure))
#37 /var/www/TRDSv2_laravel8_memo/vendor/laravel/framework/src/Illuminate/Foundation/Http/Middleware/PreventRequestsDuringMaintenance.php(86): Illuminate\\Pipeline\\Pipeline->Illuminate\\Pipeline\\{closure}(Object(Illuminate\\Http\\Request))
#38 /var/www/TRDSv2_laravel8_memo/vendor/laravel/framework/src/Illuminate/Pipeline/Pipeline.php(167): Illuminate\\Foundation\\Http\\Middleware\\PreventRequestsDuringMaintenance->handle(Object(Illuminate\\Http\\Request), Object(Closure))
#39 /var/www/TRDSv2_laravel8_memo/vendor/fideloper/proxy/src/TrustProxies.php(57): Illuminate\\Pipeline\\Pipeline->Illuminate\\Pipeline\\{closure}(Object(Illuminate\\Http\\Request))
#40 /var/www/TRDSv2_laravel8_memo/vendor/laravel/framework/src/Illuminate/Pipeline/Pipeline.php(167): Fideloper\\Proxy\\TrustProxies->handle(Object(Illuminate\\Http\\Request), Object(Closure))
#41 /var/www/TRDSv2_laravel8_memo/vendor/laravel/framework/src/Illuminate/Pipeline/Pipeline.php(103): Illuminate\\Pipeline\\Pipeline->Illuminate\\Pipeline\\{closure}(Object(Illuminate\\Http\\Request))
#42 /var/www/TRDSv2_laravel8_memo/vendor/laravel/framework/src/Illuminate/Foundation/Http/Kernel.php(142): Illuminate\\Pipeline\\Pipeline->then(Object(Closure))
#43 /var/www/TRDSv2_laravel8_memo/vendor/laravel/framework/src/Illuminate/Foundation/Http/Kernel.php(111): Illuminate\\Foundation\\Http\\Kernel->sendRequestThroughRouter(Object(Illuminate\\Http\\Request))
#44 /var/www/TRDSv2_laravel8_memo/index.php(55): Illuminate\\Foundation\\Http\\Kernel->handle(Object(Illuminate\\Http\\Request))
#45 {main}
"} 
[2026-07-10 17:02:39] local.ERROR: Undefined variable: rapidxEmpNo {"exception":"[object] (ErrorException(code: 0): Undefined variable: rapidxEmpNo at /var/www/TRDSv2_laravel8_memo/app/Http/Controllers/QualificationCertificationController.php:339)
[stacktrace]
#0 /var/www/TRDSv2_laravel8_memo/app/Http/Controllers/QualificationCertificationController.php(339): Illuminate\\Foundation\\Bootstrap\\HandleExceptions->handleError(8, 'Undefined varia...', '/var/www/TRDSv2...', 339, Array)
#1 /var/www/TRDSv2_laravel8_memo/app/Http/Controllers/QualificationCertificationController.php(643): App\\Http\\Controllers\\QualificationCertificationController->saveFormSendEmail(Array)
#2 /var/www/TRDSv2_laravel8_memo/vendor/laravel/framework/src/Illuminate/Routing/Controller.php(54): App\\Http\\Controllers\\QualificationCertificationController->saveQualificationCertificationOper(Object(Illuminate\\Http\\Request))
#3 /var/www/TRDSv2_laravel8_memo/vendor/laravel/framework/src/Illuminate/Routing/ControllerDispatcher.php(45): Illuminate\\Routing\\Controller->callAction('saveQualificati...', Array)
#4 /var/www/TRDSv2_laravel8_memo/vendor/laravel/framework/src/Illuminate/Routing/Route.php(262): Illuminate\\Routing\\ControllerDispatcher->dispatch(Object(Illuminate\\Routing\\Route), Object(App\\Http\\Controllers\\QualificationCertificationController), 'saveQualificati...')
#5 /var/www/TRDSv2_laravel8_memo/vendor/laravel/framework/src/Illuminate/Routing/Route.php(205): Illuminate\\Routing\\Route->runController()
#6 /var/www/TRDSv2_laravel8_memo/vendor/laravel/framework/src/Illuminate/Routing/Router.php(721): Illuminate\\Routing\\Route->run()
#7 /var/www/TRDSv2_laravel8_memo/vendor/laravel/framework/src/Illuminate/Pipeline/Pipeline.php(128): Illuminate\\Routing\\Router->Illuminate\\Routing\\{closure}(Object(Illuminate\\Http\\Request))
#8 /var/www/TRDSv2_laravel8_memo/app/Http/Middleware/CheckSession.php(55): Illuminate\\Pipeline\\Pipeline->Illuminate\\Pipeline\\{closure}(Object(Illuminate\\Http\\Request))
#9 /var/www/TRDSv2_laravel8_memo/vendor/laravel/framework/src/Illuminate/Pipeline/Pipeline.php(167): App\\Http\\Middleware\\CheckSession->handle(Object(Illuminate\\Http\\Request), Object(Closure))
#10 /var/www/TRDSv2_laravel8_memo/vendor/laravel/framework/src/Illuminate/Routing/Middleware/SubstituteBindings.php(50): Illuminate\\Pipeline\\Pipeline->Illuminate\\Pipeline\\{closure}(Object(Illuminate\\Http\\Request))
#11 /var/www/TRDSv2_laravel8_memo/vendor/laravel/framework/src/Illuminate/Pipeline/Pipeline.php(167): Illuminate\\Routing\\Middleware\\SubstituteBindings->handle(Object(Illuminate\\Http\\Request), Object(Closure))
#12 /var/www/TRDSv2_laravel8_memo/vendor/laravel/framework/src/Illuminate/Foundation/Http/Middleware/VerifyCsrfToken.php(78): Illuminate\\Pipeline\\Pipeline->Illuminate\\Pipeline\\{closure}(Object(Illuminate\\Http\\Request))
#13 /var/www/TRDSv2_laravel8_memo/vendor/laravel/framework/src/Illuminate/Pipeline/Pipeline.php(167): Illuminate\\Foundation\\Http\\Middleware\\VerifyCsrfToken->handle(Object(Illuminate\\Http\\Request), Object(Closure))
#14 /var/www/TRDSv2_laravel8_memo/vendor/laravel/framework/src/Illuminate/View/Middleware/ShareErrorsFromSession.php(49): Illuminate\\Pipeline\\Pipeline->Illuminate\\Pipeline\\{closure}(Object(Illuminate\\Http\\Request))
#15 /var/www/TRDSv2_laravel8_memo/vendor/laravel/framework/src/Illuminate/Pipeline/Pipeline.php(167): Illuminate\\View\\Middleware\\ShareErrorsFromSession->handle(Object(Illuminate\\Http\\Request), Object(Closure))
#16 /var/www/TRDSv2_laravel8_memo/vendor/laravel/framework/src/Illuminate/Session/Middleware/StartSession.php(121): Illuminate\\Pipeline\\Pipeline->Illuminate\\Pipeline\\{closure}(Object(Illuminate\\Http\\Request))
#17 /var/www/TRDSv2_laravel8_memo/vendor/laravel/framework/src/Illuminate/Session/Middleware/StartSession.php(64): Illuminate\\Session\\Middleware\\StartSession->handleStatefulRequest(Object(Illuminate\\Http\\Request), Object(Illuminate\\Session\\Store), Object(Closure))
#18 /var/www/TRDSv2_laravel8_memo/vendor/laravel/framework/src/Illuminate/Pipeline/Pipeline.php(167): Illuminate\\Session\\Middleware\\StartSession->handle(Object(Illuminate\\Http\\Request), Object(Closure))
#19 /var/www/TRDSv2_laravel8_memo/vendor/laravel/framework/src/Illuminate/Cookie/Middleware/AddQueuedCookiesToResponse.php(37): Illuminate\\Pipeline\\Pipeline->Illuminate\\Pipeline\\{closure}(Object(Illuminate\\Http\\Request))
#20 /var/www/TRDSv2_laravel8_memo/vendor/laravel/framework/src/Illuminate/Pipeline/Pipeline.php(167): Illuminate\\Cookie\\Middleware\\AddQueuedCookiesToResponse->handle(Object(Illuminate\\Http\\Request), Object(Closure))
#21 /var/www/TRDSv2_laravel8_memo/vendor/laravel/framework/src/Illuminate/Cookie/Middleware/EncryptCookies.php(67): Illuminate\\Pipeline\\Pipeline->Illuminate\\Pipeline\\{closure}(Object(Illuminate\\Http\\Request))
#22 /var/www/TRDSv2_laravel8_memo/vendor/laravel/framework/src/Illuminate/Pipeline/Pipeline.php(167): Illuminate\\Cookie\\Middleware\\EncryptCookies->handle(Object(Illuminate\\Http\\Request), Object(Closure))
#23 /var/www/TRDSv2_laravel8_memo/vendor/laravel/framework/src/Illuminate/Pipeline/Pipeline.php(103): Illuminate\\Pipeline\\Pipeline->Illuminate\\Pipeline\\{closure}(Object(Illuminate\\Http\\Request))
#24 /var/www/TRDSv2_laravel8_memo/vendor/laravel/framework/src/Illuminate/Routing/Router.php(723): Illuminate\\Pipeline\\Pipeline->then(Object(Closure))
#25 /var/www/TRDSv2_laravel8_memo/vendor/laravel/framework/src/Illuminate/Routing/Router.php(698): Illuminate\\Routing\\Router->runRouteWithinStack(Object(Illuminate\\Routing\\Route), Object(Illuminate\\Http\\Request))
#26 /var/www/TRDSv2_laravel8_memo/vendor/laravel/framework/src/Illuminate/Routing/Router.php(662): Illuminate\\Routing\\Router->runRoute(Object(Illuminate\\Http\\Request), Object(Illuminate\\Routing\\Route))
#27 /var/www/TRDSv2_laravel8_memo/vendor/laravel/framework/src/Illuminate/Routing/Router.php(651): Illuminate\\Routing\\Router->dispatchToRoute(Object(Illuminate\\Http\\Request))
#28 /var/www/TRDSv2_laravel8_memo/vendor/laravel/framework/src/Illuminate/Foundation/Http/Kernel.php(167): Illuminate\\Routing\\Router->dispatch(Object(Illuminate\\Http\\Request))
#29 /var/www/TRDSv2_laravel8_memo/vendor/laravel/framework/src/Illuminate/Pipeline/Pipeline.php(128): Illuminate\\Foundation\\Http\\Kernel->Illuminate\\Foundation\\Http\\{closure}(Object(Illuminate\\Http\\Request))
#30 /var/www/TRDSv2_laravel8_memo/vendor/laravel/framework/src/Illuminate/Foundation/Http/Middleware/TransformsRequest.php(21): Illuminate\\Pipeline\\Pipeline->Illuminate\\Pipeline\\{closure}(Object(Illuminate\\Http\\Request))
#31 /var/www/TRDSv2_laravel8_memo/vendor/laravel/framework/src/Illuminate/Foundation/Http/Middleware/ConvertEmptyStringsToNull.php(31): Illuminate\\Foundation\\Http\\Middleware\\TransformsRequest->handle(Object(Illuminate\\Http\\Request), Object(Closure))
#32 /var/www/TRDSv2_laravel8_memo/vendor/laravel/framework/src/Illuminate/Pipeline/Pipeline.php(167): Illuminate\\Foundation\\Http\\Middleware\\ConvertEmptyStringsToNull->handle(Object(Illuminate\\Http\\Request), Object(Closure))
#33 /var/www/TRDSv2_laravel8_memo/vendor/laravel/framework/src/Illuminate/Foundation/Http/Middleware/TransformsRequest.php(21): Illuminate\\Pipeline\\Pipeline->Illuminate\\Pipeline\\{closure}(Object(Illuminate\\Http\\Request))
#34 /var/www/TRDSv2_laravel8_memo/vendor/laravel/framework/src/Illuminate/Foundation/Http/Middleware/TrimStrings.php(40): Illuminate\\Foundation\\Http\\Middleware\\TransformsRequest->handle(Object(Illuminate\\Http\\Request), Object(Closure))
#35 /var/www/TRDSv2_laravel8_memo/vendor/laravel/framework/src/Illuminate/Pipeline/Pipeline.php(167): Illuminate\\Foundation\\Http\\Middleware\\TrimStrings->handle(Object(Illuminate\\Http\\Request), Object(Closure))
#36 /var/www/TRDSv2_laravel8_memo/vendor/laravel/framework/src/Illuminate/Foundation/Http/Middleware/ValidatePostSize.php(27): Illuminate\\Pipeline\\Pipeline->Illuminate\\Pipeline\\{closure}(Object(Illuminate\\Http\\Request))
#37 /var/www/TRDSv2_laravel8_memo/vendor/laravel/framework/src/Illuminate/Pipeline/Pipeline.php(167): Illuminate\\Foundation\\Http\\Middleware\\ValidatePostSize->handle(Object(Illuminate\\Http\\Request), Object(Closure))
#38 /var/www/TRDSv2_laravel8_memo/vendor/laravel/framework/src/Illuminate/Foundation/Http/Middleware/PreventRequestsDuringMaintenance.php(86): Illuminate\\Pipeline\\Pipeline->Illuminate\\Pipeline\\{closure}(Object(Illuminate\\Http\\Request))
#39 /var/www/TRDSv2_laravel8_memo/vendor/laravel/framework/src/Illuminate/Pipeline/Pipeline.php(167): Illuminate\\Foundation\\Http\\Middleware\\PreventRequestsDuringMaintenance->handle(Object(Illuminate\\Http\\Request), Object(Closure))
#40 /var/www/TRDSv2_laravel8_memo/vendor/fideloper/proxy/src/TrustProxies.php(57): Illuminate\\Pipeline\\Pipeline->Illuminate\\Pipeline\\{closure}(Object(Illuminate\\Http\\Request))
#41 /var/www/TRDSv2_laravel8_memo/vendor/laravel/framework/src/Illuminate/Pipeline/Pipeline.php(167): Fideloper\\Proxy\\TrustProxies->handle(Object(Illuminate\\Http\\Request), Object(Closure))
#42 /var/www/TRDSv2_laravel8_memo/vendor/laravel/framework/src/Illuminate/Pipeline/Pipeline.php(103): Illuminate\\Pipeline\\Pipeline->Illuminate\\Pipeline\\{closure}(Object(Illuminate\\Http\\Request))
#43 /var/www/TRDSv2_laravel8_memo/vendor/laravel/framework/src/Illuminate/Foundation/Http/Kernel.php(142): Illuminate\\Pipeline\\Pipeline->then(Object(Closure))
#44 /var/www/TRDSv2_laravel8_memo/vendor/laravel/framework/src/Illuminate/Foundation/Http/Kernel.php(111): Illuminate\\Foundation\\Http\\Kernel->sendRequestThroughRouter(Object(Illuminate\\Http\\Request))
#45 /var/www/TRDSv2_laravel8_memo/index.php(55): Illuminate\\Foundation\\Http\\Kernel->handle(Object(Illuminate\\Http\\Request))
#46 {main}
"} 
[2026-07-10 09:02:52] local.ERROR: syntax error, unexpected ',', expecting ';' {"exception":"[object] (ParseError(code: 0): syntax error, unexpected ',', expecting ';' at /var/www/TRDSv2_laravel8_memo/app/Http/Controllers/QualificationCertificationController.php:341)
[stacktrace]
#0 /var/www/TRDSv2_laravel8_memo/vendor/composer/ClassLoader.php(322): Composer\\Autoload\\includeFile('/var/www/TRDSv2...')
#1 [internal function]: Composer\\Autoload\\ClassLoader->loadClass('App\\\\Http\\\\Contro...')
#2 [internal function]: spl_autoload_call('App\\\\Http\\\\Contro...')
#3 /var/www/TRDSv2_laravel8_memo/vendor/laravel/framework/src/Illuminate/Container/Container.php(877): ReflectionClass->__construct('App\\\\Http\\\\Contro...')
#4 /var/www/TRDSv2_laravel8_memo/vendor/laravel/framework/src/Illuminate/Container/Container.php(758): Illuminate\\Container\\Container->build('App\\\\Http\\\\Contro...')
#5 /var/www/TRDSv2_laravel8_memo/vendor/laravel/framework/src/Illuminate/Foundation/Application.php(853): Illuminate\\Container\\Container->resolve('App\\\\Http\\\\Contro...', Array, true)
#6 /var/www/TRDSv2_laravel8_memo/vendor/laravel/framework/src/Illuminate/Container/Container.php(694): Illuminate\\Foundation\\Application->resolve('App\\\\Http\\\\Contro...', Array)
#7 /var/www/TRDSv2_laravel8_memo/vendor/laravel/framework/src/Illuminate/Foundation/Application.php(838): Illuminate\\Container\\Container->make('App\\\\Http\\\\Contro...', Array)
#8 /var/www/TRDSv2_laravel8_memo/vendor/laravel/framework/src/Illuminate/Routing/Route.php(276): Illuminate\\Foundation\\Application->make('App\\\\Http\\\\Contro...')
#9 /var/www/TRDSv2_laravel8_memo/vendor/laravel/framework/src/Illuminate/Routing/Route.php(1080): Illuminate\\Routing\\Route->getController()
#10 /var/www/TRDSv2_laravel8_memo/vendor/laravel/framework/src/Illuminate/Routing/Route.php(1023): Illuminate\\Routing\\Route->controllerMiddleware()
#11 /var/www/TRDSv2_laravel8_memo/vendor/laravel/framework/src/Illuminate/Routing/Router.php(734): Illuminate\\Routing\\Route->gatherMiddleware()
#12 /var/www/TRDSv2_laravel8_memo/vendor/laravel/framework/src/Illuminate/Routing/Router.php(714): Illuminate\\Routing\\Router->gatherRouteMiddleware(Object(Illuminate\\Routing\\Route))
#13 /var/www/TRDSv2_laravel8_memo/vendor/laravel/framework/src/Illuminate/Routing/Router.php(698): Illuminate\\Routing\\Router->runRouteWithinStack(Object(Illuminate\\Routing\\Route), Object(Illuminate\\Http\\Request))
#14 /var/www/TRDSv2_laravel8_memo/vendor/laravel/framework/src/Illuminate/Routing/Router.php(662): Illuminate\\Routing\\Router->runRoute(Object(Illuminate\\Http\\Request), Object(Illuminate\\Routing\\Route))
#15 /var/www/TRDSv2_laravel8_memo/vendor/laravel/framework/src/Illuminate/Routing/Router.php(651): Illuminate\\Routing\\Router->dispatchToRoute(Object(Illuminate\\Http\\Request))
#16 /var/www/TRDSv2_laravel8_memo/vendor/laravel/framework/src/Illuminate/Foundation/Http/Kernel.php(167): Illuminate\\Routing\\Router->dispatch(Object(Illuminate\\Http\\Request))
#17 /var/www/TRDSv2_laravel8_memo/vendor/laravel/framework/src/Illuminate/Pipeline/Pipeline.php(128): Illuminate\\Foundation\\Http\\Kernel->Illuminate\\Foundation\\Http\\{closure}(Object(Illuminate\\Http\\Request))
#18 /var/www/TRDSv2_laravel8_memo/vendor/laravel/framework/src/Illuminate/Foundation/Http/Middleware/TransformsRequest.php(21): Illuminate\\Pipeline\\Pipeline->Illuminate\\Pipeline\\{closure}(Object(Illuminate\\Http\\Request))
#19 /var/www/TRDSv2_laravel8_memo/vendor/laravel/framework/src/Illuminate/Foundation/Http/Middleware/ConvertEmptyStringsToNull.php(31): Illuminate\\Foundation\\Http\\Middleware\\TransformsRequest->handle(Object(Illuminate\\Http\\Request), Object(Closure))
#20 /var/www/TRDSv2_laravel8_memo/vendor/laravel/framework/src/Illuminate/Pipeline/Pipeline.php(167): Illuminate\\Foundation\\Http\\Middleware\\ConvertEmptyStringsToNull->handle(Object(Illuminate\\Http\\Request), Object(Closure))
#21 /var/www/TRDSv2_laravel8_memo/vendor/laravel/framework/src/Illuminate/Foundation/Http/Middleware/TransformsRequest.php(21): Illuminate\\Pipeline\\Pipeline->Illuminate\\Pipeline\\{closure}(Object(Illuminate\\Http\\Request))
#22 /var/www/TRDSv2_laravel8_memo/vendor/laravel/framework/src/Illuminate/Foundation/Http/Middleware/TrimStrings.php(40): Illuminate\\Foundation\\Http\\Middleware\\TransformsRequest->handle(Object(Illuminate\\Http\\Request), Object(Closure))
#23 /var/www/TRDSv2_laravel8_memo/vendor/laravel/framework/src/Illuminate/Pipeline/Pipeline.php(167): Illuminate\\Foundation\\Http\\Middleware\\TrimStrings->handle(Object(Illuminate\\Http\\Request), Object(Closure))
#24 /var/www/TRDSv2_laravel8_memo/vendor/laravel/framework/src/Illuminate/Foundation/Http/Middleware/ValidatePostSize.php(27): Illuminate\\Pipeline\\Pipeline->Illuminate\\Pipeline\\{closure}(Object(Illuminate\\Http\\Request))
#25 /var/www/TRDSv2_laravel8_memo/vendor/laravel/framework/src/Illuminate/Pipeline/Pipeline.php(167): Illuminate\\Foundation\\Http\\Middleware\\ValidatePostSize->handle(Object(Illuminate\\Http\\Request), Object(Closure))
#26 /var/www/TRDSv2_laravel8_memo/vendor/laravel/framework/src/Illuminate/Foundation/Http/Middleware/PreventRequestsDuringMaintenance.php(86): Illuminate\\Pipeline\\Pipeline->Illuminate\\Pipeline\\{closure}(Object(Illuminate\\Http\\Request))
#27 /var/www/TRDSv2_laravel8_memo/vendor/laravel/framework/src/Illuminate/Pipeline/Pipeline.php(167): Illuminate\\Foundation\\Http\\Middleware\\PreventRequestsDuringMaintenance->handle(Object(Illuminate\\Http\\Request), Object(Closure))
#28 /var/www/TRDSv2_laravel8_memo/vendor/fideloper/proxy/src/TrustProxies.php(57): Illuminate\\Pipeline\\Pipeline->Illuminate\\Pipeline\\{closure}(Object(Illuminate\\Http\\Request))
#29 /var/www/TRDSv2_laravel8_memo/vendor/laravel/framework/src/Illuminate/Pipeline/Pipeline.php(167): Fideloper\\Proxy\\TrustProxies->handle(Object(Illuminate\\Http\\Request), Object(Closure))
#30 /var/www/TRDSv2_laravel8_memo/vendor/laravel/framework/src/Illuminate/Pipeline/Pipeline.php(103): Illuminate\\Pipeline\\Pipeline->Illuminate\\Pipeline\\{closure}(Object(Illuminate\\Http\\Request))
#31 /var/www/TRDSv2_laravel8_memo/vendor/laravel/framework/src/Illuminate/Foundation/Http/Kernel.php(142): Illuminate\\Pipeline\\Pipeline->then(Object(Closure))
#32 /var/www/TRDSv2_laravel8_memo/vendor/laravel/framework/src/Illuminate/Foundation/Http/Kernel.php(111): Illuminate\\Foundation\\Http\\Kernel->sendRequestThroughRouter(Object(Illuminate\\Http\\Request))
#33 /var/www/TRDSv2_laravel8_memo/index.php(55): Illuminate\\Foundation\\Http\\Kernel->handle(Object(Illuminate\\Http\\Request))
#34 {main}
"} 
[2026-07-10 17:06:26] local.ERROR: Class 'App\Http\Controllers\RapidxUser' not found {"exception":"[object] (Error(code: 0): Class 'App\\Http\\Controllers\\RapidxUser' not found at /var/www/TRDSv2_laravel8_memo/app/Http/Controllers/CommonController.php:71)
[stacktrace]
#0 /var/www/TRDSv2_laravel8_memo/app/Http/Controllers/QualificationCertificationController.php(342): App\\Http\\Controllers\\CommonController->getEmailByRapidxUserId('R152')
#1 /var/www/TRDSv2_laravel8_memo/app/Http/Controllers/QualificationCertificationController.php(642): App\\Http\\Controllers\\QualificationCertificationController->saveFormSendEmail(Array)
#2 /var/www/TRDSv2_laravel8_memo/vendor/laravel/framework/src/Illuminate/Routing/Controller.php(54): App\\Http\\Controllers\\QualificationCertificationController->saveQualificationCertificationOper(Object(Illuminate\\Http\\Request))
#3 /var/www/TRDSv2_laravel8_memo/vendor/laravel/framework/src/Illuminate/Routing/ControllerDispatcher.php(45): Illuminate\\Routing\\Controller->callAction('saveQualificati...', Array)
#4 /var/www/TRDSv2_laravel8_memo/vendor/laravel/framework/src/Illuminate/Routing/Route.php(262): Illuminate\\Routing\\ControllerDispatcher->dispatch(Object(Illuminate\\Routing\\Route), Object(App\\Http\\Controllers\\QualificationCertificationController), 'saveQualificati...')
#5 /var/www/TRDSv2_laravel8_memo/vendor/laravel/framework/src/Illuminate/Routing/Route.php(205): Illuminate\\Routing\\Route->runController()
#6 /var/www/TRDSv2_laravel8_memo/vendor/laravel/framework/src/Illuminate/Routing/Router.php(721): Illuminate\\Routing\\Route->run()
#7 /var/www/TRDSv2_laravel8_memo/vendor/laravel/framework/src/Illuminate/Pipeline/Pipeline.php(128): Illuminate\\Routing\\Router->Illuminate\\Routing\\{closure}(Object(Illuminate\\Http\\Request))
#8 /var/www/TRDSv2_laravel8_memo/app/Http/Middleware/CheckSession.php(55): Illuminate\\Pipeline\\Pipeline->Illuminate\\Pipeline\\{closure}(Object(Illuminate\\Http\\Request))
#9 /var/www/TRDSv2_laravel8_memo/vendor/laravel/framework/src/Illuminate/Pipeline/Pipeline.php(167): App\\Http\\Middleware\\CheckSession->handle(Object(Illuminate\\Http\\Request), Object(Closure))
#10 /var/www/TRDSv2_laravel8_memo/vendor/laravel/framework/src/Illuminate/Routing/Middleware/SubstituteBindings.php(50): Illuminate\\Pipeline\\Pipeline->Illuminate\\Pipeline\\{closure}(Object(Illuminate\\Http\\Request))
#11 /var/www/TRDSv2_laravel8_memo/vendor/laravel/framework/src/Illuminate/Pipeline/Pipeline.php(167): Illuminate\\Routing\\Middleware\\SubstituteBindings->handle(Object(Illuminate\\Http\\Request), Object(Closure))
#12 /var/www/TRDSv2_laravel8_memo/vendor/laravel/framework/src/Illuminate/Foundation/Http/Middleware/VerifyCsrfToken.php(78): Illuminate\\Pipeline\\Pipeline->Illuminate\\Pipeline\\{closure}(Object(Illuminate\\Http\\Request))
#13 /var/www/TRDSv2_laravel8_memo/vendor/laravel/framework/src/Illuminate/Pipeline/Pipeline.php(167): Illuminate\\Foundation\\Http\\Middleware\\VerifyCsrfToken->handle(Object(Illuminate\\Http\\Request), Object(Closure))
#14 /var/www/TRDSv2_laravel8_memo/vendor/laravel/framework/src/Illuminate/View/Middleware/ShareErrorsFromSession.php(49): Illuminate\\Pipeline\\Pipeline->Illuminate\\Pipeline\\{closure}(Object(Illuminate\\Http\\Request))
#15 /var/www/TRDSv2_laravel8_memo/vendor/laravel/framework/src/Illuminate/Pipeline/Pipeline.php(167): Illuminate\\View\\Middleware\\ShareErrorsFromSession->handle(Object(Illuminate\\Http\\Request), Object(Closure))
#16 /var/www/TRDSv2_laravel8_memo/vendor/laravel/framework/src/Illuminate/Session/Middleware/StartSession.php(121): Illuminate\\Pipeline\\Pipeline->Illuminate\\Pipeline\\{closure}(Object(Illuminate\\Http\\Request))
#17 /var/www/TRDSv2_laravel8_memo/vendor/laravel/framework/src/Illuminate/Session/Middleware/StartSession.php(64): Illuminate\\Session\\Middleware\\StartSession->handleStatefulRequest(Object(Illuminate\\Http\\Request), Object(Illuminate\\Session\\Store), Object(Closure))
#18 /var/www/TRDSv2_laravel8_memo/vendor/laravel/framework/src/Illuminate/Pipeline/Pipeline.php(167): Illuminate\\Session\\Middleware\\StartSession->handle(Object(Illuminate\\Http\\Request), Object(Closure))
#19 /var/www/TRDSv2_laravel8_memo/vendor/laravel/framework/src/Illuminate/Cookie/Middleware/AddQueuedCookiesToResponse.php(37): Illuminate\\Pipeline\\Pipeline->Illuminate\\Pipeline\\{closure}(Object(Illuminate\\Http\\Request))
#20 /var/www/TRDSv2_laravel8_memo/vendor/laravel/framework/src/Illuminate/Pipeline/Pipeline.php(167): Illuminate\\Cookie\\Middleware\\AddQueuedCookiesToResponse->handle(Object(Illuminate\\Http\\Request), Object(Closure))
#21 /var/www/TRDSv2_laravel8_memo/vendor/laravel/framework/src/Illuminate/Cookie/Middleware/EncryptCookies.php(67): Illuminate\\Pipeline\\Pipeline->Illuminate\\Pipeline\\{closure}(Object(Illuminate\\Http\\Request))
#22 /var/www/TRDSv2_laravel8_memo/vendor/laravel/framework/src/Illuminate/Pipeline/Pipeline.php(167): Illuminate\\Cookie\\Middleware\\EncryptCookies->handle(Object(Illuminate\\Http\\Request), Object(Closure))
#23 /var/www/TRDSv2_laravel8_memo/vendor/laravel/framework/src/Illuminate/Pipeline/Pipeline.php(103): Illuminate\\Pipeline\\Pipeline->Illuminate\\Pipeline\\{closure}(Object(Illuminate\\Http\\Request))
#24 /var/www/TRDSv2_laravel8_memo/vendor/laravel/framework/src/Illuminate/Routing/Router.php(723): Illuminate\\Pipeline\\Pipeline->then(Object(Closure))
#25 /var/www/TRDSv2_laravel8_memo/vendor/laravel/framework/src/Illuminate/Routing/Router.php(698): Illuminate\\Routing\\Router->runRouteWithinStack(Object(Illuminate\\Routing\\Route), Object(Illuminate\\Http\\Request))
#26 /var/www/TRDSv2_laravel8_memo/vendor/laravel/framework/src/Illuminate/Routing/Router.php(662): Illuminate\\Routing\\Router->runRoute(Object(Illuminate\\Http\\Request), Object(Illuminate\\Routing\\Route))
#27 /var/www/TRDSv2_laravel8_memo/vendor/laravel/framework/src/Illuminate/Routing/Router.php(651): Illuminate\\Routing\\Router->dispatchToRoute(Object(Illuminate\\Http\\Request))
#28 /var/www/TRDSv2_laravel8_memo/vendor/laravel/framework/src/Illuminate/Foundation/Http/Kernel.php(167): Illuminate\\Routing\\Router->dispatch(Object(Illuminate\\Http\\Request))
#29 /var/www/TRDSv2_laravel8_memo/vendor/laravel/framework/src/Illuminate/Pipeline/Pipeline.php(128): Illuminate\\Foundation\\Http\\Kernel->Illuminate\\Foundation\\Http\\{closure}(Object(Illuminate\\Http\\Request))
#30 /var/www/TRDSv2_laravel8_memo/vendor/laravel/framework/src/Illuminate/Foundation/Http/Middleware/TransformsRequest.php(21): Illuminate\\Pipeline\\Pipeline->Illuminate\\Pipeline\\{closure}(Object(Illuminate\\Http\\Request))
#31 /var/www/TRDSv2_laravel8_memo/vendor/laravel/framework/src/Illuminate/Foundation/Http/Middleware/ConvertEmptyStringsToNull.php(31): Illuminate\\Foundation\\Http\\Middleware\\TransformsRequest->handle(Object(Illuminate\\Http\\Request), Object(Closure))
#32 /var/www/TRDSv2_laravel8_memo/vendor/laravel/framework/src/Illuminate/Pipeline/Pipeline.php(167): Illuminate\\Foundation\\Http\\Middleware\\ConvertEmptyStringsToNull->handle(Object(Illuminate\\Http\\Request), Object(Closure))
#33 /var/www/TRDSv2_laravel8_memo/vendor/laravel/framework/src/Illuminate/Foundation/Http/Middleware/TransformsRequest.php(21): Illuminate\\Pipeline\\Pipeline->Illuminate\\Pipeline\\{closure}(Object(Illuminate\\Http\\Request))
#34 /var/www/TRDSv2_laravel8_memo/vendor/laravel/framework/src/Illuminate/Foundation/Http/Middleware/TrimStrings.php(40): Illuminate\\Foundation\\Http\\Middleware\\TransformsRequest->handle(Object(Illuminate\\Http\\Request), Object(Closure))
#35 /var/www/TRDSv2_laravel8_memo/vendor/laravel/framework/src/Illuminate/Pipeline/Pipeline.php(167): Illuminate\\Foundation\\Http\\Middleware\\TrimStrings->handle(Object(Illuminate\\Http\\Request), Object(Closure))
#36 /var/www/TRDSv2_laravel8_memo/vendor/laravel/framework/src/Illuminate/Foundation/Http/Middleware/ValidatePostSize.php(27): Illuminate\\Pipeline\\Pipeline->Illuminate\\Pipeline\\{closure}(Object(Illuminate\\Http\\Request))
#37 /var/www/TRDSv2_laravel8_memo/vendor/laravel/framework/src/Illuminate/Pipeline/Pipeline.php(167): Illuminate\\Foundation\\Http\\Middleware\\ValidatePostSize->handle(Object(Illuminate\\Http\\Request), Object(Closure))
#38 /var/www/TRDSv2_laravel8_memo/vendor/laravel/framework/src/Illuminate/Foundation/Http/Middleware/PreventRequestsDuringMaintenance.php(86): Illuminate\\Pipeline\\Pipeline->Illuminate\\Pipeline\\{closure}(Object(Illuminate\\Http\\Request))
#39 /var/www/TRDSv2_laravel8_memo/vendor/laravel/framework/src/Illuminate/Pipeline/Pipeline.php(167): Illuminate\\Foundation\\Http\\Middleware\\PreventRequestsDuringMaintenance->handle(Object(Illuminate\\Http\\Request), Object(Closure))
#40 /var/www/TRDSv2_laravel8_memo/vendor/fideloper/proxy/src/TrustProxies.php(57): Illuminate\\Pipeline\\Pipeline->Illuminate\\Pipeline\\{closure}(Object(Illuminate\\Http\\Request))
#41 /var/www/TRDSv2_laravel8_memo/vendor/laravel/framework/src/Illuminate/Pipeline/Pipeline.php(167): Fideloper\\Proxy\\TrustProxies->handle(Object(Illuminate\\Http\\Request), Object(Closure))
#42 /var/www/TRDSv2_laravel8_memo/vendor/laravel/framework/src/Illuminate/Pipeline/Pipeline.php(103): Illuminate\\Pipeline\\Pipeline->Illuminate\\Pipeline\\{closure}(Object(Illuminate\\Http\\Request))
#43 /var/www/TRDSv2_laravel8_memo/vendor/laravel/framework/src/Illuminate/Foundation/Http/Kernel.php(142): Illuminate\\Pipeline\\Pipeline->then(Object(Closure))
#44 /var/www/TRDSv2_laravel8_memo/vendor/laravel/framework/src/Illuminate/Foundation/Http/Kernel.php(111): Illuminate\\Foundation\\Http\\Kernel->sendRequestThroughRouter(Object(Illuminate\\Http\\Request))
#45 /var/www/TRDSv2_laravel8_memo/index.php(55): Illuminate\\Foundation\\Http\\Kernel->handle(Object(Illuminate\\Http\\Request))
#46 {main}
"} 
[2026-07-10 17:06:49] local.ERROR: Class 'App\Http\Controllers\RapidxUser' not found {"exception":"[object] (Error(code: 0): Class 'App\\Http\\Controllers\\RapidxUser' not found at /var/www/TRDSv2_laravel8_memo/app/Http/Controllers/CommonController.php:71)
[stacktrace]
#0 /var/www/TRDSv2_laravel8_memo/app/Http/Controllers/QualificationCertificationController.php(342): App\\Http\\Controllers\\CommonController->getEmailByRapidxUserId('R152')
#1 /var/www/TRDSv2_laravel8_memo/app/Http/Controllers/QualificationCertificationController.php(642): App\\Http\\Controllers\\QualificationCertificationController->saveFormSendEmail(Array)
#2 /var/www/TRDSv2_laravel8_memo/vendor/laravel/framework/src/Illuminate/Routing/Controller.php(54): App\\Http\\Controllers\\QualificationCertificationController->saveQualificationCertificationOper(Object(Illuminate\\Http\\Request))
#3 /var/www/TRDSv2_laravel8_memo/vendor/laravel/framework/src/Illuminate/Routing/ControllerDispatcher.php(45): Illuminate\\Routing\\Controller->callAction('saveQualificati...', Array)
#4 /var/www/TRDSv2_laravel8_memo/vendor/laravel/framework/src/Illuminate/Routing/Route.php(262): Illuminate\\Routing\\ControllerDispatcher->dispatch(Object(Illuminate\\Routing\\Route), Object(App\\Http\\Controllers\\QualificationCertificationController), 'saveQualificati...')
#5 /var/www/TRDSv2_laravel8_memo/vendor/laravel/framework/src/Illuminate/Routing/Route.php(205): Illuminate\\Routing\\Route->runController()
#6 /var/www/TRDSv2_laravel8_memo/vendor/laravel/framework/src/Illuminate/Routing/Router.php(721): Illuminate\\Routing\\Route->run()
#7 /var/www/TRDSv2_laravel8_memo/vendor/laravel/framework/src/Illuminate/Pipeline/Pipeline.php(128): Illuminate\\Routing\\Router->Illuminate\\Routing\\{closure}(Object(Illuminate\\Http\\Request))
#8 /var/www/TRDSv2_laravel8_memo/app/Http/Middleware/CheckSession.php(55): Illuminate\\Pipeline\\Pipeline->Illuminate\\Pipeline\\{closure}(Object(Illuminate\\Http\\Request))
#9 /var/www/TRDSv2_laravel8_memo/vendor/laravel/framework/src/Illuminate/Pipeline/Pipeline.php(167): App\\Http\\Middleware\\CheckSession->handle(Object(Illuminate\\Http\\Request), Object(Closure))
#10 /var/www/TRDSv2_laravel8_memo/vendor/laravel/framework/src/Illuminate/Routing/Middleware/SubstituteBindings.php(50): Illuminate\\Pipeline\\Pipeline->Illuminate\\Pipeline\\{closure}(Object(Illuminate\\Http\\Request))
#11 /var/www/TRDSv2_laravel8_memo/vendor/laravel/framework/src/Illuminate/Pipeline/Pipeline.php(167): Illuminate\\Routing\\Middleware\\SubstituteBindings->handle(Object(Illuminate\\Http\\Request), Object(Closure))
#12 /var/www/TRDSv2_laravel8_memo/vendor/laravel/framework/src/Illuminate/Foundation/Http/Middleware/VerifyCsrfToken.php(78): Illuminate\\Pipeline\\Pipeline->Illuminate\\Pipeline\\{closure}(Object(Illuminate\\Http\\Request))
#13 /var/www/TRDSv2_laravel8_memo/vendor/laravel/framework/src/Illuminate/Pipeline/Pipeline.php(167): Illuminate\\Foundation\\Http\\Middleware\\VerifyCsrfToken->handle(Object(Illuminate\\Http\\Request), Object(Closure))
#14 /var/www/TRDSv2_laravel8_memo/vendor/laravel/framework/src/Illuminate/View/Middleware/ShareErrorsFromSession.php(49): Illuminate\\Pipeline\\Pipeline->Illuminate\\Pipeline\\{closure}(Object(Illuminate\\Http\\Request))
#15 /var/www/TRDSv2_laravel8_memo/vendor/laravel/framework/src/Illuminate/Pipeline/Pipeline.php(167): Illuminate\\View\\Middleware\\ShareErrorsFromSession->handle(Object(Illuminate\\Http\\Request), Object(Closure))
#16 /var/www/TRDSv2_laravel8_memo/vendor/laravel/framework/src/Illuminate/Session/Middleware/StartSession.php(121): Illuminate\\Pipeline\\Pipeline->Illuminate\\Pipeline\\{closure}(Object(Illuminate\\Http\\Request))
#17 /var/www/TRDSv2_laravel8_memo/vendor/laravel/framework/src/Illuminate/Session/Middleware/StartSession.php(64): Illuminate\\Session\\Middleware\\StartSession->handleStatefulRequest(Object(Illuminate\\Http\\Request), Object(Illuminate\\Session\\Store), Object(Closure))
#18 /var/www/TRDSv2_laravel8_memo/vendor/laravel/framework/src/Illuminate/Pipeline/Pipeline.php(167): Illuminate\\Session\\Middleware\\StartSession->handle(Object(Illuminate\\Http\\Request), Object(Closure))
#19 /var/www/TRDSv2_laravel8_memo/vendor/laravel/framework/src/Illuminate/Cookie/Middleware/AddQueuedCookiesToResponse.php(37): Illuminate\\Pipeline\\Pipeline->Illuminate\\Pipeline\\{closure}(Object(Illuminate\\Http\\Request))
#20 /var/www/TRDSv2_laravel8_memo/vendor/laravel/framework/src/Illuminate/Pipeline/Pipeline.php(167): Illuminate\\Cookie\\Middleware\\AddQueuedCookiesToResponse->handle(Object(Illuminate\\Http\\Request), Object(Closure))
#21 /var/www/TRDSv2_laravel8_memo/vendor/laravel/framework/src/Illuminate/Cookie/Middleware/EncryptCookies.php(67): Illuminate\\Pipeline\\Pipeline->Illuminate\\Pipeline\\{closure}(Object(Illuminate\\Http\\Request))
#22 /var/www/TRDSv2_laravel8_memo/vendor/laravel/framework/src/Illuminate/Pipeline/Pipeline.php(167): Illuminate\\Cookie\\Middleware\\EncryptCookies->handle(Object(Illuminate\\Http\\Request), Object(Closure))
#23 /var/www/TRDSv2_laravel8_memo/vendor/laravel/framework/src/Illuminate/Pipeline/Pipeline.php(103): Illuminate\\Pipeline\\Pipeline->Illuminate\\Pipeline\\{closure}(Object(Illuminate\\Http\\Request))
#24 /var/www/TRDSv2_laravel8_memo/vendor/laravel/framework/src/Illuminate/Routing/Router.php(723): Illuminate\\Pipeline\\Pipeline->then(Object(Closure))
#25 /var/www/TRDSv2_laravel8_memo/vendor/laravel/framework/src/Illuminate/Routing/Router.php(698): Illuminate\\Routing\\Router->runRouteWithinStack(Object(Illuminate\\Routing\\Route), Object(Illuminate\\Http\\Request))
#26 /var/www/TRDSv2_laravel8_memo/vendor/laravel/framework/src/Illuminate/Routing/Router.php(662): Illuminate\\Routing\\Router->runRoute(Object(Illuminate\\Http\\Request), Object(Illuminate\\Routing\\Route))
#27 /var/www/TRDSv2_laravel8_memo/vendor/laravel/framework/src/Illuminate/Routing/Router.php(651): Illuminate\\Routing\\Router->dispatchToRoute(Object(Illuminate\\Http\\Request))
#28 /var/www/TRDSv2_laravel8_memo/vendor/laravel/framework/src/Illuminate/Foundation/Http/Kernel.php(167): Illuminate\\Routing\\Router->dispatch(Object(Illuminate\\Http\\Request))
#29 /var/www/TRDSv2_laravel8_memo/vendor/laravel/framework/src/Illuminate/Pipeline/Pipeline.php(128): Illuminate\\Foundation\\Http\\Kernel->Illuminate\\Foundation\\Http\\{closure}(Object(Illuminate\\Http\\Request))
#30 /var/www/TRDSv2_laravel8_memo/vendor/laravel/framework/src/Illuminate/Foundation/Http/Middleware/TransformsRequest.php(21): Illuminate\\Pipeline\\Pipeline->Illuminate\\Pipeline\\{closure}(Object(Illuminate\\Http\\Request))
#31 /var/www/TRDSv2_laravel8_memo/vendor/laravel/framework/src/Illuminate/Foundation/Http/Middleware/ConvertEmptyStringsToNull.php(31): Illuminate\\Foundation\\Http\\Middleware\\TransformsRequest->handle(Object(Illuminate\\Http\\Request), Object(Closure))
#32 /var/www/TRDSv2_laravel8_memo/vendor/laravel/framework/src/Illuminate/Pipeline/Pipeline.php(167): Illuminate\\Foundation\\Http\\Middleware\\ConvertEmptyStringsToNull->handle(Object(Illuminate\\Http\\Request), Object(Closure))
#33 /var/www/TRDSv2_laravel8_memo/vendor/laravel/framework/src/Illuminate/Foundation/Http/Middleware/TransformsRequest.php(21): Illuminate\\Pipeline\\Pipeline->Illuminate\\Pipeline\\{closure}(Object(Illuminate\\Http\\Request))
#34 /var/www/TRDSv2_laravel8_memo/vendor/laravel/framework/src/Illuminate/Foundation/Http/Middleware/TrimStrings.php(40): Illuminate\\Foundation\\Http\\Middleware\\TransformsRequest->handle(Object(Illuminate\\Http\\Request), Object(Closure))
#35 /var/www/TRDSv2_laravel8_memo/vendor/laravel/framework/src/Illuminate/Pipeline/Pipeline.php(167): Illuminate\\Foundation\\Http\\Middleware\\TrimStrings->handle(Object(Illuminate\\Http\\Request), Object(Closure))
#36 /var/www/TRDSv2_laravel8_memo/vendor/laravel/framework/src/Illuminate/Foundation/Http/Middleware/ValidatePostSize.php(27): Illuminate\\Pipeline\\Pipeline->Illuminate\\Pipeline\\{closure}(Object(Illuminate\\Http\\Request))
#37 /var/www/TRDSv2_laravel8_memo/vendor/laravel/framework/src/Illuminate/Pipeline/Pipeline.php(167): Illuminate\\Foundation\\Http\\Middleware\\ValidatePostSize->handle(Object(Illuminate\\Http\\Request), Object(Closure))
#38 /var/www/TRDSv2_laravel8_memo/vendor/laravel/framework/src/Illuminate/Foundation/Http/Middleware/PreventRequestsDuringMaintenance.php(86): Illuminate\\Pipeline\\Pipeline->Illuminate\\Pipeline\\{closure}(Object(Illuminate\\Http\\Request))
#39 /var/www/TRDSv2_laravel8_memo/vendor/laravel/framework/src/Illuminate/Pipeline/Pipeline.php(167): Illuminate\\Foundation\\Http\\Middleware\\PreventRequestsDuringMaintenance->handle(Object(Illuminate\\Http\\Request), Object(Closure))
#40 /var/www/TRDSv2_laravel8_memo/vendor/fideloper/proxy/src/TrustProxies.php(57): Illuminate\\Pipeline\\Pipeline->Illuminate\\Pipeline\\{closure}(Object(Illuminate\\Http\\Request))
#41 /var/www/TRDSv2_laravel8_memo/vendor/laravel/framework/src/Illuminate/Pipeline/Pipeline.php(167): Fideloper\\Proxy\\TrustProxies->handle(Object(Illuminate\\Http\\Request), Object(Closure))
#42 /var/www/TRDSv2_laravel8_memo/vendor/laravel/framework/src/Illuminate/Pipeline/Pipeline.php(103): Illuminate\\Pipeline\\Pipeline->Illuminate\\Pipeline\\{closure}(Object(Illuminate\\Http\\Request))
#43 /var/www/TRDSv2_laravel8_memo/vendor/laravel/framework/src/Illuminate/Foundation/Http/Kernel.php(142): Illuminate\\Pipeline\\Pipeline->then(Object(Closure))
#44 /var/www/TRDSv2_laravel8_memo/vendor/laravel/framework/src/Illuminate/Foundation/Http/Kernel.php(111): Illuminate\\Foundation\\Http\\Kernel->sendRequestThroughRouter(Object(Illuminate\\Http\\Request))
#45 /var/www/TRDSv2_laravel8_memo/index.php(55): Illuminate\\Foundation\\Http\\Kernel->handle(Object(Illuminate\\Http\\Request))
#46 {main}
"} 
[2026-07-10 17:06:59] local.ERROR: Class 'App\Model\RapidxUser' not found {"exception":"[object] (Error(code: 0): Class 'App\\Model\\RapidxUser' not found at /var/www/TRDSv2_laravel8_memo/app/Http/Controllers/CommonController.php:72)
[stacktrace]
#0 /var/www/TRDSv2_laravel8_memo/app/Http/Controllers/QualificationCertificationController.php(342): App\\Http\\Controllers\\CommonController->getEmailByRapidxUserId('R152')
#1 /var/www/TRDSv2_laravel8_memo/app/Http/Controllers/QualificationCertificationController.php(642): App\\Http\\Controllers\\QualificationCertificationController->saveFormSendEmail(Array)
#2 /var/www/TRDSv2_laravel8_memo/vendor/laravel/framework/src/Illuminate/Routing/Controller.php(54): App\\Http\\Controllers\\QualificationCertificationController->saveQualificationCertificationOper(Object(Illuminate\\Http\\Request))
#3 /var/www/TRDSv2_laravel8_memo/vendor/laravel/framework/src/Illuminate/Routing/ControllerDispatcher.php(45): Illuminate\\Routing\\Controller->callAction('saveQualificati...', Array)
#4 /var/www/TRDSv2_laravel8_memo/vendor/laravel/framework/src/Illuminate/Routing/Route.php(262): Illuminate\\Routing\\ControllerDispatcher->dispatch(Object(Illuminate\\Routing\\Route), Object(App\\Http\\Controllers\\QualificationCertificationController), 'saveQualificati...')
#5 /var/www/TRDSv2_laravel8_memo/vendor/laravel/framework/src/Illuminate/Routing/Route.php(205): Illuminate\\Routing\\Route->runController()
#6 /var/www/TRDSv2_laravel8_memo/vendor/laravel/framework/src/Illuminate/Routing/Router.php(721): Illuminate\\Routing\\Route->run()
#7 /var/www/TRDSv2_laravel8_memo/vendor/laravel/framework/src/Illuminate/Pipeline/Pipeline.php(128): Illuminate\\Routing\\Router->Illuminate\\Routing\\{closure}(Object(Illuminate\\Http\\Request))
#8 /var/www/TRDSv2_laravel8_memo/app/Http/Middleware/CheckSession.php(55): Illuminate\\Pipeline\\Pipeline->Illuminate\\Pipeline\\{closure}(Object(Illuminate\\Http\\Request))
#9 /var/www/TRDSv2_laravel8_memo/vendor/laravel/framework/src/Illuminate/Pipeline/Pipeline.php(167): App\\Http\\Middleware\\CheckSession->handle(Object(Illuminate\\Http\\Request), Object(Closure))
#10 /var/www/TRDSv2_laravel8_memo/vendor/laravel/framework/src/Illuminate/Routing/Middleware/SubstituteBindings.php(50): Illuminate\\Pipeline\\Pipeline->Illuminate\\Pipeline\\{closure}(Object(Illuminate\\Http\\Request))
#11 /var/www/TRDSv2_laravel8_memo/vendor/laravel/framework/src/Illuminate/Pipeline/Pipeline.php(167): Illuminate\\Routing\\Middleware\\SubstituteBindings->handle(Object(Illuminate\\Http\\Request), Object(Closure))
#12 /var/www/TRDSv2_laravel8_memo/vendor/laravel/framework/src/Illuminate/Foundation/Http/Middleware/VerifyCsrfToken.php(78): Illuminate\\Pipeline\\Pipeline->Illuminate\\Pipeline\\{closure}(Object(Illuminate\\Http\\Request))
#13 /var/www/TRDSv2_laravel8_memo/vendor/laravel/framework/src/Illuminate/Pipeline/Pipeline.php(167): Illuminate\\Foundation\\Http\\Middleware\\VerifyCsrfToken->handle(Object(Illuminate\\Http\\Request), Object(Closure))
#14 /var/www/TRDSv2_laravel8_memo/vendor/laravel/framework/src/Illuminate/View/Middleware/ShareErrorsFromSession.php(49): Illuminate\\Pipeline\\Pipeline->Illuminate\\Pipeline\\{closure}(Object(Illuminate\\Http\\Request))
#15 /var/www/TRDSv2_laravel8_memo/vendor/laravel/framework/src/Illuminate/Pipeline/Pipeline.php(167): Illuminate\\View\\Middleware\\ShareErrorsFromSession->handle(Object(Illuminate\\Http\\Request), Object(Closure))
#16 /var/www/TRDSv2_laravel8_memo/vendor/laravel/framework/src/Illuminate/Session/Middleware/StartSession.php(121): Illuminate\\Pipeline\\Pipeline->Illuminate\\Pipeline\\{closure}(Object(Illuminate\\Http\\Request))
#17 /var/www/TRDSv2_laravel8_memo/vendor/laravel/framework/src/Illuminate/Session/Middleware/StartSession.php(64): Illuminate\\Session\\Middleware\\StartSession->handleStatefulRequest(Object(Illuminate\\Http\\Request), Object(Illuminate\\Session\\Store), Object(Closure))
#18 /var/www/TRDSv2_laravel8_memo/vendor/laravel/framework/src/Illuminate/Pipeline/Pipeline.php(167): Illuminate\\Session\\Middleware\\StartSession->handle(Object(Illuminate\\Http\\Request), Object(Closure))
#19 /var/www/TRDSv2_laravel8_memo/vendor/laravel/framework/src/Illuminate/Cookie/Middleware/AddQueuedCookiesToResponse.php(37): Illuminate\\Pipeline\\Pipeline->Illuminate\\Pipeline\\{closure}(Object(Illuminate\\Http\\Request))
#20 /var/www/TRDSv2_laravel8_memo/vendor/laravel/framework/src/Illuminate/Pipeline/Pipeline.php(167): Illuminate\\Cookie\\Middleware\\AddQueuedCookiesToResponse->handle(Object(Illuminate\\Http\\Request), Object(Closure))
#21 /var/www/TRDSv2_laravel8_memo/vendor/laravel/framework/src/Illuminate/Cookie/Middleware/EncryptCookies.php(67): Illuminate\\Pipeline\\Pipeline->Illuminate\\Pipeline\\{closure}(Object(Illuminate\\Http\\Request))
#22 /var/www/TRDSv2_laravel8_memo/vendor/laravel/framework/src/Illuminate/Pipeline/Pipeline.php(167): Illuminate\\Cookie\\Middleware\\EncryptCookies->handle(Object(Illuminate\\Http\\Request), Object(Closure))
#23 /var/www/TRDSv2_laravel8_memo/vendor/laravel/framework/src/Illuminate/Pipeline/Pipeline.php(103): Illuminate\\Pipeline\\Pipeline->Illuminate\\Pipeline\\{closure}(Object(Illuminate\\Http\\Request))
#24 /var/www/TRDSv2_laravel8_memo/vendor/laravel/framework/src/Illuminate/Routing/Router.php(723): Illuminate\\Pipeline\\Pipeline->then(Object(Closure))
#25 /var/www/TRDSv2_laravel8_memo/vendor/laravel/framework/src/Illuminate/Routing/Router.php(698): Illuminate\\Routing\\Router->runRouteWithinStack(Object(Illuminate\\Routing\\Route), Object(Illuminate\\Http\\Request))
#26 /var/www/TRDSv2_laravel8_memo/vendor/laravel/framework/src/Illuminate/Routing/Router.php(662): Illuminate\\Routing\\Router->runRoute(Object(Illuminate\\Http\\Request), Object(Illuminate\\Routing\\Route))
#27 /var/www/TRDSv2_laravel8_memo/vendor/laravel/framework/src/Illuminate/Routing/Router.php(651): Illuminate\\Routing\\Router->dispatchToRoute(Object(Illuminate\\Http\\Request))
#28 /var/www/TRDSv2_laravel8_memo/vendor/laravel/framework/src/Illuminate/Foundation/Http/Kernel.php(167): Illuminate\\Routing\\Router->dispatch(Object(Illuminate\\Http\\Request))
#29 /var/www/TRDSv2_laravel8_memo/vendor/laravel/framework/src/Illuminate/Pipeline/Pipeline.php(128): Illuminate\\Foundation\\Http\\Kernel->Illuminate\\Foundation\\Http\\{closure}(Object(Illuminate\\Http\\Request))
#30 /var/www/TRDSv2_laravel8_memo/vendor/laravel/framework/src/Illuminate/Foundation/Http/Middleware/TransformsRequest.php(21): Illuminate\\Pipeline\\Pipeline->Illuminate\\Pipeline\\{closure}(Object(Illuminate\\Http\\Request))
#31 /var/www/TRDSv2_laravel8_memo/vendor/laravel/framework/src/Illuminate/Foundation/Http/Middleware/ConvertEmptyStringsToNull.php(31): Illuminate\\Foundation\\Http\\Middleware\\TransformsRequest->handle(Object(Illuminate\\Http\\Request), Object(Closure))
#32 /var/www/TRDSv2_laravel8_memo/vendor/laravel/framework/src/Illuminate/Pipeline/Pipeline.php(167): Illuminate\\Foundation\\Http\\Middleware\\ConvertEmptyStringsToNull->handle(Object(Illuminate\\Http\\Request), Object(Closure))
#33 /var/www/TRDSv2_laravel8_memo/vendor/laravel/framework/src/Illuminate/Foundation/Http/Middleware/TransformsRequest.php(21): Illuminate\\Pipeline\\Pipeline->Illuminate\\Pipeline\\{closure}(Object(Illuminate\\Http\\Request))
#34 /var/www/TRDSv2_laravel8_memo/vendor/laravel/framework/src/Illuminate/Foundation/Http/Middleware/TrimStrings.php(40): Illuminate\\Foundation\\Http\\Middleware\\TransformsRequest->handle(Object(Illuminate\\Http\\Request), Object(Closure))
#35 /var/www/TRDSv2_laravel8_memo/vendor/laravel/framework/src/Illuminate/Pipeline/Pipeline.php(167): Illuminate\\Foundation\\Http\\Middleware\\TrimStrings->handle(Object(Illuminate\\Http\\Request), Object(Closure))
#36 /var/www/TRDSv2_laravel8_memo/vendor/laravel/framework/src/Illuminate/Foundation/Http/Middleware/ValidatePostSize.php(27): Illuminate\\Pipeline\\Pipeline->Illuminate\\Pipeline\\{closure}(Object(Illuminate\\Http\\Request))
#37 /var/www/TRDSv2_laravel8_memo/vendor/laravel/framework/src/Illuminate/Pipeline/Pipeline.php(167): Illuminate\\Foundation\\Http\\Middleware\\ValidatePostSize->handle(Object(Illuminate\\Http\\Request), Object(Closure))
#38 /var/www/TRDSv2_laravel8_memo/vendor/laravel/framework/src/Illuminate/Foundation/Http/Middleware/PreventRequestsDuringMaintenance.php(86): Illuminate\\Pipeline\\Pipeline->Illuminate\\Pipeline\\{closure}(Object(Illuminate\\Http\\Request))
#39 /var/www/TRDSv2_laravel8_memo/vendor/laravel/framework/src/Illuminate/Pipeline/Pipeline.php(167): Illuminate\\Foundation\\Http\\Middleware\\PreventRequestsDuringMaintenance->handle(Object(Illuminate\\Http\\Request), Object(Closure))
#40 /var/www/TRDSv2_laravel8_memo/vendor/fideloper/proxy/src/TrustProxies.php(57): Illuminate\\Pipeline\\Pipeline->Illuminate\\Pipeline\\{closure}(Object(Illuminate\\Http\\Request))
#41 /var/www/TRDSv2_laravel8_memo/vendor/laravel/framework/src/Illuminate/Pipeline/Pipeline.php(167): Fideloper\\Proxy\\TrustProxies->handle(Object(Illuminate\\Http\\Request), Object(Closure))
#42 /var/www/TRDSv2_laravel8_memo/vendor/laravel/framework/src/Illuminate/Pipeline/Pipeline.php(103): Illuminate\\Pipeline\\Pipeline->Illuminate\\Pipeline\\{closure}(Object(Illuminate\\Http\\Request))
#43 /var/www/TRDSv2_laravel8_memo/vendor/laravel/framework/src/Illuminate/Foundation/Http/Kernel.php(142): Illuminate\\Pipeline\\Pipeline->then(Object(Closure))
#44 /var/www/TRDSv2_laravel8_memo/vendor/laravel/framework/src/Illuminate/Foundation/Http/Kernel.php(111): Illuminate\\Foundation\\Http\\Kernel->sendRequestThroughRouter(Object(Illuminate\\Http\\Request))
#45 /var/www/TRDSv2_laravel8_memo/index.php(55): Illuminate\\Foundation\\Http\\Kernel->handle(Object(Illuminate\\Http\\Request))
#46 {main}
"} 
[2026-07-10 17:07:31] local.ERROR: Class 'App\Model\RapidxUser' not found {"exception":"[object] (Error(code: 0): Class 'App\\Model\\RapidxUser' not found at /var/www/TRDSv2_laravel8_memo/app/Http/Controllers/CommonController.php:72)
[stacktrace]
#0 /var/www/TRDSv2_laravel8_memo/app/Http/Controllers/QualificationCertificationController.php(342): App\\Http\\Controllers\\CommonController->getEmailByRapidxUserId('R152')
#1 /var/www/TRDSv2_laravel8_memo/app/Http/Controllers/QualificationCertificationController.php(642): App\\Http\\Controllers\\QualificationCertificationController->saveFormSendEmail(Array)
#2 /var/www/TRDSv2_laravel8_memo/vendor/laravel/framework/src/Illuminate/Routing/Controller.php(54): App\\Http\\Controllers\\QualificationCertificationController->saveQualificationCertificationOper(Object(Illuminate\\Http\\Request))
#3 /var/www/TRDSv2_laravel8_memo/vendor/laravel/framework/src/Illuminate/Routing/ControllerDispatcher.php(45): Illuminate\\Routing\\Controller->callAction('saveQualificati...', Array)
#4 /var/www/TRDSv2_laravel8_memo/vendor/laravel/framework/src/Illuminate/Routing/Route.php(262): Illuminate\\Routing\\ControllerDispatcher->dispatch(Object(Illuminate\\Routing\\Route), Object(App\\Http\\Controllers\\QualificationCertificationController), 'saveQualificati...')
#5 /var/www/TRDSv2_laravel8_memo/vendor/laravel/framework/src/Illuminate/Routing/Route.php(205): Illuminate\\Routing\\Route->runController()
#6 /var/www/TRDSv2_laravel8_memo/vendor/laravel/framework/src/Illuminate/Routing/Router.php(721): Illuminate\\Routing\\Route->run()
#7 /var/www/TRDSv2_laravel8_memo/vendor/laravel/framework/src/Illuminate/Pipeline/Pipeline.php(128): Illuminate\\Routing\\Router->Illuminate\\Routing\\{closure}(Object(Illuminate\\Http\\Request))
#8 /var/www/TRDSv2_laravel8_memo/app/Http/Middleware/CheckSession.php(55): Illuminate\\Pipeline\\Pipeline->Illuminate\\Pipeline\\{closure}(Object(Illuminate\\Http\\Request))
#9 /var/www/TRDSv2_laravel8_memo/vendor/laravel/framework/src/Illuminate/Pipeline/Pipeline.php(167): App\\Http\\Middleware\\CheckSession->handle(Object(Illuminate\\Http\\Request), Object(Closure))
#10 /var/www/TRDSv2_laravel8_memo/vendor/laravel/framework/src/Illuminate/Routing/Middleware/SubstituteBindings.php(50): Illuminate\\Pipeline\\Pipeline->Illuminate\\Pipeline\\{closure}(Object(Illuminate\\Http\\Request))
#11 /var/www/TRDSv2_laravel8_memo/vendor/laravel/framework/src/Illuminate/Pipeline/Pipeline.php(167): Illuminate\\Routing\\Middleware\\SubstituteBindings->handle(Object(Illuminate\\Http\\Request), Object(Closure))
#12 /var/www/TRDSv2_laravel8_memo/vendor/laravel/framework/src/Illuminate/Foundation/Http/Middleware/VerifyCsrfToken.php(78): Illuminate\\Pipeline\\Pipeline->Illuminate\\Pipeline\\{closure}(Object(Illuminate\\Http\\Request))
#13 /var/www/TRDSv2_laravel8_memo/vendor/laravel/framework/src/Illuminate/Pipeline/Pipeline.php(167): Illuminate\\Foundation\\Http\\Middleware\\VerifyCsrfToken->handle(Object(Illuminate\\Http\\Request), Object(Closure))
#14 /var/www/TRDSv2_laravel8_memo/vendor/laravel/framework/src/Illuminate/View/Middleware/ShareErrorsFromSession.php(49): Illuminate\\Pipeline\\Pipeline->Illuminate\\Pipeline\\{closure}(Object(Illuminate\\Http\\Request))
#15 /var/www/TRDSv2_laravel8_memo/vendor/laravel/framework/src/Illuminate/Pipeline/Pipeline.php(167): Illuminate\\View\\Middleware\\ShareErrorsFromSession->handle(Object(Illuminate\\Http\\Request), Object(Closure))
#16 /var/www/TRDSv2_laravel8_memo/vendor/laravel/framework/src/Illuminate/Session/Middleware/StartSession.php(121): Illuminate\\Pipeline\\Pipeline->Illuminate\\Pipeline\\{closure}(Object(Illuminate\\Http\\Request))
#17 /var/www/TRDSv2_laravel8_memo/vendor/laravel/framework/src/Illuminate/Session/Middleware/StartSession.php(64): Illuminate\\Session\\Middleware\\StartSession->handleStatefulRequest(Object(Illuminate\\Http\\Request), Object(Illuminate\\Session\\Store), Object(Closure))
#18 /var/www/TRDSv2_laravel8_memo/vendor/laravel/framework/src/Illuminate/Pipeline/Pipeline.php(167): Illuminate\\Session\\Middleware\\StartSession->handle(Object(Illuminate\\Http\\Request), Object(Closure))
#19 /var/www/TRDSv2_laravel8_memo/vendor/laravel/framework/src/Illuminate/Cookie/Middleware/AddQueuedCookiesToResponse.php(37): Illuminate\\Pipeline\\Pipeline->Illuminate\\Pipeline\\{closure}(Object(Illuminate\\Http\\Request))
#20 /var/www/TRDSv2_laravel8_memo/vendor/laravel/framework/src/Illuminate/Pipeline/Pipeline.php(167): Illuminate\\Cookie\\Middleware\\AddQueuedCookiesToResponse->handle(Object(Illuminate\\Http\\Request), Object(Closure))
#21 /var/www/TRDSv2_laravel8_memo/vendor/laravel/framework/src/Illuminate/Cookie/Middleware/EncryptCookies.php(67): Illuminate\\Pipeline\\Pipeline->Illuminate\\Pipeline\\{closure}(Object(Illuminate\\Http\\Request))
#22 /var/www/TRDSv2_laravel8_memo/vendor/laravel/framework/src/Illuminate/Pipeline/Pipeline.php(167): Illuminate\\Cookie\\Middleware\\EncryptCookies->handle(Object(Illuminate\\Http\\Request), Object(Closure))
#23 /var/www/TRDSv2_laravel8_memo/vendor/laravel/framework/src/Illuminate/Pipeline/Pipeline.php(103): Illuminate\\Pipeline\\Pipeline->Illuminate\\Pipeline\\{closure}(Object(Illuminate\\Http\\Request))
#24 /var/www/TRDSv2_laravel8_memo/vendor/laravel/framework/src/Illuminate/Routing/Router.php(723): Illuminate\\Pipeline\\Pipeline->then(Object(Closure))
#25 /var/www/TRDSv2_laravel8_memo/vendor/laravel/framework/src/Illuminate/Routing/Router.php(698): Illuminate\\Routing\\Router->runRouteWithinStack(Object(Illuminate\\Routing\\Route), Object(Illuminate\\Http\\Request))
#26 /var/www/TRDSv2_laravel8_memo/vendor/laravel/framework/src/Illuminate/Routing/Router.php(662): Illuminate\\Routing\\Router->runRoute(Object(Illuminate\\Http\\Request), Object(Illuminate\\Routing\\Route))
#27 /var/www/TRDSv2_laravel8_memo/vendor/laravel/framework/src/Illuminate/Routing/Router.php(651): Illuminate\\Routing\\Router->dispatchToRoute(Object(Illuminate\\Http\\Request))
#28 /var/www/TRDSv2_laravel8_memo/vendor/laravel/framework/src/Illuminate/Foundation/Http/Kernel.php(167): Illuminate\\Routing\\Router->dispatch(Object(Illuminate\\Http\\Request))
#29 /var/www/TRDSv2_laravel8_memo/vendor/laravel/framework/src/Illuminate/Pipeline/Pipeline.php(128): Illuminate\\Foundation\\Http\\Kernel->Illuminate\\Foundation\\Http\\{closure}(Object(Illuminate\\Http\\Request))
#30 /var/www/TRDSv2_laravel8_memo/vendor/laravel/framework/src/Illuminate/Foundation/Http/Middleware/TransformsRequest.php(21): Illuminate\\Pipeline\\Pipeline->Illuminate\\Pipeline\\{closure}(Object(Illuminate\\Http\\Request))
#31 /var/www/TRDSv2_laravel8_memo/vendor/laravel/framework/src/Illuminate/Foundation/Http/Middleware/ConvertEmptyStringsToNull.php(31): Illuminate\\Foundation\\Http\\Middleware\\TransformsRequest->handle(Object(Illuminate\\Http\\Request), Object(Closure))
#32 /var/www/TRDSv2_laravel8_memo/vendor/laravel/framework/src/Illuminate/Pipeline/Pipeline.php(167): Illuminate\\Foundation\\Http\\Middleware\\ConvertEmptyStringsToNull->handle(Object(Illuminate\\Http\\Request), Object(Closure))
#33 /var/www/TRDSv2_laravel8_memo/vendor/laravel/framework/src/Illuminate/Foundation/Http/Middleware/TransformsRequest.php(21): Illuminate\\Pipeline\\Pipeline->Illuminate\\Pipeline\\{closure}(Object(Illuminate\\Http\\Request))
#34 /var/www/TRDSv2_laravel8_memo/vendor/laravel/framework/src/Illuminate/Foundation/Http/Middleware/TrimStrings.php(40): Illuminate\\Foundation\\Http\\Middleware\\TransformsRequest->handle(Object(Illuminate\\Http\\Request), Object(Closure))
#35 /var/www/TRDSv2_laravel8_memo/vendor/laravel/framework/src/Illuminate/Pipeline/Pipeline.php(167): Illuminate\\Foundation\\Http\\Middleware\\TrimStrings->handle(Object(Illuminate\\Http\\Request), Object(Closure))
#36 /var/www/TRDSv2_laravel8_memo/vendor/laravel/framework/src/Illuminate/Foundation/Http/Middleware/ValidatePostSize.php(27): Illuminate\\Pipeline\\Pipeline->Illuminate\\Pipeline\\{closure}(Object(Illuminate\\Http\\Request))
#37 /var/www/TRDSv2_laravel8_memo/vendor/laravel/framework/src/Illuminate/Pipeline/Pipeline.php(167): Illuminate\\Foundation\\Http\\Middleware\\ValidatePostSize->handle(Object(Illuminate\\Http\\Request), Object(Closure))
#38 /var/www/TRDSv2_laravel8_memo/vendor/laravel/framework/src/Illuminate/Foundation/Http/Middleware/PreventRequestsDuringMaintenance.php(86): Illuminate\\Pipeline\\Pipeline->Illuminate\\Pipeline\\{closure}(Object(Illuminate\\Http\\Request))
#39 /var/www/TRDSv2_laravel8_memo/vendor/laravel/framework/src/Illuminate/Pipeline/Pipeline.php(167): Illuminate\\Foundation\\Http\\Middleware\\PreventRequestsDuringMaintenance->handle(Object(Illuminate\\Http\\Request), Object(Closure))
#40 /var/www/TRDSv2_laravel8_memo/vendor/fideloper/proxy/src/TrustProxies.php(57): Illuminate\\Pipeline\\Pipeline->Illuminate\\Pipeline\\{closure}(Object(Illuminate\\Http\\Request))
#41 /var/www/TRDSv2_laravel8_memo/vendor/laravel/framework/src/Illuminate/Pipeline/Pipeline.php(167): Fideloper\\Proxy\\TrustProxies->handle(Object(Illuminate\\Http\\Request), Object(Closure))
#42 /var/www/TRDSv2_laravel8_memo/vendor/laravel/framework/src/Illuminate/Pipeline/Pipeline.php(103): Illuminate\\Pipeline\\Pipeline->Illuminate\\Pipeline\\{closure}(Object(Illuminate\\Http\\Request))
#43 /var/www/TRDSv2_laravel8_memo/vendor/laravel/framework/src/Illuminate/Foundation/Http/Kernel.php(142): Illuminate\\Pipeline\\Pipeline->then(Object(Closure))
#44 /var/www/TRDSv2_laravel8_memo/vendor/laravel/framework/src/Illuminate/Foundation/Http/Kernel.php(111): Illuminate\\Foundation\\Http\\Kernel->sendRequestThroughRouter(Object(Illuminate\\Http\\Request))
#45 /var/www/TRDSv2_laravel8_memo/index.php(55): Illuminate\\Foundation\\Http\\Kernel->handle(Object(Illuminate\\Http\\Request))
#46 {main}
"} 
[2026-07-10 17:11:35] local.ERROR: Class 'App\Model\RapidxUser' not found {"exception":"[object] (Error(code: 0): Class 'App\\Model\\RapidxUser' not found at /var/www/TRDSv2_laravel8_memo/app/Http/Controllers/CommonController.php:72)
[stacktrace]
#0 /var/www/TRDSv2_laravel8_memo/app/Http/Controllers/QualificationCertificationController.php(342): App\\Http\\Controllers\\CommonController->getEmailByRapidxUserId('R152')
#1 /var/www/TRDSv2_laravel8_memo/app/Http/Controllers/QualificationCertificationController.php(642): App\\Http\\Controllers\\QualificationCertificationController->saveFormSendEmail(Array)
#2 /var/www/TRDSv2_laravel8_memo/vendor/laravel/framework/src/Illuminate/Routing/Controller.php(54): App\\Http\\Controllers\\QualificationCertificationController->saveQualificationCertificationOper(Object(Illuminate\\Http\\Request))
#3 /var/www/TRDSv2_laravel8_memo/vendor/laravel/framework/src/Illuminate/Routing/ControllerDispatcher.php(45): Illuminate\\Routing\\Controller->callAction('saveQualificati...', Array)
#4 /var/www/TRDSv2_laravel8_memo/vendor/laravel/framework/src/Illuminate/Routing/Route.php(262): Illuminate\\Routing\\ControllerDispatcher->dispatch(Object(Illuminate\\Routing\\Route), Object(App\\Http\\Controllers\\QualificationCertificationController), 'saveQualificati...')
#5 /var/www/TRDSv2_laravel8_memo/vendor/laravel/framework/src/Illuminate/Routing/Route.php(205): Illuminate\\Routing\\Route->runController()
#6 /var/www/TRDSv2_laravel8_memo/vendor/laravel/framework/src/Illuminate/Routing/Router.php(721): Illuminate\\Routing\\Route->run()
#7 /var/www/TRDSv2_laravel8_memo/vendor/laravel/framework/src/Illuminate/Pipeline/Pipeline.php(128): Illuminate\\Routing\\Router->Illuminate\\Routing\\{closure}(Object(Illuminate\\Http\\Request))
#8 /var/www/TRDSv2_laravel8_memo/app/Http/Middleware/CheckSession.php(55): Illuminate\\Pipeline\\Pipeline->Illuminate\\Pipeline\\{closure}(Object(Illuminate\\Http\\Request))
#9 /var/www/TRDSv2_laravel8_memo/vendor/laravel/framework/src/Illuminate/Pipeline/Pipeline.php(167): App\\Http\\Middleware\\CheckSession->handle(Object(Illuminate\\Http\\Request), Object(Closure))
#10 /var/www/TRDSv2_laravel8_memo/vendor/laravel/framework/src/Illuminate/Routing/Middleware/SubstituteBindings.php(50): Illuminate\\Pipeline\\Pipeline->Illuminate\\Pipeline\\{closure}(Object(Illuminate\\Http\\Request))
#11 /var/www/TRDSv2_laravel8_memo/vendor/laravel/framework/src/Illuminate/Pipeline/Pipeline.php(167): Illuminate\\Routing\\Middleware\\SubstituteBindings->handle(Object(Illuminate\\Http\\Request), Object(Closure))
#12 /var/www/TRDSv2_laravel8_memo/vendor/laravel/framework/src/Illuminate/Foundation/Http/Middleware/VerifyCsrfToken.php(78): Illuminate\\Pipeline\\Pipeline->Illuminate\\Pipeline\\{closure}(Object(Illuminate\\Http\\Request))
#13 /var/www/TRDSv2_laravel8_memo/vendor/laravel/framework/src/Illuminate/Pipeline/Pipeline.php(167): Illuminate\\Foundation\\Http\\Middleware\\VerifyCsrfToken->handle(Object(Illuminate\\Http\\Request), Object(Closure))
#14 /var/www/TRDSv2_laravel8_memo/vendor/laravel/framework/src/Illuminate/View/Middleware/ShareErrorsFromSession.php(49): Illuminate\\Pipeline\\Pipeline->Illuminate\\Pipeline\\{closure}(Object(Illuminate\\Http\\Request))
#15 /var/www/TRDSv2_laravel8_memo/vendor/laravel/framework/src/Illuminate/Pipeline/Pipeline.php(167): Illuminate\\View\\Middleware\\ShareErrorsFromSession->handle(Object(Illuminate\\Http\\Request), Object(Closure))
#16 /var/www/TRDSv2_laravel8_memo/vendor/laravel/framework/src/Illuminate/Session/Middleware/StartSession.php(121): Illuminate\\Pipeline\\Pipeline->Illuminate\\Pipeline\\{closure}(Object(Illuminate\\Http\\Request))
#17 /var/www/TRDSv2_laravel8_memo/vendor/laravel/framework/src/Illuminate/Session/Middleware/StartSession.php(64): Illuminate\\Session\\Middleware\\StartSession->handleStatefulRequest(Object(Illuminate\\Http\\Request), Object(Illuminate\\Session\\Store), Object(Closure))
#18 /var/www/TRDSv2_laravel8_memo/vendor/laravel/framework/src/Illuminate/Pipeline/Pipeline.php(167): Illuminate\\Session\\Middleware\\StartSession->handle(Object(Illuminate\\Http\\Request), Object(Closure))
#19 /var/www/TRDSv2_laravel8_memo/vendor/laravel/framework/src/Illuminate/Cookie/Middleware/AddQueuedCookiesToResponse.php(37): Illuminate\\Pipeline\\Pipeline->Illuminate\\Pipeline\\{closure}(Object(Illuminate\\Http\\Request))
#20 /var/www/TRDSv2_laravel8_memo/vendor/laravel/framework/src/Illuminate/Pipeline/Pipeline.php(167): Illuminate\\Cookie\\Middleware\\AddQueuedCookiesToResponse->handle(Object(Illuminate\\Http\\Request), Object(Closure))
#21 /var/www/TRDSv2_laravel8_memo/vendor/laravel/framework/src/Illuminate/Cookie/Middleware/EncryptCookies.php(67): Illuminate\\Pipeline\\Pipeline->Illuminate\\Pipeline\\{closure}(Object(Illuminate\\Http\\Request))
#22 /var/www/TRDSv2_laravel8_memo/vendor/laravel/framework/src/Illuminate/Pipeline/Pipeline.php(167): Illuminate\\Cookie\\Middleware\\EncryptCookies->handle(Object(Illuminate\\Http\\Request), Object(Closure))
#23 /var/www/TRDSv2_laravel8_memo/vendor/laravel/framework/src/Illuminate/Pipeline/Pipeline.php(103): Illuminate\\Pipeline\\Pipeline->Illuminate\\Pipeline\\{closure}(Object(Illuminate\\Http\\Request))
#24 /var/www/TRDSv2_laravel8_memo/vendor/laravel/framework/src/Illuminate/Routing/Router.php(723): Illuminate\\Pipeline\\Pipeline->then(Object(Closure))
#25 /var/www/TRDSv2_laravel8_memo/vendor/laravel/framework/src/Illuminate/Routing/Router.php(698): Illuminate\\Routing\\Router->runRouteWithinStack(Object(Illuminate\\Routing\\Route), Object(Illuminate\\Http\\Request))
#26 /var/www/TRDSv2_laravel8_memo/vendor/laravel/framework/src/Illuminate/Routing/Router.php(662): Illuminate\\Routing\\Router->runRoute(Object(Illuminate\\Http\\Request), Object(Illuminate\\Routing\\Route))
#27 /var/www/TRDSv2_laravel8_memo/vendor/laravel/framework/src/Illuminate/Routing/Router.php(651): Illuminate\\Routing\\Router->dispatchToRoute(Object(Illuminate\\Http\\Request))
#28 /var/www/TRDSv2_laravel8_memo/vendor/laravel/framework/src/Illuminate/Foundation/Http/Kernel.php(167): Illuminate\\Routing\\Router->dispatch(Object(Illuminate\\Http\\Request))
#29 /var/www/TRDSv2_laravel8_memo/vendor/laravel/framework/src/Illuminate/Pipeline/Pipeline.php(128): Illuminate\\Foundation\\Http\\Kernel->Illuminate\\Foundation\\Http\\{closure}(Object(Illuminate\\Http\\Request))
#30 /var/www/TRDSv2_laravel8_memo/vendor/laravel/framework/src/Illuminate/Foundation/Http/Middleware/TransformsRequest.php(21): Illuminate\\Pipeline\\Pipeline->Illuminate\\Pipeline\\{closure}(Object(Illuminate\\Http\\Request))
#31 /var/www/TRDSv2_laravel8_memo/vendor/laravel/framework/src/Illuminate/Foundation/Http/Middleware/ConvertEmptyStringsToNull.php(31): Illuminate\\Foundation\\Http\\Middleware\\TransformsRequest->handle(Object(Illuminate\\Http\\Request), Object(Closure))
#32 /var/www/TRDSv2_laravel8_memo/vendor/laravel/framework/src/Illuminate/Pipeline/Pipeline.php(167): Illuminate\\Foundation\\Http\\Middleware\\ConvertEmptyStringsToNull->handle(Object(Illuminate\\Http\\Request), Object(Closure))
#33 /var/www/TRDSv2_laravel8_memo/vendor/laravel/framework/src/Illuminate/Foundation/Http/Middleware/TransformsRequest.php(21): Illuminate\\Pipeline\\Pipeline->Illuminate\\Pipeline\\{closure}(Object(Illuminate\\Http\\Request))
#34 /var/www/TRDSv2_laravel8_memo/vendor/laravel/framework/src/Illuminate/Foundation/Http/Middleware/TrimStrings.php(40): Illuminate\\Foundation\\Http\\Middleware\\TransformsRequest->handle(Object(Illuminate\\Http\\Request), Object(Closure))
#35 /var/www/TRDSv2_laravel8_memo/vendor/laravel/framework/src/Illuminate/Pipeline/Pipeline.php(167): Illuminate\\Foundation\\Http\\Middleware\\TrimStrings->handle(Object(Illuminate\\Http\\Request), Object(Closure))
#36 /var/www/TRDSv2_laravel8_memo/vendor/laravel/framework/src/Illuminate/Foundation/Http/Middleware/ValidatePostSize.php(27): Illuminate\\Pipeline\\Pipeline->Illuminate\\Pipeline\\{closure}(Object(Illuminate\\Http\\Request))
#37 /var/www/TRDSv2_laravel8_memo/vendor/laravel/framework/src/Illuminate/Pipeline/Pipeline.php(167): Illuminate\\Foundation\\Http\\Middleware\\ValidatePostSize->handle(Object(Illuminate\\Http\\Request), Object(Closure))
#38 /var/www/TRDSv2_laravel8_memo/vendor/laravel/framework/src/Illuminate/Foundation/Http/Middleware/PreventRequestsDuringMaintenance.php(86): Illuminate\\Pipeline\\Pipeline->Illuminate\\Pipeline\\{closure}(Object(Illuminate\\Http\\Request))
#39 /var/www/TRDSv2_laravel8_memo/vendor/laravel/framework/src/Illuminate/Pipeline/Pipeline.php(167): Illuminate\\Foundation\\Http\\Middleware\\PreventRequestsDuringMaintenance->handle(Object(Illuminate\\Http\\Request), Object(Closure))
#40 /var/www/TRDSv2_laravel8_memo/vendor/fideloper/proxy/src/TrustProxies.php(57): Illuminate\\Pipeline\\Pipeline->Illuminate\\Pipeline\\{closure}(Object(Illuminate\\Http\\Request))
#41 /var/www/TRDSv2_laravel8_memo/vendor/laravel/framework/src/Illuminate/Pipeline/Pipeline.php(167): Fideloper\\Proxy\\TrustProxies->handle(Object(Illuminate\\Http\\Request), Object(Closure))
#42 /var/www/TRDSv2_laravel8_memo/vendor/laravel/framework/src/Illuminate/Pipeline/Pipeline.php(103): Illuminate\\Pipeline\\Pipeline->Illuminate\\Pipeline\\{closure}(Object(Illuminate\\Http\\Request))
#43 /var/www/TRDSv2_laravel8_memo/vendor/laravel/framework/src/Illuminate/Foundation/Http/Kernel.php(142): Illuminate\\Pipeline\\Pipeline->then(Object(Closure))
#44 /var/www/TRDSv2_laravel8_memo/vendor/laravel/framework/src/Illuminate/Foundation/Http/Kernel.php(111): Illuminate\\Foundation\\Http\\Kernel->sendRequestThroughRouter(Object(Illuminate\\Http\\Request))
#45 /var/www/TRDSv2_laravel8_memo/index.php(55): Illuminate\\Foundation\\Http\\Kernel->handle(Object(Illuminate\\Http\\Request))
#46 {main}
"} 
[2026-07-10 17:12:48] local.ERROR: Class 'App\Model\RapidxUser' not found {"exception":"[object] (Error(code: 0): Class 'App\\Model\\RapidxUser' not found at /var/www/TRDSv2_laravel8_memo/app/Http/Controllers/CommonController.php:72)
[stacktrace]
#0 /var/www/TRDSv2_laravel8_memo/app/Http/Controllers/QualificationCertificationController.php(342): App\\Http\\Controllers\\CommonController->getEmailByRapidxUserId('R152')
#1 /var/www/TRDSv2_laravel8_memo/app/Http/Controllers/QualificationCertificationController.php(642): App\\Http\\Controllers\\QualificationCertificationController->saveFormSendEmail(Array)
#2 /var/www/TRDSv2_laravel8_memo/vendor/laravel/framework/src/Illuminate/Routing/Controller.php(54): App\\Http\\Controllers\\QualificationCertificationController->saveQualificationCertificationOper(Object(Illuminate\\Http\\Request))
#3 /var/www/TRDSv2_laravel8_memo/vendor/laravel/framework/src/Illuminate/Routing/ControllerDispatcher.php(45): Illuminate\\Routing\\Controller->callAction('saveQualificati...', Array)
#4 /var/www/TRDSv2_laravel8_memo/vendor/laravel/framework/src/Illuminate/Routing/Route.php(262): Illuminate\\Routing\\ControllerDispatcher->dispatch(Object(Illuminate\\Routing\\Route), Object(App\\Http\\Controllers\\QualificationCertificationController), 'saveQualificati...')
#5 /var/www/TRDSv2_laravel8_memo/vendor/laravel/framework/src/Illuminate/Routing/Route.php(205): Illuminate\\Routing\\Route->runController()
#6 /var/www/TRDSv2_laravel8_memo/vendor/laravel/framework/src/Illuminate/Routing/Router.php(721): Illuminate\\Routing\\Route->run()
#7 /var/www/TRDSv2_laravel8_memo/vendor/laravel/framework/src/Illuminate/Pipeline/Pipeline.php(128): Illuminate\\Routing\\Router->Illuminate\\Routing\\{closure}(Object(Illuminate\\Http\\Request))
#8 /var/www/TRDSv2_laravel8_memo/app/Http/Middleware/CheckSession.php(55): Illuminate\\Pipeline\\Pipeline->Illuminate\\Pipeline\\{closure}(Object(Illuminate\\Http\\Request))
#9 /var/www/TRDSv2_laravel8_memo/vendor/laravel/framework/src/Illuminate/Pipeline/Pipeline.php(167): App\\Http\\Middleware\\CheckSession->handle(Object(Illuminate\\Http\\Request), Object(Closure))
#10 /var/www/TRDSv2_laravel8_memo/vendor/laravel/framework/src/Illuminate/Routing/Middleware/SubstituteBindings.php(50): Illuminate\\Pipeline\\Pipeline->Illuminate\\Pipeline\\{closure}(Object(Illuminate\\Http\\Request))
#11 /var/www/TRDSv2_laravel8_memo/vendor/laravel/framework/src/Illuminate/Pipeline/Pipeline.php(167): Illuminate\\Routing\\Middleware\\SubstituteBindings->handle(Object(Illuminate\\Http\\Request), Object(Closure))
#12 /var/www/TRDSv2_laravel8_memo/vendor/laravel/framework/src/Illuminate/Foundation/Http/Middleware/VerifyCsrfToken.php(78): Illuminate\\Pipeline\\Pipeline->Illuminate\\Pipeline\\{closure}(Object(Illuminate\\Http\\Request))
#13 /var/www/TRDSv2_laravel8_memo/vendor/laravel/framework/src/Illuminate/Pipeline/Pipeline.php(167): Illuminate\\Foundation\\Http\\Middleware\\VerifyCsrfToken->handle(Object(Illuminate\\Http\\Request), Object(Closure))
#14 /var/www/TRDSv2_laravel8_memo/vendor/laravel/framework/src/Illuminate/View/Middleware/ShareErrorsFromSession.php(49): Illuminate\\Pipeline\\Pipeline->Illuminate\\Pipeline\\{closure}(Object(Illuminate\\Http\\Request))
#15 /var/www/TRDSv2_laravel8_memo/vendor/laravel/framework/src/Illuminate/Pipeline/Pipeline.php(167): Illuminate\\View\\Middleware\\ShareErrorsFromSession->handle(Object(Illuminate\\Http\\Request), Object(Closure))
#16 /var/www/TRDSv2_laravel8_memo/vendor/laravel/framework/src/Illuminate/Session/Middleware/StartSession.php(121): Illuminate\\Pipeline\\Pipeline->Illuminate\\Pipeline\\{closure}(Object(Illuminate\\Http\\Request))
#17 /var/www/TRDSv2_laravel8_memo/vendor/laravel/framework/src/Illuminate/Session/Middleware/StartSession.php(64): Illuminate\\Session\\Middleware\\StartSession->handleStatefulRequest(Object(Illuminate\\Http\\Request), Object(Illuminate\\Session\\Store), Object(Closure))
#18 /var/www/TRDSv2_laravel8_memo/vendor/laravel/framework/src/Illuminate/Pipeline/Pipeline.php(167): Illuminate\\Session\\Middleware\\StartSession->handle(Object(Illuminate\\Http\\Request), Object(Closure))
#19 /var/www/TRDSv2_laravel8_memo/vendor/laravel/framework/src/Illuminate/Cookie/Middleware/AddQueuedCookiesToResponse.php(37): Illuminate\\Pipeline\\Pipeline->Illuminate\\Pipeline\\{closure}(Object(Illuminate\\Http\\Request))
#20 /var/www/TRDSv2_laravel8_memo/vendor/laravel/framework/src/Illuminate/Pipeline/Pipeline.php(167): Illuminate\\Cookie\\Middleware\\AddQueuedCookiesToResponse->handle(Object(Illuminate\\Http\\Request), Object(Closure))
#21 /var/www/TRDSv2_laravel8_memo/vendor/laravel/framework/src/Illuminate/Cookie/Middleware/EncryptCookies.php(67): Illuminate\\Pipeline\\Pipeline->Illuminate\\Pipeline\\{closure}(Object(Illuminate\\Http\\Request))
#22 /var/www/TRDSv2_laravel8_memo/vendor/laravel/framework/src/Illuminate/Pipeline/Pipeline.php(167): Illuminate\\Cookie\\Middleware\\EncryptCookies->handle(Object(Illuminate\\Http\\Request), Object(Closure))
#23 /var/www/TRDSv2_laravel8_memo/vendor/laravel/framework/src/Illuminate/Pipeline/Pipeline.php(103): Illuminate\\Pipeline\\Pipeline->Illuminate\\Pipeline\\{closure}(Object(Illuminate\\Http\\Request))
#24 /var/www/TRDSv2_laravel8_memo/vendor/laravel/framework/src/Illuminate/Routing/Router.php(723): Illuminate\\Pipeline\\Pipeline->then(Object(Closure))
#25 /var/www/TRDSv2_laravel8_memo/vendor/laravel/framework/src/Illuminate/Routing/Router.php(698): Illuminate\\Routing\\Router->runRouteWithinStack(Object(Illuminate\\Routing\\Route), Object(Illuminate\\Http\\Request))
#26 /var/www/TRDSv2_laravel8_memo/vendor/laravel/framework/src/Illuminate/Routing/Router.php(662): Illuminate\\Routing\\Router->runRoute(Object(Illuminate\\Http\\Request), Object(Illuminate\\Routing\\Route))
#27 /var/www/TRDSv2_laravel8_memo/vendor/laravel/framework/src/Illuminate/Routing/Router.php(651): Illuminate\\Routing\\Router->dispatchToRoute(Object(Illuminate\\Http\\Request))
#28 /var/www/TRDSv2_laravel8_memo/vendor/laravel/framework/src/Illuminate/Foundation/Http/Kernel.php(167): Illuminate\\Routing\\Router->dispatch(Object(Illuminate\\Http\\Request))
#29 /var/www/TRDSv2_laravel8_memo/vendor/laravel/framework/src/Illuminate/Pipeline/Pipeline.php(128): Illuminate\\Foundation\\Http\\Kernel->Illuminate\\Foundation\\Http\\{closure}(Object(Illuminate\\Http\\Request))
#30 /var/www/TRDSv2_laravel8_memo/vendor/laravel/framework/src/Illuminate/Foundation/Http/Middleware/TransformsRequest.php(21): Illuminate\\Pipeline\\Pipeline->Illuminate\\Pipeline\\{closure}(Object(Illuminate\\Http\\Request))
#31 /var/www/TRDSv2_laravel8_memo/vendor/laravel/framework/src/Illuminate/Foundation/Http/Middleware/ConvertEmptyStringsToNull.php(31): Illuminate\\Foundation\\Http\\Middleware\\TransformsRequest->handle(Object(Illuminate\\Http\\Request), Object(Closure))
#32 /var/www/TRDSv2_laravel8_memo/vendor/laravel/framework/src/Illuminate/Pipeline/Pipeline.php(167): Illuminate\\Foundation\\Http\\Middleware\\ConvertEmptyStringsToNull->handle(Object(Illuminate\\Http\\Request), Object(Closure))
#33 /var/www/TRDSv2_laravel8_memo/vendor/laravel/framework/src/Illuminate/Foundation/Http/Middleware/TransformsRequest.php(21): Illuminate\\Pipeline\\Pipeline->Illuminate\\Pipeline\\{closure}(Object(Illuminate\\Http\\Request))
#34 /var/www/TRDSv2_laravel8_memo/vendor/laravel/framework/src/Illuminate/Foundation/Http/Middleware/TrimStrings.php(40): Illuminate\\Foundation\\Http\\Middleware\\TransformsRequest->handle(Object(Illuminate\\Http\\Request), Object(Closure))
#35 /var/www/TRDSv2_laravel8_memo/vendor/laravel/framework/src/Illuminate/Pipeline/Pipeline.php(167): Illuminate\\Foundation\\Http\\Middleware\\TrimStrings->handle(Object(Illuminate\\Http\\Request), Object(Closure))
#36 /var/www/TRDSv2_laravel8_memo/vendor/laravel/framework/src/Illuminate/Foundation/Http/Middleware/ValidatePostSize.php(27): Illuminate\\Pipeline\\Pipeline->Illuminate\\Pipeline\\{closure}(Object(Illuminate\\Http\\Request))
#37 /var/www/TRDSv2_laravel8_memo/vendor/laravel/framework/src/Illuminate/Pipeline/Pipeline.php(167): Illuminate\\Foundation\\Http\\Middleware\\ValidatePostSize->handle(Object(Illuminate\\Http\\Request), Object(Closure))
#38 /var/www/TRDSv2_laravel8_memo/vendor/laravel/framework/src/Illuminate/Foundation/Http/Middleware/PreventRequestsDuringMaintenance.php(86): Illuminate\\Pipeline\\Pipeline->Illuminate\\Pipeline\\{closure}(Object(Illuminate\\Http\\Request))
#39 /var/www/TRDSv2_laravel8_memo/vendor/laravel/framework/src/Illuminate/Pipeline/Pipeline.php(167): Illuminate\\Foundation\\Http\\Middleware\\PreventRequestsDuringMaintenance->handle(Object(Illuminate\\Http\\Request), Object(Closure))
#40 /var/www/TRDSv2_laravel8_memo/vendor/fideloper/proxy/src/TrustProxies.php(57): Illuminate\\Pipeline\\Pipeline->Illuminate\\Pipeline\\{closure}(Object(Illuminate\\Http\\Request))
#41 /var/www/TRDSv2_laravel8_memo/vendor/laravel/framework/src/Illuminate/Pipeline/Pipeline.php(167): Fideloper\\Proxy\\TrustProxies->handle(Object(Illuminate\\Http\\Request), Object(Closure))
#42 /var/www/TRDSv2_laravel8_memo/vendor/laravel/framework/src/Illuminate/Pipeline/Pipeline.php(103): Illuminate\\Pipeline\\Pipeline->Illuminate\\Pipeline\\{closure}(Object(Illuminate\\Http\\Request))
#43 /var/www/TRDSv2_laravel8_memo/vendor/laravel/framework/src/Illuminate/Foundation/Http/Kernel.php(142): Illuminate\\Pipeline\\Pipeline->then(Object(Closure))
#44 /var/www/TRDSv2_laravel8_memo/vendor/laravel/framework/src/Illuminate/Foundation/Http/Kernel.php(111): Illuminate\\Foundation\\Http\\Kernel->sendRequestThroughRouter(Object(Illuminate\\Http\\Request))
#45 /var/www/TRDSv2_laravel8_memo/index.php(55): Illuminate\\Foundation\\Http\\Kernel->handle(Object(Illuminate\\Http\\Request))
#46 {main}
"} 
[2026-07-10 17:12:51] local.ERROR: Class 'App\RapidxUser' not found {"exception":"[object] (Error(code: 0): Class 'App\\RapidxUser' not found at /var/www/TRDSv2_laravel8_memo/app/Http/Controllers/CommonController.php:72)
[stacktrace]
#0 /var/www/TRDSv2_laravel8_memo/app/Http/Controllers/QualificationCertificationController.php(342): App\\Http\\Controllers\\CommonController->getEmailByRapidxUserId('R152')
#1 /var/www/TRDSv2_laravel8_memo/app/Http/Controllers/QualificationCertificationController.php(642): App\\Http\\Controllers\\QualificationCertificationController->saveFormSendEmail(Array)
#2 /var/www/TRDSv2_laravel8_memo/vendor/laravel/framework/src/Illuminate/Routing/Controller.php(54): App\\Http\\Controllers\\QualificationCertificationController->saveQualificationCertificationOper(Object(Illuminate\\Http\\Request))
#3 /var/www/TRDSv2_laravel8_memo/vendor/laravel/framework/src/Illuminate/Routing/ControllerDispatcher.php(45): Illuminate\\Routing\\Controller->callAction('saveQualificati...', Array)
#4 /var/www/TRDSv2_laravel8_memo/vendor/laravel/framework/src/Illuminate/Routing/Route.php(262): Illuminate\\Routing\\ControllerDispatcher->dispatch(Object(Illuminate\\Routing\\Route), Object(App\\Http\\Controllers\\QualificationCertificationController), 'saveQualificati...')
#5 /var/www/TRDSv2_laravel8_memo/vendor/laravel/framework/src/Illuminate/Routing/Route.php(205): Illuminate\\Routing\\Route->runController()
#6 /var/www/TRDSv2_laravel8_memo/vendor/laravel/framework/src/Illuminate/Routing/Router.php(721): Illuminate\\Routing\\Route->run()
#7 /var/www/TRDSv2_laravel8_memo/vendor/laravel/framework/src/Illuminate/Pipeline/Pipeline.php(128): Illuminate\\Routing\\Router->Illuminate\\Routing\\{closure}(Object(Illuminate\\Http\\Request))
#8 /var/www/TRDSv2_laravel8_memo/app/Http/Middleware/CheckSession.php(55): Illuminate\\Pipeline\\Pipeline->Illuminate\\Pipeline\\{closure}(Object(Illuminate\\Http\\Request))
#9 /var/www/TRDSv2_laravel8_memo/vendor/laravel/framework/src/Illuminate/Pipeline/Pipeline.php(167): App\\Http\\Middleware\\CheckSession->handle(Object(Illuminate\\Http\\Request), Object(Closure))
#10 /var/www/TRDSv2_laravel8_memo/vendor/laravel/framework/src/Illuminate/Routing/Middleware/SubstituteBindings.php(50): Illuminate\\Pipeline\\Pipeline->Illuminate\\Pipeline\\{closure}(Object(Illuminate\\Http\\Request))
#11 /var/www/TRDSv2_laravel8_memo/vendor/laravel/framework/src/Illuminate/Pipeline/Pipeline.php(167): Illuminate\\Routing\\Middleware\\SubstituteBindings->handle(Object(Illuminate\\Http\\Request), Object(Closure))
#12 /var/www/TRDSv2_laravel8_memo/vendor/laravel/framework/src/Illuminate/Foundation/Http/Middleware/VerifyCsrfToken.php(78): Illuminate\\Pipeline\\Pipeline->Illuminate\\Pipeline\\{closure}(Object(Illuminate\\Http\\Request))
#13 /var/www/TRDSv2_laravel8_memo/vendor/laravel/framework/src/Illuminate/Pipeline/Pipeline.php(167): Illuminate\\Foundation\\Http\\Middleware\\VerifyCsrfToken->handle(Object(Illuminate\\Http\\Request), Object(Closure))
#14 /var/www/TRDSv2_laravel8_memo/vendor/laravel/framework/src/Illuminate/View/Middleware/ShareErrorsFromSession.php(49): Illuminate\\Pipeline\\Pipeline->Illuminate\\Pipeline\\{closure}(Object(Illuminate\\Http\\Request))
#15 /var/www/TRDSv2_laravel8_memo/vendor/laravel/framework/src/Illuminate/Pipeline/Pipeline.php(167): Illuminate\\View\\Middleware\\ShareErrorsFromSession->handle(Object(Illuminate\\Http\\Request), Object(Closure))
#16 /var/www/TRDSv2_laravel8_memo/vendor/laravel/framework/src/Illuminate/Session/Middleware/StartSession.php(121): Illuminate\\Pipeline\\Pipeline->Illuminate\\Pipeline\\{closure}(Object(Illuminate\\Http\\Request))
#17 /var/www/TRDSv2_laravel8_memo/vendor/laravel/framework/src/Illuminate/Session/Middleware/StartSession.php(64): Illuminate\\Session\\Middleware\\StartSession->handleStatefulRequest(Object(Illuminate\\Http\\Request), Object(Illuminate\\Session\\Store), Object(Closure))
#18 /var/www/TRDSv2_laravel8_memo/vendor/laravel/framework/src/Illuminate/Pipeline/Pipeline.php(167): Illuminate\\Session\\Middleware\\StartSession->handle(Object(Illuminate\\Http\\Request), Object(Closure))
#19 /var/www/TRDSv2_laravel8_memo/vendor/laravel/framework/src/Illuminate/Cookie/Middleware/AddQueuedCookiesToResponse.php(37): Illuminate\\Pipeline\\Pipeline->Illuminate\\Pipeline\\{closure}(Object(Illuminate\\Http\\Request))
#20 /var/www/TRDSv2_laravel8_memo/vendor/laravel/framework/src/Illuminate/Pipeline/Pipeline.php(167): Illuminate\\Cookie\\Middleware\\AddQueuedCookiesToResponse->handle(Object(Illuminate\\Http\\Request), Object(Closure))
#21 /var/www/TRDSv2_laravel8_memo/vendor/laravel/framework/src/Illuminate/Cookie/Middleware/EncryptCookies.php(67): Illuminate\\Pipeline\\Pipeline->Illuminate\\Pipeline\\{closure}(Object(Illuminate\\Http\\Request))
#22 /var/www/TRDSv2_laravel8_memo/vendor/laravel/framework/src/Illuminate/Pipeline/Pipeline.php(167): Illuminate\\Cookie\\Middleware\\EncryptCookies->handle(Object(Illuminate\\Http\\Request), Object(Closure))
#23 /var/www/TRDSv2_laravel8_memo/vendor/laravel/framework/src/Illuminate/Pipeline/Pipeline.php(103): Illuminate\\Pipeline\\Pipeline->Illuminate\\Pipeline\\{closure}(Object(Illuminate\\Http\\Request))
#24 /var/www/TRDSv2_laravel8_memo/vendor/laravel/framework/src/Illuminate/Routing/Router.php(723): Illuminate\\Pipeline\\Pipeline->then(Object(Closure))
#25 /var/www/TRDSv2_laravel8_memo/vendor/laravel/framework/src/Illuminate/Routing/Router.php(698): Illuminate\\Routing\\Router->runRouteWithinStack(Object(Illuminate\\Routing\\Route), Object(Illuminate\\Http\\Request))
#26 /var/www/TRDSv2_laravel8_memo/vendor/laravel/framework/src/Illuminate/Routing/Router.php(662): Illuminate\\Routing\\Router->runRoute(Object(Illuminate\\Http\\Request), Object(Illuminate\\Routing\\Route))
#27 /var/www/TRDSv2_laravel8_memo/vendor/laravel/framework/src/Illuminate/Routing/Router.php(651): Illuminate\\Routing\\Router->dispatchToRoute(Object(Illuminate\\Http\\Request))
#28 /var/www/TRDSv2_laravel8_memo/vendor/laravel/framework/src/Illuminate/Foundation/Http/Kernel.php(167): Illuminate\\Routing\\Router->dispatch(Object(Illuminate\\Http\\Request))
#29 /var/www/TRDSv2_laravel8_memo/vendor/laravel/framework/src/Illuminate/Pipeline/Pipeline.php(128): Illuminate\\Foundation\\Http\\Kernel->Illuminate\\Foundation\\Http\\{closure}(Object(Illuminate\\Http\\Request))
#30 /var/www/TRDSv2_laravel8_memo/vendor/laravel/framework/src/Illuminate/Foundation/Http/Middleware/TransformsRequest.php(21): Illuminate\\Pipeline\\Pipeline->Illuminate\\Pipeline\\{closure}(Object(Illuminate\\Http\\Request))
#31 /var/www/TRDSv2_laravel8_memo/vendor/laravel/framework/src/Illuminate/Foundation/Http/Middleware/ConvertEmptyStringsToNull.php(31): Illuminate\\Foundation\\Http\\Middleware\\TransformsRequest->handle(Object(Illuminate\\Http\\Request), Object(Closure))
#32 /var/www/TRDSv2_laravel8_memo/vendor/laravel/framework/src/Illuminate/Pipeline/Pipeline.php(167): Illuminate\\Foundation\\Http\\Middleware\\ConvertEmptyStringsToNull->handle(Object(Illuminate\\Http\\Request), Object(Closure))
#33 /var/www/TRDSv2_laravel8_memo/vendor/laravel/framework/src/Illuminate/Foundation/Http/Middleware/TransformsRequest.php(21): Illuminate\\Pipeline\\Pipeline->Illuminate\\Pipeline\\{closure}(Object(Illuminate\\Http\\Request))
#34 /var/www/TRDSv2_laravel8_memo/vendor/laravel/framework/src/Illuminate/Foundation/Http/Middleware/TrimStrings.php(40): Illuminate\\Foundation\\Http\\Middleware\\TransformsRequest->handle(Object(Illuminate\\Http\\Request), Object(Closure))
#35 /var/www/TRDSv2_laravel8_memo/vendor/laravel/framework/src/Illuminate/Pipeline/Pipeline.php(167): Illuminate\\Foundation\\Http\\Middleware\\TrimStrings->handle(Object(Illuminate\\Http\\Request), Object(Closure))
#36 /var/www/TRDSv2_laravel8_memo/vendor/laravel/framework/src/Illuminate/Foundation/Http/Middleware/ValidatePostSize.php(27): Illuminate\\Pipeline\\Pipeline->Illuminate\\Pipeline\\{closure}(Object(Illuminate\\Http\\Request))
#37 /var/www/TRDSv2_laravel8_memo/vendor/laravel/framework/src/Illuminate/Pipeline/Pipeline.php(167): Illuminate\\Foundation\\Http\\Middleware\\ValidatePostSize->handle(Object(Illuminate\\Http\\Request), Object(Closure))
#38 /var/www/TRDSv2_laravel8_memo/vendor/laravel/framework/src/Illuminate/Foundation/Http/Middleware/PreventRequestsDuringMaintenance.php(86): Illuminate\\Pipeline\\Pipeline->Illuminate\\Pipeline\\{closure}(Object(Illuminate\\Http\\Request))
#39 /var/www/TRDSv2_laravel8_memo/vendor/laravel/framework/src/Illuminate/Pipeline/Pipeline.php(167): Illuminate\\Foundation\\Http\\Middleware\\PreventRequestsDuringMaintenance->handle(Object(Illuminate\\Http\\Request), Object(Closure))
#40 /var/www/TRDSv2_laravel8_memo/vendor/fideloper/proxy/src/TrustProxies.php(57): Illuminate\\Pipeline\\Pipeline->Illuminate\\Pipeline\\{closure}(Object(Illuminate\\Http\\Request))
#41 /var/www/TRDSv2_laravel8_memo/vendor/laravel/framework/src/Illuminate/Pipeline/Pipeline.php(167): Fideloper\\Proxy\\TrustProxies->handle(Object(Illuminate\\Http\\Request), Object(Closure))
#42 /var/www/TRDSv2_laravel8_memo/vendor/laravel/framework/src/Illuminate/Pipeline/Pipeline.php(103): Illuminate\\Pipeline\\Pipeline->Illuminate\\Pipeline\\{closure}(Object(Illuminate\\Http\\Request))
#43 /var/www/TRDSv2_laravel8_memo/vendor/laravel/framework/src/Illuminate/Foundation/Http/Kernel.php(142): Illuminate\\Pipeline\\Pipeline->then(Object(Closure))
#44 /var/www/TRDSv2_laravel8_memo/vendor/laravel/framework/src/Illuminate/Foundation/Http/Kernel.php(111): Illuminate\\Foundation\\Http\\Kernel->sendRequestThroughRouter(Object(Illuminate\\Http\\Request))
#45 /var/www/TRDSv2_laravel8_memo/index.php(55): Illuminate\\Foundation\\Http\\Kernel->handle(Object(Illuminate\\Http\\Request))
#46 {main}
"} 
[2026-07-10 17:12:56] local.ERROR: Class 'App\Model\RapidxUser' not found {"exception":"[object] (Error(code: 0): Class 'App\\Model\\RapidxUser' not found at /var/www/TRDSv2_laravel8_memo/app/Http/Controllers/CommonController.php:72)
[stacktrace]
#0 /var/www/TRDSv2_laravel8_memo/app/Http/Controllers/QualificationCertificationController.php(342): App\\Http\\Controllers\\CommonController->getEmailByRapidxUserId('R152')
#1 /var/www/TRDSv2_laravel8_memo/app/Http/Controllers/QualificationCertificationController.php(642): App\\Http\\Controllers\\QualificationCertificationController->saveFormSendEmail(Array)
#2 /var/www/TRDSv2_laravel8_memo/vendor/laravel/framework/src/Illuminate/Routing/Controller.php(54): App\\Http\\Controllers\\QualificationCertificationController->saveQualificationCertificationOper(Object(Illuminate\\Http\\Request))
#3 /var/www/TRDSv2_laravel8_memo/vendor/laravel/framework/src/Illuminate/Routing/ControllerDispatcher.php(45): Illuminate\\Routing\\Controller->callAction('saveQualificati...', Array)
#4 /var/www/TRDSv2_laravel8_memo/vendor/laravel/framework/src/Illuminate/Routing/Route.php(262): Illuminate\\Routing\\ControllerDispatcher->dispatch(Object(Illuminate\\Routing\\Route), Object(App\\Http\\Controllers\\QualificationCertificationController), 'saveQualificati...')
#5 /var/www/TRDSv2_laravel8_memo/vendor/laravel/framework/src/Illuminate/Routing/Route.php(205): Illuminate\\Routing\\Route->runController()
#6 /var/www/TRDSv2_laravel8_memo/vendor/laravel/framework/src/Illuminate/Routing/Router.php(721): Illuminate\\Routing\\Route->run()
#7 /var/www/TRDSv2_laravel8_memo/vendor/laravel/framework/src/Illuminate/Pipeline/Pipeline.php(128): Illuminate\\Routing\\Router->Illuminate\\Routing\\{closure}(Object(Illuminate\\Http\\Request))
#8 /var/www/TRDSv2_laravel8_memo/app/Http/Middleware/CheckSession.php(55): Illuminate\\Pipeline\\Pipeline->Illuminate\\Pipeline\\{closure}(Object(Illuminate\\Http\\Request))
#9 /var/www/TRDSv2_laravel8_memo/vendor/laravel/framework/src/Illuminate/Pipeline/Pipeline.php(167): App\\Http\\Middleware\\CheckSession->handle(Object(Illuminate\\Http\\Request), Object(Closure))
#10 /var/www/TRDSv2_laravel8_memo/vendor/laravel/framework/src/Illuminate/Routing/Middleware/SubstituteBindings.php(50): Illuminate\\Pipeline\\Pipeline->Illuminate\\Pipeline\\{closure}(Object(Illuminate\\Http\\Request))
#11 /var/www/TRDSv2_laravel8_memo/vendor/laravel/framework/src/Illuminate/Pipeline/Pipeline.php(167): Illuminate\\Routing\\Middleware\\SubstituteBindings->handle(Object(Illuminate\\Http\\Request), Object(Closure))
#12 /var/www/TRDSv2_laravel8_memo/vendor/laravel/framework/src/Illuminate/Foundation/Http/Middleware/VerifyCsrfToken.php(78): Illuminate\\Pipeline\\Pipeline->Illuminate\\Pipeline\\{closure}(Object(Illuminate\\Http\\Request))
#13 /var/www/TRDSv2_laravel8_memo/vendor/laravel/framework/src/Illuminate/Pipeline/Pipeline.php(167): Illuminate\\Foundation\\Http\\Middleware\\VerifyCsrfToken->handle(Object(Illuminate\\Http\\Request), Object(Closure))
#14 /var/www/TRDSv2_laravel8_memo/vendor/laravel/framework/src/Illuminate/View/Middleware/ShareErrorsFromSession.php(49): Illuminate\\Pipeline\\Pipeline->Illuminate\\Pipeline\\{closure}(Object(Illuminate\\Http\\Request))
#15 /var/www/TRDSv2_laravel8_memo/vendor/laravel/framework/src/Illuminate/Pipeline/Pipeline.php(167): Illuminate\\View\\Middleware\\ShareErrorsFromSession->handle(Object(Illuminate\\Http\\Request), Object(Closure))
#16 /var/www/TRDSv2_laravel8_memo/vendor/laravel/framework/src/Illuminate/Session/Middleware/StartSession.php(121): Illuminate\\Pipeline\\Pipeline->Illuminate\\Pipeline\\{closure}(Object(Illuminate\\Http\\Request))
#17 /var/www/TRDSv2_laravel8_memo/vendor/laravel/framework/src/Illuminate/Session/Middleware/StartSession.php(64): Illuminate\\Session\\Middleware\\StartSession->handleStatefulRequest(Object(Illuminate\\Http\\Request), Object(Illuminate\\Session\\Store), Object(Closure))
#18 /var/www/TRDSv2_laravel8_memo/vendor/laravel/framework/src/Illuminate/Pipeline/Pipeline.php(167): Illuminate\\Session\\Middleware\\StartSession->handle(Object(Illuminate\\Http\\Request), Object(Closure))
#19 /var/www/TRDSv2_laravel8_memo/vendor/laravel/framework/src/Illuminate/Cookie/Middleware/AddQueuedCookiesToResponse.php(37): Illuminate\\Pipeline\\Pipeline->Illuminate\\Pipeline\\{closure}(Object(Illuminate\\Http\\Request))
#20 /var/www/TRDSv2_laravel8_memo/vendor/laravel/framework/src/Illuminate/Pipeline/Pipeline.php(167): Illuminate\\Cookie\\Middleware\\AddQueuedCookiesToResponse->handle(Object(Illuminate\\Http\\Request), Object(Closure))
#21 /var/www/TRDSv2_laravel8_memo/vendor/laravel/framework/src/Illuminate/Cookie/Middleware/EncryptCookies.php(67): Illuminate\\Pipeline\\Pipeline->Illuminate\\Pipeline\\{closure}(Object(Illuminate\\Http\\Request))
#22 /var/www/TRDSv2_laravel8_memo/vendor/laravel/framework/src/Illuminate/Pipeline/Pipeline.php(167): Illuminate\\Cookie\\Middleware\\EncryptCookies->handle(Object(Illuminate\\Http\\Request), Object(Closure))
#23 /var/www/TRDSv2_laravel8_memo/vendor/laravel/framework/src/Illuminate/Pipeline/Pipeline.php(103): Illuminate\\Pipeline\\Pipeline->Illuminate\\Pipeline\\{closure}(Object(Illuminate\\Http\\Request))
#24 /var/www/TRDSv2_laravel8_memo/vendor/laravel/framework/src/Illuminate/Routing/Router.php(723): Illuminate\\Pipeline\\Pipeline->then(Object(Closure))
#25 /var/www/TRDSv2_laravel8_memo/vendor/laravel/framework/src/Illuminate/Routing/Router.php(698): Illuminate\\Routing\\Router->runRouteWithinStack(Object(Illuminate\\Routing\\Route), Object(Illuminate\\Http\\Request))
#26 /var/www/TRDSv2_laravel8_memo/vendor/laravel/framework/src/Illuminate/Routing/Router.php(662): Illuminate\\Routing\\Router->runRoute(Object(Illuminate\\Http\\Request), Object(Illuminate\\Routing\\Route))
#27 /var/www/TRDSv2_laravel8_memo/vendor/laravel/framework/src/Illuminate/Routing/Router.php(651): Illuminate\\Routing\\Router->dispatchToRoute(Object(Illuminate\\Http\\Request))
#28 /var/www/TRDSv2_laravel8_memo/vendor/laravel/framework/src/Illuminate/Foundation/Http/Kernel.php(167): Illuminate\\Routing\\Router->dispatch(Object(Illuminate\\Http\\Request))
#29 /var/www/TRDSv2_laravel8_memo/vendor/laravel/framework/src/Illuminate/Pipeline/Pipeline.php(128): Illuminate\\Foundation\\Http\\Kernel->Illuminate\\Foundation\\Http\\{closure}(Object(Illuminate\\Http\\Request))
#30 /var/www/TRDSv2_laravel8_memo/vendor/laravel/framework/src/Illuminate/Foundation/Http/Middleware/TransformsRequest.php(21): Illuminate\\Pipeline\\Pipeline->Illuminate\\Pipeline\\{closure}(Object(Illuminate\\Http\\Request))
#31 /var/www/TRDSv2_laravel8_memo/vendor/laravel/framework/src/Illuminate/Foundation/Http/Middleware/ConvertEmptyStringsToNull.php(31): Illuminate\\Foundation\\Http\\Middleware\\TransformsRequest->handle(Object(Illuminate\\Http\\Request), Object(Closure))
#32 /var/www/TRDSv2_laravel8_memo/vendor/laravel/framework/src/Illuminate/Pipeline/Pipeline.php(167): Illuminate\\Foundation\\Http\\Middleware\\ConvertEmptyStringsToNull->handle(Object(Illuminate\\Http\\Request), Object(Closure))
#33 /var/www/TRDSv2_laravel8_memo/vendor/laravel/framework/src/Illuminate/Foundation/Http/Middleware/TransformsRequest.php(21): Illuminate\\Pipeline\\Pipeline->Illuminate\\Pipeline\\{closure}(Object(Illuminate\\Http\\Request))
#34 /var/www/TRDSv2_laravel8_memo/vendor/laravel/framework/src/Illuminate/Foundation/Http/Middleware/TrimStrings.php(40): Illuminate\\Foundation\\Http\\Middleware\\TransformsRequest->handle(Object(Illuminate\\Http\\Request), Object(Closure))
#35 /var/www/TRDSv2_laravel8_memo/vendor/laravel/framework/src/Illuminate/Pipeline/Pipeline.php(167): Illuminate\\Foundation\\Http\\Middleware\\TrimStrings->handle(Object(Illuminate\\Http\\Request), Object(Closure))
#36 /var/www/TRDSv2_laravel8_memo/vendor/laravel/framework/src/Illuminate/Foundation/Http/Middleware/ValidatePostSize.php(27): Illuminate\\Pipeline\\Pipeline->Illuminate\\Pipeline\\{closure}(Object(Illuminate\\Http\\Request))
#37 /var/www/TRDSv2_laravel8_memo/vendor/laravel/framework/src/Illuminate/Pipeline/Pipeline.php(167): Illuminate\\Foundation\\Http\\Middleware\\ValidatePostSize->handle(Object(Illuminate\\Http\\Request), Object(Closure))
#38 /var/www/TRDSv2_laravel8_memo/vendor/laravel/framework/src/Illuminate/Foundation/Http/Middleware/PreventRequestsDuringMaintenance.php(86): Illuminate\\Pipeline\\Pipeline->Illuminate\\Pipeline\\{closure}(Object(Illuminate\\Http\\Request))
#39 /var/www/TRDSv2_laravel8_memo/vendor/laravel/framework/src/Illuminate/Pipeline/Pipeline.php(167): Illuminate\\Foundation\\Http\\Middleware\\PreventRequestsDuringMaintenance->handle(Object(Illuminate\\Http\\Request), Object(Closure))
#40 /var/www/TRDSv2_laravel8_memo/vendor/fideloper/proxy/src/TrustProxies.php(57): Illuminate\\Pipeline\\Pipeline->Illuminate\\Pipeline\\{closure}(Object(Illuminate\\Http\\Request))
#41 /var/www/TRDSv2_laravel8_memo/vendor/laravel/framework/src/Illuminate/Pipeline/Pipeline.php(167): Fideloper\\Proxy\\TrustProxies->handle(Object(Illuminate\\Http\\Request), Object(Closure))
#42 /var/www/TRDSv2_laravel8_memo/vendor/laravel/framework/src/Illuminate/Pipeline/Pipeline.php(103): Illuminate\\Pipeline\\Pipeline->Illuminate\\Pipeline\\{closure}(Object(Illuminate\\Http\\Request))
#43 /var/www/TRDSv2_laravel8_memo/vendor/laravel/framework/src/Illuminate/Foundation/Http/Kernel.php(142): Illuminate\\Pipeline\\Pipeline->then(Object(Closure))
#44 /var/www/TRDSv2_laravel8_memo/vendor/laravel/framework/src/Illuminate/Foundation/Http/Kernel.php(111): Illuminate\\Foundation\\Http\\Kernel->sendRequestThroughRouter(Object(Illuminate\\Http\\Request))
#45 /var/www/TRDSv2_laravel8_memo/index.php(55): Illuminate\\Foundation\\Http\\Kernel->handle(Object(Illuminate\\Http\\Request))
#46 {main}
"} 
[2026-07-10 17:13:01] local.ERROR: Class 'App\RapidxUser' not found {"exception":"[object] (Error(code: 0): Class 'App\\RapidxUser' not found at /var/www/TRDSv2_laravel8_memo/app/Http/Controllers/CommonController.php:72)
[stacktrace]
#0 /var/www/TRDSv2_laravel8_memo/app/Http/Controllers/QualificationCertificationController.php(342): App\\Http\\Controllers\\CommonController->getEmailByRapidxUserId('R152')
#1 /var/www/TRDSv2_laravel8_memo/app/Http/Controllers/QualificationCertificationController.php(642): App\\Http\\Controllers\\QualificationCertificationController->saveFormSendEmail(Array)
#2 /var/www/TRDSv2_laravel8_memo/vendor/laravel/framework/src/Illuminate/Routing/Controller.php(54): App\\Http\\Controllers\\QualificationCertificationController->saveQualificationCertificationOper(Object(Illuminate\\Http\\Request))
#3 /var/www/TRDSv2_laravel8_memo/vendor/laravel/framework/src/Illuminate/Routing/ControllerDispatcher.php(45): Illuminate\\Routing\\Controller->callAction('saveQualificati...', Array)
#4 /var/www/TRDSv2_laravel8_memo/vendor/laravel/framework/src/Illuminate/Routing/Route.php(262): Illuminate\\Routing\\ControllerDispatcher->dispatch(Object(Illuminate\\Routing\\Route), Object(App\\Http\\Controllers\\QualificationCertificationController), 'saveQualificati...')
#5 /var/www/TRDSv2_laravel8_memo/vendor/laravel/framework/src/Illuminate/Routing/Route.php(205): Illuminate\\Routing\\Route->runController()
#6 /var/www/TRDSv2_laravel8_memo/vendor/laravel/framework/src/Illuminate/Routing/Router.php(721): Illuminate\\Routing\\Route->run()
#7 /var/www/TRDSv2_laravel8_memo/vendor/laravel/framework/src/Illuminate/Pipeline/Pipeline.php(128): Illuminate\\Routing\\Router->Illuminate\\Routing\\{closure}(Object(Illuminate\\Http\\Request))
#8 /var/www/TRDSv2_laravel8_memo/app/Http/Middleware/CheckSession.php(55): Illuminate\\Pipeline\\Pipeline->Illuminate\\Pipeline\\{closure}(Object(Illuminate\\Http\\Request))
#9 /var/www/TRDSv2_laravel8_memo/vendor/laravel/framework/src/Illuminate/Pipeline/Pipeline.php(167): App\\Http\\Middleware\\CheckSession->handle(Object(Illuminate\\Http\\Request), Object(Closure))
#10 /var/www/TRDSv2_laravel8_memo/vendor/laravel/framework/src/Illuminate/Routing/Middleware/SubstituteBindings.php(50): Illuminate\\Pipeline\\Pipeline->Illuminate\\Pipeline\\{closure}(Object(Illuminate\\Http\\Request))
#11 /var/www/TRDSv2_laravel8_memo/vendor/laravel/framework/src/Illuminate/Pipeline/Pipeline.php(167): Illuminate\\Routing\\Middleware\\SubstituteBindings->handle(Object(Illuminate\\Http\\Request), Object(Closure))
#12 /var/www/TRDSv2_laravel8_memo/vendor/laravel/framework/src/Illuminate/Foundation/Http/Middleware/VerifyCsrfToken.php(78): Illuminate\\Pipeline\\Pipeline->Illuminate\\Pipeline\\{closure}(Object(Illuminate\\Http\\Request))
#13 /var/www/TRDSv2_laravel8_memo/vendor/laravel/framework/src/Illuminate/Pipeline/Pipeline.php(167): Illuminate\\Foundation\\Http\\Middleware\\VerifyCsrfToken->handle(Object(Illuminate\\Http\\Request), Object(Closure))
#14 /var/www/TRDSv2_laravel8_memo/vendor/laravel/framework/src/Illuminate/View/Middleware/ShareErrorsFromSession.php(49): Illuminate\\Pipeline\\Pipeline->Illuminate\\Pipeline\\{closure}(Object(Illuminate\\Http\\Request))
#15 /var/www/TRDSv2_laravel8_memo/vendor/laravel/framework/src/Illuminate/Pipeline/Pipeline.php(167): Illuminate\\View\\Middleware\\ShareErrorsFromSession->handle(Object(Illuminate\\Http\\Request), Object(Closure))
#16 /var/www/TRDSv2_laravel8_memo/vendor/laravel/framework/src/Illuminate/Session/Middleware/StartSession.php(121): Illuminate\\Pipeline\\Pipeline->Illuminate\\Pipeline\\{closure}(Object(Illuminate\\Http\\Request))
#17 /var/www/TRDSv2_laravel8_memo/vendor/laravel/framework/src/Illuminate/Session/Middleware/StartSession.php(64): Illuminate\\Session\\Middleware\\StartSession->handleStatefulRequest(Object(Illuminate\\Http\\Request), Object(Illuminate\\Session\\Store), Object(Closure))
#18 /var/www/TRDSv2_laravel8_memo/vendor/laravel/framework/src/Illuminate/Pipeline/Pipeline.php(167): Illuminate\\Session\\Middleware\\StartSession->handle(Object(Illuminate\\Http\\Request), Object(Closure))
#19 /var/www/TRDSv2_laravel8_memo/vendor/laravel/framework/src/Illuminate/Cookie/Middleware/AddQueuedCookiesToResponse.php(37): Illuminate\\Pipeline\\Pipeline->Illuminate\\Pipeline\\{closure}(Object(Illuminate\\Http\\Request))
#20 /var/www/TRDSv2_laravel8_memo/vendor/laravel/framework/src/Illuminate/Pipeline/Pipeline.php(167): Illuminate\\Cookie\\Middleware\\AddQueuedCookiesToResponse->handle(Object(Illuminate\\Http\\Request), Object(Closure))
#21 /var/www/TRDSv2_laravel8_memo/vendor/laravel/framework/src/Illuminate/Cookie/Middleware/EncryptCookies.php(67): Illuminate\\Pipeline\\Pipeline->Illuminate\\Pipeline\\{closure}(Object(Illuminate\\Http\\Request))
#22 /var/www/TRDSv2_laravel8_memo/vendor/laravel/framework/src/Illuminate/Pipeline/Pipeline.php(167): Illuminate\\Cookie\\Middleware\\EncryptCookies->handle(Object(Illuminate\\Http\\Request), Object(Closure))
#23 /var/www/TRDSv2_laravel8_memo/vendor/laravel/framework/src/Illuminate/Pipeline/Pipeline.php(103): Illuminate\\Pipeline\\Pipeline->Illuminate\\Pipeline\\{closure}(Object(Illuminate\\Http\\Request))
#24 /var/www/TRDSv2_laravel8_memo/vendor/laravel/framework/src/Illuminate/Routing/Router.php(723): Illuminate\\Pipeline\\Pipeline->then(Object(Closure))
#25 /var/www/TRDSv2_laravel8_memo/vendor/laravel/framework/src/Illuminate/Routing/Router.php(698): Illuminate\\Routing\\Router->runRouteWithinStack(Object(Illuminate\\Routing\\Route), Object(Illuminate\\Http\\Request))
#26 /var/www/TRDSv2_laravel8_memo/vendor/laravel/framework/src/Illuminate/Routing/Router.php(662): Illuminate\\Routing\\Router->runRoute(Object(Illuminate\\Http\\Request), Object(Illuminate\\Routing\\Route))
#27 /var/www/TRDSv2_laravel8_memo/vendor/laravel/framework/src/Illuminate/Routing/Router.php(651): Illuminate\\Routing\\Router->dispatchToRoute(Object(Illuminate\\Http\\Request))
#28 /var/www/TRDSv2_laravel8_memo/vendor/laravel/framework/src/Illuminate/Foundation/Http/Kernel.php(167): Illuminate\\Routing\\Router->dispatch(Object(Illuminate\\Http\\Request))
#29 /var/www/TRDSv2_laravel8_memo/vendor/laravel/framework/src/Illuminate/Pipeline/Pipeline.php(128): Illuminate\\Foundation\\Http\\Kernel->Illuminate\\Foundation\\Http\\{closure}(Object(Illuminate\\Http\\Request))
#30 /var/www/TRDSv2_laravel8_memo/vendor/laravel/framework/src/Illuminate/Foundation/Http/Middleware/TransformsRequest.php(21): Illuminate\\Pipeline\\Pipeline->Illuminate\\Pipeline\\{closure}(Object(Illuminate\\Http\\Request))
#31 /var/www/TRDSv2_laravel8_memo/vendor/laravel/framework/src/Illuminate/Foundation/Http/Middleware/ConvertEmptyStringsToNull.php(31): Illuminate\\Foundation\\Http\\Middleware\\TransformsRequest->handle(Object(Illuminate\\Http\\Request), Object(Closure))
#32 /var/www/TRDSv2_laravel8_memo/vendor/laravel/framework/src/Illuminate/Pipeline/Pipeline.php(167): Illuminate\\Foundation\\Http\\Middleware\\ConvertEmptyStringsToNull->handle(Object(Illuminate\\Http\\Request), Object(Closure))
#33 /var/www/TRDSv2_laravel8_memo/vendor/laravel/framework/src/Illuminate/Foundation/Http/Middleware/TransformsRequest.php(21): Illuminate\\Pipeline\\Pipeline->Illuminate\\Pipeline\\{closure}(Object(Illuminate\\Http\\Request))
#34 /var/www/TRDSv2_laravel8_memo/vendor/laravel/framework/src/Illuminate/Foundation/Http/Middleware/TrimStrings.php(40): Illuminate\\Foundation\\Http\\Middleware\\TransformsRequest->handle(Object(Illuminate\\Http\\Request), Object(Closure))
#35 /var/www/TRDSv2_laravel8_memo/vendor/laravel/framework/src/Illuminate/Pipeline/Pipeline.php(167): Illuminate\\Foundation\\Http\\Middleware\\TrimStrings->handle(Object(Illuminate\\Http\\Request), Object(Closure))
#36 /var/www/TRDSv2_laravel8_memo/vendor/laravel/framework/src/Illuminate/Foundation/Http/Middleware/ValidatePostSize.php(27): Illuminate\\Pipeline\\Pipeline->Illuminate\\Pipeline\\{closure}(Object(Illuminate\\Http\\Request))
#37 /var/www/TRDSv2_laravel8_memo/vendor/laravel/framework/src/Illuminate/Pipeline/Pipeline.php(167): Illuminate\\Foundation\\Http\\Middleware\\ValidatePostSize->handle(Object(Illuminate\\Http\\Request), Object(Closure))
#38 /var/www/TRDSv2_laravel8_memo/vendor/laravel/framework/src/Illuminate/Foundation/Http/Middleware/PreventRequestsDuringMaintenance.php(86): Illuminate\\Pipeline\\Pipeline->Illuminate\\Pipeline\\{closure}(Object(Illuminate\\Http\\Request))
#39 /var/www/TRDSv2_laravel8_memo/vendor/laravel/framework/src/Illuminate/Pipeline/Pipeline.php(167): Illuminate\\Foundation\\Http\\Middleware\\PreventRequestsDuringMaintenance->handle(Object(Illuminate\\Http\\Request), Object(Closure))
#40 /var/www/TRDSv2_laravel8_memo/vendor/fideloper/proxy/src/TrustProxies.php(57): Illuminate\\Pipeline\\Pipeline->Illuminate\\Pipeline\\{closure}(Object(Illuminate\\Http\\Request))
#41 /var/www/TRDSv2_laravel8_memo/vendor/laravel/framework/src/Illuminate/Pipeline/Pipeline.php(167): Fideloper\\Proxy\\TrustProxies->handle(Object(Illuminate\\Http\\Request), Object(Closure))
#42 /var/www/TRDSv2_laravel8_memo/vendor/laravel/framework/src/Illuminate/Pipeline/Pipeline.php(103): Illuminate\\Pipeline\\Pipeline->Illuminate\\Pipeline\\{closure}(Object(Illuminate\\Http\\Request))
#43 /var/www/TRDSv2_laravel8_memo/vendor/laravel/framework/src/Illuminate/Foundation/Http/Kernel.php(142): Illuminate\\Pipeline\\Pipeline->then(Object(Closure))
#44 /var/www/TRDSv2_laravel8_memo/vendor/laravel/framework/src/Illuminate/Foundation/Http/Kernel.php(111): Illuminate\\Foundation\\Http\\Kernel->sendRequestThroughRouter(Object(Illuminate\\Http\\Request))
#45 /var/www/TRDSv2_laravel8_memo/index.php(55): Illuminate\\Foundation\\Http\\Kernel->handle(Object(Illuminate\\Http\\Request))
#46 {main}
"} 
[2026-07-10 18:00:49] local.ERROR: Property [email] does not exist on the Eloquent builder instance. {"exception":"[object] (Exception(code: 0): Property [email] does not exist on the Eloquent builder instance. at /var/www/TRDSv2_laravel8_memo/vendor/laravel/framework/src/Illuminate/Database/Eloquent/Builder.php:1618)
[stacktrace]
#0 /var/www/TRDSv2_laravel8_memo/app/Http/Controllers/CommonController.php(76): Illuminate\\Database\\Eloquent\\Builder->__get('email')
#1 /var/www/TRDSv2_laravel8_memo/app/Http/Controllers/QualificationCertificationController.php(342): App\\Http\\Controllers\\CommonController->getEmailByRapidxUserId('R152')
#2 /var/www/TRDSv2_laravel8_memo/app/Http/Controllers/QualificationCertificationController.php(642): App\\Http\\Controllers\\QualificationCertificationController->saveFormSendEmail(Array)
#3 /var/www/TRDSv2_laravel8_memo/vendor/laravel/framework/src/Illuminate/Routing/Controller.php(54): App\\Http\\Controllers\\QualificationCertificationController->saveQualificationCertificationOper(Object(Illuminate\\Http\\Request))
#4 /var/www/TRDSv2_laravel8_memo/vendor/laravel/framework/src/Illuminate/Routing/ControllerDispatcher.php(45): Illuminate\\Routing\\Controller->callAction('saveQualificati...', Array)
#5 /var/www/TRDSv2_laravel8_memo/vendor/laravel/framework/src/Illuminate/Routing/Route.php(262): Illuminate\\Routing\\ControllerDispatcher->dispatch(Object(Illuminate\\Routing\\Route), Object(App\\Http\\Controllers\\QualificationCertificationController), 'saveQualificati...')
#6 /var/www/TRDSv2_laravel8_memo/vendor/laravel/framework/src/Illuminate/Routing/Route.php(205): Illuminate\\Routing\\Route->runController()
#7 /var/www/TRDSv2_laravel8_memo/vendor/laravel/framework/src/Illuminate/Routing/Router.php(721): Illuminate\\Routing\\Route->run()
#8 /var/www/TRDSv2_laravel8_memo/vendor/laravel/framework/src/Illuminate/Pipeline/Pipeline.php(128): Illuminate\\Routing\\Router->Illuminate\\Routing\\{closure}(Object(Illuminate\\Http\\Request))
#9 /var/www/TRDSv2_laravel8_memo/app/Http/Middleware/CheckSession.php(55): Illuminate\\Pipeline\\Pipeline->Illuminate\\Pipeline\\{closure}(Object(Illuminate\\Http\\Request))
#10 /var/www/TRDSv2_laravel8_memo/vendor/laravel/framework/src/Illuminate/Pipeline/Pipeline.php(167): App\\Http\\Middleware\\CheckSession->handle(Object(Illuminate\\Http\\Request), Object(Closure))
#11 /var/www/TRDSv2_laravel8_memo/vendor/laravel/framework/src/Illuminate/Routing/Middleware/SubstituteBindings.php(50): Illuminate\\Pipeline\\Pipeline->Illuminate\\Pipeline\\{closure}(Object(Illuminate\\Http\\Request))
#12 /var/www/TRDSv2_laravel8_memo/vendor/laravel/framework/src/Illuminate/Pipeline/Pipeline.php(167): Illuminate\\Routing\\Middleware\\SubstituteBindings->handle(Object(Illuminate\\Http\\Request), Object(Closure))
#13 /var/www/TRDSv2_laravel8_memo/vendor/laravel/framework/src/Illuminate/Foundation/Http/Middleware/VerifyCsrfToken.php(78): Illuminate\\Pipeline\\Pipeline->Illuminate\\Pipeline\\{closure}(Object(Illuminate\\Http\\Request))
#14 /var/www/TRDSv2_laravel8_memo/vendor/laravel/framework/src/Illuminate/Pipeline/Pipeline.php(167): Illuminate\\Foundation\\Http\\Middleware\\VerifyCsrfToken->handle(Object(Illuminate\\Http\\Request), Object(Closure))
#15 /var/www/TRDSv2_laravel8_memo/vendor/laravel/framework/src/Illuminate/View/Middleware/ShareErrorsFromSession.php(49): Illuminate\\Pipeline\\Pipeline->Illuminate\\Pipeline\\{closure}(Object(Illuminate\\Http\\Request))
#16 /var/www/TRDSv2_laravel8_memo/vendor/laravel/framework/src/Illuminate/Pipeline/Pipeline.php(167): Illuminate\\View\\Middleware\\ShareErrorsFromSession->handle(Object(Illuminate\\Http\\Request), Object(Closure))
#17 /var/www/TRDSv2_laravel8_memo/vendor/laravel/framework/src/Illuminate/Session/Middleware/StartSession.php(121): Illuminate\\Pipeline\\Pipeline->Illuminate\\Pipeline\\{closure}(Object(Illuminate\\Http\\Request))
#18 /var/www/TRDSv2_laravel8_memo/vendor/laravel/framework/src/Illuminate/Session/Middleware/StartSession.php(64): Illuminate\\Session\\Middleware\\StartSession->handleStatefulRequest(Object(Illuminate\\Http\\Request), Object(Illuminate\\Session\\Store), Object(Closure))
#19 /var/www/TRDSv2_laravel8_memo/vendor/laravel/framework/src/Illuminate/Pipeline/Pipeline.php(167): Illuminate\\Session\\Middleware\\StartSession->handle(Object(Illuminate\\Http\\Request), Object(Closure))
#20 /var/www/TRDSv2_laravel8_memo/vendor/laravel/framework/src/Illuminate/Cookie/Middleware/AddQueuedCookiesToResponse.php(37): Illuminate\\Pipeline\\Pipeline->Illuminate\\Pipeline\\{closure}(Object(Illuminate\\Http\\Request))
#21 /var/www/TRDSv2_laravel8_memo/vendor/laravel/framework/src/Illuminate/Pipeline/Pipeline.php(167): Illuminate\\Cookie\\Middleware\\AddQueuedCookiesToResponse->handle(Object(Illuminate\\Http\\Request), Object(Closure))
#22 /var/www/TRDSv2_laravel8_memo/vendor/laravel/framework/src/Illuminate/Cookie/Middleware/EncryptCookies.php(67): Illuminate\\Pipeline\\Pipeline->Illuminate\\Pipeline\\{closure}(Object(Illuminate\\Http\\Request))
#23 /var/www/TRDSv2_laravel8_memo/vendor/laravel/framework/src/Illuminate/Pipeline/Pipeline.php(167): Illuminate\\Cookie\\Middleware\\EncryptCookies->handle(Object(Illuminate\\Http\\Request), Object(Closure))
#24 /var/www/TRDSv2_laravel8_memo/vendor/laravel/framework/src/Illuminate/Pipeline/Pipeline.php(103): Illuminate\\Pipeline\\Pipeline->Illuminate\\Pipeline\\{closure}(Object(Illuminate\\Http\\Request))
#25 /var/www/TRDSv2_laravel8_memo/vendor/laravel/framework/src/Illuminate/Routing/Router.php(723): Illuminate\\Pipeline\\Pipeline->then(Object(Closure))
#26 /var/www/TRDSv2_laravel8_memo/vendor/laravel/framework/src/Illuminate/Routing/Router.php(698): Illuminate\\Routing\\Router->runRouteWithinStack(Object(Illuminate\\Routing\\Route), Object(Illuminate\\Http\\Request))
#27 /var/www/TRDSv2_laravel8_memo/vendor/laravel/framework/src/Illuminate/Routing/Router.php(662): Illuminate\\Routing\\Router->runRoute(Object(Illuminate\\Http\\Request), Object(Illuminate\\Routing\\Route))
#28 /var/www/TRDSv2_laravel8_memo/vendor/laravel/framework/src/Illuminate/Routing/Router.php(651): Illuminate\\Routing\\Router->dispatchToRoute(Object(Illuminate\\Http\\Request))
#29 /var/www/TRDSv2_laravel8_memo/vendor/laravel/framework/src/Illuminate/Foundation/Http/Kernel.php(167): Illuminate\\Routing\\Router->dispatch(Object(Illuminate\\Http\\Request))
#30 /var/www/TRDSv2_laravel8_memo/vendor/laravel/framework/src/Illuminate/Pipeline/Pipeline.php(128): Illuminate\\Foundation\\Http\\Kernel->Illuminate\\Foundation\\Http\\{closure}(Object(Illuminate\\Http\\Request))
#31 /var/www/TRDSv2_laravel8_memo/vendor/laravel/framework/src/Illuminate/Foundation/Http/Middleware/TransformsRequest.php(21): Illuminate\\Pipeline\\Pipeline->Illuminate\\Pipeline\\{closure}(Object(Illuminate\\Http\\Request))
#32 /var/www/TRDSv2_laravel8_memo/vendor/laravel/framework/src/Illuminate/Foundation/Http/Middleware/ConvertEmptyStringsToNull.php(31): Illuminate\\Foundation\\Http\\Middleware\\TransformsRequest->handle(Object(Illuminate\\Http\\Request), Object(Closure))
#33 /var/www/TRDSv2_laravel8_memo/vendor/laravel/framework/src/Illuminate/Pipeline/Pipeline.php(167): Illuminate\\Foundation\\Http\\Middleware\\ConvertEmptyStringsToNull->handle(Object(Illuminate\\Http\\Request), Object(Closure))
#34 /var/www/TRDSv2_laravel8_memo/vendor/laravel/framework/src/Illuminate/Foundation/Http/Middleware/TransformsRequest.php(21): Illuminate\\Pipeline\\Pipeline->Illuminate\\Pipeline\\{closure}(Object(Illuminate\\Http\\Request))
#35 /var/www/TRDSv2_laravel8_memo/vendor/laravel/framework/src/Illuminate/Foundation/Http/Middleware/TrimStrings.php(40): Illuminate\\Foundation\\Http\\Middleware\\TransformsRequest->handle(Object(Illuminate\\Http\\Request), Object(Closure))
#36 /var/www/TRDSv2_laravel8_memo/vendor/laravel/framework/src/Illuminate/Pipeline/Pipeline.php(167): Illuminate\\Foundation\\Http\\Middleware\\TrimStrings->handle(Object(Illuminate\\Http\\Request), Object(Closure))
#37 /var/www/TRDSv2_laravel8_memo/vendor/laravel/framework/src/Illuminate/Foundation/Http/Middleware/ValidatePostSize.php(27): Illuminate\\Pipeline\\Pipeline->Illuminate\\Pipeline\\{closure}(Object(Illuminate\\Http\\Request))
#38 /var/www/TRDSv2_laravel8_memo/vendor/laravel/framework/src/Illuminate/Pipeline/Pipeline.php(167): Illuminate\\Foundation\\Http\\Middleware\\ValidatePostSize->handle(Object(Illuminate\\Http\\Request), Object(Closure))
#39 /var/www/TRDSv2_laravel8_memo/vendor/laravel/framework/src/Illuminate/Foundation/Http/Middleware/PreventRequestsDuringMaintenance.php(86): Illuminate\\Pipeline\\Pipeline->Illuminate\\Pipeline\\{closure}(Object(Illuminate\\Http\\Request))
#40 /var/www/TRDSv2_laravel8_memo/vendor/laravel/framework/src/Illuminate/Pipeline/Pipeline.php(167): Illuminate\\Foundation\\Http\\Middleware\\PreventRequestsDuringMaintenance->handle(Object(Illuminate\\Http\\Request), Object(Closure))
#41 /var/www/TRDSv2_laravel8_memo/vendor/fideloper/proxy/src/TrustProxies.php(57): Illuminate\\Pipeline\\Pipeline->Illuminate\\Pipeline\\{closure}(Object(Illuminate\\Http\\Request))
#42 /var/www/TRDSv2_laravel8_memo/vendor/laravel/framework/src/Illuminate/Pipeline/Pipeline.php(167): Fideloper\\Proxy\\TrustProxies->handle(Object(Illuminate\\Http\\Request), Object(Closure))
#43 /var/www/TRDSv2_laravel8_memo/vendor/laravel/framework/src/Illuminate/Pipeline/Pipeline.php(103): Illuminate\\Pipeline\\Pipeline->Illuminate\\Pipeline\\{closure}(Object(Illuminate\\Http\\Request))
#44 /var/www/TRDSv2_laravel8_memo/vendor/laravel/framework/src/Illuminate/Foundation/Http/Kernel.php(142): Illuminate\\Pipeline\\Pipeline->then(Object(Closure))
#45 /var/www/TRDSv2_laravel8_memo/vendor/laravel/framework/src/Illuminate/Foundation/Http/Kernel.php(111): Illuminate\\Foundation\\Http\\Kernel->sendRequestThroughRouter(Object(Illuminate\\Http\\Request))
#46 /var/www/TRDSv2_laravel8_memo/index.php(55): Illuminate\\Foundation\\Http\\Kernel->handle(Object(Illuminate\\Http\\Request))
#47 {main}
"} 
[2026-07-10 18:01:27] local.ERROR: Property [email] does not exist on this collection instance. {"exception":"[object] (Exception(code: 0): Property [email] does not exist on this collection instance. at /var/www/TRDSv2_laravel8_memo/vendor/laravel/framework/src/Illuminate/Collections/Traits/EnumeratesValues.php:969)
[stacktrace]
#0 /var/www/TRDSv2_laravel8_memo/app/Http/Controllers/CommonController.php(76): Illuminate\\Support\\Collection->__get('email')
#1 /var/www/TRDSv2_laravel8_memo/app/Http/Controllers/QualificationCertificationController.php(342): App\\Http\\Controllers\\CommonController->getEmailByRapidxUserId('R152')
#2 /var/www/TRDSv2_laravel8_memo/app/Http/Controllers/QualificationCertificationController.php(642): App\\Http\\Controllers\\QualificationCertificationController->saveFormSendEmail(Array)
#3 /var/www/TRDSv2_laravel8_memo/vendor/laravel/framework/src/Illuminate/Routing/Controller.php(54): App\\Http\\Controllers\\QualificationCertificationController->saveQualificationCertificationOper(Object(Illuminate\\Http\\Request))
#4 /var/www/TRDSv2_laravel8_memo/vendor/laravel/framework/src/Illuminate/Routing/ControllerDispatcher.php(45): Illuminate\\Routing\\Controller->callAction('saveQualificati...', Array)
#5 /var/www/TRDSv2_laravel8_memo/vendor/laravel/framework/src/Illuminate/Routing/Route.php(262): Illuminate\\Routing\\ControllerDispatcher->dispatch(Object(Illuminate\\Routing\\Route), Object(App\\Http\\Controllers\\QualificationCertificationController), 'saveQualificati...')
#6 /var/www/TRDSv2_laravel8_memo/vendor/laravel/framework/src/Illuminate/Routing/Route.php(205): Illuminate\\Routing\\Route->runController()
#7 /var/www/TRDSv2_laravel8_memo/vendor/laravel/framework/src/Illuminate/Routing/Router.php(721): Illuminate\\Routing\\Route->run()
#8 /var/www/TRDSv2_laravel8_memo/vendor/laravel/framework/src/Illuminate/Pipeline/Pipeline.php(128): Illuminate\\Routing\\Router->Illuminate\\Routing\\{closure}(Object(Illuminate\\Http\\Request))
#9 /var/www/TRDSv2_laravel8_memo/app/Http/Middleware/CheckSession.php(55): Illuminate\\Pipeline\\Pipeline->Illuminate\\Pipeline\\{closure}(Object(Illuminate\\Http\\Request))
#10 /var/www/TRDSv2_laravel8_memo/vendor/laravel/framework/src/Illuminate/Pipeline/Pipeline.php(167): App\\Http\\Middleware\\CheckSession->handle(Object(Illuminate\\Http\\Request), Object(Closure))
#11 /var/www/TRDSv2_laravel8_memo/vendor/laravel/framework/src/Illuminate/Routing/Middleware/SubstituteBindings.php(50): Illuminate\\Pipeline\\Pipeline->Illuminate\\Pipeline\\{closure}(Object(Illuminate\\Http\\Request))
#12 /var/www/TRDSv2_laravel8_memo/vendor/laravel/framework/src/Illuminate/Pipeline/Pipeline.php(167): Illuminate\\Routing\\Middleware\\SubstituteBindings->handle(Object(Illuminate\\Http\\Request), Object(Closure))
#13 /var/www/TRDSv2_laravel8_memo/vendor/laravel/framework/src/Illuminate/Foundation/Http/Middleware/VerifyCsrfToken.php(78): Illuminate\\Pipeline\\Pipeline->Illuminate\\Pipeline\\{closure}(Object(Illuminate\\Http\\Request))
#14 /var/www/TRDSv2_laravel8_memo/vendor/laravel/framework/src/Illuminate/Pipeline/Pipeline.php(167): Illuminate\\Foundation\\Http\\Middleware\\VerifyCsrfToken->handle(Object(Illuminate\\Http\\Request), Object(Closure))
#15 /var/www/TRDSv2_laravel8_memo/vendor/laravel/framework/src/Illuminate/View/Middleware/ShareErrorsFromSession.php(49): Illuminate\\Pipeline\\Pipeline->Illuminate\\Pipeline\\{closure}(Object(Illuminate\\Http\\Request))
#16 /var/www/TRDSv2_laravel8_memo/vendor/laravel/framework/src/Illuminate/Pipeline/Pipeline.php(167): Illuminate\\View\\Middleware\\ShareErrorsFromSession->handle(Object(Illuminate\\Http\\Request), Object(Closure))
#17 /var/www/TRDSv2_laravel8_memo/vendor/laravel/framework/src/Illuminate/Session/Middleware/StartSession.php(121): Illuminate\\Pipeline\\Pipeline->Illuminate\\Pipeline\\{closure}(Object(Illuminate\\Http\\Request))
#18 /var/www/TRDSv2_laravel8_memo/vendor/laravel/framework/src/Illuminate/Session/Middleware/StartSession.php(64): Illuminate\\Session\\Middleware\\StartSession->handleStatefulRequest(Object(Illuminate\\Http\\Request), Object(Illuminate\\Session\\Store), Object(Closure))
#19 /var/www/TRDSv2_laravel8_memo/vendor/laravel/framework/src/Illuminate/Pipeline/Pipeline.php(167): Illuminate\\Session\\Middleware\\StartSession->handle(Object(Illuminate\\Http\\Request), Object(Closure))
#20 /var/www/TRDSv2_laravel8_memo/vendor/laravel/framework/src/Illuminate/Cookie/Middleware/AddQueuedCookiesToResponse.php(37): Illuminate\\Pipeline\\Pipeline->Illuminate\\Pipeline\\{closure}(Object(Illuminate\\Http\\Request))
#21 /var/www/TRDSv2_laravel8_memo/vendor/laravel/framework/src/Illuminate/Pipeline/Pipeline.php(167): Illuminate\\Cookie\\Middleware\\AddQueuedCookiesToResponse->handle(Object(Illuminate\\Http\\Request), Object(Closure))
#22 /var/www/TRDSv2_laravel8_memo/vendor/laravel/framework/src/Illuminate/Cookie/Middleware/EncryptCookies.php(67): Illuminate\\Pipeline\\Pipeline->Illuminate\\Pipeline\\{closure}(Object(Illuminate\\Http\\Request))
#23 /var/www/TRDSv2_laravel8_memo/vendor/laravel/framework/src/Illuminate/Pipeline/Pipeline.php(167): Illuminate\\Cookie\\Middleware\\EncryptCookies->handle(Object(Illuminate\\Http\\Request), Object(Closure))
#24 /var/www/TRDSv2_laravel8_memo/vendor/laravel/framework/src/Illuminate/Pipeline/Pipeline.php(103): Illuminate\\Pipeline\\Pipeline->Illuminate\\Pipeline\\{closure}(Object(Illuminate\\Http\\Request))
#25 /var/www/TRDSv2_laravel8_memo/vendor/laravel/framework/src/Illuminate/Routing/Router.php(723): Illuminate\\Pipeline\\Pipeline->then(Object(Closure))
#26 /var/www/TRDSv2_laravel8_memo/vendor/laravel/framework/src/Illuminate/Routing/Router.php(698): Illuminate\\Routing\\Router->runRouteWithinStack(Object(Illuminate\\Routing\\Route), Object(Illuminate\\Http\\Request))
#27 /var/www/TRDSv2_laravel8_memo/vendor/laravel/framework/src/Illuminate/Routing/Router.php(662): Illuminate\\Routing\\Router->runRoute(Object(Illuminate\\Http\\Request), Object(Illuminate\\Routing\\Route))
#28 /var/www/TRDSv2_laravel8_memo/vendor/laravel/framework/src/Illuminate/Routing/Router.php(651): Illuminate\\Routing\\Router->dispatchToRoute(Object(Illuminate\\Http\\Request))
#29 /var/www/TRDSv2_laravel8_memo/vendor/laravel/framework/src/Illuminate/Foundation/Http/Kernel.php(167): Illuminate\\Routing\\Router->dispatch(Object(Illuminate\\Http\\Request))
#30 /var/www/TRDSv2_laravel8_memo/vendor/laravel/framework/src/Illuminate/Pipeline/Pipeline.php(128): Illuminate\\Foundation\\Http\\Kernel->Illuminate\\Foundation\\Http\\{closure}(Object(Illuminate\\Http\\Request))
#31 /var/www/TRDSv2_laravel8_memo/vendor/laravel/framework/src/Illuminate/Foundation/Http/Middleware/TransformsRequest.php(21): Illuminate\\Pipeline\\Pipeline->Illuminate\\Pipeline\\{closure}(Object(Illuminate\\Http\\Request))
#32 /var/www/TRDSv2_laravel8_memo/vendor/laravel/framework/src/Illuminate/Foundation/Http/Middleware/ConvertEmptyStringsToNull.php(31): Illuminate\\Foundation\\Http\\Middleware\\TransformsRequest->handle(Object(Illuminate\\Http\\Request), Object(Closure))
#33 /var/www/TRDSv2_laravel8_memo/vendor/laravel/framework/src/Illuminate/Pipeline/Pipeline.php(167): Illuminate\\Foundation\\Http\\Middleware\\ConvertEmptyStringsToNull->handle(Object(Illuminate\\Http\\Request), Object(Closure))
#34 /var/www/TRDSv2_laravel8_memo/vendor/laravel/framework/src/Illuminate/Foundation/Http/Middleware/TransformsRequest.php(21): Illuminate\\Pipeline\\Pipeline->Illuminate\\Pipeline\\{closure}(Object(Illuminate\\Http\\Request))
#35 /var/www/TRDSv2_laravel8_memo/vendor/laravel/framework/src/Illuminate/Foundation/Http/Middleware/TrimStrings.php(40): Illuminate\\Foundation\\Http\\Middleware\\TransformsRequest->handle(Object(Illuminate\\Http\\Request), Object(Closure))
#36 /var/www/TRDSv2_laravel8_memo/vendor/laravel/framework/src/Illuminate/Pipeline/Pipeline.php(167): Illuminate\\Foundation\\Http\\Middleware\\TrimStrings->handle(Object(Illuminate\\Http\\Request), Object(Closure))
#37 /var/www/TRDSv2_laravel8_memo/vendor/laravel/framework/src/Illuminate/Foundation/Http/Middleware/ValidatePostSize.php(27): Illuminate\\Pipeline\\Pipeline->Illuminate\\Pipeline\\{closure}(Object(Illuminate\\Http\\Request))
#38 /var/www/TRDSv2_laravel8_memo/vendor/laravel/framework/src/Illuminate/Pipeline/Pipeline.php(167): Illuminate\\Foundation\\Http\\Middleware\\ValidatePostSize->handle(Object(Illuminate\\Http\\Request), Object(Closure))
#39 /var/www/TRDSv2_laravel8_memo/vendor/laravel/framework/src/Illuminate/Foundation/Http/Middleware/PreventRequestsDuringMaintenance.php(86): Illuminate\\Pipeline\\Pipeline->Illuminate\\Pipeline\\{closure}(Object(Illuminate\\Http\\Request))
#40 /var/www/TRDSv2_laravel8_memo/vendor/laravel/framework/src/Illuminate/Pipeline/Pipeline.php(167): Illuminate\\Foundation\\Http\\Middleware\\PreventRequestsDuringMaintenance->handle(Object(Illuminate\\Http\\Request), Object(Closure))
#41 /var/www/TRDSv2_laravel8_memo/vendor/fideloper/proxy/src/TrustProxies.php(57): Illuminate\\Pipeline\\Pipeline->Illuminate\\Pipeline\\{closure}(Object(Illuminate\\Http\\Request))
#42 /var/www/TRDSv2_laravel8_memo/vendor/laravel/framework/src/Illuminate/Pipeline/Pipeline.php(167): Fideloper\\Proxy\\TrustProxies->handle(Object(Illuminate\\Http\\Request), Object(Closure))
#43 /var/www/TRDSv2_laravel8_memo/vendor/laravel/framework/src/Illuminate/Pipeline/Pipeline.php(103): Illuminate\\Pipeline\\Pipeline->Illuminate\\Pipeline\\{closure}(Object(Illuminate\\Http\\Request))
#44 /var/www/TRDSv2_laravel8_memo/vendor/laravel/framework/src/Illuminate/Foundation/Http/Kernel.php(142): Illuminate\\Pipeline\\Pipeline->then(Object(Closure))
#45 /var/www/TRDSv2_laravel8_memo/vendor/laravel/framework/src/Illuminate/Foundation/Http/Kernel.php(111): Illuminate\\Foundation\\Http\\Kernel->sendRequestThroughRouter(Object(Illuminate\\Http\\Request))
#46 /var/www/TRDSv2_laravel8_memo/index.php(55): Illuminate\\Foundation\\Http\\Kernel->handle(Object(Illuminate\\Http\\Request))
#47 {main}
"} 
[2026-07-10 18:01:30] local.ERROR: Property [email] does not exist on this collection instance. {"exception":"[object] (Exception(code: 0): Property [email] does not exist on this collection instance. at /var/www/TRDSv2_laravel8_memo/vendor/laravel/framework/src/Illuminate/Collections/Traits/EnumeratesValues.php:969)
[stacktrace]
#0 /var/www/TRDSv2_laravel8_memo/app/Http/Controllers/CommonController.php(76): Illuminate\\Support\\Collection->__get('email')
#1 /var/www/TRDSv2_laravel8_memo/app/Http/Controllers/QualificationCertificationController.php(342): App\\Http\\Controllers\\CommonController->getEmailByRapidxUserId('R152')
#2 /var/www/TRDSv2_laravel8_memo/app/Http/Controllers/QualificationCertificationController.php(642): App\\Http\\Controllers\\QualificationCertificationController->saveFormSendEmail(Array)
#3 /var/www/TRDSv2_laravel8_memo/vendor/laravel/framework/src/Illuminate/Routing/Controller.php(54): App\\Http\\Controllers\\QualificationCertificationController->saveQualificationCertificationOper(Object(Illuminate\\Http\\Request))
#4 /var/www/TRDSv2_laravel8_memo/vendor/laravel/framework/src/Illuminate/Routing/ControllerDispatcher.php(45): Illuminate\\Routing\\Controller->callAction('saveQualificati...', Array)
#5 /var/www/TRDSv2_laravel8_memo/vendor/laravel/framework/src/Illuminate/Routing/Route.php(262): Illuminate\\Routing\\ControllerDispatcher->dispatch(Object(Illuminate\\Routing\\Route), Object(App\\Http\\Controllers\\QualificationCertificationController), 'saveQualificati...')
#6 /var/www/TRDSv2_laravel8_memo/vendor/laravel/framework/src/Illuminate/Routing/Route.php(205): Illuminate\\Routing\\Route->runController()
#7 /var/www/TRDSv2_laravel8_memo/vendor/laravel/framework/src/Illuminate/Routing/Router.php(721): Illuminate\\Routing\\Route->run()
#8 /var/www/TRDSv2_laravel8_memo/vendor/laravel/framework/src/Illuminate/Pipeline/Pipeline.php(128): Illuminate\\Routing\\Router->Illuminate\\Routing\\{closure}(Object(Illuminate\\Http\\Request))
#9 /var/www/TRDSv2_laravel8_memo/app/Http/Middleware/CheckSession.php(55): Illuminate\\Pipeline\\Pipeline->Illuminate\\Pipeline\\{closure}(Object(Illuminate\\Http\\Request))
#10 /var/www/TRDSv2_laravel8_memo/vendor/laravel/framework/src/Illuminate/Pipeline/Pipeline.php(167): App\\Http\\Middleware\\CheckSession->handle(Object(Illuminate\\Http\\Request), Object(Closure))
#11 /var/www/TRDSv2_laravel8_memo/vendor/laravel/framework/src/Illuminate/Routing/Middleware/SubstituteBindings.php(50): Illuminate\\Pipeline\\Pipeline->Illuminate\\Pipeline\\{closure}(Object(Illuminate\\Http\\Request))
#12 /var/www/TRDSv2_laravel8_memo/vendor/laravel/framework/src/Illuminate/Pipeline/Pipeline.php(167): Illuminate\\Routing\\Middleware\\SubstituteBindings->handle(Object(Illuminate\\Http\\Request), Object(Closure))
#13 /var/www/TRDSv2_laravel8_memo/vendor/laravel/framework/src/Illuminate/Foundation/Http/Middleware/VerifyCsrfToken.php(78): Illuminate\\Pipeline\\Pipeline->Illuminate\\Pipeline\\{closure}(Object(Illuminate\\Http\\Request))
#14 /var/www/TRDSv2_laravel8_memo/vendor/laravel/framework/src/Illuminate/Pipeline/Pipeline.php(167): Illuminate\\Foundation\\Http\\Middleware\\VerifyCsrfToken->handle(Object(Illuminate\\Http\\Request), Object(Closure))
#15 /var/www/TRDSv2_laravel8_memo/vendor/laravel/framework/src/Illuminate/View/Middleware/ShareErrorsFromSession.php(49): Illuminate\\Pipeline\\Pipeline->Illuminate\\Pipeline\\{closure}(Object(Illuminate\\Http\\Request))
#16 /var/www/TRDSv2_laravel8_memo/vendor/laravel/framework/src/Illuminate/Pipeline/Pipeline.php(167): Illuminate\\View\\Middleware\\ShareErrorsFromSession->handle(Object(Illuminate\\Http\\Request), Object(Closure))
#17 /var/www/TRDSv2_laravel8_memo/vendor/laravel/framework/src/Illuminate/Session/Middleware/StartSession.php(121): Illuminate\\Pipeline\\Pipeline->Illuminate\\Pipeline\\{closure}(Object(Illuminate\\Http\\Request))
#18 /var/www/TRDSv2_laravel8_memo/vendor/laravel/framework/src/Illuminate/Session/Middleware/StartSession.php(64): Illuminate\\Session\\Middleware\\StartSession->handleStatefulRequest(Object(Illuminate\\Http\\Request), Object(Illuminate\\Session\\Store), Object(Closure))
#19 /var/www/TRDSv2_laravel8_memo/vendor/laravel/framework/src/Illuminate/Pipeline/Pipeline.php(167): Illuminate\\Session\\Middleware\\StartSession->handle(Object(Illuminate\\Http\\Request), Object(Closure))
#20 /var/www/TRDSv2_laravel8_memo/vendor/laravel/framework/src/Illuminate/Cookie/Middleware/AddQueuedCookiesToResponse.php(37): Illuminate\\Pipeline\\Pipeline->Illuminate\\Pipeline\\{closure}(Object(Illuminate\\Http\\Request))
#21 /var/www/TRDSv2_laravel8_memo/vendor/laravel/framework/src/Illuminate/Pipeline/Pipeline.php(167): Illuminate\\Cookie\\Middleware\\AddQueuedCookiesToResponse->handle(Object(Illuminate\\Http\\Request), Object(Closure))
#22 /var/www/TRDSv2_laravel8_memo/vendor/laravel/framework/src/Illuminate/Cookie/Middleware/EncryptCookies.php(67): Illuminate\\Pipeline\\Pipeline->Illuminate\\Pipeline\\{closure}(Object(Illuminate\\Http\\Request))
#23 /var/www/TRDSv2_laravel8_memo/vendor/laravel/framework/src/Illuminate/Pipeline/Pipeline.php(167): Illuminate\\Cookie\\Middleware\\EncryptCookies->handle(Object(Illuminate\\Http\\Request), Object(Closure))
#24 /var/www/TRDSv2_laravel8_memo/vendor/laravel/framework/src/Illuminate/Pipeline/Pipeline.php(103): Illuminate\\Pipeline\\Pipeline->Illuminate\\Pipeline\\{closure}(Object(Illuminate\\Http\\Request))
#25 /var/www/TRDSv2_laravel8_memo/vendor/laravel/framework/src/Illuminate/Routing/Router.php(723): Illuminate\\Pipeline\\Pipeline->then(Object(Closure))
#26 /var/www/TRDSv2_laravel8_memo/vendor/laravel/framework/src/Illuminate/Routing/Router.php(698): Illuminate\\Routing\\Router->runRouteWithinStack(Object(Illuminate\\Routing\\Route), Object(Illuminate\\Http\\Request))
#27 /var/www/TRDSv2_laravel8_memo/vendor/laravel/framework/src/Illuminate/Routing/Router.php(662): Illuminate\\Routing\\Router->runRoute(Object(Illuminate\\Http\\Request), Object(Illuminate\\Routing\\Route))
#28 /var/www/TRDSv2_laravel8_memo/vendor/laravel/framework/src/Illuminate/Routing/Router.php(651): Illuminate\\Routing\\Router->dispatchToRoute(Object(Illuminate\\Http\\Request))
#29 /var/www/TRDSv2_laravel8_memo/vendor/laravel/framework/src/Illuminate/Foundation/Http/Kernel.php(167): Illuminate\\Routing\\Router->dispatch(Object(Illuminate\\Http\\Request))
#30 /var/www/TRDSv2_laravel8_memo/vendor/laravel/framework/src/Illuminate/Pipeline/Pipeline.php(128): Illuminate\\Foundation\\Http\\Kernel->Illuminate\\Foundation\\Http\\{closure}(Object(Illuminate\\Http\\Request))
#31 /var/www/TRDSv2_laravel8_memo/vendor/laravel/framework/src/Illuminate/Foundation/Http/Middleware/TransformsRequest.php(21): Illuminate\\Pipeline\\Pipeline->Illuminate\\Pipeline\\{closure}(Object(Illuminate\\Http\\Request))
#32 /var/www/TRDSv2_laravel8_memo/vendor/laravel/framework/src/Illuminate/Foundation/Http/Middleware/ConvertEmptyStringsToNull.php(31): Illuminate\\Foundation\\Http\\Middleware\\TransformsRequest->handle(Object(Illuminate\\Http\\Request), Object(Closure))
#33 /var/www/TRDSv2_laravel8_memo/vendor/laravel/framework/src/Illuminate/Pipeline/Pipeline.php(167): Illuminate\\Foundation\\Http\\Middleware\\ConvertEmptyStringsToNull->handle(Object(Illuminate\\Http\\Request), Object(Closure))
#34 /var/www/TRDSv2_laravel8_memo/vendor/laravel/framework/src/Illuminate/Foundation/Http/Middleware/TransformsRequest.php(21): Illuminate\\Pipeline\\Pipeline->Illuminate\\Pipeline\\{closure}(Object(Illuminate\\Http\\Request))
#35 /var/www/TRDSv2_laravel8_memo/vendor/laravel/framework/src/Illuminate/Foundation/Http/Middleware/TrimStrings.php(40): Illuminate\\Foundation\\Http\\Middleware\\TransformsRequest->handle(Object(Illuminate\\Http\\Request), Object(Closure))
#36 /var/www/TRDSv2_laravel8_memo/vendor/laravel/framework/src/Illuminate/Pipeline/Pipeline.php(167): Illuminate\\Foundation\\Http\\Middleware\\TrimStrings->handle(Object(Illuminate\\Http\\Request), Object(Closure))
#37 /var/www/TRDSv2_laravel8_memo/vendor/laravel/framework/src/Illuminate/Foundation/Http/Middleware/ValidatePostSize.php(27): Illuminate\\Pipeline\\Pipeline->Illuminate\\Pipeline\\{closure}(Object(Illuminate\\Http\\Request))
#38 /var/www/TRDSv2_laravel8_memo/vendor/laravel/framework/src/Illuminate/Pipeline/Pipeline.php(167): Illuminate\\Foundation\\Http\\Middleware\\ValidatePostSize->handle(Object(Illuminate\\Http\\Request), Object(Closure))
#39 /var/www/TRDSv2_laravel8_memo/vendor/laravel/framework/src/Illuminate/Foundation/Http/Middleware/PreventRequestsDuringMaintenance.php(86): Illuminate\\Pipeline\\Pipeline->Illuminate\\Pipeline\\{closure}(Object(Illuminate\\Http\\Request))
#40 /var/www/TRDSv2_laravel8_memo/vendor/laravel/framework/src/Illuminate/Pipeline/Pipeline.php(167): Illuminate\\Foundation\\Http\\Middleware\\PreventRequestsDuringMaintenance->handle(Object(Illuminate\\Http\\Request), Object(Closure))
#41 /var/www/TRDSv2_laravel8_memo/vendor/fideloper/proxy/src/TrustProxies.php(57): Illuminate\\Pipeline\\Pipeline->Illuminate\\Pipeline\\{closure}(Object(Illuminate\\Http\\Request))
#42 /var/www/TRDSv2_laravel8_memo/vendor/laravel/framework/src/Illuminate/Pipeline/Pipeline.php(167): Fideloper\\Proxy\\TrustProxies->handle(Object(Illuminate\\Http\\Request), Object(Closure))
#43 /var/www/TRDSv2_laravel8_memo/vendor/laravel/framework/src/Illuminate/Pipeline/Pipeline.php(103): Illuminate\\Pipeline\\Pipeline->Illuminate\\Pipeline\\{closure}(Object(Illuminate\\Http\\Request))
#44 /var/www/TRDSv2_laravel8_memo/vendor/laravel/framework/src/Illuminate/Foundation/Http/Kernel.php(142): Illuminate\\Pipeline\\Pipeline->then(Object(Closure))
#45 /var/www/TRDSv2_laravel8_memo/vendor/laravel/framework/src/Illuminate/Foundation/Http/Kernel.php(111): Illuminate\\Foundation\\Http\\Kernel->sendRequestThroughRouter(Object(Illuminate\\Http\\Request))
#46 /var/www/TRDSv2_laravel8_memo/index.php(55): Illuminate\\Foundation\\Http\\Kernel->handle(Object(Illuminate\\Http\\Request))
#47 {main}
"} 
[2026-07-10 10:04:24] local.ERROR: syntax error, unexpected '$from' (T_VARIABLE), expecting ';' {"exception":"[object] (ParseError(code: 0): syntax error, unexpected '$from' (T_VARIABLE), expecting ';' at /var/www/TRDSv2_laravel8_memo/app/Http/Controllers/QualificationCertificationController.php:347)
[stacktrace]
#0 /var/www/TRDSv2_laravel8_memo/vendor/composer/ClassLoader.php(322): Composer\\Autoload\\includeFile('/var/www/TRDSv2...')
#1 [internal function]: Composer\\Autoload\\ClassLoader->loadClass('App\\\\Http\\\\Contro...')
#2 [internal function]: spl_autoload_call('App\\\\Http\\\\Contro...')
#3 /var/www/TRDSv2_laravel8_memo/vendor/laravel/framework/src/Illuminate/Container/Container.php(877): ReflectionClass->__construct('App\\\\Http\\\\Contro...')
#4 /var/www/TRDSv2_laravel8_memo/vendor/laravel/framework/src/Illuminate/Container/Container.php(758): Illuminate\\Container\\Container->build('App\\\\Http\\\\Contro...')
#5 /var/www/TRDSv2_laravel8_memo/vendor/laravel/framework/src/Illuminate/Foundation/Application.php(853): Illuminate\\Container\\Container->resolve('App\\\\Http\\\\Contro...', Array, true)
#6 /var/www/TRDSv2_laravel8_memo/vendor/laravel/framework/src/Illuminate/Container/Container.php(694): Illuminate\\Foundation\\Application->resolve('App\\\\Http\\\\Contro...', Array)
#7 /var/www/TRDSv2_laravel8_memo/vendor/laravel/framework/src/Illuminate/Foundation/Application.php(838): Illuminate\\Container\\Container->make('App\\\\Http\\\\Contro...', Array)
#8 /var/www/TRDSv2_laravel8_memo/vendor/laravel/framework/src/Illuminate/Routing/Route.php(276): Illuminate\\Foundation\\Application->make('App\\\\Http\\\\Contro...')
#9 /var/www/TRDSv2_laravel8_memo/vendor/laravel/framework/src/Illuminate/Routing/Route.php(1080): Illuminate\\Routing\\Route->getController()
#10 /var/www/TRDSv2_laravel8_memo/vendor/laravel/framework/src/Illuminate/Routing/Route.php(1023): Illuminate\\Routing\\Route->controllerMiddleware()
#11 /var/www/TRDSv2_laravel8_memo/vendor/laravel/framework/src/Illuminate/Routing/Router.php(734): Illuminate\\Routing\\Route->gatherMiddleware()
#12 /var/www/TRDSv2_laravel8_memo/vendor/laravel/framework/src/Illuminate/Routing/Router.php(714): Illuminate\\Routing\\Router->gatherRouteMiddleware(Object(Illuminate\\Routing\\Route))
#13 /var/www/TRDSv2_laravel8_memo/vendor/laravel/framework/src/Illuminate/Routing/Router.php(698): Illuminate\\Routing\\Router->runRouteWithinStack(Object(Illuminate\\Routing\\Route), Object(Illuminate\\Http\\Request))
#14 /var/www/TRDSv2_laravel8_memo/vendor/laravel/framework/src/Illuminate/Routing/Router.php(662): Illuminate\\Routing\\Router->runRoute(Object(Illuminate\\Http\\Request), Object(Illuminate\\Routing\\Route))
#15 /var/www/TRDSv2_laravel8_memo/vendor/laravel/framework/src/Illuminate/Routing/Router.php(651): Illuminate\\Routing\\Router->dispatchToRoute(Object(Illuminate\\Http\\Request))
#16 /var/www/TRDSv2_laravel8_memo/vendor/laravel/framework/src/Illuminate/Foundation/Http/Kernel.php(167): Illuminate\\Routing\\Router->dispatch(Object(Illuminate\\Http\\Request))
#17 /var/www/TRDSv2_laravel8_memo/vendor/laravel/framework/src/Illuminate/Pipeline/Pipeline.php(128): Illuminate\\Foundation\\Http\\Kernel->Illuminate\\Foundation\\Http\\{closure}(Object(Illuminate\\Http\\Request))
#18 /var/www/TRDSv2_laravel8_memo/vendor/laravel/framework/src/Illuminate/Foundation/Http/Middleware/TransformsRequest.php(21): Illuminate\\Pipeline\\Pipeline->Illuminate\\Pipeline\\{closure}(Object(Illuminate\\Http\\Request))
#19 /var/www/TRDSv2_laravel8_memo/vendor/laravel/framework/src/Illuminate/Foundation/Http/Middleware/ConvertEmptyStringsToNull.php(31): Illuminate\\Foundation\\Http\\Middleware\\TransformsRequest->handle(Object(Illuminate\\Http\\Request), Object(Closure))
#20 /var/www/TRDSv2_laravel8_memo/vendor/laravel/framework/src/Illuminate/Pipeline/Pipeline.php(167): Illuminate\\Foundation\\Http\\Middleware\\ConvertEmptyStringsToNull->handle(Object(Illuminate\\Http\\Request), Object(Closure))
#21 /var/www/TRDSv2_laravel8_memo/vendor/laravel/framework/src/Illuminate/Foundation/Http/Middleware/TransformsRequest.php(21): Illuminate\\Pipeline\\Pipeline->Illuminate\\Pipeline\\{closure}(Object(Illuminate\\Http\\Request))
#22 /var/www/TRDSv2_laravel8_memo/vendor/laravel/framework/src/Illuminate/Foundation/Http/Middleware/TrimStrings.php(40): Illuminate\\Foundation\\Http\\Middleware\\TransformsRequest->handle(Object(Illuminate\\Http\\Request), Object(Closure))
#23 /var/www/TRDSv2_laravel8_memo/vendor/laravel/framework/src/Illuminate/Pipeline/Pipeline.php(167): Illuminate\\Foundation\\Http\\Middleware\\TrimStrings->handle(Object(Illuminate\\Http\\Request), Object(Closure))
#24 /var/www/TRDSv2_laravel8_memo/vendor/laravel/framework/src/Illuminate/Foundation/Http/Middleware/ValidatePostSize.php(27): Illuminate\\Pipeline\\Pipeline->Illuminate\\Pipeline\\{closure}(Object(Illuminate\\Http\\Request))
#25 /var/www/TRDSv2_laravel8_memo/vendor/laravel/framework/src/Illuminate/Pipeline/Pipeline.php(167): Illuminate\\Foundation\\Http\\Middleware\\ValidatePostSize->handle(Object(Illuminate\\Http\\Request), Object(Closure))
#26 /var/www/TRDSv2_laravel8_memo/vendor/laravel/framework/src/Illuminate/Foundation/Http/Middleware/PreventRequestsDuringMaintenance.php(86): Illuminate\\Pipeline\\Pipeline->Illuminate\\Pipeline\\{closure}(Object(Illuminate\\Http\\Request))
#27 /var/www/TRDSv2_laravel8_memo/vendor/laravel/framework/src/Illuminate/Pipeline/Pipeline.php(167): Illuminate\\Foundation\\Http\\Middleware\\PreventRequestsDuringMaintenance->handle(Object(Illuminate\\Http\\Request), Object(Closure))
#28 /var/www/TRDSv2_laravel8_memo/vendor/fideloper/proxy/src/TrustProxies.php(57): Illuminate\\Pipeline\\Pipeline->Illuminate\\Pipeline\\{closure}(Object(Illuminate\\Http\\Request))
#29 /var/www/TRDSv2_laravel8_memo/vendor/laravel/framework/src/Illuminate/Pipeline/Pipeline.php(167): Fideloper\\Proxy\\TrustProxies->handle(Object(Illuminate\\Http\\Request), Object(Closure))
#30 /var/www/TRDSv2_laravel8_memo/vendor/laravel/framework/src/Illuminate/Pipeline/Pipeline.php(103): Illuminate\\Pipeline\\Pipeline->Illuminate\\Pipeline\\{closure}(Object(Illuminate\\Http\\Request))
#31 /var/www/TRDSv2_laravel8_memo/vendor/laravel/framework/src/Illuminate/Foundation/Http/Kernel.php(142): Illuminate\\Pipeline\\Pipeline->then(Object(Closure))
#32 /var/www/TRDSv2_laravel8_memo/vendor/laravel/framework/src/Illuminate/Foundation/Http/Kernel.php(111): Illuminate\\Foundation\\Http\\Kernel->sendRequestThroughRouter(Object(Illuminate\\Http\\Request))
#33 /var/www/TRDSv2_laravel8_memo/index.php(55): Illuminate\\Foundation\\Http\\Kernel->handle(Object(Illuminate\\Http\\Request))
#34 {main}
"} 
[2026-07-10 18:04:55] local.ERROR: User not found {"exception":"[object] (Exception(code: 0): User not found at /var/www/TRDSv2_laravel8_memo/app/Http/Controllers/CommonController.php:74)
[stacktrace]
#0 /var/www/TRDSv2_laravel8_memo/app/Http/Controllers/QualificationCertificationController.php(342): App\\Http\\Controllers\\CommonController->getEmailByRapidxUserId('R160 | R175')
#1 [internal function]: App\\Http\\Controllers\\QualificationCertificationController->App\\Http\\Controllers\\{closure}('R160 | R175', 0)
#2 /var/www/TRDSv2_laravel8_memo/vendor/laravel/framework/src/Illuminate/Collections/Collection.php(695): array_map(Object(Closure), Array, Array)
#3 /var/www/TRDSv2_laravel8_memo/app/Http/Controllers/QualificationCertificationController.php(343): Illuminate\\Support\\Collection->map(Object(Closure))
#4 /var/www/TRDSv2_laravel8_memo/app/Http/Controllers/QualificationCertificationController.php(646): App\\Http\\Controllers\\QualificationCertificationController->saveFormSendEmail(Array)
#5 /var/www/TRDSv2_laravel8_memo/vendor/laravel/framework/src/Illuminate/Routing/Controller.php(54): App\\Http\\Controllers\\QualificationCertificationController->saveQualificationCertificationOper(Object(Illuminate\\Http\\Request))
#6 /var/www/TRDSv2_laravel8_memo/vendor/laravel/framework/src/Illuminate/Routing/ControllerDispatcher.php(45): Illuminate\\Routing\\Controller->callAction('saveQualificati...', Array)
#7 /var/www/TRDSv2_laravel8_memo/vendor/laravel/framework/src/Illuminate/Routing/Route.php(262): Illuminate\\Routing\\ControllerDispatcher->dispatch(Object(Illuminate\\Routing\\Route), Object(App\\Http\\Controllers\\QualificationCertificationController), 'saveQualificati...')
#8 /var/www/TRDSv2_laravel8_memo/vendor/laravel/framework/src/Illuminate/Routing/Route.php(205): Illuminate\\Routing\\Route->runController()
#9 /var/www/TRDSv2_laravel8_memo/vendor/laravel/framework/src/Illuminate/Routing/Router.php(721): Illuminate\\Routing\\Route->run()
#10 /var/www/TRDSv2_laravel8_memo/vendor/laravel/framework/src/Illuminate/Pipeline/Pipeline.php(128): Illuminate\\Routing\\Router->Illuminate\\Routing\\{closure}(Object(Illuminate\\Http\\Request))
#11 /var/www/TRDSv2_laravel8_memo/app/Http/Middleware/CheckSession.php(55): Illuminate\\Pipeline\\Pipeline->Illuminate\\Pipeline\\{closure}(Object(Illuminate\\Http\\Request))
#12 /var/www/TRDSv2_laravel8_memo/vendor/laravel/framework/src/Illuminate/Pipeline/Pipeline.php(167): App\\Http\\Middleware\\CheckSession->handle(Object(Illuminate\\Http\\Request), Object(Closure))
#13 /var/www/TRDSv2_laravel8_memo/vendor/laravel/framework/src/Illuminate/Routing/Middleware/SubstituteBindings.php(50): Illuminate\\Pipeline\\Pipeline->Illuminate\\Pipeline\\{closure}(Object(Illuminate\\Http\\Request))
#14 /var/www/TRDSv2_laravel8_memo/vendor/laravel/framework/src/Illuminate/Pipeline/Pipeline.php(167): Illuminate\\Routing\\Middleware\\SubstituteBindings->handle(Object(Illuminate\\Http\\Request), Object(Closure))
#15 /var/www/TRDSv2_laravel8_memo/vendor/laravel/framework/src/Illuminate/Foundation/Http/Middleware/VerifyCsrfToken.php(78): Illuminate\\Pipeline\\Pipeline->Illuminate\\Pipeline\\{closure}(Object(Illuminate\\Http\\Request))
#16 /var/www/TRDSv2_laravel8_memo/vendor/laravel/framework/src/Illuminate/Pipeline/Pipeline.php(167): Illuminate\\Foundation\\Http\\Middleware\\VerifyCsrfToken->handle(Object(Illuminate\\Http\\Request), Object(Closure))
#17 /var/www/TRDSv2_laravel8_memo/vendor/laravel/framework/src/Illuminate/View/Middleware/ShareErrorsFromSession.php(49): Illuminate\\Pipeline\\Pipeline->Illuminate\\Pipeline\\{closure}(Object(Illuminate\\Http\\Request))
#18 /var/www/TRDSv2_laravel8_memo/vendor/laravel/framework/src/Illuminate/Pipeline/Pipeline.php(167): Illuminate\\View\\Middleware\\ShareErrorsFromSession->handle(Object(Illuminate\\Http\\Request), Object(Closure))
#19 /var/www/TRDSv2_laravel8_memo/vendor/laravel/framework/src/Illuminate/Session/Middleware/StartSession.php(121): Illuminate\\Pipeline\\Pipeline->Illuminate\\Pipeline\\{closure}(Object(Illuminate\\Http\\Request))
#20 /var/www/TRDSv2_laravel8_memo/vendor/laravel/framework/src/Illuminate/Session/Middleware/StartSession.php(64): Illuminate\\Session\\Middleware\\StartSession->handleStatefulRequest(Object(Illuminate\\Http\\Request), Object(Illuminate\\Session\\Store), Object(Closure))
#21 /var/www/TRDSv2_laravel8_memo/vendor/laravel/framework/src/Illuminate/Pipeline/Pipeline.php(167): Illuminate\\Session\\Middleware\\StartSession->handle(Object(Illuminate\\Http\\Request), Object(Closure))
#22 /var/www/TRDSv2_laravel8_memo/vendor/laravel/framework/src/Illuminate/Cookie/Middleware/AddQueuedCookiesToResponse.php(37): Illuminate\\Pipeline\\Pipeline->Illuminate\\Pipeline\\{closure}(Object(Illuminate\\Http\\Request))
#23 /var/www/TRDSv2_laravel8_memo/vendor/laravel/framework/src/Illuminate/Pipeline/Pipeline.php(167): Illuminate\\Cookie\\Middleware\\AddQueuedCookiesToResponse->handle(Object(Illuminate\\Http\\Request), Object(Closure))
#24 /var/www/TRDSv2_laravel8_memo/vendor/laravel/framework/src/Illuminate/Cookie/Middleware/EncryptCookies.php(67): Illuminate\\Pipeline\\Pipeline->Illuminate\\Pipeline\\{closure}(Object(Illuminate\\Http\\Request))
#25 /var/www/TRDSv2_laravel8_memo/vendor/laravel/framework/src/Illuminate/Pipeline/Pipeline.php(167): Illuminate\\Cookie\\Middleware\\EncryptCookies->handle(Object(Illuminate\\Http\\Request), Object(Closure))
#26 /var/www/TRDSv2_laravel8_memo/vendor/laravel/framework/src/Illuminate/Pipeline/Pipeline.php(103): Illuminate\\Pipeline\\Pipeline->Illuminate\\Pipeline\\{closure}(Object(Illuminate\\Http\\Request))
#27 /var/www/TRDSv2_laravel8_memo/vendor/laravel/framework/src/Illuminate/Routing/Router.php(723): Illuminate\\Pipeline\\Pipeline->then(Object(Closure))
#28 /var/www/TRDSv2_laravel8_memo/vendor/laravel/framework/src/Illuminate/Routing/Router.php(698): Illuminate\\Routing\\Router->runRouteWithinStack(Object(Illuminate\\Routing\\Route), Object(Illuminate\\Http\\Request))
#29 /var/www/TRDSv2_laravel8_memo/vendor/laravel/framework/src/Illuminate/Routing/Router.php(662): Illuminate\\Routing\\Router->runRoute(Object(Illuminate\\Http\\Request), Object(Illuminate\\Routing\\Route))
#30 /var/www/TRDSv2_laravel8_memo/vendor/laravel/framework/src/Illuminate/Routing/Router.php(651): Illuminate\\Routing\\Router->dispatchToRoute(Object(Illuminate\\Http\\Request))
#31 /var/www/TRDSv2_laravel8_memo/vendor/laravel/framework/src/Illuminate/Foundation/Http/Kernel.php(167): Illuminate\\Routing\\Router->dispatch(Object(Illuminate\\Http\\Request))
#32 /var/www/TRDSv2_laravel8_memo/vendor/laravel/framework/src/Illuminate/Pipeline/Pipeline.php(128): Illuminate\\Foundation\\Http\\Kernel->Illuminate\\Foundation\\Http\\{closure}(Object(Illuminate\\Http\\Request))
#33 /var/www/TRDSv2_laravel8_memo/vendor/laravel/framework/src/Illuminate/Foundation/Http/Middleware/TransformsRequest.php(21): Illuminate\\Pipeline\\Pipeline->Illuminate\\Pipeline\\{closure}(Object(Illuminate\\Http\\Request))
#34 /var/www/TRDSv2_laravel8_memo/vendor/laravel/framework/src/Illuminate/Foundation/Http/Middleware/ConvertEmptyStringsToNull.php(31): Illuminate\\Foundation\\Http\\Middleware\\TransformsRequest->handle(Object(Illuminate\\Http\\Request), Object(Closure))
#35 /var/www/TRDSv2_laravel8_memo/vendor/laravel/framework/src/Illuminate/Pipeline/Pipeline.php(167): Illuminate\\Foundation\\Http\\Middleware\\ConvertEmptyStringsToNull->handle(Object(Illuminate\\Http\\Request), Object(Closure))
#36 /var/www/TRDSv2_laravel8_memo/vendor/laravel/framework/src/Illuminate/Foundation/Http/Middleware/TransformsRequest.php(21): Illuminate\\Pipeline\\Pipeline->Illuminate\\Pipeline\\{closure}(Object(Illuminate\\Http\\Request))
#37 /var/www/TRDSv2_laravel8_memo/vendor/laravel/framework/src/Illuminate/Foundation/Http/Middleware/TrimStrings.php(40): Illuminate\\Foundation\\Http\\Middleware\\TransformsRequest->handle(Object(Illuminate\\Http\\Request), Object(Closure))
#38 /var/www/TRDSv2_laravel8_memo/vendor/laravel/framework/src/Illuminate/Pipeline/Pipeline.php(167): Illuminate\\Foundation\\Http\\Middleware\\TrimStrings->handle(Object(Illuminate\\Http\\Request), Object(Closure))
#39 /var/www/TRDSv2_laravel8_memo/vendor/laravel/framework/src/Illuminate/Foundation/Http/Middleware/ValidatePostSize.php(27): Illuminate\\Pipeline\\Pipeline->Illuminate\\Pipeline\\{closure}(Object(Illuminate\\Http\\Request))
#40 /var/www/TRDSv2_laravel8_memo/vendor/laravel/framework/src/Illuminate/Pipeline/Pipeline.php(167): Illuminate\\Foundation\\Http\\Middleware\\ValidatePostSize->handle(Object(Illuminate\\Http\\Request), Object(Closure))
#41 /var/www/TRDSv2_laravel8_memo/vendor/laravel/framework/src/Illuminate/Foundation/Http/Middleware/PreventRequestsDuringMaintenance.php(86): Illuminate\\Pipeline\\Pipeline->Illuminate\\Pipeline\\{closure}(Object(Illuminate\\Http\\Request))
#42 /var/www/TRDSv2_laravel8_memo/vendor/laravel/framework/src/Illuminate/Pipeline/Pipeline.php(167): Illuminate\\Foundation\\Http\\Middleware\\PreventRequestsDuringMaintenance->handle(Object(Illuminate\\Http\\Request), Object(Closure))
#43 /var/www/TRDSv2_laravel8_memo/vendor/fideloper/proxy/src/TrustProxies.php(57): Illuminate\\Pipeline\\Pipeline->Illuminate\\Pipeline\\{closure}(Object(Illuminate\\Http\\Request))
#44 /var/www/TRDSv2_laravel8_memo/vendor/laravel/framework/src/Illuminate/Pipeline/Pipeline.php(167): Fideloper\\Proxy\\TrustProxies->handle(Object(Illuminate\\Http\\Request), Object(Closure))
#45 /var/www/TRDSv2_laravel8_memo/vendor/laravel/framework/src/Illuminate/Pipeline/Pipeline.php(103): Illuminate\\Pipeline\\Pipeline->Illuminate\\Pipeline\\{closure}(Object(Illuminate\\Http\\Request))
#46 /var/www/TRDSv2_laravel8_memo/vendor/laravel/framework/src/Illuminate/Foundation/Http/Kernel.php(142): Illuminate\\Pipeline\\Pipeline->then(Object(Closure))
#47 /var/www/TRDSv2_laravel8_memo/vendor/laravel/framework/src/Illuminate/Foundation/Http/Kernel.php(111): Illuminate\\Foundation\\Http\\Kernel->sendRequestThroughRouter(Object(Illuminate\\Http\\Request))
#48 /var/www/TRDSv2_laravel8_memo/index.php(55): Illuminate\\Foundation\\Http\\Kernel->handle(Object(Illuminate\\Http\\Request))
#49 {main}
"} 
[2026-07-10 18:50:07] local.ERROR: Undefined index: email {"exception":"[object] (ErrorException(code: 0): Undefined index: email at /var/www/TRDSv2_laravel8_memo/vendor/laravel/framework/src/Illuminate/Collections/Collection.php:1641)
[stacktrace]
#0 /var/www/TRDSv2_laravel8_memo/vendor/laravel/framework/src/Illuminate/Collections/Collection.php(1641): Illuminate\\Foundation\\Bootstrap\\HandleExceptions->handleError(8, 'Undefined index...', '/var/www/TRDSv2...', 1641, Array)
#1 /var/www/TRDSv2_laravel8_memo/app/Http/Controllers/QualificationCertificationController.php(351): Illuminate\\Support\\Collection->offsetGet('email')
#2 /var/www/TRDSv2_laravel8_memo/app/Http/Controllers/QualificationCertificationController.php(654): App\\Http\\Controllers\\QualificationCertificationController->saveFormSendEmail(Array)
#3 /var/www/TRDSv2_laravel8_memo/vendor/laravel/framework/src/Illuminate/Routing/Controller.php(54): App\\Http\\Controllers\\QualificationCertificationController->saveQualificationCertificationOper(Object(Illuminate\\Http\\Request))
#4 /var/www/TRDSv2_laravel8_memo/vendor/laravel/framework/src/Illuminate/Routing/ControllerDispatcher.php(45): Illuminate\\Routing\\Controller->callAction('saveQualificati...', Array)
#5 /var/www/TRDSv2_laravel8_memo/vendor/laravel/framework/src/Illuminate/Routing/Route.php(262): Illuminate\\Routing\\ControllerDispatcher->dispatch(Object(Illuminate\\Routing\\Route), Object(App\\Http\\Controllers\\QualificationCertificationController), 'saveQualificati...')
#6 /var/www/TRDSv2_laravel8_memo/vendor/laravel/framework/src/Illuminate/Routing/Route.php(205): Illuminate\\Routing\\Route->runController()
#7 /var/www/TRDSv2_laravel8_memo/vendor/laravel/framework/src/Illuminate/Routing/Router.php(721): Illuminate\\Routing\\Route->run()
#8 /var/www/TRDSv2_laravel8_memo/vendor/laravel/framework/src/Illuminate/Pipeline/Pipeline.php(128): Illuminate\\Routing\\Router->Illuminate\\Routing\\{closure}(Object(Illuminate\\Http\\Request))
#9 /var/www/TRDSv2_laravel8_memo/app/Http/Middleware/CheckSession.php(55): Illuminate\\Pipeline\\Pipeline->Illuminate\\Pipeline\\{closure}(Object(Illuminate\\Http\\Request))
#10 /var/www/TRDSv2_laravel8_memo/vendor/laravel/framework/src/Illuminate/Pipeline/Pipeline.php(167): App\\Http\\Middleware\\CheckSession->handle(Object(Illuminate\\Http\\Request), Object(Closure))
#11 /var/www/TRDSv2_laravel8_memo/vendor/laravel/framework/src/Illuminate/Routing/Middleware/SubstituteBindings.php(50): Illuminate\\Pipeline\\Pipeline->Illuminate\\Pipeline\\{closure}(Object(Illuminate\\Http\\Request))
#12 /var/www/TRDSv2_laravel8_memo/vendor/laravel/framework/src/Illuminate/Pipeline/Pipeline.php(167): Illuminate\\Routing\\Middleware\\SubstituteBindings->handle(Object(Illuminate\\Http\\Request), Object(Closure))
#13 /var/www/TRDSv2_laravel8_memo/vendor/laravel/framework/src/Illuminate/Foundation/Http/Middleware/VerifyCsrfToken.php(78): Illuminate\\Pipeline\\Pipeline->Illuminate\\Pipeline\\{closure}(Object(Illuminate\\Http\\Request))
#14 /var/www/TRDSv2_laravel8_memo/vendor/laravel/framework/src/Illuminate/Pipeline/Pipeline.php(167): Illuminate\\Foundation\\Http\\Middleware\\VerifyCsrfToken->handle(Object(Illuminate\\Http\\Request), Object(Closure))
#15 /var/www/TRDSv2_laravel8_memo/vendor/laravel/framework/src/Illuminate/View/Middleware/ShareErrorsFromSession.php(49): Illuminate\\Pipeline\\Pipeline->Illuminate\\Pipeline\\{closure}(Object(Illuminate\\Http\\Request))
#16 /var/www/TRDSv2_laravel8_memo/vendor/laravel/framework/src/Illuminate/Pipeline/Pipeline.php(167): Illuminate\\View\\Middleware\\ShareErrorsFromSession->handle(Object(Illuminate\\Http\\Request), Object(Closure))
#17 /var/www/TRDSv2_laravel8_memo/vendor/laravel/framework/src/Illuminate/Session/Middleware/StartSession.php(121): Illuminate\\Pipeline\\Pipeline->Illuminate\\Pipeline\\{closure}(Object(Illuminate\\Http\\Request))
#18 /var/www/TRDSv2_laravel8_memo/vendor/laravel/framework/src/Illuminate/Session/Middleware/StartSession.php(64): Illuminate\\Session\\Middleware\\StartSession->handleStatefulRequest(Object(Illuminate\\Http\\Request), Object(Illuminate\\Session\\Store), Object(Closure))
#19 /var/www/TRDSv2_laravel8_memo/vendor/laravel/framework/src/Illuminate/Pipeline/Pipeline.php(167): Illuminate\\Session\\Middleware\\StartSession->handle(Object(Illuminate\\Http\\Request), Object(Closure))
#20 /var/www/TRDSv2_laravel8_memo/vendor/laravel/framework/src/Illuminate/Cookie/Middleware/AddQueuedCookiesToResponse.php(37): Illuminate\\Pipeline\\Pipeline->Illuminate\\Pipeline\\{closure}(Object(Illuminate\\Http\\Request))
#21 /var/www/TRDSv2_laravel8_memo/vendor/laravel/framework/src/Illuminate/Pipeline/Pipeline.php(167): Illuminate\\Cookie\\Middleware\\AddQueuedCookiesToResponse->handle(Object(Illuminate\\Http\\Request), Object(Closure))
#22 /var/www/TRDSv2_laravel8_memo/vendor/laravel/framework/src/Illuminate/Cookie/Middleware/EncryptCookies.php(67): Illuminate\\Pipeline\\Pipeline->Illuminate\\Pipeline\\{closure}(Object(Illuminate\\Http\\Request))
#23 /var/www/TRDSv2_laravel8_memo/vendor/laravel/framework/src/Illuminate/Pipeline/Pipeline.php(167): Illuminate\\Cookie\\Middleware\\EncryptCookies->handle(Object(Illuminate\\Http\\Request), Object(Closure))
#24 /var/www/TRDSv2_laravel8_memo/vendor/laravel/framework/src/Illuminate/Pipeline/Pipeline.php(103): Illuminate\\Pipeline\\Pipeline->Illuminate\\Pipeline\\{closure}(Object(Illuminate\\Http\\Request))
#25 /var/www/TRDSv2_laravel8_memo/vendor/laravel/framework/src/Illuminate/Routing/Router.php(723): Illuminate\\Pipeline\\Pipeline->then(Object(Closure))
#26 /var/www/TRDSv2_laravel8_memo/vendor/laravel/framework/src/Illuminate/Routing/Router.php(698): Illuminate\\Routing\\Router->runRouteWithinStack(Object(Illuminate\\Routing\\Route), Object(Illuminate\\Http\\Request))
#27 /var/www/TRDSv2_laravel8_memo/vendor/laravel/framework/src/Illuminate/Routing/Router.php(662): Illuminate\\Routing\\Router->runRoute(Object(Illuminate\\Http\\Request), Object(Illuminate\\Routing\\Route))
#28 /var/www/TRDSv2_laravel8_memo/vendor/laravel/framework/src/Illuminate/Routing/Router.php(651): Illuminate\\Routing\\Router->dispatchToRoute(Object(Illuminate\\Http\\Request))
#29 /var/www/TRDSv2_laravel8_memo/vendor/laravel/framework/src/Illuminate/Foundation/Http/Kernel.php(167): Illuminate\\Routing\\Router->dispatch(Object(Illuminate\\Http\\Request))
#30 /var/www/TRDSv2_laravel8_memo/vendor/laravel/framework/src/Illuminate/Pipeline/Pipeline.php(128): Illuminate\\Foundation\\Http\\Kernel->Illuminate\\Foundation\\Http\\{closure}(Object(Illuminate\\Http\\Request))
#31 /var/www/TRDSv2_laravel8_memo/vendor/laravel/framework/src/Illuminate/Foundation/Http/Middleware/TransformsRequest.php(21): Illuminate\\Pipeline\\Pipeline->Illuminate\\Pipeline\\{closure}(Object(Illuminate\\Http\\Request))
#32 /var/www/TRDSv2_laravel8_memo/vendor/laravel/framework/src/Illuminate/Foundation/Http/Middleware/ConvertEmptyStringsToNull.php(31): Illuminate\\Foundation\\Http\\Middleware\\TransformsRequest->handle(Object(Illuminate\\Http\\Request), Object(Closure))
#33 /var/www/TRDSv2_laravel8_memo/vendor/laravel/framework/src/Illuminate/Pipeline/Pipeline.php(167): Illuminate\\Foundation\\Http\\Middleware\\ConvertEmptyStringsToNull->handle(Object(Illuminate\\Http\\Request), Object(Closure))
#34 /var/www/TRDSv2_laravel8_memo/vendor/laravel/framework/src/Illuminate/Foundation/Http/Middleware/TransformsRequest.php(21): Illuminate\\Pipeline\\Pipeline->Illuminate\\Pipeline\\{closure}(Object(Illuminate\\Http\\Request))
#35 /var/www/TRDSv2_laravel8_memo/vendor/laravel/framework/src/Illuminate/Foundation/Http/Middleware/TrimStrings.php(40): Illuminate\\Foundation\\Http\\Middleware\\TransformsRequest->handle(Object(Illuminate\\Http\\Request), Object(Closure))
#36 /var/www/TRDSv2_laravel8_memo/vendor/laravel/framework/src/Illuminate/Pipeline/Pipeline.php(167): Illuminate\\Foundation\\Http\\Middleware\\TrimStrings->handle(Object(Illuminate\\Http\\Request), Object(Closure))
#37 /var/www/TRDSv2_laravel8_memo/vendor/laravel/framework/src/Illuminate/Foundation/Http/Middleware/ValidatePostSize.php(27): Illuminate\\Pipeline\\Pipeline->Illuminate\\Pipeline\\{closure}(Object(Illuminate\\Http\\Request))
#38 /var/www/TRDSv2_laravel8_memo/vendor/laravel/framework/src/Illuminate/Pipeline/Pipeline.php(167): Illuminate\\Foundation\\Http\\Middleware\\ValidatePostSize->handle(Object(Illuminate\\Http\\Request), Object(Closure))
#39 /var/www/TRDSv2_laravel8_memo/vendor/laravel/framework/src/Illuminate/Foundation/Http/Middleware/PreventRequestsDuringMaintenance.php(86): Illuminate\\Pipeline\\Pipeline->Illuminate\\Pipeline\\{closure}(Object(Illuminate\\Http\\Request))
#40 /var/www/TRDSv2_laravel8_memo/vendor/laravel/framework/src/Illuminate/Pipeline/Pipeline.php(167): Illuminate\\Foundation\\Http\\Middleware\\PreventRequestsDuringMaintenance->handle(Object(Illuminate\\Http\\Request), Object(Closure))
#41 /var/www/TRDSv2_laravel8_memo/vendor/fideloper/proxy/src/TrustProxies.php(57): Illuminate\\Pipeline\\Pipeline->Illuminate\\Pipeline\\{closure}(Object(Illuminate\\Http\\Request))
#42 /var/www/TRDSv2_laravel8_memo/vendor/laravel/framework/src/Illuminate/Pipeline/Pipeline.php(167): Fideloper\\Proxy\\TrustProxies->handle(Object(Illuminate\\Http\\Request), Object(Closure))
#43 /var/www/TRDSv2_laravel8_memo/vendor/laravel/framework/src/Illuminate/Pipeline/Pipeline.php(103): Illuminate\\Pipeline\\Pipeline->Illuminate\\Pipeline\\{closure}(Object(Illuminate\\Http\\Request))
#44 /var/www/TRDSv2_laravel8_memo/vendor/laravel/framework/src/Illuminate/Foundation/Http/Kernel.php(142): Illuminate\\Pipeline\\Pipeline->then(Object(Closure))
#45 /var/www/TRDSv2_laravel8_memo/vendor/laravel/framework/src/Illuminate/Foundation/Http/Kernel.php(111): Illuminate\\Foundation\\Http\\Kernel->sendRequestThroughRouter(Object(Illuminate\\Http\\Request))
#46 /var/www/TRDSv2_laravel8_memo/index.php(55): Illuminate\\Foundation\\Http\\Kernel->handle(Object(Illuminate\\Http\\Request))
#47 {main}
"} 
[2026-07-10 18:50:39] local.ERROR: implode(): Invalid arguments passed {"exception":"[object] (ErrorException(code: 0): implode(): Invalid arguments passed at /var/www/TRDSv2_laravel8_memo/app/Http/Controllers/QualificationCertificationController.php:347)
[stacktrace]
#0 [internal function]: Illuminate\\Foundation\\Bootstrap\\HandleExceptions->handleError(2, 'implode(): Inva...', '/var/www/TRDSv2...', 347, Array)
#1 /var/www/TRDSv2_laravel8_memo/app/Http/Controllers/QualificationCertificationController.php(347): implode(',', 'jprosario@prico...')
#2 [internal function]: App\\Http\\Controllers\\QualificationCertificationController->App\\Http\\Controllers\\{closure}(Array, 0)
#3 /var/www/TRDSv2_laravel8_memo/vendor/laravel/framework/src/Illuminate/Collections/Collection.php(695): array_map(Object(Closure), Array, Array)
#4 /var/www/TRDSv2_laravel8_memo/app/Http/Controllers/QualificationCertificationController.php(350): Illuminate\\Support\\Collection->map(Object(Closure))
#5 /var/www/TRDSv2_laravel8_memo/app/Http/Controllers/QualificationCertificationController.php(654): App\\Http\\Controllers\\QualificationCertificationController->saveFormSendEmail(Array)
#6 /var/www/TRDSv2_laravel8_memo/vendor/laravel/framework/src/Illuminate/Routing/Controller.php(54): App\\Http\\Controllers\\QualificationCertificationController->saveQualificationCertificationOper(Object(Illuminate\\Http\\Request))
#7 /var/www/TRDSv2_laravel8_memo/vendor/laravel/framework/src/Illuminate/Routing/ControllerDispatcher.php(45): Illuminate\\Routing\\Controller->callAction('saveQualificati...', Array)
#8 /var/www/TRDSv2_laravel8_memo/vendor/laravel/framework/src/Illuminate/Routing/Route.php(262): Illuminate\\Routing\\ControllerDispatcher->dispatch(Object(Illuminate\\Routing\\Route), Object(App\\Http\\Controllers\\QualificationCertificationController), 'saveQualificati...')
#9 /var/www/TRDSv2_laravel8_memo/vendor/laravel/framework/src/Illuminate/Routing/Route.php(205): Illuminate\\Routing\\Route->runController()
#10 /var/www/TRDSv2_laravel8_memo/vendor/laravel/framework/src/Illuminate/Routing/Router.php(721): Illuminate\\Routing\\Route->run()
#11 /var/www/TRDSv2_laravel8_memo/vendor/laravel/framework/src/Illuminate/Pipeline/Pipeline.php(128): Illuminate\\Routing\\Router->Illuminate\\Routing\\{closure}(Object(Illuminate\\Http\\Request))
#12 /var/www/TRDSv2_laravel8_memo/app/Http/Middleware/CheckSession.php(55): Illuminate\\Pipeline\\Pipeline->Illuminate\\Pipeline\\{closure}(Object(Illuminate\\Http\\Request))
#13 /var/www/TRDSv2_laravel8_memo/vendor/laravel/framework/src/Illuminate/Pipeline/Pipeline.php(167): App\\Http\\Middleware\\CheckSession->handle(Object(Illuminate\\Http\\Request), Object(Closure))
#14 /var/www/TRDSv2_laravel8_memo/vendor/laravel/framework/src/Illuminate/Routing/Middleware/SubstituteBindings.php(50): Illuminate\\Pipeline\\Pipeline->Illuminate\\Pipeline\\{closure}(Object(Illuminate\\Http\\Request))
#15 /var/www/TRDSv2_laravel8_memo/vendor/laravel/framework/src/Illuminate/Pipeline/Pipeline.php(167): Illuminate\\Routing\\Middleware\\SubstituteBindings->handle(Object(Illuminate\\Http\\Request), Object(Closure))
#16 /var/www/TRDSv2_laravel8_memo/vendor/laravel/framework/src/Illuminate/Foundation/Http/Middleware/VerifyCsrfToken.php(78): Illuminate\\Pipeline\\Pipeline->Illuminate\\Pipeline\\{closure}(Object(Illuminate\\Http\\Request))
#17 /var/www/TRDSv2_laravel8_memo/vendor/laravel/framework/src/Illuminate/Pipeline/Pipeline.php(167): Illuminate\\Foundation\\Http\\Middleware\\VerifyCsrfToken->handle(Object(Illuminate\\Http\\Request), Object(Closure))
#18 /var/www/TRDSv2_laravel8_memo/vendor/laravel/framework/src/Illuminate/View/Middleware/ShareErrorsFromSession.php(49): Illuminate\\Pipeline\\Pipeline->Illuminate\\Pipeline\\{closure}(Object(Illuminate\\Http\\Request))
#19 /var/www/TRDSv2_laravel8_memo/vendor/laravel/framework/src/Illuminate/Pipeline/Pipeline.php(167): Illuminate\\View\\Middleware\\ShareErrorsFromSession->handle(Object(Illuminate\\Http\\Request), Object(Closure))
#20 /var/www/TRDSv2_laravel8_memo/vendor/laravel/framework/src/Illuminate/Session/Middleware/StartSession.php(121): Illuminate\\Pipeline\\Pipeline->Illuminate\\Pipeline\\{closure}(Object(Illuminate\\Http\\Request))
#21 /var/www/TRDSv2_laravel8_memo/vendor/laravel/framework/src/Illuminate/Session/Middleware/StartSession.php(64): Illuminate\\Session\\Middleware\\StartSession->handleStatefulRequest(Object(Illuminate\\Http\\Request), Object(Illuminate\\Session\\Store), Object(Closure))
#22 /var/www/TRDSv2_laravel8_memo/vendor/laravel/framework/src/Illuminate/Pipeline/Pipeline.php(167): Illuminate\\Session\\Middleware\\StartSession->handle(Object(Illuminate\\Http\\Request), Object(Closure))
#23 /var/www/TRDSv2_laravel8_memo/vendor/laravel/framework/src/Illuminate/Cookie/Middleware/AddQueuedCookiesToResponse.php(37): Illuminate\\Pipeline\\Pipeline->Illuminate\\Pipeline\\{closure}(Object(Illuminate\\Http\\Request))
#24 /var/www/TRDSv2_laravel8_memo/vendor/laravel/framework/src/Illuminate/Pipeline/Pipeline.php(167): Illuminate\\Cookie\\Middleware\\AddQueuedCookiesToResponse->handle(Object(Illuminate\\Http\\Request), Object(Closure))
#25 /var/www/TRDSv2_laravel8_memo/vendor/laravel/framework/src/Illuminate/Cookie/Middleware/EncryptCookies.php(67): Illuminate\\Pipeline\\Pipeline->Illuminate\\Pipeline\\{closure}(Object(Illuminate\\Http\\Request))
#26 /var/www/TRDSv2_laravel8_memo/vendor/laravel/framework/src/Illuminate/Pipeline/Pipeline.php(167): Illuminate\\Cookie\\Middleware\\EncryptCookies->handle(Object(Illuminate\\Http\\Request), Object(Closure))
#27 /var/www/TRDSv2_laravel8_memo/vendor/laravel/framework/src/Illuminate/Pipeline/Pipeline.php(103): Illuminate\\Pipeline\\Pipeline->Illuminate\\Pipeline\\{closure}(Object(Illuminate\\Http\\Request))
#28 /var/www/TRDSv2_laravel8_memo/vendor/laravel/framework/src/Illuminate/Routing/Router.php(723): Illuminate\\Pipeline\\Pipeline->then(Object(Closure))
#29 /var/www/TRDSv2_laravel8_memo/vendor/laravel/framework/src/Illuminate/Routing/Router.php(698): Illuminate\\Routing\\Router->runRouteWithinStack(Object(Illuminate\\Routing\\Route), Object(Illuminate\\Http\\Request))
#30 /var/www/TRDSv2_laravel8_memo/vendor/laravel/framework/src/Illuminate/Routing/Router.php(662): Illuminate\\Routing\\Router->runRoute(Object(Illuminate\\Http\\Request), Object(Illuminate\\Routing\\Route))
#31 /var/www/TRDSv2_laravel8_memo/vendor/laravel/framework/src/Illuminate/Routing/Router.php(651): Illuminate\\Routing\\Router->dispatchToRoute(Object(Illuminate\\Http\\Request))
#32 /var/www/TRDSv2_laravel8_memo/vendor/laravel/framework/src/Illuminate/Foundation/Http/Kernel.php(167): Illuminate\\Routing\\Router->dispatch(Object(Illuminate\\Http\\Request))
#33 /var/www/TRDSv2_laravel8_memo/vendor/laravel/framework/src/Illuminate/Pipeline/Pipeline.php(128): Illuminate\\Foundation\\Http\\Kernel->Illuminate\\Foundation\\Http\\{closure}(Object(Illuminate\\Http\\Request))
#34 /var/www/TRDSv2_laravel8_memo/vendor/laravel/framework/src/Illuminate/Foundation/Http/Middleware/TransformsRequest.php(21): Illuminate\\Pipeline\\Pipeline->Illuminate\\Pipeline\\{closure}(Object(Illuminate\\Http\\Request))
#35 /var/www/TRDSv2_laravel8_memo/vendor/laravel/framework/src/Illuminate/Foundation/Http/Middleware/ConvertEmptyStringsToNull.php(31): Illuminate\\Foundation\\Http\\Middleware\\TransformsRequest->handle(Object(Illuminate\\Http\\Request), Object(Closure))
#36 /var/www/TRDSv2_laravel8_memo/vendor/laravel/framework/src/Illuminate/Pipeline/Pipeline.php(167): Illuminate\\Foundation\\Http\\Middleware\\ConvertEmptyStringsToNull->handle(Object(Illuminate\\Http\\Request), Object(Closure))
#37 /var/www/TRDSv2_laravel8_memo/vendor/laravel/framework/src/Illuminate/Foundation/Http/Middleware/TransformsRequest.php(21): Illuminate\\Pipeline\\Pipeline->Illuminate\\Pipeline\\{closure}(Object(Illuminate\\Http\\Request))
#38 /var/www/TRDSv2_laravel8_memo/vendor/laravel/framework/src/Illuminate/Foundation/Http/Middleware/TrimStrings.php(40): Illuminate\\Foundation\\Http\\Middleware\\TransformsRequest->handle(Object(Illuminate\\Http\\Request), Object(Closure))
#39 /var/www/TRDSv2_laravel8_memo/vendor/laravel/framework/src/Illuminate/Pipeline/Pipeline.php(167): Illuminate\\Foundation\\Http\\Middleware\\TrimStrings->handle(Object(Illuminate\\Http\\Request), Object(Closure))
#40 /var/www/TRDSv2_laravel8_memo/vendor/laravel/framework/src/Illuminate/Foundation/Http/Middleware/ValidatePostSize.php(27): Illuminate\\Pipeline\\Pipeline->Illuminate\\Pipeline\\{closure}(Object(Illuminate\\Http\\Request))
#41 /var/www/TRDSv2_laravel8_memo/vendor/laravel/framework/src/Illuminate/Pipeline/Pipeline.php(167): Illuminate\\Foundation\\Http\\Middleware\\ValidatePostSize->handle(Object(Illuminate\\Http\\Request), Object(Closure))
#42 /var/www/TRDSv2_laravel8_memo/vendor/laravel/framework/src/Illuminate/Foundation/Http/Middleware/PreventRequestsDuringMaintenance.php(86): Illuminate\\Pipeline\\Pipeline->Illuminate\\Pipeline\\{closure}(Object(Illuminate\\Http\\Request))
#43 /var/www/TRDSv2_laravel8_memo/vendor/laravel/framework/src/Illuminate/Pipeline/Pipeline.php(167): Illuminate\\Foundation\\Http\\Middleware\\PreventRequestsDuringMaintenance->handle(Object(Illuminate\\Http\\Request), Object(Closure))
#44 /var/www/TRDSv2_laravel8_memo/vendor/fideloper/proxy/src/TrustProxies.php(57): Illuminate\\Pipeline\\Pipeline->Illuminate\\Pipeline\\{closure}(Object(Illuminate\\Http\\Request))
#45 /var/www/TRDSv2_laravel8_memo/vendor/laravel/framework/src/Illuminate/Pipeline/Pipeline.php(167): Fideloper\\Proxy\\TrustProxies->handle(Object(Illuminate\\Http\\Request), Object(Closure))
#46 /var/www/TRDSv2_laravel8_memo/vendor/laravel/framework/src/Illuminate/Pipeline/Pipeline.php(103): Illuminate\\Pipeline\\Pipeline->Illuminate\\Pipeline\\{closure}(Object(Illuminate\\Http\\Request))
#47 /var/www/TRDSv2_laravel8_memo/vendor/laravel/framework/src/Illuminate/Foundation/Http/Kernel.php(142): Illuminate\\Pipeline\\Pipeline->then(Object(Closure))
#48 /var/www/TRDSv2_laravel8_memo/vendor/laravel/framework/src/Illuminate/Foundation/Http/Kernel.php(111): Illuminate\\Foundation\\Http\\Kernel->sendRequestThroughRouter(Object(Illuminate\\Http\\Request))
#49 /var/www/TRDSv2_laravel8_memo/index.php(55): Illuminate\\Foundation\\Http\\Kernel->handle(Object(Illuminate\\Http\\Request))
#50 {main}
"} 
[2026-07-10 18:50:58] local.ERROR: implode(): Invalid arguments passed {"exception":"[object] (ErrorException(code: 0): implode(): Invalid arguments passed at /var/www/TRDSv2_laravel8_memo/app/Http/Controllers/QualificationCertificationController.php:347)
[stacktrace]
#0 [internal function]: Illuminate\\Foundation\\Bootstrap\\HandleExceptions->handleError(2, 'implode(): Inva...', '/var/www/TRDSv2...', 347, Array)
#1 /var/www/TRDSv2_laravel8_memo/app/Http/Controllers/QualificationCertificationController.php(347): implode(' | ', 'jprosario@prico...')
#2 [internal function]: App\\Http\\Controllers\\QualificationCertificationController->App\\Http\\Controllers\\{closure}(Array, 0)
#3 /var/www/TRDSv2_laravel8_memo/vendor/laravel/framework/src/Illuminate/Collections/Collection.php(695): array_map(Object(Closure), Array, Array)
#4 /var/www/TRDSv2_laravel8_memo/app/Http/Controllers/QualificationCertificationController.php(350): Illuminate\\Support\\Collection->map(Object(Closure))
#5 /var/www/TRDSv2_laravel8_memo/app/Http/Controllers/QualificationCertificationController.php(654): App\\Http\\Controllers\\QualificationCertificationController->saveFormSendEmail(Array)
#6 /var/www/TRDSv2_laravel8_memo/vendor/laravel/framework/src/Illuminate/Routing/Controller.php(54): App\\Http\\Controllers\\QualificationCertificationController->saveQualificationCertificationOper(Object(Illuminate\\Http\\Request))
#7 /var/www/TRDSv2_laravel8_memo/vendor/laravel/framework/src/Illuminate/Routing/ControllerDispatcher.php(45): Illuminate\\Routing\\Controller->callAction('saveQualificati...', Array)
#8 /var/www/TRDSv2_laravel8_memo/vendor/laravel/framework/src/Illuminate/Routing/Route.php(262): Illuminate\\Routing\\ControllerDispatcher->dispatch(Object(Illuminate\\Routing\\Route), Object(App\\Http\\Controllers\\QualificationCertificationController), 'saveQualificati...')
#9 /var/www/TRDSv2_laravel8_memo/vendor/laravel/framework/src/Illuminate/Routing/Route.php(205): Illuminate\\Routing\\Route->runController()
#10 /var/www/TRDSv2_laravel8_memo/vendor/laravel/framework/src/Illuminate/Routing/Router.php(721): Illuminate\\Routing\\Route->run()
#11 /var/www/TRDSv2_laravel8_memo/vendor/laravel/framework/src/Illuminate/Pipeline/Pipeline.php(128): Illuminate\\Routing\\Router->Illuminate\\Routing\\{closure}(Object(Illuminate\\Http\\Request))
#12 /var/www/TRDSv2_laravel8_memo/app/Http/Middleware/CheckSession.php(55): Illuminate\\Pipeline\\Pipeline->Illuminate\\Pipeline\\{closure}(Object(Illuminate\\Http\\Request))
#13 /var/www/TRDSv2_laravel8_memo/vendor/laravel/framework/src/Illuminate/Pipeline/Pipeline.php(167): App\\Http\\Middleware\\CheckSession->handle(Object(Illuminate\\Http\\Request), Object(Closure))
#14 /var/www/TRDSv2_laravel8_memo/vendor/laravel/framework/src/Illuminate/Routing/Middleware/SubstituteBindings.php(50): Illuminate\\Pipeline\\Pipeline->Illuminate\\Pipeline\\{closure}(Object(Illuminate\\Http\\Request))
#15 /var/www/TRDSv2_laravel8_memo/vendor/laravel/framework/src/Illuminate/Pipeline/Pipeline.php(167): Illuminate\\Routing\\Middleware\\SubstituteBindings->handle(Object(Illuminate\\Http\\Request), Object(Closure))
#16 /var/www/TRDSv2_laravel8_memo/vendor/laravel/framework/src/Illuminate/Foundation/Http/Middleware/VerifyCsrfToken.php(78): Illuminate\\Pipeline\\Pipeline->Illuminate\\Pipeline\\{closure}(Object(Illuminate\\Http\\Request))
#17 /var/www/TRDSv2_laravel8_memo/vendor/laravel/framework/src/Illuminate/Pipeline/Pipeline.php(167): Illuminate\\Foundation\\Http\\Middleware\\VerifyCsrfToken->handle(Object(Illuminate\\Http\\Request), Object(Closure))
#18 /var/www/TRDSv2_laravel8_memo/vendor/laravel/framework/src/Illuminate/View/Middleware/ShareErrorsFromSession.php(49): Illuminate\\Pipeline\\Pipeline->Illuminate\\Pipeline\\{closure}(Object(Illuminate\\Http\\Request))
#19 /var/www/TRDSv2_laravel8_memo/vendor/laravel/framework/src/Illuminate/Pipeline/Pipeline.php(167): Illuminate\\View\\Middleware\\ShareErrorsFromSession->handle(Object(Illuminate\\Http\\Request), Object(Closure))
#20 /var/www/TRDSv2_laravel8_memo/vendor/laravel/framework/src/Illuminate/Session/Middleware/StartSession.php(121): Illuminate\\Pipeline\\Pipeline->Illuminate\\Pipeline\\{closure}(Object(Illuminate\\Http\\Request))
#21 /var/www/TRDSv2_laravel8_memo/vendor/laravel/framework/src/Illuminate/Session/Middleware/StartSession.php(64): Illuminate\\Session\\Middleware\\StartSession->handleStatefulRequest(Object(Illuminate\\Http\\Request), Object(Illuminate\\Session\\Store), Object(Closure))
#22 /var/www/TRDSv2_laravel8_memo/vendor/laravel/framework/src/Illuminate/Pipeline/Pipeline.php(167): Illuminate\\Session\\Middleware\\StartSession->handle(Object(Illuminate\\Http\\Request), Object(Closure))
#23 /var/www/TRDSv2_laravel8_memo/vendor/laravel/framework/src/Illuminate/Cookie/Middleware/AddQueuedCookiesToResponse.php(37): Illuminate\\Pipeline\\Pipeline->Illuminate\\Pipeline\\{closure}(Object(Illuminate\\Http\\Request))
#24 /var/www/TRDSv2_laravel8_memo/vendor/laravel/framework/src/Illuminate/Pipeline/Pipeline.php(167): Illuminate\\Cookie\\Middleware\\AddQueuedCookiesToResponse->handle(Object(Illuminate\\Http\\Request), Object(Closure))
#25 /var/www/TRDSv2_laravel8_memo/vendor/laravel/framework/src/Illuminate/Cookie/Middleware/EncryptCookies.php(67): Illuminate\\Pipeline\\Pipeline->Illuminate\\Pipeline\\{closure}(Object(Illuminate\\Http\\Request))
#26 /var/www/TRDSv2_laravel8_memo/vendor/laravel/framework/src/Illuminate/Pipeline/Pipeline.php(167): Illuminate\\Cookie\\Middleware\\EncryptCookies->handle(Object(Illuminate\\Http\\Request), Object(Closure))
#27 /var/www/TRDSv2_laravel8_memo/vendor/laravel/framework/src/Illuminate/Pipeline/Pipeline.php(103): Illuminate\\Pipeline\\Pipeline->Illuminate\\Pipeline\\{closure}(Object(Illuminate\\Http\\Request))
#28 /var/www/TRDSv2_laravel8_memo/vendor/laravel/framework/src/Illuminate/Routing/Router.php(723): Illuminate\\Pipeline\\Pipeline->then(Object(Closure))
#29 /var/www/TRDSv2_laravel8_memo/vendor/laravel/framework/src/Illuminate/Routing/Router.php(698): Illuminate\\Routing\\Router->runRouteWithinStack(Object(Illuminate\\Routing\\Route), Object(Illuminate\\Http\\Request))
#30 /var/www/TRDSv2_laravel8_memo/vendor/laravel/framework/src/Illuminate/Routing/Router.php(662): Illuminate\\Routing\\Router->runRoute(Object(Illuminate\\Http\\Request), Object(Illuminate\\Routing\\Route))
#31 /var/www/TRDSv2_laravel8_memo/vendor/laravel/framework/src/Illuminate/Routing/Router.php(651): Illuminate\\Routing\\Router->dispatchToRoute(Object(Illuminate\\Http\\Request))
#32 /var/www/TRDSv2_laravel8_memo/vendor/laravel/framework/src/Illuminate/Foundation/Http/Kernel.php(167): Illuminate\\Routing\\Router->dispatch(Object(Illuminate\\Http\\Request))
#33 /var/www/TRDSv2_laravel8_memo/vendor/laravel/framework/src/Illuminate/Pipeline/Pipeline.php(128): Illuminate\\Foundation\\Http\\Kernel->Illuminate\\Foundation\\Http\\{closure}(Object(Illuminate\\Http\\Request))
#34 /var/www/TRDSv2_laravel8_memo/vendor/laravel/framework/src/Illuminate/Foundation/Http/Middleware/TransformsRequest.php(21): Illuminate\\Pipeline\\Pipeline->Illuminate\\Pipeline\\{closure}(Object(Illuminate\\Http\\Request))
#35 /var/www/TRDSv2_laravel8_memo/vendor/laravel/framework/src/Illuminate/Foundation/Http/Middleware/ConvertEmptyStringsToNull.php(31): Illuminate\\Foundation\\Http\\Middleware\\TransformsRequest->handle(Object(Illuminate\\Http\\Request), Object(Closure))
#36 /var/www/TRDSv2_laravel8_memo/vendor/laravel/framework/src/Illuminate/Pipeline/Pipeline.php(167): Illuminate\\Foundation\\Http\\Middleware\\ConvertEmptyStringsToNull->handle(Object(Illuminate\\Http\\Request), Object(Closure))
#37 /var/www/TRDSv2_laravel8_memo/vendor/laravel/framework/src/Illuminate/Foundation/Http/Middleware/TransformsRequest.php(21): Illuminate\\Pipeline\\Pipeline->Illuminate\\Pipeline\\{closure}(Object(Illuminate\\Http\\Request))
#38 /var/www/TRDSv2_laravel8_memo/vendor/laravel/framework/src/Illuminate/Foundation/Http/Middleware/TrimStrings.php(40): Illuminate\\Foundation\\Http\\Middleware\\TransformsRequest->handle(Object(Illuminate\\Http\\Request), Object(Closure))
#39 /var/www/TRDSv2_laravel8_memo/vendor/laravel/framework/src/Illuminate/Pipeline/Pipeline.php(167): Illuminate\\Foundation\\Http\\Middleware\\TrimStrings->handle(Object(Illuminate\\Http\\Request), Object(Closure))
#40 /var/www/TRDSv2_laravel8_memo/vendor/laravel/framework/src/Illuminate/Foundation/Http/Middleware/ValidatePostSize.php(27): Illuminate\\Pipeline\\Pipeline->Illuminate\\Pipeline\\{closure}(Object(Illuminate\\Http\\Request))
#41 /var/www/TRDSv2_laravel8_memo/vendor/laravel/framework/src/Illuminate/Pipeline/Pipeline.php(167): Illuminate\\Foundation\\Http\\Middleware\\ValidatePostSize->handle(Object(Illuminate\\Http\\Request), Object(Closure))
#42 /var/www/TRDSv2_laravel8_memo/vendor/laravel/framework/src/Illuminate/Foundation/Http/Middleware/PreventRequestsDuringMaintenance.php(86): Illuminate\\Pipeline\\Pipeline->Illuminate\\Pipeline\\{closure}(Object(Illuminate\\Http\\Request))
#43 /var/www/TRDSv2_laravel8_memo/vendor/laravel/framework/src/Illuminate/Pipeline/Pipeline.php(167): Illuminate\\Foundation\\Http\\Middleware\\PreventRequestsDuringMaintenance->handle(Object(Illuminate\\Http\\Request), Object(Closure))
#44 /var/www/TRDSv2_laravel8_memo/vendor/fideloper/proxy/src/TrustProxies.php(57): Illuminate\\Pipeline\\Pipeline->Illuminate\\Pipeline\\{closure}(Object(Illuminate\\Http\\Request))
#45 /var/www/TRDSv2_laravel8_memo/vendor/laravel/framework/src/Illuminate/Pipeline/Pipeline.php(167): Fideloper\\Proxy\\TrustProxies->handle(Object(Illuminate\\Http\\Request), Object(Closure))
#46 /var/www/TRDSv2_laravel8_memo/vendor/laravel/framework/src/Illuminate/Pipeline/Pipeline.php(103): Illuminate\\Pipeline\\Pipeline->Illuminate\\Pipeline\\{closure}(Object(Illuminate\\Http\\Request))
#47 /var/www/TRDSv2_laravel8_memo/vendor/laravel/framework/src/Illuminate/Foundation/Http/Kernel.php(142): Illuminate\\Pipeline\\Pipeline->then(Object(Closure))
#48 /var/www/TRDSv2_laravel8_memo/vendor/laravel/framework/src/Illuminate/Foundation/Http/Kernel.php(111): Illuminate\\Foundation\\Http\\Kernel->sendRequestThroughRouter(Object(Illuminate\\Http\\Request))
#49 /var/www/TRDSv2_laravel8_memo/index.php(55): Illuminate\\Foundation\\Http\\Kernel->handle(Object(Illuminate\\Http\\Request))
#50 {main}
"} 
[2026-07-10 18:51:09] local.ERROR: implode(): Argument must be an array {"exception":"[object] (ErrorException(code: 0): implode(): Argument must be an array at /var/www/TRDSv2_laravel8_memo/app/Http/Controllers/QualificationCertificationController.php:347)
[stacktrace]
#0 [internal function]: Illuminate\\Foundation\\Bootstrap\\HandleExceptions->handleError(2, 'implode(): Argu...', '/var/www/TRDSv2...', 347, Array)
#1 /var/www/TRDSv2_laravel8_memo/app/Http/Controllers/QualificationCertificationController.php(347): implode('jprosario@prico...')
#2 [internal function]: App\\Http\\Controllers\\QualificationCertificationController->App\\Http\\Controllers\\{closure}(Array, 0)
#3 /var/www/TRDSv2_laravel8_memo/vendor/laravel/framework/src/Illuminate/Collections/Collection.php(695): array_map(Object(Closure), Array, Array)
#4 /var/www/TRDSv2_laravel8_memo/app/Http/Controllers/QualificationCertificationController.php(350): Illuminate\\Support\\Collection->map(Object(Closure))
#5 /var/www/TRDSv2_laravel8_memo/app/Http/Controllers/QualificationCertificationController.php(654): App\\Http\\Controllers\\QualificationCertificationController->saveFormSendEmail(Array)
#6 /var/www/TRDSv2_laravel8_memo/vendor/laravel/framework/src/Illuminate/Routing/Controller.php(54): App\\Http\\Controllers\\QualificationCertificationController->saveQualificationCertificationOper(Object(Illuminate\\Http\\Request))
#7 /var/www/TRDSv2_laravel8_memo/vendor/laravel/framework/src/Illuminate/Routing/ControllerDispatcher.php(45): Illuminate\\Routing\\Controller->callAction('saveQualificati...', Array)
#8 /var/www/TRDSv2_laravel8_memo/vendor/laravel/framework/src/Illuminate/Routing/Route.php(262): Illuminate\\Routing\\ControllerDispatcher->dispatch(Object(Illuminate\\Routing\\Route), Object(App\\Http\\Controllers\\QualificationCertificationController), 'saveQualificati...')
#9 /var/www/TRDSv2_laravel8_memo/vendor/laravel/framework/src/Illuminate/Routing/Route.php(205): Illuminate\\Routing\\Route->runController()
#10 /var/www/TRDSv2_laravel8_memo/vendor/laravel/framework/src/Illuminate/Routing/Router.php(721): Illuminate\\Routing\\Route->run()
#11 /var/www/TRDSv2_laravel8_memo/vendor/laravel/framework/src/Illuminate/Pipeline/Pipeline.php(128): Illuminate\\Routing\\Router->Illuminate\\Routing\\{closure}(Object(Illuminate\\Http\\Request))
#12 /var/www/TRDSv2_laravel8_memo/app/Http/Middleware/CheckSession.php(55): Illuminate\\Pipeline\\Pipeline->Illuminate\\Pipeline\\{closure}(Object(Illuminate\\Http\\Request))
#13 /var/www/TRDSv2_laravel8_memo/vendor/laravel/framework/src/Illuminate/Pipeline/Pipeline.php(167): App\\Http\\Middleware\\CheckSession->handle(Object(Illuminate\\Http\\Request), Object(Closure))
#14 /var/www/TRDSv2_laravel8_memo/vendor/laravel/framework/src/Illuminate/Routing/Middleware/SubstituteBindings.php(50): Illuminate\\Pipeline\\Pipeline->Illuminate\\Pipeline\\{closure}(Object(Illuminate\\Http\\Request))
#15 /var/www/TRDSv2_laravel8_memo/vendor/laravel/framework/src/Illuminate/Pipeline/Pipeline.php(167): Illuminate\\Routing\\Middleware\\SubstituteBindings->handle(Object(Illuminate\\Http\\Request), Object(Closure))
#16 /var/www/TRDSv2_laravel8_memo/vendor/laravel/framework/src/Illuminate/Foundation/Http/Middleware/VerifyCsrfToken.php(78): Illuminate\\Pipeline\\Pipeline->Illuminate\\Pipeline\\{closure}(Object(Illuminate\\Http\\Request))
#17 /var/www/TRDSv2_laravel8_memo/vendor/laravel/framework/src/Illuminate/Pipeline/Pipeline.php(167): Illuminate\\Foundation\\Http\\Middleware\\VerifyCsrfToken->handle(Object(Illuminate\\Http\\Request), Object(Closure))
#18 /var/www/TRDSv2_laravel8_memo/vendor/laravel/framework/src/Illuminate/View/Middleware/ShareErrorsFromSession.php(49): Illuminate\\Pipeline\\Pipeline->Illuminate\\Pipeline\\{closure}(Object(Illuminate\\Http\\Request))
#19 /var/www/TRDSv2_laravel8_memo/vendor/laravel/framework/src/Illuminate/Pipeline/Pipeline.php(167): Illuminate\\View\\Middleware\\ShareErrorsFromSession->handle(Object(Illuminate\\Http\\Request), Object(Closure))
#20 /var/www/TRDSv2_laravel8_memo/vendor/laravel/framework/src/Illuminate/Session/Middleware/StartSession.php(121): Illuminate\\Pipeline\\Pipeline->Illuminate\\Pipeline\\{closure}(Object(Illuminate\\Http\\Request))
#21 /var/www/TRDSv2_laravel8_memo/vendor/laravel/framework/src/Illuminate/Session/Middleware/StartSession.php(64): Illuminate\\Session\\Middleware\\StartSession->handleStatefulRequest(Object(Illuminate\\Http\\Request), Object(Illuminate\\Session\\Store), Object(Closure))
#22 /var/www/TRDSv2_laravel8_memo/vendor/laravel/framework/src/Illuminate/Pipeline/Pipeline.php(167): Illuminate\\Session\\Middleware\\StartSession->handle(Object(Illuminate\\Http\\Request), Object(Closure))
#23 /var/www/TRDSv2_laravel8_memo/vendor/laravel/framework/src/Illuminate/Cookie/Middleware/AddQueuedCookiesToResponse.php(37): Illuminate\\Pipeline\\Pipeline->Illuminate\\Pipeline\\{closure}(Object(Illuminate\\Http\\Request))
#24 /var/www/TRDSv2_laravel8_memo/vendor/laravel/framework/src/Illuminate/Pipeline/Pipeline.php(167): Illuminate\\Cookie\\Middleware\\AddQueuedCookiesToResponse->handle(Object(Illuminate\\Http\\Request), Object(Closure))
#25 /var/www/TRDSv2_laravel8_memo/vendor/laravel/framework/src/Illuminate/Cookie/Middleware/EncryptCookies.php(67): Illuminate\\Pipeline\\Pipeline->Illuminate\\Pipeline\\{closure}(Object(Illuminate\\Http\\Request))
#26 /var/www/TRDSv2_laravel8_memo/vendor/laravel/framework/src/Illuminate/Pipeline/Pipeline.php(167): Illuminate\\Cookie\\Middleware\\EncryptCookies->handle(Object(Illuminate\\Http\\Request), Object(Closure))
#27 /var/www/TRDSv2_laravel8_memo/vendor/laravel/framework/src/Illuminate/Pipeline/Pipeline.php(103): Illuminate\\Pipeline\\Pipeline->Illuminate\\Pipeline\\{closure}(Object(Illuminate\\Http\\Request))
#28 /var/www/TRDSv2_laravel8_memo/vendor/laravel/framework/src/Illuminate/Routing/Router.php(723): Illuminate\\Pipeline\\Pipeline->then(Object(Closure))
#29 /var/www/TRDSv2_laravel8_memo/vendor/laravel/framework/src/Illuminate/Routing/Router.php(698): Illuminate\\Routing\\Router->runRouteWithinStack(Object(Illuminate\\Routing\\Route), Object(Illuminate\\Http\\Request))
#30 /var/www/TRDSv2_laravel8_memo/vendor/laravel/framework/src/Illuminate/Routing/Router.php(662): Illuminate\\Routing\\Router->runRoute(Object(Illuminate\\Http\\Request), Object(Illuminate\\Routing\\Route))
#31 /var/www/TRDSv2_laravel8_memo/vendor/laravel/framework/src/Illuminate/Routing/Router.php(651): Illuminate\\Routing\\Router->dispatchToRoute(Object(Illuminate\\Http\\Request))
#32 /var/www/TRDSv2_laravel8_memo/vendor/laravel/framework/src/Illuminate/Foundation/Http/Kernel.php(167): Illuminate\\Routing\\Router->dispatch(Object(Illuminate\\Http\\Request))
#33 /var/www/TRDSv2_laravel8_memo/vendor/laravel/framework/src/Illuminate/Pipeline/Pipeline.php(128): Illuminate\\Foundation\\Http\\Kernel->Illuminate\\Foundation\\Http\\{closure}(Object(Illuminate\\Http\\Request))
#34 /var/www/TRDSv2_laravel8_memo/vendor/laravel/framework/src/Illuminate/Foundation/Http/Middleware/TransformsRequest.php(21): Illuminate\\Pipeline\\Pipeline->Illuminate\\Pipeline\\{closure}(Object(Illuminate\\Http\\Request))
#35 /var/www/TRDSv2_laravel8_memo/vendor/laravel/framework/src/Illuminate/Foundation/Http/Middleware/ConvertEmptyStringsToNull.php(31): Illuminate\\Foundation\\Http\\Middleware\\TransformsRequest->handle(Object(Illuminate\\Http\\Request), Object(Closure))
#36 /var/www/TRDSv2_laravel8_memo/vendor/laravel/framework/src/Illuminate/Pipeline/Pipeline.php(167): Illuminate\\Foundation\\Http\\Middleware\\ConvertEmptyStringsToNull->handle(Object(Illuminate\\Http\\Request), Object(Closure))
#37 /var/www/TRDSv2_laravel8_memo/vendor/laravel/framework/src/Illuminate/Foundation/Http/Middleware/TransformsRequest.php(21): Illuminate\\Pipeline\\Pipeline->Illuminate\\Pipeline\\{closure}(Object(Illuminate\\Http\\Request))
#38 /var/www/TRDSv2_laravel8_memo/vendor/laravel/framework/src/Illuminate/Foundation/Http/Middleware/TrimStrings.php(40): Illuminate\\Foundation\\Http\\Middleware\\TransformsRequest->handle(Object(Illuminate\\Http\\Request), Object(Closure))
#39 /var/www/TRDSv2_laravel8_memo/vendor/laravel/framework/src/Illuminate/Pipeline/Pipeline.php(167): Illuminate\\Foundation\\Http\\Middleware\\TrimStrings->handle(Object(Illuminate\\Http\\Request), Object(Closure))
#40 /var/www/TRDSv2_laravel8_memo/vendor/laravel/framework/src/Illuminate/Foundation/Http/Middleware/ValidatePostSize.php(27): Illuminate\\Pipeline\\Pipeline->Illuminate\\Pipeline\\{closure}(Object(Illuminate\\Http\\Request))
#41 /var/www/TRDSv2_laravel8_memo/vendor/laravel/framework/src/Illuminate/Pipeline/Pipeline.php(167): Illuminate\\Foundation\\Http\\Middleware\\ValidatePostSize->handle(Object(Illuminate\\Http\\Request), Object(Closure))
#42 /var/www/TRDSv2_laravel8_memo/vendor/laravel/framework/src/Illuminate/Foundation/Http/Middleware/PreventRequestsDuringMaintenance.php(86): Illuminate\\Pipeline\\Pipeline->Illuminate\\Pipeline\\{closure}(Object(Illuminate\\Http\\Request))
#43 /var/www/TRDSv2_laravel8_memo/vendor/laravel/framework/src/Illuminate/Pipeline/Pipeline.php(167): Illuminate\\Foundation\\Http\\Middleware\\PreventRequestsDuringMaintenance->handle(Object(Illuminate\\Http\\Request), Object(Closure))
#44 /var/www/TRDSv2_laravel8_memo/vendor/fideloper/proxy/src/TrustProxies.php(57): Illuminate\\Pipeline\\Pipeline->Illuminate\\Pipeline\\{closure}(Object(Illuminate\\Http\\Request))
#45 /var/www/TRDSv2_laravel8_memo/vendor/laravel/framework/src/Illuminate/Pipeline/Pipeline.php(167): Fideloper\\Proxy\\TrustProxies->handle(Object(Illuminate\\Http\\Request), Object(Closure))
#46 /var/www/TRDSv2_laravel8_memo/vendor/laravel/framework/src/Illuminate/Pipeline/Pipeline.php(103): Illuminate\\Pipeline\\Pipeline->Illuminate\\Pipeline\\{closure}(Object(Illuminate\\Http\\Request))
#47 /var/www/TRDSv2_laravel8_memo/vendor/laravel/framework/src/Illuminate/Foundation/Http/Kernel.php(142): Illuminate\\Pipeline\\Pipeline->then(Object(Closure))
#48 /var/www/TRDSv2_laravel8_memo/vendor/laravel/framework/src/Illuminate/Foundation/Http/Kernel.php(111): Illuminate\\Foundation\\Http\\Kernel->sendRequestThroughRouter(Object(Illuminate\\Http\\Request))
#49 /var/www/TRDSv2_laravel8_memo/index.php(55): Illuminate\\Foundation\\Http\\Kernel->handle(Object(Illuminate\\Http\\Request))
#50 {main}
"} 
[2026-07-10 10:53:05] local.ERROR: syntax error, unexpected 'catch' (T_CATCH), expecting ')' {"exception":"[object] (ParseError(code: 0): syntax error, unexpected 'catch' (T_CATCH), expecting ')' at /var/www/TRDSv2_laravel8_memo/app/Http/Controllers/QualificationCertificationController.php:386)
[stacktrace]
#0 /var/www/TRDSv2_laravel8_memo/vendor/composer/ClassLoader.php(322): Composer\\Autoload\\includeFile('/var/www/TRDSv2...')
#1 [internal function]: Composer\\Autoload\\ClassLoader->loadClass('App\\\\Http\\\\Contro...')
#2 [internal function]: spl_autoload_call('App\\\\Http\\\\Contro...')
#3 /var/www/TRDSv2_laravel8_memo/vendor/laravel/framework/src/Illuminate/Container/Container.php(877): ReflectionClass->__construct('App\\\\Http\\\\Contro...')
#4 /var/www/TRDSv2_laravel8_memo/vendor/laravel/framework/src/Illuminate/Container/Container.php(758): Illuminate\\Container\\Container->build('App\\\\Http\\\\Contro...')
#5 /var/www/TRDSv2_laravel8_memo/vendor/laravel/framework/src/Illuminate/Foundation/Application.php(853): Illuminate\\Container\\Container->resolve('App\\\\Http\\\\Contro...', Array, true)
#6 /var/www/TRDSv2_laravel8_memo/vendor/laravel/framework/src/Illuminate/Container/Container.php(694): Illuminate\\Foundation\\Application->resolve('App\\\\Http\\\\Contro...', Array)
#7 /var/www/TRDSv2_laravel8_memo/vendor/laravel/framework/src/Illuminate/Foundation/Application.php(838): Illuminate\\Container\\Container->make('App\\\\Http\\\\Contro...', Array)
#8 /var/www/TRDSv2_laravel8_memo/vendor/laravel/framework/src/Illuminate/Routing/Route.php(276): Illuminate\\Foundation\\Application->make('App\\\\Http\\\\Contro...')
#9 /var/www/TRDSv2_laravel8_memo/vendor/laravel/framework/src/Illuminate/Routing/Route.php(1080): Illuminate\\Routing\\Route->getController()
#10 /var/www/TRDSv2_laravel8_memo/vendor/laravel/framework/src/Illuminate/Routing/Route.php(1023): Illuminate\\Routing\\Route->controllerMiddleware()
#11 /var/www/TRDSv2_laravel8_memo/vendor/laravel/framework/src/Illuminate/Routing/Router.php(734): Illuminate\\Routing\\Route->gatherMiddleware()
#12 /var/www/TRDSv2_laravel8_memo/vendor/laravel/framework/src/Illuminate/Routing/Router.php(714): Illuminate\\Routing\\Router->gatherRouteMiddleware(Object(Illuminate\\Routing\\Route))
#13 /var/www/TRDSv2_laravel8_memo/vendor/laravel/framework/src/Illuminate/Routing/Router.php(698): Illuminate\\Routing\\Router->runRouteWithinStack(Object(Illuminate\\Routing\\Route), Object(Illuminate\\Http\\Request))
#14 /var/www/TRDSv2_laravel8_memo/vendor/laravel/framework/src/Illuminate/Routing/Router.php(662): Illuminate\\Routing\\Router->runRoute(Object(Illuminate\\Http\\Request), Object(Illuminate\\Routing\\Route))
#15 /var/www/TRDSv2_laravel8_memo/vendor/laravel/framework/src/Illuminate/Routing/Router.php(651): Illuminate\\Routing\\Router->dispatchToRoute(Object(Illuminate\\Http\\Request))
#16 /var/www/TRDSv2_laravel8_memo/vendor/laravel/framework/src/Illuminate/Foundation/Http/Kernel.php(167): Illuminate\\Routing\\Router->dispatch(Object(Illuminate\\Http\\Request))
#17 /var/www/TRDSv2_laravel8_memo/vendor/laravel/framework/src/Illuminate/Pipeline/Pipeline.php(128): Illuminate\\Foundation\\Http\\Kernel->Illuminate\\Foundation\\Http\\{closure}(Object(Illuminate\\Http\\Request))
#18 /var/www/TRDSv2_laravel8_memo/vendor/laravel/framework/src/Illuminate/Foundation/Http/Middleware/TransformsRequest.php(21): Illuminate\\Pipeline\\Pipeline->Illuminate\\Pipeline\\{closure}(Object(Illuminate\\Http\\Request))
#19 /var/www/TRDSv2_laravel8_memo/vendor/laravel/framework/src/Illuminate/Foundation/Http/Middleware/ConvertEmptyStringsToNull.php(31): Illuminate\\Foundation\\Http\\Middleware\\TransformsRequest->handle(Object(Illuminate\\Http\\Request), Object(Closure))
#20 /var/www/TRDSv2_laravel8_memo/vendor/laravel/framework/src/Illuminate/Pipeline/Pipeline.php(167): Illuminate\\Foundation\\Http\\Middleware\\ConvertEmptyStringsToNull->handle(Object(Illuminate\\Http\\Request), Object(Closure))
#21 /var/www/TRDSv2_laravel8_memo/vendor/laravel/framework/src/Illuminate/Foundation/Http/Middleware/TransformsRequest.php(21): Illuminate\\Pipeline\\Pipeline->Illuminate\\Pipeline\\{closure}(Object(Illuminate\\Http\\Request))
#22 /var/www/TRDSv2_laravel8_memo/vendor/laravel/framework/src/Illuminate/Foundation/Http/Middleware/TrimStrings.php(40): Illuminate\\Foundation\\Http\\Middleware\\TransformsRequest->handle(Object(Illuminate\\Http\\Request), Object(Closure))
#23 /var/www/TRDSv2_laravel8_memo/vendor/laravel/framework/src/Illuminate/Pipeline/Pipeline.php(167): Illuminate\\Foundation\\Http\\Middleware\\TrimStrings->handle(Object(Illuminate\\Http\\Request), Object(Closure))
#24 /var/www/TRDSv2_laravel8_memo/vendor/laravel/framework/src/Illuminate/Foundation/Http/Middleware/ValidatePostSize.php(27): Illuminate\\Pipeline\\Pipeline->Illuminate\\Pipeline\\{closure}(Object(Illuminate\\Http\\Request))
#25 /var/www/TRDSv2_laravel8_memo/vendor/laravel/framework/src/Illuminate/Pipeline/Pipeline.php(167): Illuminate\\Foundation\\Http\\Middleware\\ValidatePostSize->handle(Object(Illuminate\\Http\\Request), Object(Closure))
#26 /var/www/TRDSv2_laravel8_memo/vendor/laravel/framework/src/Illuminate/Foundation/Http/Middleware/PreventRequestsDuringMaintenance.php(86): Illuminate\\Pipeline\\Pipeline->Illuminate\\Pipeline\\{closure}(Object(Illuminate\\Http\\Request))
#27 /var/www/TRDSv2_laravel8_memo/vendor/laravel/framework/src/Illuminate/Pipeline/Pipeline.php(167): Illuminate\\Foundation\\Http\\Middleware\\PreventRequestsDuringMaintenance->handle(Object(Illuminate\\Http\\Request), Object(Closure))
#28 /var/www/TRDSv2_laravel8_memo/vendor/fideloper/proxy/src/TrustProxies.php(57): Illuminate\\Pipeline\\Pipeline->Illuminate\\Pipeline\\{closure}(Object(Illuminate\\Http\\Request))
#29 /var/www/TRDSv2_laravel8_memo/vendor/laravel/framework/src/Illuminate/Pipeline/Pipeline.php(167): Fideloper\\Proxy\\TrustProxies->handle(Object(Illuminate\\Http\\Request), Object(Closure))
#30 /var/www/TRDSv2_laravel8_memo/vendor/laravel/framework/src/Illuminate/Pipeline/Pipeline.php(103): Illuminate\\Pipeline\\Pipeline->Illuminate\\Pipeline\\{closure}(Object(Illuminate\\Http\\Request))
#31 /var/www/TRDSv2_laravel8_memo/vendor/laravel/framework/src/Illuminate/Foundation/Http/Kernel.php(142): Illuminate\\Pipeline\\Pipeline->then(Object(Closure))
#32 /var/www/TRDSv2_laravel8_memo/vendor/laravel/framework/src/Illuminate/Foundation/Http/Kernel.php(111): Illuminate\\Foundation\\Http\\Kernel->sendRequestThroughRouter(Object(Illuminate\\Http\\Request))
#33 /var/www/TRDSv2_laravel8_memo/index.php(55): Illuminate\\Foundation\\Http\\Kernel->handle(Object(Illuminate\\Http\\Request))
#34 {main}
"} 
[2026-07-10 18:59:20] local.ERROR: Undefined index: text_alert_prod_sec {"exception":"[object] (ErrorException(code: 0): Undefined index: text_alert_prod_sec at /var/www/TRDSv2_laravel8_memo/app/Http/Controllers/QualificationCertificationController.php:340)
[stacktrace]
#0 /var/www/TRDSv2_laravel8_memo/app/Http/Controllers/QualificationCertificationController.php(340): Illuminate\\Foundation\\Bootstrap\\HandleExceptions->handleError(8, 'Undefined index...', '/var/www/TRDSv2...', 340, Array)
#1 /var/www/TRDSv2_laravel8_memo/app/Http/Controllers/QualificationCertificationController.php(665): App\\Http\\Controllers\\QualificationCertificationController->saveFormSendEmail(Array)
#2 /var/www/TRDSv2_laravel8_memo/vendor/laravel/framework/src/Illuminate/Routing/Controller.php(54): App\\Http\\Controllers\\QualificationCertificationController->saveQualificationCertificationOper(Object(Illuminate\\Http\\Request))
#3 /var/www/TRDSv2_laravel8_memo/vendor/laravel/framework/src/Illuminate/Routing/ControllerDispatcher.php(45): Illuminate\\Routing\\Controller->callAction('saveQualificati...', Array)
#4 /var/www/TRDSv2_laravel8_memo/vendor/laravel/framework/src/Illuminate/Routing/Route.php(262): Illuminate\\Routing\\ControllerDispatcher->dispatch(Object(Illuminate\\Routing\\Route), Object(App\\Http\\Controllers\\QualificationCertificationController), 'saveQualificati...')
#5 /var/www/TRDSv2_laravel8_memo/vendor/laravel/framework/src/Illuminate/Routing/Route.php(205): Illuminate\\Routing\\Route->runController()
#6 /var/www/TRDSv2_laravel8_memo/vendor/laravel/framework/src/Illuminate/Routing/Router.php(721): Illuminate\\Routing\\Route->run()
#7 /var/www/TRDSv2_laravel8_memo/vendor/laravel/framework/src/Illuminate/Pipeline/Pipeline.php(128): Illuminate\\Routing\\Router->Illuminate\\Routing\\{closure}(Object(Illuminate\\Http\\Request))
#8 /var/www/TRDSv2_laravel8_memo/app/Http/Middleware/CheckSession.php(55): Illuminate\\Pipeline\\Pipeline->Illuminate\\Pipeline\\{closure}(Object(Illuminate\\Http\\Request))
#9 /var/www/TRDSv2_laravel8_memo/vendor/laravel/framework/src/Illuminate/Pipeline/Pipeline.php(167): App\\Http\\Middleware\\CheckSession->handle(Object(Illuminate\\Http\\Request), Object(Closure))
#10 /var/www/TRDSv2_laravel8_memo/vendor/laravel/framework/src/Illuminate/Routing/Middleware/SubstituteBindings.php(50): Illuminate\\Pipeline\\Pipeline->Illuminate\\Pipeline\\{closure}(Object(Illuminate\\Http\\Request))
#11 /var/www/TRDSv2_laravel8_memo/vendor/laravel/framework/src/Illuminate/Pipeline/Pipeline.php(167): Illuminate\\Routing\\Middleware\\SubstituteBindings->handle(Object(Illuminate\\Http\\Request), Object(Closure))
#12 /var/www/TRDSv2_laravel8_memo/vendor/laravel/framework/src/Illuminate/Foundation/Http/Middleware/VerifyCsrfToken.php(78): Illuminate\\Pipeline\\Pipeline->Illuminate\\Pipeline\\{closure}(Object(Illuminate\\Http\\Request))
#13 /var/www/TRDSv2_laravel8_memo/vendor/laravel/framework/src/Illuminate/Pipeline/Pipeline.php(167): Illuminate\\Foundation\\Http\\Middleware\\VerifyCsrfToken->handle(Object(Illuminate\\Http\\Request), Object(Closure))
#14 /var/www/TRDSv2_laravel8_memo/vendor/laravel/framework/src/Illuminate/View/Middleware/ShareErrorsFromSession.php(49): Illuminate\\Pipeline\\Pipeline->Illuminate\\Pipeline\\{closure}(Object(Illuminate\\Http\\Request))
#15 /var/www/TRDSv2_laravel8_memo/vendor/laravel/framework/src/Illuminate/Pipeline/Pipeline.php(167): Illuminate\\View\\Middleware\\ShareErrorsFromSession->handle(Object(Illuminate\\Http\\Request), Object(Closure))
#16 /var/www/TRDSv2_laravel8_memo/vendor/laravel/framework/src/Illuminate/Session/Middleware/StartSession.php(121): Illuminate\\Pipeline\\Pipeline->Illuminate\\Pipeline\\{closure}(Object(Illuminate\\Http\\Request))
#17 /var/www/TRDSv2_laravel8_memo/vendor/laravel/framework/src/Illuminate/Session/Middleware/StartSession.php(64): Illuminate\\Session\\Middleware\\StartSession->handleStatefulRequest(Object(Illuminate\\Http\\Request), Object(Illuminate\\Session\\Store), Object(Closure))
#18 /var/www/TRDSv2_laravel8_memo/vendor/laravel/framework/src/Illuminate/Pipeline/Pipeline.php(167): Illuminate\\Session\\Middleware\\StartSession->handle(Object(Illuminate\\Http\\Request), Object(Closure))
#19 /var/www/TRDSv2_laravel8_memo/vendor/laravel/framework/src/Illuminate/Cookie/Middleware/AddQueuedCookiesToResponse.php(37): Illuminate\\Pipeline\\Pipeline->Illuminate\\Pipeline\\{closure}(Object(Illuminate\\Http\\Request))
#20 /var/www/TRDSv2_laravel8_memo/vendor/laravel/framework/src/Illuminate/Pipeline/Pipeline.php(167): Illuminate\\Cookie\\Middleware\\AddQueuedCookiesToResponse->handle(Object(Illuminate\\Http\\Request), Object(Closure))
#21 /var/www/TRDSv2_laravel8_memo/vendor/laravel/framework/src/Illuminate/Cookie/Middleware/EncryptCookies.php(67): Illuminate\\Pipeline\\Pipeline->Illuminate\\Pipeline\\{closure}(Object(Illuminate\\Http\\Request))
#22 /var/www/TRDSv2_laravel8_memo/vendor/laravel/framework/src/Illuminate/Pipeline/Pipeline.php(167): Illuminate\\Cookie\\Middleware\\EncryptCookies->handle(Object(Illuminate\\Http\\Request), Object(Closure))
#23 /var/www/TRDSv2_laravel8_memo/vendor/laravel/framework/src/Illuminate/Pipeline/Pipeline.php(103): Illuminate\\Pipeline\\Pipeline->Illuminate\\Pipeline\\{closure}(Object(Illuminate\\Http\\Request))
#24 /var/www/TRDSv2_laravel8_memo/vendor/laravel/framework/src/Illuminate/Routing/Router.php(723): Illuminate\\Pipeline\\Pipeline->then(Object(Closure))
#25 /var/www/TRDSv2_laravel8_memo/vendor/laravel/framework/src/Illuminate/Routing/Router.php(698): Illuminate\\Routing\\Router->runRouteWithinStack(Object(Illuminate\\Routing\\Route), Object(Illuminate\\Http\\Request))
#26 /var/www/TRDSv2_laravel8_memo/vendor/laravel/framework/src/Illuminate/Routing/Router.php(662): Illuminate\\Routing\\Router->runRoute(Object(Illuminate\\Http\\Request), Object(Illuminate\\Routing\\Route))
#27 /var/www/TRDSv2_laravel8_memo/vendor/laravel/framework/src/Illuminate/Routing/Router.php(651): Illuminate\\Routing\\Router->dispatchToRoute(Object(Illuminate\\Http\\Request))
#28 /var/www/TRDSv2_laravel8_memo/vendor/laravel/framework/src/Illuminate/Foundation/Http/Kernel.php(167): Illuminate\\Routing\\Router->dispatch(Object(Illuminate\\Http\\Request))
#29 /var/www/TRDSv2_laravel8_memo/vendor/laravel/framework/src/Illuminate/Pipeline/Pipeline.php(128): Illuminate\\Foundation\\Http\\Kernel->Illuminate\\Foundation\\Http\\{closure}(Object(Illuminate\\Http\\Request))
#30 /var/www/TRDSv2_laravel8_memo/vendor/laravel/framework/src/Illuminate/Foundation/Http/Middleware/TransformsRequest.php(21): Illuminate\\Pipeline\\Pipeline->Illuminate\\Pipeline\\{closure}(Object(Illuminate\\Http\\Request))
#31 /var/www/TRDSv2_laravel8_memo/vendor/laravel/framework/src/Illuminate/Foundation/Http/Middleware/ConvertEmptyStringsToNull.php(31): Illuminate\\Foundation\\Http\\Middleware\\TransformsRequest->handle(Object(Illuminate\\Http\\Request), Object(Closure))
#32 /var/www/TRDSv2_laravel8_memo/vendor/laravel/framework/src/Illuminate/Pipeline/Pipeline.php(167): Illuminate\\Foundation\\Http\\Middleware\\ConvertEmptyStringsToNull->handle(Object(Illuminate\\Http\\Request), Object(Closure))
#33 /var/www/TRDSv2_laravel8_memo/vendor/laravel/framework/src/Illuminate/Foundation/Http/Middleware/TransformsRequest.php(21): Illuminate\\Pipeline\\Pipeline->Illuminate\\Pipeline\\{closure}(Object(Illuminate\\Http\\Request))
#34 /var/www/TRDSv2_laravel8_memo/vendor/laravel/framework/src/Illuminate/Foundation/Http/Middleware/TrimStrings.php(40): Illuminate\\Foundation\\Http\\Middleware\\TransformsRequest->handle(Object(Illuminate\\Http\\Request), Object(Closure))
#35 /var/www/TRDSv2_laravel8_memo/vendor/laravel/framework/src/Illuminate/Pipeline/Pipeline.php(167): Illuminate\\Foundation\\Http\\Middleware\\TrimStrings->handle(Object(Illuminate\\Http\\Request), Object(Closure))
#36 /var/www/TRDSv2_laravel8_memo/vendor/laravel/framework/src/Illuminate/Foundation/Http/Middleware/ValidatePostSize.php(27): Illuminate\\Pipeline\\Pipeline->Illuminate\\Pipeline\\{closure}(Object(Illuminate\\Http\\Request))
#37 /var/www/TRDSv2_laravel8_memo/vendor/laravel/framework/src/Illuminate/Pipeline/Pipeline.php(167): Illuminate\\Foundation\\Http\\Middleware\\ValidatePostSize->handle(Object(Illuminate\\Http\\Request), Object(Closure))
#38 /var/www/TRDSv2_laravel8_memo/vendor/laravel/framework/src/Illuminate/Foundation/Http/Middleware/PreventRequestsDuringMaintenance.php(86): Illuminate\\Pipeline\\Pipeline->Illuminate\\Pipeline\\{closure}(Object(Illuminate\\Http\\Request))
#39 /var/www/TRDSv2_laravel8_memo/vendor/laravel/framework/src/Illuminate/Pipeline/Pipeline.php(167): Illuminate\\Foundation\\Http\\Middleware\\PreventRequestsDuringMaintenance->handle(Object(Illuminate\\Http\\Request), Object(Closure))
#40 /var/www/TRDSv2_laravel8_memo/vendor/fideloper/proxy/src/TrustProxies.php(57): Illuminate\\Pipeline\\Pipeline->Illuminate\\Pipeline\\{closure}(Object(Illuminate\\Http\\Request))
#41 /var/www/TRDSv2_laravel8_memo/vendor/laravel/framework/src/Illuminate/Pipeline/Pipeline.php(167): Fideloper\\Proxy\\TrustProxies->handle(Object(Illuminate\\Http\\Request), Object(Closure))
#42 /var/www/TRDSv2_laravel8_memo/vendor/laravel/framework/src/Illuminate/Pipeline/Pipeline.php(103): Illuminate\\Pipeline\\Pipeline->Illuminate\\Pipeline\\{closure}(Object(Illuminate\\Http\\Request))
#43 /var/www/TRDSv2_laravel8_memo/vendor/laravel/framework/src/Illuminate/Foundation/Http/Kernel.php(142): Illuminate\\Pipeline\\Pipeline->then(Object(Closure))
#44 /var/www/TRDSv2_laravel8_memo/vendor/laravel/framework/src/Illuminate/Foundation/Http/Kernel.php(111): Illuminate\\Foundation\\Http\\Kernel->sendRequestThroughRouter(Object(Illuminate\\Http\\Request))
#45 /var/www/TRDSv2_laravel8_memo/index.php(55): Illuminate\\Foundation\\Http\\Kernel->handle(Object(Illuminate\\Http\\Request))
#46 {main}
"} 
[2026-07-10 18:59:40] local.ERROR: Undefined index: text_alert_prod_sec {"exception":"[object] (ErrorException(code: 0): Undefined index: text_alert_prod_sec at /var/www/TRDSv2_laravel8_memo/app/Http/Controllers/QualificationCertificationController.php:340)
[stacktrace]
#0 /var/www/TRDSv2_laravel8_memo/app/Http/Controllers/QualificationCertificationController.php(340): Illuminate\\Foundation\\Bootstrap\\HandleExceptions->handleError(8, 'Undefined index...', '/var/www/TRDSv2...', 340, Array)
#1 /var/www/TRDSv2_laravel8_memo/app/Http/Controllers/QualificationCertificationController.php(665): App\\Http\\Controllers\\QualificationCertificationController->saveFormSendEmail(Array)
#2 /var/www/TRDSv2_laravel8_memo/vendor/laravel/framework/src/Illuminate/Routing/Controller.php(54): App\\Http\\Controllers\\QualificationCertificationController->saveQualificationCertificationOper(Object(Illuminate\\Http\\Request))
#3 /var/www/TRDSv2_laravel8_memo/vendor/laravel/framework/src/Illuminate/Routing/ControllerDispatcher.php(45): Illuminate\\Routing\\Controller->callAction('saveQualificati...', Array)
#4 /var/www/TRDSv2_laravel8_memo/vendor/laravel/framework/src/Illuminate/Routing/Route.php(262): Illuminate\\Routing\\ControllerDispatcher->dispatch(Object(Illuminate\\Routing\\Route), Object(App\\Http\\Controllers\\QualificationCertificationController), 'saveQualificati...')
#5 /var/www/TRDSv2_laravel8_memo/vendor/laravel/framework/src/Illuminate/Routing/Route.php(205): Illuminate\\Routing\\Route->runController()
#6 /var/www/TRDSv2_laravel8_memo/vendor/laravel/framework/src/Illuminate/Routing/Router.php(721): Illuminate\\Routing\\Route->run()
#7 /var/www/TRDSv2_laravel8_memo/vendor/laravel/framework/src/Illuminate/Pipeline/Pipeline.php(128): Illuminate\\Routing\\Router->Illuminate\\Routing\\{closure}(Object(Illuminate\\Http\\Request))
#8 /var/www/TRDSv2_laravel8_memo/app/Http/Middleware/CheckSession.php(55): Illuminate\\Pipeline\\Pipeline->Illuminate\\Pipeline\\{closure}(Object(Illuminate\\Http\\Request))
#9 /var/www/TRDSv2_laravel8_memo/vendor/laravel/framework/src/Illuminate/Pipeline/Pipeline.php(167): App\\Http\\Middleware\\CheckSession->handle(Object(Illuminate\\Http\\Request), Object(Closure))
#10 /var/www/TRDSv2_laravel8_memo/vendor/laravel/framework/src/Illuminate/Routing/Middleware/SubstituteBindings.php(50): Illuminate\\Pipeline\\Pipeline->Illuminate\\Pipeline\\{closure}(Object(Illuminate\\Http\\Request))
#11 /var/www/TRDSv2_laravel8_memo/vendor/laravel/framework/src/Illuminate/Pipeline/Pipeline.php(167): Illuminate\\Routing\\Middleware\\SubstituteBindings->handle(Object(Illuminate\\Http\\Request), Object(Closure))
#12 /var/www/TRDSv2_laravel8_memo/vendor/laravel/framework/src/Illuminate/Foundation/Http/Middleware/VerifyCsrfToken.php(78): Illuminate\\Pipeline\\Pipeline->Illuminate\\Pipeline\\{closure}(Object(Illuminate\\Http\\Request))
#13 /var/www/TRDSv2_laravel8_memo/vendor/laravel/framework/src/Illuminate/Pipeline/Pipeline.php(167): Illuminate\\Foundation\\Http\\Middleware\\VerifyCsrfToken->handle(Object(Illuminate\\Http\\Request), Object(Closure))
#14 /var/www/TRDSv2_laravel8_memo/vendor/laravel/framework/src/Illuminate/View/Middleware/ShareErrorsFromSession.php(49): Illuminate\\Pipeline\\Pipeline->Illuminate\\Pipeline\\{closure}(Object(Illuminate\\Http\\Request))
#15 /var/www/TRDSv2_laravel8_memo/vendor/laravel/framework/src/Illuminate/Pipeline/Pipeline.php(167): Illuminate\\View\\Middleware\\ShareErrorsFromSession->handle(Object(Illuminate\\Http\\Request), Object(Closure))
#16 /var/www/TRDSv2_laravel8_memo/vendor/laravel/framework/src/Illuminate/Session/Middleware/StartSession.php(121): Illuminate\\Pipeline\\Pipeline->Illuminate\\Pipeline\\{closure}(Object(Illuminate\\Http\\Request))
#17 /var/www/TRDSv2_laravel8_memo/vendor/laravel/framework/src/Illuminate/Session/Middleware/StartSession.php(64): Illuminate\\Session\\Middleware\\StartSession->handleStatefulRequest(Object(Illuminate\\Http\\Request), Object(Illuminate\\Session\\Store), Object(Closure))
#18 /var/www/TRDSv2_laravel8_memo/vendor/laravel/framework/src/Illuminate/Pipeline/Pipeline.php(167): Illuminate\\Session\\Middleware\\StartSession->handle(Object(Illuminate\\Http\\Request), Object(Closure))
#19 /var/www/TRDSv2_laravel8_memo/vendor/laravel/framework/src/Illuminate/Cookie/Middleware/AddQueuedCookiesToResponse.php(37): Illuminate\\Pipeline\\Pipeline->Illuminate\\Pipeline\\{closure}(Object(Illuminate\\Http\\Request))
#20 /var/www/TRDSv2_laravel8_memo/vendor/laravel/framework/src/Illuminate/Pipeline/Pipeline.php(167): Illuminate\\Cookie\\Middleware\\AddQueuedCookiesToResponse->handle(Object(Illuminate\\Http\\Request), Object(Closure))
#21 /var/www/TRDSv2_laravel8_memo/vendor/laravel/framework/src/Illuminate/Cookie/Middleware/EncryptCookies.php(67): Illuminate\\Pipeline\\Pipeline->Illuminate\\Pipeline\\{closure}(Object(Illuminate\\Http\\Request))
#22 /var/www/TRDSv2_laravel8_memo/vendor/laravel/framework/src/Illuminate/Pipeline/Pipeline.php(167): Illuminate\\Cookie\\Middleware\\EncryptCookies->handle(Object(Illuminate\\Http\\Request), Object(Closure))
#23 /var/www/TRDSv2_laravel8_memo/vendor/laravel/framework/src/Illuminate/Pipeline/Pipeline.php(103): Illuminate\\Pipeline\\Pipeline->Illuminate\\Pipeline\\{closure}(Object(Illuminate\\Http\\Request))
#24 /var/www/TRDSv2_laravel8_memo/vendor/laravel/framework/src/Illuminate/Routing/Router.php(723): Illuminate\\Pipeline\\Pipeline->then(Object(Closure))
#25 /var/www/TRDSv2_laravel8_memo/vendor/laravel/framework/src/Illuminate/Routing/Router.php(698): Illuminate\\Routing\\Router->runRouteWithinStack(Object(Illuminate\\Routing\\Route), Object(Illuminate\\Http\\Request))
#26 /var/www/TRDSv2_laravel8_memo/vendor/laravel/framework/src/Illuminate/Routing/Router.php(662): Illuminate\\Routing\\Router->runRoute(Object(Illuminate\\Http\\Request), Object(Illuminate\\Routing\\Route))
#27 /var/www/TRDSv2_laravel8_memo/vendor/laravel/framework/src/Illuminate/Routing/Router.php(651): Illuminate\\Routing\\Router->dispatchToRoute(Object(Illuminate\\Http\\Request))
#28 /var/www/TRDSv2_laravel8_memo/vendor/laravel/framework/src/Illuminate/Foundation/Http/Kernel.php(167): Illuminate\\Routing\\Router->dispatch(Object(Illuminate\\Http\\Request))
#29 /var/www/TRDSv2_laravel8_memo/vendor/laravel/framework/src/Illuminate/Pipeline/Pipeline.php(128): Illuminate\\Foundation\\Http\\Kernel->Illuminate\\Foundation\\Http\\{closure}(Object(Illuminate\\Http\\Request))
#30 /var/www/TRDSv2_laravel8_memo/vendor/laravel/framework/src/Illuminate/Foundation/Http/Middleware/TransformsRequest.php(21): Illuminate\\Pipeline\\Pipeline->Illuminate\\Pipeline\\{closure}(Object(Illuminate\\Http\\Request))
#31 /var/www/TRDSv2_laravel8_memo/vendor/laravel/framework/src/Illuminate/Foundation/Http/Middleware/ConvertEmptyStringsToNull.php(31): Illuminate\\Foundation\\Http\\Middleware\\TransformsRequest->handle(Object(Illuminate\\Http\\Request), Object(Closure))
#32 /var/www/TRDSv2_laravel8_memo/vendor/laravel/framework/src/Illuminate/Pipeline/Pipeline.php(167): Illuminate\\Foundation\\Http\\Middleware\\ConvertEmptyStringsToNull->handle(Object(Illuminate\\Http\\Request), Object(Closure))
#33 /var/www/TRDSv2_laravel8_memo/vendor/laravel/framework/src/Illuminate/Foundation/Http/Middleware/TransformsRequest.php(21): Illuminate\\Pipeline\\Pipeline->Illuminate\\Pipeline\\{closure}(Object(Illuminate\\Http\\Request))
#34 /var/www/TRDSv2_laravel8_memo/vendor/laravel/framework/src/Illuminate/Foundation/Http/Middleware/TrimStrings.php(40): Illuminate\\Foundation\\Http\\Middleware\\TransformsRequest->handle(Object(Illuminate\\Http\\Request), Object(Closure))
#35 /var/www/TRDSv2_laravel8_memo/vendor/laravel/framework/src/Illuminate/Pipeline/Pipeline.php(167): Illuminate\\Foundation\\Http\\Middleware\\TrimStrings->handle(Object(Illuminate\\Http\\Request), Object(Closure))
#36 /var/www/TRDSv2_laravel8_memo/vendor/laravel/framework/src/Illuminate/Foundation/Http/Middleware/ValidatePostSize.php(27): Illuminate\\Pipeline\\Pipeline->Illuminate\\Pipeline\\{closure}(Object(Illuminate\\Http\\Request))
#37 /var/www/TRDSv2_laravel8_memo/vendor/laravel/framework/src/Illuminate/Pipeline/Pipeline.php(167): Illuminate\\Foundation\\Http\\Middleware\\ValidatePostSize->handle(Object(Illuminate\\Http\\Request), Object(Closure))
#38 /var/www/TRDSv2_laravel8_memo/vendor/laravel/framework/src/Illuminate/Foundation/Http/Middleware/PreventRequestsDuringMaintenance.php(86): Illuminate\\Pipeline\\Pipeline->Illuminate\\Pipeline\\{closure}(Object(Illuminate\\Http\\Request))
#39 /var/www/TRDSv2_laravel8_memo/vendor/laravel/framework/src/Illuminate/Pipeline/Pipeline.php(167): Illuminate\\Foundation\\Http\\Middleware\\PreventRequestsDuringMaintenance->handle(Object(Illuminate\\Http\\Request), Object(Closure))
#40 /var/www/TRDSv2_laravel8_memo/vendor/fideloper/proxy/src/TrustProxies.php(57): Illuminate\\Pipeline\\Pipeline->Illuminate\\Pipeline\\{closure}(Object(Illuminate\\Http\\Request))
#41 /var/www/TRDSv2_laravel8_memo/vendor/laravel/framework/src/Illuminate/Pipeline/Pipeline.php(167): Fideloper\\Proxy\\TrustProxies->handle(Object(Illuminate\\Http\\Request), Object(Closure))
#42 /var/www/TRDSv2_laravel8_memo/vendor/laravel/framework/src/Illuminate/Pipeline/Pipeline.php(103): Illuminate\\Pipeline\\Pipeline->Illuminate\\Pipeline\\{closure}(Object(Illuminate\\Http\\Request))
#43 /var/www/TRDSv2_laravel8_memo/vendor/laravel/framework/src/Illuminate/Foundation/Http/Kernel.php(142): Illuminate\\Pipeline\\Pipeline->then(Object(Closure))
#44 /var/www/TRDSv2_laravel8_memo/vendor/laravel/framework/src/Illuminate/Foundation/Http/Kernel.php(111): Illuminate\\Foundation\\Http\\Kernel->sendRequestThroughRouter(Object(Illuminate\\Http\\Request))
#45 /var/www/TRDSv2_laravel8_memo/index.php(55): Illuminate\\Foundation\\Http\\Kernel->handle(Object(Illuminate\\Http\\Request))
#46 {main}
"} 
[2026-07-10 19:00:04] local.ERROR: Undefined index: text_alert_prod_sec {"exception":"[object] (ErrorException(code: 0): Undefined index: text_alert_prod_sec at /var/www/TRDSv2_laravel8_memo/app/Http/Controllers/QualificationCertificationController.php:340)
[stacktrace]
#0 /var/www/TRDSv2_laravel8_memo/app/Http/Controllers/QualificationCertificationController.php(340): Illuminate\\Foundation\\Bootstrap\\HandleExceptions->handleError(8, 'Undefined index...', '/var/www/TRDSv2...', 340, Array)
#1 /var/www/TRDSv2_laravel8_memo/app/Http/Controllers/QualificationCertificationController.php(667): App\\Http\\Controllers\\QualificationCertificationController->saveFormSendEmail(Array)
#2 /var/www/TRDSv2_laravel8_memo/vendor/laravel/framework/src/Illuminate/Routing/Controller.php(54): App\\Http\\Controllers\\QualificationCertificationController->saveQualificationCertificationOper(Object(Illuminate\\Http\\Request))
#3 /var/www/TRDSv2_laravel8_memo/vendor/laravel/framework/src/Illuminate/Routing/ControllerDispatcher.php(45): Illuminate\\Routing\\Controller->callAction('saveQualificati...', Array)
#4 /var/www/TRDSv2_laravel8_memo/vendor/laravel/framework/src/Illuminate/Routing/Route.php(262): Illuminate\\Routing\\ControllerDispatcher->dispatch(Object(Illuminate\\Routing\\Route), Object(App\\Http\\Controllers\\QualificationCertificationController), 'saveQualificati...')
#5 /var/www/TRDSv2_laravel8_memo/vendor/laravel/framework/src/Illuminate/Routing/Route.php(205): Illuminate\\Routing\\Route->runController()
#6 /var/www/TRDSv2_laravel8_memo/vendor/laravel/framework/src/Illuminate/Routing/Router.php(721): Illuminate\\Routing\\Route->run()
#7 /var/www/TRDSv2_laravel8_memo/vendor/laravel/framework/src/Illuminate/Pipeline/Pipeline.php(128): Illuminate\\Routing\\Router->Illuminate\\Routing\\{closure}(Object(Illuminate\\Http\\Request))
#8 /var/www/TRDSv2_laravel8_memo/app/Http/Middleware/CheckSession.php(55): Illuminate\\Pipeline\\Pipeline->Illuminate\\Pipeline\\{closure}(Object(Illuminate\\Http\\Request))
#9 /var/www/TRDSv2_laravel8_memo/vendor/laravel/framework/src/Illuminate/Pipeline/Pipeline.php(167): App\\Http\\Middleware\\CheckSession->handle(Object(Illuminate\\Http\\Request), Object(Closure))
#10 /var/www/TRDSv2_laravel8_memo/vendor/laravel/framework/src/Illuminate/Routing/Middleware/SubstituteBindings.php(50): Illuminate\\Pipeline\\Pipeline->Illuminate\\Pipeline\\{closure}(Object(Illuminate\\Http\\Request))
#11 /var/www/TRDSv2_laravel8_memo/vendor/laravel/framework/src/Illuminate/Pipeline/Pipeline.php(167): Illuminate\\Routing\\Middleware\\SubstituteBindings->handle(Object(Illuminate\\Http\\Request), Object(Closure))
#12 /var/www/TRDSv2_laravel8_memo/vendor/laravel/framework/src/Illuminate/Foundation/Http/Middleware/VerifyCsrfToken.php(78): Illuminate\\Pipeline\\Pipeline->Illuminate\\Pipeline\\{closure}(Object(Illuminate\\Http\\Request))
#13 /var/www/TRDSv2_laravel8_memo/vendor/laravel/framework/src/Illuminate/Pipeline/Pipeline.php(167): Illuminate\\Foundation\\Http\\Middleware\\VerifyCsrfToken->handle(Object(Illuminate\\Http\\Request), Object(Closure))
#14 /var/www/TRDSv2_laravel8_memo/vendor/laravel/framework/src/Illuminate/View/Middleware/ShareErrorsFromSession.php(49): Illuminate\\Pipeline\\Pipeline->Illuminate\\Pipeline\\{closure}(Object(Illuminate\\Http\\Request))
#15 /var/www/TRDSv2_laravel8_memo/vendor/laravel/framework/src/Illuminate/Pipeline/Pipeline.php(167): Illuminate\\View\\Middleware\\ShareErrorsFromSession->handle(Object(Illuminate\\Http\\Request), Object(Closure))
#16 /var/www/TRDSv2_laravel8_memo/vendor/laravel/framework/src/Illuminate/Session/Middleware/StartSession.php(121): Illuminate\\Pipeline\\Pipeline->Illuminate\\Pipeline\\{closure}(Object(Illuminate\\Http\\Request))
#17 /var/www/TRDSv2_laravel8_memo/vendor/laravel/framework/src/Illuminate/Session/Middleware/StartSession.php(64): Illuminate\\Session\\Middleware\\StartSession->handleStatefulRequest(Object(Illuminate\\Http\\Request), Object(Illuminate\\Session\\Store), Object(Closure))
#18 /var/www/TRDSv2_laravel8_memo/vendor/laravel/framework/src/Illuminate/Pipeline/Pipeline.php(167): Illuminate\\Session\\Middleware\\StartSession->handle(Object(Illuminate\\Http\\Request), Object(Closure))
#19 /var/www/TRDSv2_laravel8_memo/vendor/laravel/framework/src/Illuminate/Cookie/Middleware/AddQueuedCookiesToResponse.php(37): Illuminate\\Pipeline\\Pipeline->Illuminate\\Pipeline\\{closure}(Object(Illuminate\\Http\\Request))
#20 /var/www/TRDSv2_laravel8_memo/vendor/laravel/framework/src/Illuminate/Pipeline/Pipeline.php(167): Illuminate\\Cookie\\Middleware\\AddQueuedCookiesToResponse->handle(Object(Illuminate\\Http\\Request), Object(Closure))
#21 /var/www/TRDSv2_laravel8_memo/vendor/laravel/framework/src/Illuminate/Cookie/Middleware/EncryptCookies.php(67): Illuminate\\Pipeline\\Pipeline->Illuminate\\Pipeline\\{closure}(Object(Illuminate\\Http\\Request))
#22 /var/www/TRDSv2_laravel8_memo/vendor/laravel/framework/src/Illuminate/Pipeline/Pipeline.php(167): Illuminate\\Cookie\\Middleware\\EncryptCookies->handle(Object(Illuminate\\Http\\Request), Object(Closure))
#23 /var/www/TRDSv2_laravel8_memo/vendor/laravel/framework/src/Illuminate/Pipeline/Pipeline.php(103): Illuminate\\Pipeline\\Pipeline->Illuminate\\Pipeline\\{closure}(Object(Illuminate\\Http\\Request))
#24 /var/www/TRDSv2_laravel8_memo/vendor/laravel/framework/src/Illuminate/Routing/Router.php(723): Illuminate\\Pipeline\\Pipeline->then(Object(Closure))
#25 /var/www/TRDSv2_laravel8_memo/vendor/laravel/framework/src/Illuminate/Routing/Router.php(698): Illuminate\\Routing\\Router->runRouteWithinStack(Object(Illuminate\\Routing\\Route), Object(Illuminate\\Http\\Request))
#26 /var/www/TRDSv2_laravel8_memo/vendor/laravel/framework/src/Illuminate/Routing/Router.php(662): Illuminate\\Routing\\Router->runRoute(Object(Illuminate\\Http\\Request), Object(Illuminate\\Routing\\Route))
#27 /var/www/TRDSv2_laravel8_memo/vendor/laravel/framework/src/Illuminate/Routing/Router.php(651): Illuminate\\Routing\\Router->dispatchToRoute(Object(Illuminate\\Http\\Request))
#28 /var/www/TRDSv2_laravel8_memo/vendor/laravel/framework/src/Illuminate/Foundation/Http/Kernel.php(167): Illuminate\\Routing\\Router->dispatch(Object(Illuminate\\Http\\Request))
#29 /var/www/TRDSv2_laravel8_memo/vendor/laravel/framework/src/Illuminate/Pipeline/Pipeline.php(128): Illuminate\\Foundation\\Http\\Kernel->Illuminate\\Foundation\\Http\\{closure}(Object(Illuminate\\Http\\Request))
#30 /var/www/TRDSv2_laravel8_memo/vendor/laravel/framework/src/Illuminate/Foundation/Http/Middleware/TransformsRequest.php(21): Illuminate\\Pipeline\\Pipeline->Illuminate\\Pipeline\\{closure}(Object(Illuminate\\Http\\Request))
#31 /var/www/TRDSv2_laravel8_memo/vendor/laravel/framework/src/Illuminate/Foundation/Http/Middleware/ConvertEmptyStringsToNull.php(31): Illuminate\\Foundation\\Http\\Middleware\\TransformsRequest->handle(Object(Illuminate\\Http\\Request), Object(Closure))
#32 /var/www/TRDSv2_laravel8_memo/vendor/laravel/framework/src/Illuminate/Pipeline/Pipeline.php(167): Illuminate\\Foundation\\Http\\Middleware\\ConvertEmptyStringsToNull->handle(Object(Illuminate\\Http\\Request), Object(Closure))
#33 /var/www/TRDSv2_laravel8_memo/vendor/laravel/framework/src/Illuminate/Foundation/Http/Middleware/TransformsRequest.php(21): Illuminate\\Pipeline\\Pipeline->Illuminate\\Pipeline\\{closure}(Object(Illuminate\\Http\\Request))
#34 /var/www/TRDSv2_laravel8_memo/vendor/laravel/framework/src/Illuminate/Foundation/Http/Middleware/TrimStrings.php(40): Illuminate\\Foundation\\Http\\Middleware\\TransformsRequest->handle(Object(Illuminate\\Http\\Request), Object(Closure))
#35 /var/www/TRDSv2_laravel8_memo/vendor/laravel/framework/src/Illuminate/Pipeline/Pipeline.php(167): Illuminate\\Foundation\\Http\\Middleware\\TrimStrings->handle(Object(Illuminate\\Http\\Request), Object(Closure))
#36 /var/www/TRDSv2_laravel8_memo/vendor/laravel/framework/src/Illuminate/Foundation/Http/Middleware/ValidatePostSize.php(27): Illuminate\\Pipeline\\Pipeline->Illuminate\\Pipeline\\{closure}(Object(Illuminate\\Http\\Request))
#37 /var/www/TRDSv2_laravel8_memo/vendor/laravel/framework/src/Illuminate/Pipeline/Pipeline.php(167): Illuminate\\Foundation\\Http\\Middleware\\ValidatePostSize->handle(Object(Illuminate\\Http\\Request), Object(Closure))
#38 /var/www/TRDSv2_laravel8_memo/vendor/laravel/framework/src/Illuminate/Foundation/Http/Middleware/PreventRequestsDuringMaintenance.php(86): Illuminate\\Pipeline\\Pipeline->Illuminate\\Pipeline\\{closure}(Object(Illuminate\\Http\\Request))
#39 /var/www/TRDSv2_laravel8_memo/vendor/laravel/framework/src/Illuminate/Pipeline/Pipeline.php(167): Illuminate\\Foundation\\Http\\Middleware\\PreventRequestsDuringMaintenance->handle(Object(Illuminate\\Http\\Request), Object(Closure))
#40 /var/www/TRDSv2_laravel8_memo/vendor/fideloper/proxy/src/TrustProxies.php(57): Illuminate\\Pipeline\\Pipeline->Illuminate\\Pipeline\\{closure}(Object(Illuminate\\Http\\Request))
#41 /var/www/TRDSv2_laravel8_memo/vendor/laravel/framework/src/Illuminate/Pipeline/Pipeline.php(167): Fideloper\\Proxy\\TrustProxies->handle(Object(Illuminate\\Http\\Request), Object(Closure))
#42 /var/www/TRDSv2_laravel8_memo/vendor/laravel/framework/src/Illuminate/Pipeline/Pipeline.php(103): Illuminate\\Pipeline\\Pipeline->Illuminate\\Pipeline\\{closure}(Object(Illuminate\\Http\\Request))
#43 /var/www/TRDSv2_laravel8_memo/vendor/laravel/framework/src/Illuminate/Foundation/Http/Kernel.php(142): Illuminate\\Pipeline\\Pipeline->then(Object(Closure))
#44 /var/www/TRDSv2_laravel8_memo/vendor/laravel/framework/src/Illuminate/Foundation/Http/Kernel.php(111): Illuminate\\Foundation\\Http\\Kernel->sendRequestThroughRouter(Object(Illuminate\\Http\\Request))
#45 /var/www/TRDSv2_laravel8_memo/index.php(55): Illuminate\\Foundation\\Http\\Kernel->handle(Object(Illuminate\\Http\\Request))
#46 {main}
"} 
[2026-07-10 19:00:23] local.ERROR: User not found {"exception":"[object] (Exception(code: 0): User not found at /var/www/TRDSv2_laravel8_memo/app/Http/Controllers/CommonController.php:74)
[stacktrace]
#0 /var/www/TRDSv2_laravel8_memo/app/Http/Controllers/QualificationCertificationController.php(341): App\\Http\\Controllers\\CommonController->getEmailByRapidxUserId('R174')
#1 /var/www/TRDSv2_laravel8_memo/app/Http/Controllers/QualificationCertificationController.php(665): App\\Http\\Controllers\\QualificationCertificationController->saveFormSendEmail(Array)
#2 /var/www/TRDSv2_laravel8_memo/vendor/laravel/framework/src/Illuminate/Routing/Controller.php(54): App\\Http\\Controllers\\QualificationCertificationController->saveQualificationCertificationOper(Object(Illuminate\\Http\\Request))
#3 /var/www/TRDSv2_laravel8_memo/vendor/laravel/framework/src/Illuminate/Routing/ControllerDispatcher.php(45): Illuminate\\Routing\\Controller->callAction('saveQualificati...', Array)
#4 /var/www/TRDSv2_laravel8_memo/vendor/laravel/framework/src/Illuminate/Routing/Route.php(262): Illuminate\\Routing\\ControllerDispatcher->dispatch(Object(Illuminate\\Routing\\Route), Object(App\\Http\\Controllers\\QualificationCertificationController), 'saveQualificati...')
#5 /var/www/TRDSv2_laravel8_memo/vendor/laravel/framework/src/Illuminate/Routing/Route.php(205): Illuminate\\Routing\\Route->runController()
#6 /var/www/TRDSv2_laravel8_memo/vendor/laravel/framework/src/Illuminate/Routing/Router.php(721): Illuminate\\Routing\\Route->run()
#7 /var/www/TRDSv2_laravel8_memo/vendor/laravel/framework/src/Illuminate/Pipeline/Pipeline.php(128): Illuminate\\Routing\\Router->Illuminate\\Routing\\{closure}(Object(Illuminate\\Http\\Request))
#8 /var/www/TRDSv2_laravel8_memo/app/Http/Middleware/CheckSession.php(55): Illuminate\\Pipeline\\Pipeline->Illuminate\\Pipeline\\{closure}(Object(Illuminate\\Http\\Request))
#9 /var/www/TRDSv2_laravel8_memo/vendor/laravel/framework/src/Illuminate/Pipeline/Pipeline.php(167): App\\Http\\Middleware\\CheckSession->handle(Object(Illuminate\\Http\\Request), Object(Closure))
#10 /var/www/TRDSv2_laravel8_memo/vendor/laravel/framework/src/Illuminate/Routing/Middleware/SubstituteBindings.php(50): Illuminate\\Pipeline\\Pipeline->Illuminate\\Pipeline\\{closure}(Object(Illuminate\\Http\\Request))
#11 /var/www/TRDSv2_laravel8_memo/vendor/laravel/framework/src/Illuminate/Pipeline/Pipeline.php(167): Illuminate\\Routing\\Middleware\\SubstituteBindings->handle(Object(Illuminate\\Http\\Request), Object(Closure))
#12 /var/www/TRDSv2_laravel8_memo/vendor/laravel/framework/src/Illuminate/Foundation/Http/Middleware/VerifyCsrfToken.php(78): Illuminate\\Pipeline\\Pipeline->Illuminate\\Pipeline\\{closure}(Object(Illuminate\\Http\\Request))
#13 /var/www/TRDSv2_laravel8_memo/vendor/laravel/framework/src/Illuminate/Pipeline/Pipeline.php(167): Illuminate\\Foundation\\Http\\Middleware\\VerifyCsrfToken->handle(Object(Illuminate\\Http\\Request), Object(Closure))
#14 /var/www/TRDSv2_laravel8_memo/vendor/laravel/framework/src/Illuminate/View/Middleware/ShareErrorsFromSession.php(49): Illuminate\\Pipeline\\Pipeline->Illuminate\\Pipeline\\{closure}(Object(Illuminate\\Http\\Request))
#15 /var/www/TRDSv2_laravel8_memo/vendor/laravel/framework/src/Illuminate/Pipeline/Pipeline.php(167): Illuminate\\View\\Middleware\\ShareErrorsFromSession->handle(Object(Illuminate\\Http\\Request), Object(Closure))
#16 /var/www/TRDSv2_laravel8_memo/vendor/laravel/framework/src/Illuminate/Session/Middleware/StartSession.php(121): Illuminate\\Pipeline\\Pipeline->Illuminate\\Pipeline\\{closure}(Object(Illuminate\\Http\\Request))
#17 /var/www/TRDSv2_laravel8_memo/vendor/laravel/framework/src/Illuminate/Session/Middleware/StartSession.php(64): Illuminate\\Session\\Middleware\\StartSession->handleStatefulRequest(Object(Illuminate\\Http\\Request), Object(Illuminate\\Session\\Store), Object(Closure))
#18 /var/www/TRDSv2_laravel8_memo/vendor/laravel/framework/src/Illuminate/Pipeline/Pipeline.php(167): Illuminate\\Session\\Middleware\\StartSession->handle(Object(Illuminate\\Http\\Request), Object(Closure))
#19 /var/www/TRDSv2_laravel8_memo/vendor/laravel/framework/src/Illuminate/Cookie/Middleware/AddQueuedCookiesToResponse.php(37): Illuminate\\Pipeline\\Pipeline->Illuminate\\Pipeline\\{closure}(Object(Illuminate\\Http\\Request))
#20 /var/www/TRDSv2_laravel8_memo/vendor/laravel/framework/src/Illuminate/Pipeline/Pipeline.php(167): Illuminate\\Cookie\\Middleware\\AddQueuedCookiesToResponse->handle(Object(Illuminate\\Http\\Request), Object(Closure))
#21 /var/www/TRDSv2_laravel8_memo/vendor/laravel/framework/src/Illuminate/Cookie/Middleware/EncryptCookies.php(67): Illuminate\\Pipeline\\Pipeline->Illuminate\\Pipeline\\{closure}(Object(Illuminate\\Http\\Request))
#22 /var/www/TRDSv2_laravel8_memo/vendor/laravel/framework/src/Illuminate/Pipeline/Pipeline.php(167): Illuminate\\Cookie\\Middleware\\EncryptCookies->handle(Object(Illuminate\\Http\\Request), Object(Closure))
#23 /var/www/TRDSv2_laravel8_memo/vendor/laravel/framework/src/Illuminate/Pipeline/Pipeline.php(103): Illuminate\\Pipeline\\Pipeline->Illuminate\\Pipeline\\{closure}(Object(Illuminate\\Http\\Request))
#24 /var/www/TRDSv2_laravel8_memo/vendor/laravel/framework/src/Illuminate/Routing/Router.php(723): Illuminate\\Pipeline\\Pipeline->then(Object(Closure))
#25 /var/www/TRDSv2_laravel8_memo/vendor/laravel/framework/src/Illuminate/Routing/Router.php(698): Illuminate\\Routing\\Router->runRouteWithinStack(Object(Illuminate\\Routing\\Route), Object(Illuminate\\Http\\Request))
#26 /var/www/TRDSv2_laravel8_memo/vendor/laravel/framework/src/Illuminate/Routing/Router.php(662): Illuminate\\Routing\\Router->runRoute(Object(Illuminate\\Http\\Request), Object(Illuminate\\Routing\\Route))
#27 /var/www/TRDSv2_laravel8_memo/vendor/laravel/framework/src/Illuminate/Routing/Router.php(651): Illuminate\\Routing\\Router->dispatchToRoute(Object(Illuminate\\Http\\Request))
#28 /var/www/TRDSv2_laravel8_memo/vendor/laravel/framework/src/Illuminate/Foundation/Http/Kernel.php(167): Illuminate\\Routing\\Router->dispatch(Object(Illuminate\\Http\\Request))
#29 /var/www/TRDSv2_laravel8_memo/vendor/laravel/framework/src/Illuminate/Pipeline/Pipeline.php(128): Illuminate\\Foundation\\Http\\Kernel->Illuminate\\Foundation\\Http\\{closure}(Object(Illuminate\\Http\\Request))
#30 /var/www/TRDSv2_laravel8_memo/vendor/laravel/framework/src/Illuminate/Foundation/Http/Middleware/TransformsRequest.php(21): Illuminate\\Pipeline\\Pipeline->Illuminate\\Pipeline\\{closure}(Object(Illuminate\\Http\\Request))
#31 /var/www/TRDSv2_laravel8_memo/vendor/laravel/framework/src/Illuminate/Foundation/Http/Middleware/ConvertEmptyStringsToNull.php(31): Illuminate\\Foundation\\Http\\Middleware\\TransformsRequest->handle(Object(Illuminate\\Http\\Request), Object(Closure))
#32 /var/www/TRDSv2_laravel8_memo/vendor/laravel/framework/src/Illuminate/Pipeline/Pipeline.php(167): Illuminate\\Foundation\\Http\\Middleware\\ConvertEmptyStringsToNull->handle(Object(Illuminate\\Http\\Request), Object(Closure))
#33 /var/www/TRDSv2_laravel8_memo/vendor/laravel/framework/src/Illuminate/Foundation/Http/Middleware/TransformsRequest.php(21): Illuminate\\Pipeline\\Pipeline->Illuminate\\Pipeline\\{closure}(Object(Illuminate\\Http\\Request))
#34 /var/www/TRDSv2_laravel8_memo/vendor/laravel/framework/src/Illuminate/Foundation/Http/Middleware/TrimStrings.php(40): Illuminate\\Foundation\\Http\\Middleware\\TransformsRequest->handle(Object(Illuminate\\Http\\Request), Object(Closure))
#35 /var/www/TRDSv2_laravel8_memo/vendor/laravel/framework/src/Illuminate/Pipeline/Pipeline.php(167): Illuminate\\Foundation\\Http\\Middleware\\TrimStrings->handle(Object(Illuminate\\Http\\Request), Object(Closure))
#36 /var/www/TRDSv2_laravel8_memo/vendor/laravel/framework/src/Illuminate/Foundation/Http/Middleware/ValidatePostSize.php(27): Illuminate\\Pipeline\\Pipeline->Illuminate\\Pipeline\\{closure}(Object(Illuminate\\Http\\Request))
#37 /var/www/TRDSv2_laravel8_memo/vendor/laravel/framework/src/Illuminate/Pipeline/Pipeline.php(167): Illuminate\\Foundation\\Http\\Middleware\\ValidatePostSize->handle(Object(Illuminate\\Http\\Request), Object(Closure))
#38 /var/www/TRDSv2_laravel8_memo/vendor/laravel/framework/src/Illuminate/Foundation/Http/Middleware/PreventRequestsDuringMaintenance.php(86): Illuminate\\Pipeline\\Pipeline->Illuminate\\Pipeline\\{closure}(Object(Illuminate\\Http\\Request))
#39 /var/www/TRDSv2_laravel8_memo/vendor/laravel/framework/src/Illuminate/Pipeline/Pipeline.php(167): Illuminate\\Foundation\\Http\\Middleware\\PreventRequestsDuringMaintenance->handle(Object(Illuminate\\Http\\Request), Object(Closure))
#40 /var/www/TRDSv2_laravel8_memo/vendor/fideloper/proxy/src/TrustProxies.php(57): Illuminate\\Pipeline\\Pipeline->Illuminate\\Pipeline\\{closure}(Object(Illuminate\\Http\\Request))
#41 /var/www/TRDSv2_laravel8_memo/vendor/laravel/framework/src/Illuminate/Pipeline/Pipeline.php(167): Fideloper\\Proxy\\TrustProxies->handle(Object(Illuminate\\Http\\Request), Object(Closure))
#42 /var/www/TRDSv2_laravel8_memo/vendor/laravel/framework/src/Illuminate/Pipeline/Pipeline.php(103): Illuminate\\Pipeline\\Pipeline->Illuminate\\Pipeline\\{closure}(Object(Illuminate\\Http\\Request))
#43 /var/www/TRDSv2_laravel8_memo/vendor/laravel/framework/src/Illuminate/Foundation/Http/Kernel.php(142): Illuminate\\Pipeline\\Pipeline->then(Object(Closure))
#44 /var/www/TRDSv2_laravel8_memo/vendor/laravel/framework/src/Illuminate/Foundation/Http/Kernel.php(111): Illuminate\\Foundation\\Http\\Kernel->sendRequestThroughRouter(Object(Illuminate\\Http\\Request))
#45 /var/www/TRDSv2_laravel8_memo/index.php(55): Illuminate\\Foundation\\Http\\Kernel->handle(Object(Illuminate\\Http\\Request))
#46 {main}
"} 
[2026-07-10 19:00:33] local.ERROR: User not found {"exception":"[object] (Exception(code: 0): User not found at /var/www/TRDSv2_laravel8_memo/app/Http/Controllers/CommonController.php:74)
[stacktrace]
#0 /var/www/TRDSv2_laravel8_memo/app/Http/Controllers/QualificationCertificationController.php(341): App\\Http\\Controllers\\CommonController->getEmailByRapidxUserId('R174')
#1 /var/www/TRDSv2_laravel8_memo/app/Http/Controllers/QualificationCertificationController.php(664): App\\Http\\Controllers\\QualificationCertificationController->saveFormSendEmail(Array)
#2 /var/www/TRDSv2_laravel8_memo/vendor/laravel/framework/src/Illuminate/Routing/Controller.php(54): App\\Http\\Controllers\\QualificationCertificationController->saveQualificationCertificationOper(Object(Illuminate\\Http\\Request))
#3 /var/www/TRDSv2_laravel8_memo/vendor/laravel/framework/src/Illuminate/Routing/ControllerDispatcher.php(45): Illuminate\\Routing\\Controller->callAction('saveQualificati...', Array)
#4 /var/www/TRDSv2_laravel8_memo/vendor/laravel/framework/src/Illuminate/Routing/Route.php(262): Illuminate\\Routing\\ControllerDispatcher->dispatch(Object(Illuminate\\Routing\\Route), Object(App\\Http\\Controllers\\QualificationCertificationController), 'saveQualificati...')
#5 /var/www/TRDSv2_laravel8_memo/vendor/laravel/framework/src/Illuminate/Routing/Route.php(205): Illuminate\\Routing\\Route->runController()
#6 /var/www/TRDSv2_laravel8_memo/vendor/laravel/framework/src/Illuminate/Routing/Router.php(721): Illuminate\\Routing\\Route->run()
#7 /var/www/TRDSv2_laravel8_memo/vendor/laravel/framework/src/Illuminate/Pipeline/Pipeline.php(128): Illuminate\\Routing\\Router->Illuminate\\Routing\\{closure}(Object(Illuminate\\Http\\Request))
#8 /var/www/TRDSv2_laravel8_memo/app/Http/Middleware/CheckSession.php(55): Illuminate\\Pipeline\\Pipeline->Illuminate\\Pipeline\\{closure}(Object(Illuminate\\Http\\Request))
#9 /var/www/TRDSv2_laravel8_memo/vendor/laravel/framework/src/Illuminate/Pipeline/Pipeline.php(167): App\\Http\\Middleware\\CheckSession->handle(Object(Illuminate\\Http\\Request), Object(Closure))
#10 /var/www/TRDSv2_laravel8_memo/vendor/laravel/framework/src/Illuminate/Routing/Middleware/SubstituteBindings.php(50): Illuminate\\Pipeline\\Pipeline->Illuminate\\Pipeline\\{closure}(Object(Illuminate\\Http\\Request))
#11 /var/www/TRDSv2_laravel8_memo/vendor/laravel/framework/src/Illuminate/Pipeline/Pipeline.php(167): Illuminate\\Routing\\Middleware\\SubstituteBindings->handle(Object(Illuminate\\Http\\Request), Object(Closure))
#12 /var/www/TRDSv2_laravel8_memo/vendor/laravel/framework/src/Illuminate/Foundation/Http/Middleware/VerifyCsrfToken.php(78): Illuminate\\Pipeline\\Pipeline->Illuminate\\Pipeline\\{closure}(Object(Illuminate\\Http\\Request))
#13 /var/www/TRDSv2_laravel8_memo/vendor/laravel/framework/src/Illuminate/Pipeline/Pipeline.php(167): Illuminate\\Foundation\\Http\\Middleware\\VerifyCsrfToken->handle(Object(Illuminate\\Http\\Request), Object(Closure))
#14 /var/www/TRDSv2_laravel8_memo/vendor/laravel/framework/src/Illuminate/View/Middleware/ShareErrorsFromSession.php(49): Illuminate\\Pipeline\\Pipeline->Illuminate\\Pipeline\\{closure}(Object(Illuminate\\Http\\Request))
#15 /var/www/TRDSv2_laravel8_memo/vendor/laravel/framework/src/Illuminate/Pipeline/Pipeline.php(167): Illuminate\\View\\Middleware\\ShareErrorsFromSession->handle(Object(Illuminate\\Http\\Request), Object(Closure))
#16 /var/www/TRDSv2_laravel8_memo/vendor/laravel/framework/src/Illuminate/Session/Middleware/StartSession.php(121): Illuminate\\Pipeline\\Pipeline->Illuminate\\Pipeline\\{closure}(Object(Illuminate\\Http\\Request))
#17 /var/www/TRDSv2_laravel8_memo/vendor/laravel/framework/src/Illuminate/Session/Middleware/StartSession.php(64): Illuminate\\Session\\Middleware\\StartSession->handleStatefulRequest(Object(Illuminate\\Http\\Request), Object(Illuminate\\Session\\Store), Object(Closure))
#18 /var/www/TRDSv2_laravel8_memo/vendor/laravel/framework/src/Illuminate/Pipeline/Pipeline.php(167): Illuminate\\Session\\Middleware\\StartSession->handle(Object(Illuminate\\Http\\Request), Object(Closure))
#19 /var/www/TRDSv2_laravel8_memo/vendor/laravel/framework/src/Illuminate/Cookie/Middleware/AddQueuedCookiesToResponse.php(37): Illuminate\\Pipeline\\Pipeline->Illuminate\\Pipeline\\{closure}(Object(Illuminate\\Http\\Request))
#20 /var/www/TRDSv2_laravel8_memo/vendor/laravel/framework/src/Illuminate/Pipeline/Pipeline.php(167): Illuminate\\Cookie\\Middleware\\AddQueuedCookiesToResponse->handle(Object(Illuminate\\Http\\Request), Object(Closure))
#21 /var/www/TRDSv2_laravel8_memo/vendor/laravel/framework/src/Illuminate/Cookie/Middleware/EncryptCookies.php(67): Illuminate\\Pipeline\\Pipeline->Illuminate\\Pipeline\\{closure}(Object(Illuminate\\Http\\Request))
#22 /var/www/TRDSv2_laravel8_memo/vendor/laravel/framework/src/Illuminate/Pipeline/Pipeline.php(167): Illuminate\\Cookie\\Middleware\\EncryptCookies->handle(Object(Illuminate\\Http\\Request), Object(Closure))
#23 /var/www/TRDSv2_laravel8_memo/vendor/laravel/framework/src/Illuminate/Pipeline/Pipeline.php(103): Illuminate\\Pipeline\\Pipeline->Illuminate\\Pipeline\\{closure}(Object(Illuminate\\Http\\Request))
#24 /var/www/TRDSv2_laravel8_memo/vendor/laravel/framework/src/Illuminate/Routing/Router.php(723): Illuminate\\Pipeline\\Pipeline->then(Object(Closure))
#25 /var/www/TRDSv2_laravel8_memo/vendor/laravel/framework/src/Illuminate/Routing/Router.php(698): Illuminate\\Routing\\Router->runRouteWithinStack(Object(Illuminate\\Routing\\Route), Object(Illuminate\\Http\\Request))
#26 /var/www/TRDSv2_laravel8_memo/vendor/laravel/framework/src/Illuminate/Routing/Router.php(662): Illuminate\\Routing\\Router->runRoute(Object(Illuminate\\Http\\Request), Object(Illuminate\\Routing\\Route))
#27 /var/www/TRDSv2_laravel8_memo/vendor/laravel/framework/src/Illuminate/Routing/Router.php(651): Illuminate\\Routing\\Router->dispatchToRoute(Object(Illuminate\\Http\\Request))
#28 /var/www/TRDSv2_laravel8_memo/vendor/laravel/framework/src/Illuminate/Foundation/Http/Kernel.php(167): Illuminate\\Routing\\Router->dispatch(Object(Illuminate\\Http\\Request))
#29 /var/www/TRDSv2_laravel8_memo/vendor/laravel/framework/src/Illuminate/Pipeline/Pipeline.php(128): Illuminate\\Foundation\\Http\\Kernel->Illuminate\\Foundation\\Http\\{closure}(Object(Illuminate\\Http\\Request))
#30 /var/www/TRDSv2_laravel8_memo/vendor/laravel/framework/src/Illuminate/Foundation/Http/Middleware/TransformsRequest.php(21): Illuminate\\Pipeline\\Pipeline->Illuminate\\Pipeline\\{closure}(Object(Illuminate\\Http\\Request))
#31 /var/www/TRDSv2_laravel8_memo/vendor/laravel/framework/src/Illuminate/Foundation/Http/Middleware/ConvertEmptyStringsToNull.php(31): Illuminate\\Foundation\\Http\\Middleware\\TransformsRequest->handle(Object(Illuminate\\Http\\Request), Object(Closure))
#32 /var/www/TRDSv2_laravel8_memo/vendor/laravel/framework/src/Illuminate/Pipeline/Pipeline.php(167): Illuminate\\Foundation\\Http\\Middleware\\ConvertEmptyStringsToNull->handle(Object(Illuminate\\Http\\Request), Object(Closure))
#33 /var/www/TRDSv2_laravel8_memo/vendor/laravel/framework/src/Illuminate/Foundation/Http/Middleware/TransformsRequest.php(21): Illuminate\\Pipeline\\Pipeline->Illuminate\\Pipeline\\{closure}(Object(Illuminate\\Http\\Request))
#34 /var/www/TRDSv2_laravel8_memo/vendor/laravel/framework/src/Illuminate/Foundation/Http/Middleware/TrimStrings.php(40): Illuminate\\Foundation\\Http\\Middleware\\TransformsRequest->handle(Object(Illuminate\\Http\\Request), Object(Closure))
#35 /var/www/TRDSv2_laravel8_memo/vendor/laravel/framework/src/Illuminate/Pipeline/Pipeline.php(167): Illuminate\\Foundation\\Http\\Middleware\\TrimStrings->handle(Object(Illuminate\\Http\\Request), Object(Closure))
#36 /var/www/TRDSv2_laravel8_memo/vendor/laravel/framework/src/Illuminate/Foundation/Http/Middleware/ValidatePostSize.php(27): Illuminate\\Pipeline\\Pipeline->Illuminate\\Pipeline\\{closure}(Object(Illuminate\\Http\\Request))
#37 /var/www/TRDSv2_laravel8_memo/vendor/laravel/framework/src/Illuminate/Pipeline/Pipeline.php(167): Illuminate\\Foundation\\Http\\Middleware\\ValidatePostSize->handle(Object(Illuminate\\Http\\Request), Object(Closure))
#38 /var/www/TRDSv2_laravel8_memo/vendor/laravel/framework/src/Illuminate/Foundation/Http/Middleware/PreventRequestsDuringMaintenance.php(86): Illuminate\\Pipeline\\Pipeline->Illuminate\\Pipeline\\{closure}(Object(Illuminate\\Http\\Request))
#39 /var/www/TRDSv2_laravel8_memo/vendor/laravel/framework/src/Illuminate/Pipeline/Pipeline.php(167): Illuminate\\Foundation\\Http\\Middleware\\PreventRequestsDuringMaintenance->handle(Object(Illuminate\\Http\\Request), Object(Closure))
#40 /var/www/TRDSv2_laravel8_memo/vendor/fideloper/proxy/src/TrustProxies.php(57): Illuminate\\Pipeline\\Pipeline->Illuminate\\Pipeline\\{closure}(Object(Illuminate\\Http\\Request))
#41 /var/www/TRDSv2_laravel8_memo/vendor/laravel/framework/src/Illuminate/Pipeline/Pipeline.php(167): Fideloper\\Proxy\\TrustProxies->handle(Object(Illuminate\\Http\\Request), Object(Closure))
#42 /var/www/TRDSv2_laravel8_memo/vendor/laravel/framework/src/Illuminate/Pipeline/Pipeline.php(103): Illuminate\\Pipeline\\Pipeline->Illuminate\\Pipeline\\{closure}(Object(Illuminate\\Http\\Request))
#43 /var/www/TRDSv2_laravel8_memo/vendor/laravel/framework/src/Illuminate/Foundation/Http/Kernel.php(142): Illuminate\\Pipeline\\Pipeline->then(Object(Closure))
#44 /var/www/TRDSv2_laravel8_memo/vendor/laravel/framework/src/Illuminate/Foundation/Http/Kernel.php(111): Illuminate\\Foundation\\Http\\Kernel->sendRequestThroughRouter(Object(Illuminate\\Http\\Request))
#45 /var/www/TRDSv2_laravel8_memo/index.php(55): Illuminate\\Foundation\\Http\\Kernel->handle(Object(Illuminate\\Http\\Request))
#46 {main}
"} 
[2026-07-10 19:00:48] local.ERROR: User not found {"exception":"[object] (Exception(code: 0): User not found at /var/www/TRDSv2_laravel8_memo/app/Http/Controllers/CommonController.php:74)
[stacktrace]
#0 /var/www/TRDSv2_laravel8_memo/app/Http/Controllers/QualificationCertificationController.php(341): App\\Http\\Controllers\\CommonController->getEmailByRapidxUserId('R174')
#1 /var/www/TRDSv2_laravel8_memo/app/Http/Controllers/QualificationCertificationController.php(664): App\\Http\\Controllers\\QualificationCertificationController->saveFormSendEmail(Array)
#2 /var/www/TRDSv2_laravel8_memo/vendor/laravel/framework/src/Illuminate/Routing/Controller.php(54): App\\Http\\Controllers\\QualificationCertificationController->saveQualificationCertificationOper(Object(Illuminate\\Http\\Request))
#3 /var/www/TRDSv2_laravel8_memo/vendor/laravel/framework/src/Illuminate/Routing/ControllerDispatcher.php(45): Illuminate\\Routing\\Controller->callAction('saveQualificati...', Array)
#4 /var/www/TRDSv2_laravel8_memo/vendor/laravel/framework/src/Illuminate/Routing/Route.php(262): Illuminate\\Routing\\ControllerDispatcher->dispatch(Object(Illuminate\\Routing\\Route), Object(App\\Http\\Controllers\\QualificationCertificationController), 'saveQualificati...')
#5 /var/www/TRDSv2_laravel8_memo/vendor/laravel/framework/src/Illuminate/Routing/Route.php(205): Illuminate\\Routing\\Route->runController()
#6 /var/www/TRDSv2_laravel8_memo/vendor/laravel/framework/src/Illuminate/Routing/Router.php(721): Illuminate\\Routing\\Route->run()
#7 /var/www/TRDSv2_laravel8_memo/vendor/laravel/framework/src/Illuminate/Pipeline/Pipeline.php(128): Illuminate\\Routing\\Router->Illuminate\\Routing\\{closure}(Object(Illuminate\\Http\\Request))
#8 /var/www/TRDSv2_laravel8_memo/app/Http/Middleware/CheckSession.php(55): Illuminate\\Pipeline\\Pipeline->Illuminate\\Pipeline\\{closure}(Object(Illuminate\\Http\\Request))
#9 /var/www/TRDSv2_laravel8_memo/vendor/laravel/framework/src/Illuminate/Pipeline/Pipeline.php(167): App\\Http\\Middleware\\CheckSession->handle(Object(Illuminate\\Http\\Request), Object(Closure))
#10 /var/www/TRDSv2_laravel8_memo/vendor/laravel/framework/src/Illuminate/Routing/Middleware/SubstituteBindings.php(50): Illuminate\\Pipeline\\Pipeline->Illuminate\\Pipeline\\{closure}(Object(Illuminate\\Http\\Request))
#11 /var/www/TRDSv2_laravel8_memo/vendor/laravel/framework/src/Illuminate/Pipeline/Pipeline.php(167): Illuminate\\Routing\\Middleware\\SubstituteBindings->handle(Object(Illuminate\\Http\\Request), Object(Closure))
#12 /var/www/TRDSv2_laravel8_memo/vendor/laravel/framework/src/Illuminate/Foundation/Http/Middleware/VerifyCsrfToken.php(78): Illuminate\\Pipeline\\Pipeline->Illuminate\\Pipeline\\{closure}(Object(Illuminate\\Http\\Request))
#13 /var/www/TRDSv2_laravel8_memo/vendor/laravel/framework/src/Illuminate/Pipeline/Pipeline.php(167): Illuminate\\Foundation\\Http\\Middleware\\VerifyCsrfToken->handle(Object(Illuminate\\Http\\Request), Object(Closure))
#14 /var/www/TRDSv2_laravel8_memo/vendor/laravel/framework/src/Illuminate/View/Middleware/ShareErrorsFromSession.php(49): Illuminate\\Pipeline\\Pipeline->Illuminate\\Pipeline\\{closure}(Object(Illuminate\\Http\\Request))
#15 /var/www/TRDSv2_laravel8_memo/vendor/laravel/framework/src/Illuminate/Pipeline/Pipeline.php(167): Illuminate\\View\\Middleware\\ShareErrorsFromSession->handle(Object(Illuminate\\Http\\Request), Object(Closure))
#16 /var/www/TRDSv2_laravel8_memo/vendor/laravel/framework/src/Illuminate/Session/Middleware/StartSession.php(121): Illuminate\\Pipeline\\Pipeline->Illuminate\\Pipeline\\{closure}(Object(Illuminate\\Http\\Request))
#17 /var/www/TRDSv2_laravel8_memo/vendor/laravel/framework/src/Illuminate/Session/Middleware/StartSession.php(64): Illuminate\\Session\\Middleware\\StartSession->handleStatefulRequest(Object(Illuminate\\Http\\Request), Object(Illuminate\\Session\\Store), Object(Closure))
#18 /var/www/TRDSv2_laravel8_memo/vendor/laravel/framework/src/Illuminate/Pipeline/Pipeline.php(167): Illuminate\\Session\\Middleware\\StartSession->handle(Object(Illuminate\\Http\\Request), Object(Closure))
#19 /var/www/TRDSv2_laravel8_memo/vendor/laravel/framework/src/Illuminate/Cookie/Middleware/AddQueuedCookiesToResponse.php(37): Illuminate\\Pipeline\\Pipeline->Illuminate\\Pipeline\\{closure}(Object(Illuminate\\Http\\Request))
#20 /var/www/TRDSv2_laravel8_memo/vendor/laravel/framework/src/Illuminate/Pipeline/Pipeline.php(167): Illuminate\\Cookie\\Middleware\\AddQueuedCookiesToResponse->handle(Object(Illuminate\\Http\\Request), Object(Closure))
#21 /var/www/TRDSv2_laravel8_memo/vendor/laravel/framework/src/Illuminate/Cookie/Middleware/EncryptCookies.php(67): Illuminate\\Pipeline\\Pipeline->Illuminate\\Pipeline\\{closure}(Object(Illuminate\\Http\\Request))
#22 /var/www/TRDSv2_laravel8_memo/vendor/laravel/framework/src/Illuminate/Pipeline/Pipeline.php(167): Illuminate\\Cookie\\Middleware\\EncryptCookies->handle(Object(Illuminate\\Http\\Request), Object(Closure))
#23 /var/www/TRDSv2_laravel8_memo/vendor/laravel/framework/src/Illuminate/Pipeline/Pipeline.php(103): Illuminate\\Pipeline\\Pipeline->Illuminate\\Pipeline\\{closure}(Object(Illuminate\\Http\\Request))
#24 /var/www/TRDSv2_laravel8_memo/vendor/laravel/framework/src/Illuminate/Routing/Router.php(723): Illuminate\\Pipeline\\Pipeline->then(Object(Closure))
#25 /var/www/TRDSv2_laravel8_memo/vendor/laravel/framework/src/Illuminate/Routing/Router.php(698): Illuminate\\Routing\\Router->runRouteWithinStack(Object(Illuminate\\Routing\\Route), Object(Illuminate\\Http\\Request))
#26 /var/www/TRDSv2_laravel8_memo/vendor/laravel/framework/src/Illuminate/Routing/Router.php(662): Illuminate\\Routing\\Router->runRoute(Object(Illuminate\\Http\\Request), Object(Illuminate\\Routing\\Route))
#27 /var/www/TRDSv2_laravel8_memo/vendor/laravel/framework/src/Illuminate/Routing/Router.php(651): Illuminate\\Routing\\Router->dispatchToRoute(Object(Illuminate\\Http\\Request))
#28 /var/www/TRDSv2_laravel8_memo/vendor/laravel/framework/src/Illuminate/Foundation/Http/Kernel.php(167): Illuminate\\Routing\\Router->dispatch(Object(Illuminate\\Http\\Request))
#29 /var/www/TRDSv2_laravel8_memo/vendor/laravel/framework/src/Illuminate/Pipeline/Pipeline.php(128): Illuminate\\Foundation\\Http\\Kernel->Illuminate\\Foundation\\Http\\{closure}(Object(Illuminate\\Http\\Request))
#30 /var/www/TRDSv2_laravel8_memo/vendor/laravel/framework/src/Illuminate/Foundation/Http/Middleware/TransformsRequest.php(21): Illuminate\\Pipeline\\Pipeline->Illuminate\\Pipeline\\{closure}(Object(Illuminate\\Http\\Request))
#31 /var/www/TRDSv2_laravel8_memo/vendor/laravel/framework/src/Illuminate/Foundation/Http/Middleware/ConvertEmptyStringsToNull.php(31): Illuminate\\Foundation\\Http\\Middleware\\TransformsRequest->handle(Object(Illuminate\\Http\\Request), Object(Closure))
#32 /var/www/TRDSv2_laravel8_memo/vendor/laravel/framework/src/Illuminate/Pipeline/Pipeline.php(167): Illuminate\\Foundation\\Http\\Middleware\\ConvertEmptyStringsToNull->handle(Object(Illuminate\\Http\\Request), Object(Closure))
#33 /var/www/TRDSv2_laravel8_memo/vendor/laravel/framework/src/Illuminate/Foundation/Http/Middleware/TransformsRequest.php(21): Illuminate\\Pipeline\\Pipeline->Illuminate\\Pipeline\\{closure}(Object(Illuminate\\Http\\Request))
#34 /var/www/TRDSv2_laravel8_memo/vendor/laravel/framework/src/Illuminate/Foundation/Http/Middleware/TrimStrings.php(40): Illuminate\\Foundation\\Http\\Middleware\\TransformsRequest->handle(Object(Illuminate\\Http\\Request), Object(Closure))
#35 /var/www/TRDSv2_laravel8_memo/vendor/laravel/framework/src/Illuminate/Pipeline/Pipeline.php(167): Illuminate\\Foundation\\Http\\Middleware\\TrimStrings->handle(Object(Illuminate\\Http\\Request), Object(Closure))
#36 /var/www/TRDSv2_laravel8_memo/vendor/laravel/framework/src/Illuminate/Foundation/Http/Middleware/ValidatePostSize.php(27): Illuminate\\Pipeline\\Pipeline->Illuminate\\Pipeline\\{closure}(Object(Illuminate\\Http\\Request))
#37 /var/www/TRDSv2_laravel8_memo/vendor/laravel/framework/src/Illuminate/Pipeline/Pipeline.php(167): Illuminate\\Foundation\\Http\\Middleware\\ValidatePostSize->handle(Object(Illuminate\\Http\\Request), Object(Closure))
#38 /var/www/TRDSv2_laravel8_memo/vendor/laravel/framework/src/Illuminate/Foundation/Http/Middleware/PreventRequestsDuringMaintenance.php(86): Illuminate\\Pipeline\\Pipeline->Illuminate\\Pipeline\\{closure}(Object(Illuminate\\Http\\Request))
#39 /var/www/TRDSv2_laravel8_memo/vendor/laravel/framework/src/Illuminate/Pipeline/Pipeline.php(167): Illuminate\\Foundation\\Http\\Middleware\\PreventRequestsDuringMaintenance->handle(Object(Illuminate\\Http\\Request), Object(Closure))
#40 /var/www/TRDSv2_laravel8_memo/vendor/fideloper/proxy/src/TrustProxies.php(57): Illuminate\\Pipeline\\Pipeline->Illuminate\\Pipeline\\{closure}(Object(Illuminate\\Http\\Request))
#41 /var/www/TRDSv2_laravel8_memo/vendor/laravel/framework/src/Illuminate/Pipeline/Pipeline.php(167): Fideloper\\Proxy\\TrustProxies->handle(Object(Illuminate\\Http\\Request), Object(Closure))
#42 /var/www/TRDSv2_laravel8_memo/vendor/laravel/framework/src/Illuminate/Pipeline/Pipeline.php(103): Illuminate\\Pipeline\\Pipeline->Illuminate\\Pipeline\\{closure}(Object(Illuminate\\Http\\Request))
#43 /var/www/TRDSv2_laravel8_memo/vendor/laravel/framework/src/Illuminate/Foundation/Http/Kernel.php(142): Illuminate\\Pipeline\\Pipeline->then(Object(Closure))
#44 /var/www/TRDSv2_laravel8_memo/vendor/laravel/framework/src/Illuminate/Foundation/Http/Kernel.php(111): Illuminate\\Foundation\\Http\\Kernel->sendRequestThroughRouter(Object(Illuminate\\Http\\Request))
#45 /var/www/TRDSv2_laravel8_memo/index.php(55): Illuminate\\Foundation\\Http\\Kernel->handle(Object(Illuminate\\Http\\Request))
#46 {main}
"} 
[2026-07-10 19:01:04] local.ERROR: Undefined variable: arrCc {"exception":"[object] (ErrorException(code: 0): Undefined variable: arrCc at /var/www/TRDSv2_laravel8_memo/app/Http/Controllers/QualificationCertificationController.php:348)
[stacktrace]
#0 /var/www/TRDSv2_laravel8_memo/app/Http/Controllers/QualificationCertificationController.php(348): Illuminate\\Foundation\\Bootstrap\\HandleExceptions->handleError(8, 'Undefined varia...', '/var/www/TRDSv2...', 348, Array)
#1 /var/www/TRDSv2_laravel8_memo/app/Http/Controllers/QualificationCertificationController.php(664): App\\Http\\Controllers\\QualificationCertificationController->saveFormSendEmail(Array)
#2 /var/www/TRDSv2_laravel8_memo/vendor/laravel/framework/src/Illuminate/Routing/Controller.php(54): App\\Http\\Controllers\\QualificationCertificationController->saveQualificationCertificationOper(Object(Illuminate\\Http\\Request))
#3 /var/www/TRDSv2_laravel8_memo/vendor/laravel/framework/src/Illuminate/Routing/ControllerDispatcher.php(45): Illuminate\\Routing\\Controller->callAction('saveQualificati...', Array)
#4 /var/www/TRDSv2_laravel8_memo/vendor/laravel/framework/src/Illuminate/Routing/Route.php(262): Illuminate\\Routing\\ControllerDispatcher->dispatch(Object(Illuminate\\Routing\\Route), Object(App\\Http\\Controllers\\QualificationCertificationController), 'saveQualificati...')
#5 /var/www/TRDSv2_laravel8_memo/vendor/laravel/framework/src/Illuminate/Routing/Route.php(205): Illuminate\\Routing\\Route->runController()
#6 /var/www/TRDSv2_laravel8_memo/vendor/laravel/framework/src/Illuminate/Routing/Router.php(721): Illuminate\\Routing\\Route->run()
#7 /var/www/TRDSv2_laravel8_memo/vendor/laravel/framework/src/Illuminate/Pipeline/Pipeline.php(128): Illuminate\\Routing\\Router->Illuminate\\Routing\\{closure}(Object(Illuminate\\Http\\Request))
#8 /var/www/TRDSv2_laravel8_memo/app/Http/Middleware/CheckSession.php(55): Illuminate\\Pipeline\\Pipeline->Illuminate\\Pipeline\\{closure}(Object(Illuminate\\Http\\Request))
#9 /var/www/TRDSv2_laravel8_memo/vendor/laravel/framework/src/Illuminate/Pipeline/Pipeline.php(167): App\\Http\\Middleware\\CheckSession->handle(Object(Illuminate\\Http\\Request), Object(Closure))
#10 /var/www/TRDSv2_laravel8_memo/vendor/laravel/framework/src/Illuminate/Routing/Middleware/SubstituteBindings.php(50): Illuminate\\Pipeline\\Pipeline->Illuminate\\Pipeline\\{closure}(Object(Illuminate\\Http\\Request))
#11 /var/www/TRDSv2_laravel8_memo/vendor/laravel/framework/src/Illuminate/Pipeline/Pipeline.php(167): Illuminate\\Routing\\Middleware\\SubstituteBindings->handle(Object(Illuminate\\Http\\Request), Object(Closure))
#12 /var/www/TRDSv2_laravel8_memo/vendor/laravel/framework/src/Illuminate/Foundation/Http/Middleware/VerifyCsrfToken.php(78): Illuminate\\Pipeline\\Pipeline->Illuminate\\Pipeline\\{closure}(Object(Illuminate\\Http\\Request))
#13 /var/www/TRDSv2_laravel8_memo/vendor/laravel/framework/src/Illuminate/Pipeline/Pipeline.php(167): Illuminate\\Foundation\\Http\\Middleware\\VerifyCsrfToken->handle(Object(Illuminate\\Http\\Request), Object(Closure))
#14 /var/www/TRDSv2_laravel8_memo/vendor/laravel/framework/src/Illuminate/View/Middleware/ShareErrorsFromSession.php(49): Illuminate\\Pipeline\\Pipeline->Illuminate\\Pipeline\\{closure}(Object(Illuminate\\Http\\Request))
#15 /var/www/TRDSv2_laravel8_memo/vendor/laravel/framework/src/Illuminate/Pipeline/Pipeline.php(167): Illuminate\\View\\Middleware\\ShareErrorsFromSession->handle(Object(Illuminate\\Http\\Request), Object(Closure))
#16 /var/www/TRDSv2_laravel8_memo/vendor/laravel/framework/src/Illuminate/Session/Middleware/StartSession.php(121): Illuminate\\Pipeline\\Pipeline->Illuminate\\Pipeline\\{closure}(Object(Illuminate\\Http\\Request))
#17 /var/www/TRDSv2_laravel8_memo/vendor/laravel/framework/src/Illuminate/Session/Middleware/StartSession.php(64): Illuminate\\Session\\Middleware\\StartSession->handleStatefulRequest(Object(Illuminate\\Http\\Request), Object(Illuminate\\Session\\Store), Object(Closure))
#18 /var/www/TRDSv2_laravel8_memo/vendor/laravel/framework/src/Illuminate/Pipeline/Pipeline.php(167): Illuminate\\Session\\Middleware\\StartSession->handle(Object(Illuminate\\Http\\Request), Object(Closure))
#19 /var/www/TRDSv2_laravel8_memo/vendor/laravel/framework/src/Illuminate/Cookie/Middleware/AddQueuedCookiesToResponse.php(37): Illuminate\\Pipeline\\Pipeline->Illuminate\\Pipeline\\{closure}(Object(Illuminate\\Http\\Request))
#20 /var/www/TRDSv2_laravel8_memo/vendor/laravel/framework/src/Illuminate/Pipeline/Pipeline.php(167): Illuminate\\Cookie\\Middleware\\AddQueuedCookiesToResponse->handle(Object(Illuminate\\Http\\Request), Object(Closure))
#21 /var/www/TRDSv2_laravel8_memo/vendor/laravel/framework/src/Illuminate/Cookie/Middleware/EncryptCookies.php(67): Illuminate\\Pipeline\\Pipeline->Illuminate\\Pipeline\\{closure}(Object(Illuminate\\Http\\Request))
#22 /var/www/TRDSv2_laravel8_memo/vendor/laravel/framework/src/Illuminate/Pipeline/Pipeline.php(167): Illuminate\\Cookie\\Middleware\\EncryptCookies->handle(Object(Illuminate\\Http\\Request), Object(Closure))
#23 /var/www/TRDSv2_laravel8_memo/vendor/laravel/framework/src/Illuminate/Pipeline/Pipeline.php(103): Illuminate\\Pipeline\\Pipeline->Illuminate\\Pipeline\\{closure}(Object(Illuminate\\Http\\Request))
#24 /var/www/TRDSv2_laravel8_memo/vendor/laravel/framework/src/Illuminate/Routing/Router.php(723): Illuminate\\Pipeline\\Pipeline->then(Object(Closure))
#25 /var/www/TRDSv2_laravel8_memo/vendor/laravel/framework/src/Illuminate/Routing/Router.php(698): Illuminate\\Routing\\Router->runRouteWithinStack(Object(Illuminate\\Routing\\Route), Object(Illuminate\\Http\\Request))
#26 /var/www/TRDSv2_laravel8_memo/vendor/laravel/framework/src/Illuminate/Routing/Router.php(662): Illuminate\\Routing\\Router->runRoute(Object(Illuminate\\Http\\Request), Object(Illuminate\\Routing\\Route))
#27 /var/www/TRDSv2_laravel8_memo/vendor/laravel/framework/src/Illuminate/Routing/Router.php(651): Illuminate\\Routing\\Router->dispatchToRoute(Object(Illuminate\\Http\\Request))
#28 /var/www/TRDSv2_laravel8_memo/vendor/laravel/framework/src/Illuminate/Foundation/Http/Kernel.php(167): Illuminate\\Routing\\Router->dispatch(Object(Illuminate\\Http\\Request))
#29 /var/www/TRDSv2_laravel8_memo/vendor/laravel/framework/src/Illuminate/Pipeline/Pipeline.php(128): Illuminate\\Foundation\\Http\\Kernel->Illuminate\\Foundation\\Http\\{closure}(Object(Illuminate\\Http\\Request))
#30 /var/www/TRDSv2_laravel8_memo/vendor/laravel/framework/src/Illuminate/Foundation/Http/Middleware/TransformsRequest.php(21): Illuminate\\Pipeline\\Pipeline->Illuminate\\Pipeline\\{closure}(Object(Illuminate\\Http\\Request))
#31 /var/www/TRDSv2_laravel8_memo/vendor/laravel/framework/src/Illuminate/Foundation/Http/Middleware/ConvertEmptyStringsToNull.php(31): Illuminate\\Foundation\\Http\\Middleware\\TransformsRequest->handle(Object(Illuminate\\Http\\Request), Object(Closure))
#32 /var/www/TRDSv2_laravel8_memo/vendor/laravel/framework/src/Illuminate/Pipeline/Pipeline.php(167): Illuminate\\Foundation\\Http\\Middleware\\ConvertEmptyStringsToNull->handle(Object(Illuminate\\Http\\Request), Object(Closure))
#33 /var/www/TRDSv2_laravel8_memo/vendor/laravel/framework/src/Illuminate/Foundation/Http/Middleware/TransformsRequest.php(21): Illuminate\\Pipeline\\Pipeline->Illuminate\\Pipeline\\{closure}(Object(Illuminate\\Http\\Request))
#34 /var/www/TRDSv2_laravel8_memo/vendor/laravel/framework/src/Illuminate/Foundation/Http/Middleware/TrimStrings.php(40): Illuminate\\Foundation\\Http\\Middleware\\TransformsRequest->handle(Object(Illuminate\\Http\\Request), Object(Closure))
#35 /var/www/TRDSv2_laravel8_memo/vendor/laravel/framework/src/Illuminate/Pipeline/Pipeline.php(167): Illuminate\\Foundation\\Http\\Middleware\\TrimStrings->handle(Object(Illuminate\\Http\\Request), Object(Closure))
#36 /var/www/TRDSv2_laravel8_memo/vendor/laravel/framework/src/Illuminate/Foundation/Http/Middleware/ValidatePostSize.php(27): Illuminate\\Pipeline\\Pipeline->Illuminate\\Pipeline\\{closure}(Object(Illuminate\\Http\\Request))
#37 /var/www/TRDSv2_laravel8_memo/vendor/laravel/framework/src/Illuminate/Pipeline/Pipeline.php(167): Illuminate\\Foundation\\Http\\Middleware\\ValidatePostSize->handle(Object(Illuminate\\Http\\Request), Object(Closure))
#38 /var/www/TRDSv2_laravel8_memo/vendor/laravel/framework/src/Illuminate/Foundation/Http/Middleware/PreventRequestsDuringMaintenance.php(86): Illuminate\\Pipeline\\Pipeline->Illuminate\\Pipeline\\{closure}(Object(Illuminate\\Http\\Request))
#39 /var/www/TRDSv2_laravel8_memo/vendor/laravel/framework/src/Illuminate/Pipeline/Pipeline.php(167): Illuminate\\Foundation\\Http\\Middleware\\PreventRequestsDuringMaintenance->handle(Object(Illuminate\\Http\\Request), Object(Closure))
#40 /var/www/TRDSv2_laravel8_memo/vendor/fideloper/proxy/src/TrustProxies.php(57): Illuminate\\Pipeline\\Pipeline->Illuminate\\Pipeline\\{closure}(Object(Illuminate\\Http\\Request))
#41 /var/www/TRDSv2_laravel8_memo/vendor/laravel/framework/src/Illuminate/Pipeline/Pipeline.php(167): Fideloper\\Proxy\\TrustProxies->handle(Object(Illuminate\\Http\\Request), Object(Closure))
#42 /var/www/TRDSv2_laravel8_memo/vendor/laravel/framework/src/Illuminate/Pipeline/Pipeline.php(103): Illuminate\\Pipeline\\Pipeline->Illuminate\\Pipeline\\{closure}(Object(Illuminate\\Http\\Request))
#43 /var/www/TRDSv2_laravel8_memo/vendor/laravel/framework/src/Illuminate/Foundation/Http/Kernel.php(142): Illuminate\\Pipeline\\Pipeline->then(Object(Closure))
#44 /var/www/TRDSv2_laravel8_memo/vendor/laravel/framework/src/Illuminate/Foundation/Http/Kernel.php(111): Illuminate\\Foundation\\Http\\Kernel->sendRequestThroughRouter(Object(Illuminate\\Http\\Request))
#45 /var/www/TRDSv2_laravel8_memo/index.php(55): Illuminate\\Foundation\\Http\\Kernel->handle(Object(Illuminate\\Http\\Request))
#46 {main}
"} 
[2026-07-10 19:01:09] local.ERROR: Undefined variable: arrCc {"exception":"[object] (ErrorException(code: 0): Undefined variable: arrCc at /var/www/TRDSv2_laravel8_memo/app/Http/Controllers/QualificationCertificationController.php:348)
[stacktrace]
#0 /var/www/TRDSv2_laravel8_memo/app/Http/Controllers/QualificationCertificationController.php(348): Illuminate\\Foundation\\Bootstrap\\HandleExceptions->handleError(8, 'Undefined varia...', '/var/www/TRDSv2...', 348, Array)
#1 /var/www/TRDSv2_laravel8_memo/app/Http/Controllers/QualificationCertificationController.php(664): App\\Http\\Controllers\\QualificationCertificationController->saveFormSendEmail(Array)
#2 /var/www/TRDSv2_laravel8_memo/vendor/laravel/framework/src/Illuminate/Routing/Controller.php(54): App\\Http\\Controllers\\QualificationCertificationController->saveQualificationCertificationOper(Object(Illuminate\\Http\\Request))
#3 /var/www/TRDSv2_laravel8_memo/vendor/laravel/framework/src/Illuminate/Routing/ControllerDispatcher.php(45): Illuminate\\Routing\\Controller->callAction('saveQualificati...', Array)
#4 /var/www/TRDSv2_laravel8_memo/vendor/laravel/framework/src/Illuminate/Routing/Route.php(262): Illuminate\\Routing\\ControllerDispatcher->dispatch(Object(Illuminate\\Routing\\Route), Object(App\\Http\\Controllers\\QualificationCertificationController), 'saveQualificati...')
#5 /var/www/TRDSv2_laravel8_memo/vendor/laravel/framework/src/Illuminate/Routing/Route.php(205): Illuminate\\Routing\\Route->runController()
#6 /var/www/TRDSv2_laravel8_memo/vendor/laravel/framework/src/Illuminate/Routing/Router.php(721): Illuminate\\Routing\\Route->run()
#7 /var/www/TRDSv2_laravel8_memo/vendor/laravel/framework/src/Illuminate/Pipeline/Pipeline.php(128): Illuminate\\Routing\\Router->Illuminate\\Routing\\{closure}(Object(Illuminate\\Http\\Request))
#8 /var/www/TRDSv2_laravel8_memo/app/Http/Middleware/CheckSession.php(55): Illuminate\\Pipeline\\Pipeline->Illuminate\\Pipeline\\{closure}(Object(Illuminate\\Http\\Request))
#9 /var/www/TRDSv2_laravel8_memo/vendor/laravel/framework/src/Illuminate/Pipeline/Pipeline.php(167): App\\Http\\Middleware\\CheckSession->handle(Object(Illuminate\\Http\\Request), Object(Closure))
#10 /var/www/TRDSv2_laravel8_memo/vendor/laravel/framework/src/Illuminate/Routing/Middleware/SubstituteBindings.php(50): Illuminate\\Pipeline\\Pipeline->Illuminate\\Pipeline\\{closure}(Object(Illuminate\\Http\\Request))
#11 /var/www/TRDSv2_laravel8_memo/vendor/laravel/framework/src/Illuminate/Pipeline/Pipeline.php(167): Illuminate\\Routing\\Middleware\\SubstituteBindings->handle(Object(Illuminate\\Http\\Request), Object(Closure))
#12 /var/www/TRDSv2_laravel8_memo/vendor/laravel/framework/src/Illuminate/Foundation/Http/Middleware/VerifyCsrfToken.php(78): Illuminate\\Pipeline\\Pipeline->Illuminate\\Pipeline\\{closure}(Object(Illuminate\\Http\\Request))
#13 /var/www/TRDSv2_laravel8_memo/vendor/laravel/framework/src/Illuminate/Pipeline/Pipeline.php(167): Illuminate\\Foundation\\Http\\Middleware\\VerifyCsrfToken->handle(Object(Illuminate\\Http\\Request), Object(Closure))
#14 /var/www/TRDSv2_laravel8_memo/vendor/laravel/framework/src/Illuminate/View/Middleware/ShareErrorsFromSession.php(49): Illuminate\\Pipeline\\Pipeline->Illuminate\\Pipeline\\{closure}(Object(Illuminate\\Http\\Request))
#15 /var/www/TRDSv2_laravel8_memo/vendor/laravel/framework/src/Illuminate/Pipeline/Pipeline.php(167): Illuminate\\View\\Middleware\\ShareErrorsFromSession->handle(Object(Illuminate\\Http\\Request), Object(Closure))
#16 /var/www/TRDSv2_laravel8_memo/vendor/laravel/framework/src/Illuminate/Session/Middleware/StartSession.php(121): Illuminate\\Pipeline\\Pipeline->Illuminate\\Pipeline\\{closure}(Object(Illuminate\\Http\\Request))
#17 /var/www/TRDSv2_laravel8_memo/vendor/laravel/framework/src/Illuminate/Session/Middleware/StartSession.php(64): Illuminate\\Session\\Middleware\\StartSession->handleStatefulRequest(Object(Illuminate\\Http\\Request), Object(Illuminate\\Session\\Store), Object(Closure))
#18 /var/www/TRDSv2_laravel8_memo/vendor/laravel/framework/src/Illuminate/Pipeline/Pipeline.php(167): Illuminate\\Session\\Middleware\\StartSession->handle(Object(Illuminate\\Http\\Request), Object(Closure))
#19 /var/www/TRDSv2_laravel8_memo/vendor/laravel/framework/src/Illuminate/Cookie/Middleware/AddQueuedCookiesToResponse.php(37): Illuminate\\Pipeline\\Pipeline->Illuminate\\Pipeline\\{closure}(Object(Illuminate\\Http\\Request))
#20 /var/www/TRDSv2_laravel8_memo/vendor/laravel/framework/src/Illuminate/Pipeline/Pipeline.php(167): Illuminate\\Cookie\\Middleware\\AddQueuedCookiesToResponse->handle(Object(Illuminate\\Http\\Request), Object(Closure))
#21 /var/www/TRDSv2_laravel8_memo/vendor/laravel/framework/src/Illuminate/Cookie/Middleware/EncryptCookies.php(67): Illuminate\\Pipeline\\Pipeline->Illuminate\\Pipeline\\{closure}(Object(Illuminate\\Http\\Request))
#22 /var/www/TRDSv2_laravel8_memo/vendor/laravel/framework/src/Illuminate/Pipeline/Pipeline.php(167): Illuminate\\Cookie\\Middleware\\EncryptCookies->handle(Object(Illuminate\\Http\\Request), Object(Closure))
#23 /var/www/TRDSv2_laravel8_memo/vendor/laravel/framework/src/Illuminate/Pipeline/Pipeline.php(103): Illuminate\\Pipeline\\Pipeline->Illuminate\\Pipeline\\{closure}(Object(Illuminate\\Http\\Request))
#24 /var/www/TRDSv2_laravel8_memo/vendor/laravel/framework/src/Illuminate/Routing/Router.php(723): Illuminate\\Pipeline\\Pipeline->then(Object(Closure))
#25 /var/www/TRDSv2_laravel8_memo/vendor/laravel/framework/src/Illuminate/Routing/Router.php(698): Illuminate\\Routing\\Router->runRouteWithinStack(Object(Illuminate\\Routing\\Route), Object(Illuminate\\Http\\Request))
#26 /var/www/TRDSv2_laravel8_memo/vendor/laravel/framework/src/Illuminate/Routing/Router.php(662): Illuminate\\Routing\\Router->runRoute(Object(Illuminate\\Http\\Request), Object(Illuminate\\Routing\\Route))
#27 /var/www/TRDSv2_laravel8_memo/vendor/laravel/framework/src/Illuminate/Routing/Router.php(651): Illuminate\\Routing\\Router->dispatchToRoute(Object(Illuminate\\Http\\Request))
#28 /var/www/TRDSv2_laravel8_memo/vendor/laravel/framework/src/Illuminate/Foundation/Http/Kernel.php(167): Illuminate\\Routing\\Router->dispatch(Object(Illuminate\\Http\\Request))
#29 /var/www/TRDSv2_laravel8_memo/vendor/laravel/framework/src/Illuminate/Pipeline/Pipeline.php(128): Illuminate\\Foundation\\Http\\Kernel->Illuminate\\Foundation\\Http\\{closure}(Object(Illuminate\\Http\\Request))
#30 /var/www/TRDSv2_laravel8_memo/vendor/laravel/framework/src/Illuminate/Foundation/Http/Middleware/TransformsRequest.php(21): Illuminate\\Pipeline\\Pipeline->Illuminate\\Pipeline\\{closure}(Object(Illuminate\\Http\\Request))
#31 /var/www/TRDSv2_laravel8_memo/vendor/laravel/framework/src/Illuminate/Foundation/Http/Middleware/ConvertEmptyStringsToNull.php(31): Illuminate\\Foundation\\Http\\Middleware\\TransformsRequest->handle(Object(Illuminate\\Http\\Request), Object(Closure))
#32 /var/www/TRDSv2_laravel8_memo/vendor/laravel/framework/src/Illuminate/Pipeline/Pipeline.php(167): Illuminate\\Foundation\\Http\\Middleware\\ConvertEmptyStringsToNull->handle(Object(Illuminate\\Http\\Request), Object(Closure))
#33 /var/www/TRDSv2_laravel8_memo/vendor/laravel/framework/src/Illuminate/Foundation/Http/Middleware/TransformsRequest.php(21): Illuminate\\Pipeline\\Pipeline->Illuminate\\Pipeline\\{closure}(Object(Illuminate\\Http\\Request))
#34 /var/www/TRDSv2_laravel8_memo/vendor/laravel/framework/src/Illuminate/Foundation/Http/Middleware/TrimStrings.php(40): Illuminate\\Foundation\\Http\\Middleware\\TransformsRequest->handle(Object(Illuminate\\Http\\Request), Object(Closure))
#35 /var/www/TRDSv2_laravel8_memo/vendor/laravel/framework/src/Illuminate/Pipeline/Pipeline.php(167): Illuminate\\Foundation\\Http\\Middleware\\TrimStrings->handle(Object(Illuminate\\Http\\Request), Object(Closure))
#36 /var/www/TRDSv2_laravel8_memo/vendor/laravel/framework/src/Illuminate/Foundation/Http/Middleware/ValidatePostSize.php(27): Illuminate\\Pipeline\\Pipeline->Illuminate\\Pipeline\\{closure}(Object(Illuminate\\Http\\Request))
#37 /var/www/TRDSv2_laravel8_memo/vendor/laravel/framework/src/Illuminate/Pipeline/Pipeline.php(167): Illuminate\\Foundation\\Http\\Middleware\\ValidatePostSize->handle(Object(Illuminate\\Http\\Request), Object(Closure))
#38 /var/www/TRDSv2_laravel8_memo/vendor/laravel/framework/src/Illuminate/Foundation/Http/Middleware/PreventRequestsDuringMaintenance.php(86): Illuminate\\Pipeline\\Pipeline->Illuminate\\Pipeline\\{closure}(Object(Illuminate\\Http\\Request))
#39 /var/www/TRDSv2_laravel8_memo/vendor/laravel/framework/src/Illuminate/Pipeline/Pipeline.php(167): Illuminate\\Foundation\\Http\\Middleware\\PreventRequestsDuringMaintenance->handle(Object(Illuminate\\Http\\Request), Object(Closure))
#40 /var/www/TRDSv2_laravel8_memo/vendor/fideloper/proxy/src/TrustProxies.php(57): Illuminate\\Pipeline\\Pipeline->Illuminate\\Pipeline\\{closure}(Object(Illuminate\\Http\\Request))
#41 /var/www/TRDSv2_laravel8_memo/vendor/laravel/framework/src/Illuminate/Pipeline/Pipeline.php(167): Fideloper\\Proxy\\TrustProxies->handle(Object(Illuminate\\Http\\Request), Object(Closure))
#42 /var/www/TRDSv2_laravel8_memo/vendor/laravel/framework/src/Illuminate/Pipeline/Pipeline.php(103): Illuminate\\Pipeline\\Pipeline->Illuminate\\Pipeline\\{closure}(Object(Illuminate\\Http\\Request))
#43 /var/www/TRDSv2_laravel8_memo/vendor/laravel/framework/src/Illuminate/Foundation/Http/Kernel.php(142): Illuminate\\Pipeline\\Pipeline->then(Object(Closure))
#44 /var/www/TRDSv2_laravel8_memo/vendor/laravel/framework/src/Illuminate/Foundation/Http/Kernel.php(111): Illuminate\\Foundation\\Http\\Kernel->sendRequestThroughRouter(Object(Illuminate\\Http\\Request))
#45 /var/www/TRDSv2_laravel8_memo/index.php(55): Illuminate\\Foundation\\Http\\Kernel->handle(Object(Illuminate\\Http\\Request))
#46 {main}
"} 
[2026-07-10 19:16:07] local.ERROR: Undefined variable: currentApprovalStatus {"exception":"[object] (ErrorException(code: 0): Undefined variable: currentApprovalStatus at /var/www/TRDSv2_laravel8_memo/app/Http/Controllers/QualificationCertificationController.php:666)
[stacktrace]
#0 /var/www/TRDSv2_laravel8_memo/app/Http/Controllers/QualificationCertificationController.php(666): Illuminate\\Foundation\\Bootstrap\\HandleExceptions->handleError(8, 'Undefined varia...', '/var/www/TRDSv2...', 666, Array)
#1 /var/www/TRDSv2_laravel8_memo/vendor/laravel/framework/src/Illuminate/Routing/Controller.php(54): App\\Http\\Controllers\\QualificationCertificationController->saveQualificationCertificationOper(Object(Illuminate\\Http\\Request))
#2 /var/www/TRDSv2_laravel8_memo/vendor/laravel/framework/src/Illuminate/Routing/ControllerDispatcher.php(45): Illuminate\\Routing\\Controller->callAction('saveQualificati...', Array)
#3 /var/www/TRDSv2_laravel8_memo/vendor/laravel/framework/src/Illuminate/Routing/Route.php(262): Illuminate\\Routing\\ControllerDispatcher->dispatch(Object(Illuminate\\Routing\\Route), Object(App\\Http\\Controllers\\QualificationCertificationController), 'saveQualificati...')
#4 /var/www/TRDSv2_laravel8_memo/vendor/laravel/framework/src/Illuminate/Routing/Route.php(205): Illuminate\\Routing\\Route->runController()
#5 /var/www/TRDSv2_laravel8_memo/vendor/laravel/framework/src/Illuminate/Routing/Router.php(721): Illuminate\\Routing\\Route->run()
#6 /var/www/TRDSv2_laravel8_memo/vendor/laravel/framework/src/Illuminate/Pipeline/Pipeline.php(128): Illuminate\\Routing\\Router->Illuminate\\Routing\\{closure}(Object(Illuminate\\Http\\Request))
#7 /var/www/TRDSv2_laravel8_memo/app/Http/Middleware/CheckSession.php(55): Illuminate\\Pipeline\\Pipeline->Illuminate\\Pipeline\\{closure}(Object(Illuminate\\Http\\Request))
#8 /var/www/TRDSv2_laravel8_memo/vendor/laravel/framework/src/Illuminate/Pipeline/Pipeline.php(167): App\\Http\\Middleware\\CheckSession->handle(Object(Illuminate\\Http\\Request), Object(Closure))
#9 /var/www/TRDSv2_laravel8_memo/vendor/laravel/framework/src/Illuminate/Routing/Middleware/SubstituteBindings.php(50): Illuminate\\Pipeline\\Pipeline->Illuminate\\Pipeline\\{closure}(Object(Illuminate\\Http\\Request))
#10 /var/www/TRDSv2_laravel8_memo/vendor/laravel/framework/src/Illuminate/Pipeline/Pipeline.php(167): Illuminate\\Routing\\Middleware\\SubstituteBindings->handle(Object(Illuminate\\Http\\Request), Object(Closure))
#11 /var/www/TRDSv2_laravel8_memo/vendor/laravel/framework/src/Illuminate/Foundation/Http/Middleware/VerifyCsrfToken.php(78): Illuminate\\Pipeline\\Pipeline->Illuminate\\Pipeline\\{closure}(Object(Illuminate\\Http\\Request))
#12 /var/www/TRDSv2_laravel8_memo/vendor/laravel/framework/src/Illuminate/Pipeline/Pipeline.php(167): Illuminate\\Foundation\\Http\\Middleware\\VerifyCsrfToken->handle(Object(Illuminate\\Http\\Request), Object(Closure))
#13 /var/www/TRDSv2_laravel8_memo/vendor/laravel/framework/src/Illuminate/View/Middleware/ShareErrorsFromSession.php(49): Illuminate\\Pipeline\\Pipeline->Illuminate\\Pipeline\\{closure}(Object(Illuminate\\Http\\Request))
#14 /var/www/TRDSv2_laravel8_memo/vendor/laravel/framework/src/Illuminate/Pipeline/Pipeline.php(167): Illuminate\\View\\Middleware\\ShareErrorsFromSession->handle(Object(Illuminate\\Http\\Request), Object(Closure))
#15 /var/www/TRDSv2_laravel8_memo/vendor/laravel/framework/src/Illuminate/Session/Middleware/StartSession.php(121): Illuminate\\Pipeline\\Pipeline->Illuminate\\Pipeline\\{closure}(Object(Illuminate\\Http\\Request))
#16 /var/www/TRDSv2_laravel8_memo/vendor/laravel/framework/src/Illuminate/Session/Middleware/StartSession.php(64): Illuminate\\Session\\Middleware\\StartSession->handleStatefulRequest(Object(Illuminate\\Http\\Request), Object(Illuminate\\Session\\Store), Object(Closure))
#17 /var/www/TRDSv2_laravel8_memo/vendor/laravel/framework/src/Illuminate/Pipeline/Pipeline.php(167): Illuminate\\Session\\Middleware\\StartSession->handle(Object(Illuminate\\Http\\Request), Object(Closure))
#18 /var/www/TRDSv2_laravel8_memo/vendor/laravel/framework/src/Illuminate/Cookie/Middleware/AddQueuedCookiesToResponse.php(37): Illuminate\\Pipeline\\Pipeline->Illuminate\\Pipeline\\{closure}(Object(Illuminate\\Http\\Request))
#19 /var/www/TRDSv2_laravel8_memo/vendor/laravel/framework/src/Illuminate/Pipeline/Pipeline.php(167): Illuminate\\Cookie\\Middleware\\AddQueuedCookiesToResponse->handle(Object(Illuminate\\Http\\Request), Object(Closure))
#20 /var/www/TRDSv2_laravel8_memo/vendor/laravel/framework/src/Illuminate/Cookie/Middleware/EncryptCookies.php(67): Illuminate\\Pipeline\\Pipeline->Illuminate\\Pipeline\\{closure}(Object(Illuminate\\Http\\Request))
#21 /var/www/TRDSv2_laravel8_memo/vendor/laravel/framework/src/Illuminate/Pipeline/Pipeline.php(167): Illuminate\\Cookie\\Middleware\\EncryptCookies->handle(Object(Illuminate\\Http\\Request), Object(Closure))
#22 /var/www/TRDSv2_laravel8_memo/vendor/laravel/framework/src/Illuminate/Pipeline/Pipeline.php(103): Illuminate\\Pipeline\\Pipeline->Illuminate\\Pipeline\\{closure}(Object(Illuminate\\Http\\Request))
#23 /var/www/TRDSv2_laravel8_memo/vendor/laravel/framework/src/Illuminate/Routing/Router.php(723): Illuminate\\Pipeline\\Pipeline->then(Object(Closure))
#24 /var/www/TRDSv2_laravel8_memo/vendor/laravel/framework/src/Illuminate/Routing/Router.php(698): Illuminate\\Routing\\Router->runRouteWithinStack(Object(Illuminate\\Routing\\Route), Object(Illuminate\\Http\\Request))
#25 /var/www/TRDSv2_laravel8_memo/vendor/laravel/framework/src/Illuminate/Routing/Router.php(662): Illuminate\\Routing\\Router->runRoute(Object(Illuminate\\Http\\Request), Object(Illuminate\\Routing\\Route))
#26 /var/www/TRDSv2_laravel8_memo/vendor/laravel/framework/src/Illuminate/Routing/Router.php(651): Illuminate\\Routing\\Router->dispatchToRoute(Object(Illuminate\\Http\\Request))
#27 /var/www/TRDSv2_laravel8_memo/vendor/laravel/framework/src/Illuminate/Foundation/Http/Kernel.php(167): Illuminate\\Routing\\Router->dispatch(Object(Illuminate\\Http\\Request))
#28 /var/www/TRDSv2_laravel8_memo/vendor/laravel/framework/src/Illuminate/Pipeline/Pipeline.php(128): Illuminate\\Foundation\\Http\\Kernel->Illuminate\\Foundation\\Http\\{closure}(Object(Illuminate\\Http\\Request))
#29 /var/www/TRDSv2_laravel8_memo/vendor/laravel/framework/src/Illuminate/Foundation/Http/Middleware/TransformsRequest.php(21): Illuminate\\Pipeline\\Pipeline->Illuminate\\Pipeline\\{closure}(Object(Illuminate\\Http\\Request))
#30 /var/www/TRDSv2_laravel8_memo/vendor/laravel/framework/src/Illuminate/Foundation/Http/Middleware/ConvertEmptyStringsToNull.php(31): Illuminate\\Foundation\\Http\\Middleware\\TransformsRequest->handle(Object(Illuminate\\Http\\Request), Object(Closure))
#31 /var/www/TRDSv2_laravel8_memo/vendor/laravel/framework/src/Illuminate/Pipeline/Pipeline.php(167): Illuminate\\Foundation\\Http\\Middleware\\ConvertEmptyStringsToNull->handle(Object(Illuminate\\Http\\Request), Object(Closure))
#32 /var/www/TRDSv2_laravel8_memo/vendor/laravel/framework/src/Illuminate/Foundation/Http/Middleware/TransformsRequest.php(21): Illuminate\\Pipeline\\Pipeline->Illuminate\\Pipeline\\{closure}(Object(Illuminate\\Http\\Request))
#33 /var/www/TRDSv2_laravel8_memo/vendor/laravel/framework/src/Illuminate/Foundation/Http/Middleware/TrimStrings.php(40): Illuminate\\Foundation\\Http\\Middleware\\TransformsRequest->handle(Object(Illuminate\\Http\\Request), Object(Closure))
#34 /var/www/TRDSv2_laravel8_memo/vendor/laravel/framework/src/Illuminate/Pipeline/Pipeline.php(167): Illuminate\\Foundation\\Http\\Middleware\\TrimStrings->handle(Object(Illuminate\\Http\\Request), Object(Closure))
#35 /var/www/TRDSv2_laravel8_memo/vendor/laravel/framework/src/Illuminate/Foundation/Http/Middleware/ValidatePostSize.php(27): Illuminate\\Pipeline\\Pipeline->Illuminate\\Pipeline\\{closure}(Object(Illuminate\\Http\\Request))
#36 /var/www/TRDSv2_laravel8_memo/vendor/laravel/framework/src/Illuminate/Pipeline/Pipeline.php(167): Illuminate\\Foundation\\Http\\Middleware\\ValidatePostSize->handle(Object(Illuminate\\Http\\Request), Object(Closure))
#37 /var/www/TRDSv2_laravel8_memo/vendor/laravel/framework/src/Illuminate/Foundation/Http/Middleware/PreventRequestsDuringMaintenance.php(86): Illuminate\\Pipeline\\Pipeline->Illuminate\\Pipeline\\{closure}(Object(Illuminate\\Http\\Request))
#38 /var/www/TRDSv2_laravel8_memo/vendor/laravel/framework/src/Illuminate/Pipeline/Pipeline.php(167): Illuminate\\Foundation\\Http\\Middleware\\PreventRequestsDuringMaintenance->handle(Object(Illuminate\\Http\\Request), Object(Closure))
#39 /var/www/TRDSv2_laravel8_memo/vendor/fideloper/proxy/src/TrustProxies.php(57): Illuminate\\Pipeline\\Pipeline->Illuminate\\Pipeline\\{closure}(Object(Illuminate\\Http\\Request))
#40 /var/www/TRDSv2_laravel8_memo/vendor/laravel/framework/src/Illuminate/Pipeline/Pipeline.php(167): Fideloper\\Proxy\\TrustProxies->handle(Object(Illuminate\\Http\\Request), Object(Closure))
#41 /var/www/TRDSv2_laravel8_memo/vendor/laravel/framework/src/Illuminate/Pipeline/Pipeline.php(103): Illuminate\\Pipeline\\Pipeline->Illuminate\\Pipeline\\{closure}(Object(Illuminate\\Http\\Request))
#42 /var/www/TRDSv2_laravel8_memo/vendor/laravel/framework/src/Illuminate/Foundation/Http/Kernel.php(142): Illuminate\\Pipeline\\Pipeline->then(Object(Closure))
#43 /var/www/TRDSv2_laravel8_memo/vendor/laravel/framework/src/Illuminate/Foundation/Http/Kernel.php(111): Illuminate\\Foundation\\Http\\Kernel->sendRequestThroughRouter(Object(Illuminate\\Http\\Request))
#44 /var/www/TRDSv2_laravel8_memo/index.php(55): Illuminate\\Foundation\\Http\\Kernel->handle(Object(Illuminate\\Http\\Request))
#45 {main}
"} 
[2026-07-10 19:16:52] local.ERROR: Class 'App\Http\Controllers\DB' not found {"exception":"[object] (Error(code: 0): Class 'App\\Http\\Controllers\\DB' not found at /var/www/TRDSv2_laravel8_memo/app/Http/Controllers/CommonController.php:73)
[stacktrace]
#0 /var/www/TRDSv2_laravel8_memo/app/Http/Controllers/QualificationCertificationController.php(339): App\\Http\\Controllers\\CommonController->sendEmail('')
#1 /var/www/TRDSv2_laravel8_memo/app/Http/Controllers/QualificationCertificationController.php(668): App\\Http\\Controllers\\QualificationCertificationController->saveFormSendEmail(Array)
#2 /var/www/TRDSv2_laravel8_memo/vendor/laravel/framework/src/Illuminate/Routing/Controller.php(54): App\\Http\\Controllers\\QualificationCertificationController->saveQualificationCertificationOper(Object(Illuminate\\Http\\Request))
#3 /var/www/TRDSv2_laravel8_memo/vendor/laravel/framework/src/Illuminate/Routing/ControllerDispatcher.php(45): Illuminate\\Routing\\Controller->callAction('saveQualificati...', Array)
#4 /var/www/TRDSv2_laravel8_memo/vendor/laravel/framework/src/Illuminate/Routing/Route.php(262): Illuminate\\Routing\\ControllerDispatcher->dispatch(Object(Illuminate\\Routing\\Route), Object(App\\Http\\Controllers\\QualificationCertificationController), 'saveQualificati...')
#5 /var/www/TRDSv2_laravel8_memo/vendor/laravel/framework/src/Illuminate/Routing/Route.php(205): Illuminate\\Routing\\Route->runController()
#6 /var/www/TRDSv2_laravel8_memo/vendor/laravel/framework/src/Illuminate/Routing/Router.php(721): Illuminate\\Routing\\Route->run()
#7 /var/www/TRDSv2_laravel8_memo/vendor/laravel/framework/src/Illuminate/Pipeline/Pipeline.php(128): Illuminate\\Routing\\Router->Illuminate\\Routing\\{closure}(Object(Illuminate\\Http\\Request))
#8 /var/www/TRDSv2_laravel8_memo/app/Http/Middleware/CheckSession.php(55): Illuminate\\Pipeline\\Pipeline->Illuminate\\Pipeline\\{closure}(Object(Illuminate\\Http\\Request))
#9 /var/www/TRDSv2_laravel8_memo/vendor/laravel/framework/src/Illuminate/Pipeline/Pipeline.php(167): App\\Http\\Middleware\\CheckSession->handle(Object(Illuminate\\Http\\Request), Object(Closure))
#10 /var/www/TRDSv2_laravel8_memo/vendor/laravel/framework/src/Illuminate/Routing/Middleware/SubstituteBindings.php(50): Illuminate\\Pipeline\\Pipeline->Illuminate\\Pipeline\\{closure}(Object(Illuminate\\Http\\Request))
#11 /var/www/TRDSv2_laravel8_memo/vendor/laravel/framework/src/Illuminate/Pipeline/Pipeline.php(167): Illuminate\\Routing\\Middleware\\SubstituteBindings->handle(Object(Illuminate\\Http\\Request), Object(Closure))
#12 /var/www/TRDSv2_laravel8_memo/vendor/laravel/framework/src/Illuminate/Foundation/Http/Middleware/VerifyCsrfToken.php(78): Illuminate\\Pipeline\\Pipeline->Illuminate\\Pipeline\\{closure}(Object(Illuminate\\Http\\Request))
#13 /var/www/TRDSv2_laravel8_memo/vendor/laravel/framework/src/Illuminate/Pipeline/Pipeline.php(167): Illuminate\\Foundation\\Http\\Middleware\\VerifyCsrfToken->handle(Object(Illuminate\\Http\\Request), Object(Closure))
#14 /var/www/TRDSv2_laravel8_memo/vendor/laravel/framework/src/Illuminate/View/Middleware/ShareErrorsFromSession.php(49): Illuminate\\Pipeline\\Pipeline->Illuminate\\Pipeline\\{closure}(Object(Illuminate\\Http\\Request))
#15 /var/www/TRDSv2_laravel8_memo/vendor/laravel/framework/src/Illuminate/Pipeline/Pipeline.php(167): Illuminate\\View\\Middleware\\ShareErrorsFromSession->handle(Object(Illuminate\\Http\\Request), Object(Closure))
#16 /var/www/TRDSv2_laravel8_memo/vendor/laravel/framework/src/Illuminate/Session/Middleware/StartSession.php(121): Illuminate\\Pipeline\\Pipeline->Illuminate\\Pipeline\\{closure}(Object(Illuminate\\Http\\Request))
#17 /var/www/TRDSv2_laravel8_memo/vendor/laravel/framework/src/Illuminate/Session/Middleware/StartSession.php(64): Illuminate\\Session\\Middleware\\StartSession->handleStatefulRequest(Object(Illuminate\\Http\\Request), Object(Illuminate\\Session\\Store), Object(Closure))
#18 /var/www/TRDSv2_laravel8_memo/vendor/laravel/framework/src/Illuminate/Pipeline/Pipeline.php(167): Illuminate\\Session\\Middleware\\StartSession->handle(Object(Illuminate\\Http\\Request), Object(Closure))
#19 /var/www/TRDSv2_laravel8_memo/vendor/laravel/framework/src/Illuminate/Cookie/Middleware/AddQueuedCookiesToResponse.php(37): Illuminate\\Pipeline\\Pipeline->Illuminate\\Pipeline\\{closure}(Object(Illuminate\\Http\\Request))
#20 /var/www/TRDSv2_laravel8_memo/vendor/laravel/framework/src/Illuminate/Pipeline/Pipeline.php(167): Illuminate\\Cookie\\Middleware\\AddQueuedCookiesToResponse->handle(Object(Illuminate\\Http\\Request), Object(Closure))
#21 /var/www/TRDSv2_laravel8_memo/vendor/laravel/framework/src/Illuminate/Cookie/Middleware/EncryptCookies.php(67): Illuminate\\Pipeline\\Pipeline->Illuminate\\Pipeline\\{closure}(Object(Illuminate\\Http\\Request))
#22 /var/www/TRDSv2_laravel8_memo/vendor/laravel/framework/src/Illuminate/Pipeline/Pipeline.php(167): Illuminate\\Cookie\\Middleware\\EncryptCookies->handle(Object(Illuminate\\Http\\Request), Object(Closure))
#23 /var/www/TRDSv2_laravel8_memo/vendor/laravel/framework/src/Illuminate/Pipeline/Pipeline.php(103): Illuminate\\Pipeline\\Pipeline->Illuminate\\Pipeline\\{closure}(Object(Illuminate\\Http\\Request))
#24 /var/www/TRDSv2_laravel8_memo/vendor/laravel/framework/src/Illuminate/Routing/Router.php(723): Illuminate\\Pipeline\\Pipeline->then(Object(Closure))
#25 /var/www/TRDSv2_laravel8_memo/vendor/laravel/framework/src/Illuminate/Routing/Router.php(698): Illuminate\\Routing\\Router->runRouteWithinStack(Object(Illuminate\\Routing\\Route), Object(Illuminate\\Http\\Request))
#26 /var/www/TRDSv2_laravel8_memo/vendor/laravel/framework/src/Illuminate/Routing/Router.php(662): Illuminate\\Routing\\Router->runRoute(Object(Illuminate\\Http\\Request), Object(Illuminate\\Routing\\Route))
#27 /var/www/TRDSv2_laravel8_memo/vendor/laravel/framework/src/Illuminate/Routing/Router.php(651): Illuminate\\Routing\\Router->dispatchToRoute(Object(Illuminate\\Http\\Request))
#28 /var/www/TRDSv2_laravel8_memo/vendor/laravel/framework/src/Illuminate/Foundation/Http/Kernel.php(167): Illuminate\\Routing\\Router->dispatch(Object(Illuminate\\Http\\Request))
#29 /var/www/TRDSv2_laravel8_memo/vendor/laravel/framework/src/Illuminate/Pipeline/Pipeline.php(128): Illuminate\\Foundation\\Http\\Kernel->Illuminate\\Foundation\\Http\\{closure}(Object(Illuminate\\Http\\Request))
#30 /var/www/TRDSv2_laravel8_memo/vendor/laravel/framework/src/Illuminate/Foundation/Http/Middleware/TransformsRequest.php(21): Illuminate\\Pipeline\\Pipeline->Illuminate\\Pipeline\\{closure}(Object(Illuminate\\Http\\Request))
#31 /var/www/TRDSv2_laravel8_memo/vendor/laravel/framework/src/Illuminate/Foundation/Http/Middleware/ConvertEmptyStringsToNull.php(31): Illuminate\\Foundation\\Http\\Middleware\\TransformsRequest->handle(Object(Illuminate\\Http\\Request), Object(Closure))
#32 /var/www/TRDSv2_laravel8_memo/vendor/laravel/framework/src/Illuminate/Pipeline/Pipeline.php(167): Illuminate\\Foundation\\Http\\Middleware\\ConvertEmptyStringsToNull->handle(Object(Illuminate\\Http\\Request), Object(Closure))
#33 /var/www/TRDSv2_laravel8_memo/vendor/laravel/framework/src/Illuminate/Foundation/Http/Middleware/TransformsRequest.php(21): Illuminate\\Pipeline\\Pipeline->Illuminate\\Pipeline\\{closure}(Object(Illuminate\\Http\\Request))
#34 /var/www/TRDSv2_laravel8_memo/vendor/laravel/framework/src/Illuminate/Foundation/Http/Middleware/TrimStrings.php(40): Illuminate\\Foundation\\Http\\Middleware\\TransformsRequest->handle(Object(Illuminate\\Http\\Request), Object(Closure))
#35 /var/www/TRDSv2_laravel8_memo/vendor/laravel/framework/src/Illuminate/Pipeline/Pipeline.php(167): Illuminate\\Foundation\\Http\\Middleware\\TrimStrings->handle(Object(Illuminate\\Http\\Request), Object(Closure))
#36 /var/www/TRDSv2_laravel8_memo/vendor/laravel/framework/src/Illuminate/Foundation/Http/Middleware/ValidatePostSize.php(27): Illuminate\\Pipeline\\Pipeline->Illuminate\\Pipeline\\{closure}(Object(Illuminate\\Http\\Request))
#37 /var/www/TRDSv2_laravel8_memo/vendor/laravel/framework/src/Illuminate/Pipeline/Pipeline.php(167): Illuminate\\Foundation\\Http\\Middleware\\ValidatePostSize->handle(Object(Illuminate\\Http\\Request), Object(Closure))
#38 /var/www/TRDSv2_laravel8_memo/vendor/laravel/framework/src/Illuminate/Foundation/Http/Middleware/PreventRequestsDuringMaintenance.php(86): Illuminate\\Pipeline\\Pipeline->Illuminate\\Pipeline\\{closure}(Object(Illuminate\\Http\\Request))
#39 /var/www/TRDSv2_laravel8_memo/vendor/laravel/framework/src/Illuminate/Pipeline/Pipeline.php(167): Illuminate\\Foundation\\Http\\Middleware\\PreventRequestsDuringMaintenance->handle(Object(Illuminate\\Http\\Request), Object(Closure))
#40 /var/www/TRDSv2_laravel8_memo/vendor/fideloper/proxy/src/TrustProxies.php(57): Illuminate\\Pipeline\\Pipeline->Illuminate\\Pipeline\\{closure}(Object(Illuminate\\Http\\Request))
#41 /var/www/TRDSv2_laravel8_memo/vendor/laravel/framework/src/Illuminate/Pipeline/Pipeline.php(167): Fideloper\\Proxy\\TrustProxies->handle(Object(Illuminate\\Http\\Request), Object(Closure))
#42 /var/www/TRDSv2_laravel8_memo/vendor/laravel/framework/src/Illuminate/Pipeline/Pipeline.php(103): Illuminate\\Pipeline\\Pipeline->Illuminate\\Pipeline\\{closure}(Object(Illuminate\\Http\\Request))
#43 /var/www/TRDSv2_laravel8_memo/vendor/laravel/framework/src/Illuminate/Foundation/Http/Kernel.php(142): Illuminate\\Pipeline\\Pipeline->then(Object(Closure))
#44 /var/www/TRDSv2_laravel8_memo/vendor/laravel/framework/src/Illuminate/Foundation/Http/Kernel.php(111): Illuminate\\Foundation\\Http\\Kernel->sendRequestThroughRouter(Object(Illuminate\\Http\\Request))
#45 /var/www/TRDSv2_laravel8_memo/index.php(55): Illuminate\\Foundation\\Http\\Kernel->handle(Object(Illuminate\\Http\\Request))
#46 {main}
"} 
[2026-07-10 19:17:02] local.ERROR: Class 'App\Http\Controllers\RapidMailer' not found {"exception":"[object] (Error(code: 0): Class 'App\\Http\\Controllers\\RapidMailer' not found at /var/www/TRDSv2_laravel8_memo/app/Http/Controllers/CommonController.php:76)
[stacktrace]
#0 /var/www/TRDSv2_laravel8_memo/app/Http/Controllers/QualificationCertificationController.php(339): App\\Http\\Controllers\\CommonController->sendEmail('')
#1 /var/www/TRDSv2_laravel8_memo/app/Http/Controllers/QualificationCertificationController.php(668): App\\Http\\Controllers\\QualificationCertificationController->saveFormSendEmail(Array)
#2 /var/www/TRDSv2_laravel8_memo/vendor/laravel/framework/src/Illuminate/Routing/Controller.php(54): App\\Http\\Controllers\\QualificationCertificationController->saveQualificationCertificationOper(Object(Illuminate\\Http\\Request))
#3 /var/www/TRDSv2_laravel8_memo/vendor/laravel/framework/src/Illuminate/Routing/ControllerDispatcher.php(45): Illuminate\\Routing\\Controller->callAction('saveQualificati...', Array)
#4 /var/www/TRDSv2_laravel8_memo/vendor/laravel/framework/src/Illuminate/Routing/Route.php(262): Illuminate\\Routing\\ControllerDispatcher->dispatch(Object(Illuminate\\Routing\\Route), Object(App\\Http\\Controllers\\QualificationCertificationController), 'saveQualificati...')
#5 /var/www/TRDSv2_laravel8_memo/vendor/laravel/framework/src/Illuminate/Routing/Route.php(205): Illuminate\\Routing\\Route->runController()
#6 /var/www/TRDSv2_laravel8_memo/vendor/laravel/framework/src/Illuminate/Routing/Router.php(721): Illuminate\\Routing\\Route->run()
#7 /var/www/TRDSv2_laravel8_memo/vendor/laravel/framework/src/Illuminate/Pipeline/Pipeline.php(128): Illuminate\\Routing\\Router->Illuminate\\Routing\\{closure}(Object(Illuminate\\Http\\Request))
#8 /var/www/TRDSv2_laravel8_memo/app/Http/Middleware/CheckSession.php(55): Illuminate\\Pipeline\\Pipeline->Illuminate\\Pipeline\\{closure}(Object(Illuminate\\Http\\Request))
#9 /var/www/TRDSv2_laravel8_memo/vendor/laravel/framework/src/Illuminate/Pipeline/Pipeline.php(167): App\\Http\\Middleware\\CheckSession->handle(Object(Illuminate\\Http\\Request), Object(Closure))
#10 /var/www/TRDSv2_laravel8_memo/vendor/laravel/framework/src/Illuminate/Routing/Middleware/SubstituteBindings.php(50): Illuminate\\Pipeline\\Pipeline->Illuminate\\Pipeline\\{closure}(Object(Illuminate\\Http\\Request))
#11 /var/www/TRDSv2_laravel8_memo/vendor/laravel/framework/src/Illuminate/Pipeline/Pipeline.php(167): Illuminate\\Routing\\Middleware\\SubstituteBindings->handle(Object(Illuminate\\Http\\Request), Object(Closure))
#12 /var/www/TRDSv2_laravel8_memo/vendor/laravel/framework/src/Illuminate/Foundation/Http/Middleware/VerifyCsrfToken.php(78): Illuminate\\Pipeline\\Pipeline->Illuminate\\Pipeline\\{closure}(Object(Illuminate\\Http\\Request))
#13 /var/www/TRDSv2_laravel8_memo/vendor/laravel/framework/src/Illuminate/Pipeline/Pipeline.php(167): Illuminate\\Foundation\\Http\\Middleware\\VerifyCsrfToken->handle(Object(Illuminate\\Http\\Request), Object(Closure))
#14 /var/www/TRDSv2_laravel8_memo/vendor/laravel/framework/src/Illuminate/View/Middleware/ShareErrorsFromSession.php(49): Illuminate\\Pipeline\\Pipeline->Illuminate\\Pipeline\\{closure}(Object(Illuminate\\Http\\Request))
#15 /var/www/TRDSv2_laravel8_memo/vendor/laravel/framework/src/Illuminate/Pipeline/Pipeline.php(167): Illuminate\\View\\Middleware\\ShareErrorsFromSession->handle(Object(Illuminate\\Http\\Request), Object(Closure))
#16 /var/www/TRDSv2_laravel8_memo/vendor/laravel/framework/src/Illuminate/Session/Middleware/StartSession.php(121): Illuminate\\Pipeline\\Pipeline->Illuminate\\Pipeline\\{closure}(Object(Illuminate\\Http\\Request))
#17 /var/www/TRDSv2_laravel8_memo/vendor/laravel/framework/src/Illuminate/Session/Middleware/StartSession.php(64): Illuminate\\Session\\Middleware\\StartSession->handleStatefulRequest(Object(Illuminate\\Http\\Request), Object(Illuminate\\Session\\Store), Object(Closure))
#18 /var/www/TRDSv2_laravel8_memo/vendor/laravel/framework/src/Illuminate/Pipeline/Pipeline.php(167): Illuminate\\Session\\Middleware\\StartSession->handle(Object(Illuminate\\Http\\Request), Object(Closure))
#19 /var/www/TRDSv2_laravel8_memo/vendor/laravel/framework/src/Illuminate/Cookie/Middleware/AddQueuedCookiesToResponse.php(37): Illuminate\\Pipeline\\Pipeline->Illuminate\\Pipeline\\{closure}(Object(Illuminate\\Http\\Request))
#20 /var/www/TRDSv2_laravel8_memo/vendor/laravel/framework/src/Illuminate/Pipeline/Pipeline.php(167): Illuminate\\Cookie\\Middleware\\AddQueuedCookiesToResponse->handle(Object(Illuminate\\Http\\Request), Object(Closure))
#21 /var/www/TRDSv2_laravel8_memo/vendor/laravel/framework/src/Illuminate/Cookie/Middleware/EncryptCookies.php(67): Illuminate\\Pipeline\\Pipeline->Illuminate\\Pipeline\\{closure}(Object(Illuminate\\Http\\Request))
#22 /var/www/TRDSv2_laravel8_memo/vendor/laravel/framework/src/Illuminate/Pipeline/Pipeline.php(167): Illuminate\\Cookie\\Middleware\\EncryptCookies->handle(Object(Illuminate\\Http\\Request), Object(Closure))
#23 /var/www/TRDSv2_laravel8_memo/vendor/laravel/framework/src/Illuminate/Pipeline/Pipeline.php(103): Illuminate\\Pipeline\\Pipeline->Illuminate\\Pipeline\\{closure}(Object(Illuminate\\Http\\Request))
#24 /var/www/TRDSv2_laravel8_memo/vendor/laravel/framework/src/Illuminate/Routing/Router.php(723): Illuminate\\Pipeline\\Pipeline->then(Object(Closure))
#25 /var/www/TRDSv2_laravel8_memo/vendor/laravel/framework/src/Illuminate/Routing/Router.php(698): Illuminate\\Routing\\Router->runRouteWithinStack(Object(Illuminate\\Routing\\Route), Object(Illuminate\\Http\\Request))
#26 /var/www/TRDSv2_laravel8_memo/vendor/laravel/framework/src/Illuminate/Routing/Router.php(662): Illuminate\\Routing\\Router->runRoute(Object(Illuminate\\Http\\Request), Object(Illuminate\\Routing\\Route))
#27 /var/www/TRDSv2_laravel8_memo/vendor/laravel/framework/src/Illuminate/Routing/Router.php(651): Illuminate\\Routing\\Router->dispatchToRoute(Object(Illuminate\\Http\\Request))
#28 /var/www/TRDSv2_laravel8_memo/vendor/laravel/framework/src/Illuminate/Foundation/Http/Kernel.php(167): Illuminate\\Routing\\Router->dispatch(Object(Illuminate\\Http\\Request))
#29 /var/www/TRDSv2_laravel8_memo/vendor/laravel/framework/src/Illuminate/Pipeline/Pipeline.php(128): Illuminate\\Foundation\\Http\\Kernel->Illuminate\\Foundation\\Http\\{closure}(Object(Illuminate\\Http\\Request))
#30 /var/www/TRDSv2_laravel8_memo/vendor/laravel/framework/src/Illuminate/Foundation/Http/Middleware/TransformsRequest.php(21): Illuminate\\Pipeline\\Pipeline->Illuminate\\Pipeline\\{closure}(Object(Illuminate\\Http\\Request))
#31 /var/www/TRDSv2_laravel8_memo/vendor/laravel/framework/src/Illuminate/Foundation/Http/Middleware/ConvertEmptyStringsToNull.php(31): Illuminate\\Foundation\\Http\\Middleware\\TransformsRequest->handle(Object(Illuminate\\Http\\Request), Object(Closure))
#32 /var/www/TRDSv2_laravel8_memo/vendor/laravel/framework/src/Illuminate/Pipeline/Pipeline.php(167): Illuminate\\Foundation\\Http\\Middleware\\ConvertEmptyStringsToNull->handle(Object(Illuminate\\Http\\Request), Object(Closure))
#33 /var/www/TRDSv2_laravel8_memo/vendor/laravel/framework/src/Illuminate/Foundation/Http/Middleware/TransformsRequest.php(21): Illuminate\\Pipeline\\Pipeline->Illuminate\\Pipeline\\{closure}(Object(Illuminate\\Http\\Request))
#34 /var/www/TRDSv2_laravel8_memo/vendor/laravel/framework/src/Illuminate/Foundation/Http/Middleware/TrimStrings.php(40): Illuminate\\Foundation\\Http\\Middleware\\TransformsRequest->handle(Object(Illuminate\\Http\\Request), Object(Closure))
#35 /var/www/TRDSv2_laravel8_memo/vendor/laravel/framework/src/Illuminate/Pipeline/Pipeline.php(167): Illuminate\\Foundation\\Http\\Middleware\\TrimStrings->handle(Object(Illuminate\\Http\\Request), Object(Closure))
#36 /var/www/TRDSv2_laravel8_memo/vendor/laravel/framework/src/Illuminate/Foundation/Http/Middleware/ValidatePostSize.php(27): Illuminate\\Pipeline\\Pipeline->Illuminate\\Pipeline\\{closure}(Object(Illuminate\\Http\\Request))
#37 /var/www/TRDSv2_laravel8_memo/vendor/laravel/framework/src/Illuminate/Pipeline/Pipeline.php(167): Illuminate\\Foundation\\Http\\Middleware\\ValidatePostSize->handle(Object(Illuminate\\Http\\Request), Object(Closure))
#38 /var/www/TRDSv2_laravel8_memo/vendor/laravel/framework/src/Illuminate/Foundation/Http/Middleware/PreventRequestsDuringMaintenance.php(86): Illuminate\\Pipeline\\Pipeline->Illuminate\\Pipeline\\{closure}(Object(Illuminate\\Http\\Request))
#39 /var/www/TRDSv2_laravel8_memo/vendor/laravel/framework/src/Illuminate/Pipeline/Pipeline.php(167): Illuminate\\Foundation\\Http\\Middleware\\PreventRequestsDuringMaintenance->handle(Object(Illuminate\\Http\\Request), Object(Closure))
#40 /var/www/TRDSv2_laravel8_memo/vendor/fideloper/proxy/src/TrustProxies.php(57): Illuminate\\Pipeline\\Pipeline->Illuminate\\Pipeline\\{closure}(Object(Illuminate\\Http\\Request))
#41 /var/www/TRDSv2_laravel8_memo/vendor/laravel/framework/src/Illuminate/Pipeline/Pipeline.php(167): Fideloper\\Proxy\\TrustProxies->handle(Object(Illuminate\\Http\\Request), Object(Closure))
#42 /var/www/TRDSv2_laravel8_memo/vendor/laravel/framework/src/Illuminate/Pipeline/Pipeline.php(103): Illuminate\\Pipeline\\Pipeline->Illuminate\\Pipeline\\{closure}(Object(Illuminate\\Http\\Request))
#43 /var/www/TRDSv2_laravel8_memo/vendor/laravel/framework/src/Illuminate/Foundation/Http/Kernel.php(142): Illuminate\\Pipeline\\Pipeline->then(Object(Closure))
#44 /var/www/TRDSv2_laravel8_memo/vendor/laravel/framework/src/Illuminate/Foundation/Http/Kernel.php(111): Illuminate\\Foundation\\Http\\Kernel->sendRequestThroughRouter(Object(Illuminate\\Http\\Request))
#45 /var/www/TRDSv2_laravel8_memo/index.php(55): Illuminate\\Foundation\\Http\\Kernel->handle(Object(Illuminate\\Http\\Request))
#46 {main}
"} 
[2026-07-10 19:17:12] local.ERROR: Database connection [mysql_rapid_auto_mailer] not configured. {"exception":"[object] (InvalidArgumentException(code: 0): Database connection [mysql_rapid_auto_mailer] not configured. at /var/www/TRDSv2_laravel8_memo/vendor/laravel/framework/src/Illuminate/Database/DatabaseManager.php:161)
[stacktrace]
#0 /var/www/TRDSv2_laravel8_memo/vendor/laravel/framework/src/Illuminate/Database/DatabaseManager.php(124): Illuminate\\Database\\DatabaseManager->configuration('mysql_rapid_aut...')
#1 /var/www/TRDSv2_laravel8_memo/vendor/laravel/framework/src/Illuminate/Database/DatabaseManager.php(95): Illuminate\\Database\\DatabaseManager->makeConnection('mysql_rapid_aut...')
#2 /var/www/TRDSv2_laravel8_memo/vendor/laravel/framework/src/Illuminate/Database/Eloquent/Model.php(1653): Illuminate\\Database\\DatabaseManager->connection('mysql_rapid_aut...')
#3 /var/www/TRDSv2_laravel8_memo/vendor/laravel/framework/src/Illuminate/Database/Eloquent/Model.php(1619): Illuminate\\Database\\Eloquent\\Model::resolveConnection('mysql_rapid_aut...')
#4 /var/www/TRDSv2_laravel8_memo/vendor/laravel/framework/src/Illuminate/Database/Eloquent/Model.php(1425): Illuminate\\Database\\Eloquent\\Model->getConnection()
#5 /var/www/TRDSv2_laravel8_memo/vendor/laravel/framework/src/Illuminate/Database/Eloquent/Model.php(1342): Illuminate\\Database\\Eloquent\\Model->newBaseQueryBuilder()
#6 /var/www/TRDSv2_laravel8_memo/vendor/laravel/framework/src/Illuminate/Database/Eloquent/Model.php(1378): Illuminate\\Database\\Eloquent\\Model->newModelQuery()
#7 /var/www/TRDSv2_laravel8_memo/vendor/laravel/framework/src/Illuminate/Database/Eloquent/Model.php(1331): Illuminate\\Database\\Eloquent\\Model->newQueryWithoutScopes()
#8 /var/www/TRDSv2_laravel8_memo/vendor/laravel/framework/src/Illuminate/Database/Eloquent/Model.php(2132): Illuminate\\Database\\Eloquent\\Model->newQuery()
#9 /var/www/TRDSv2_laravel8_memo/vendor/laravel/framework/src/Illuminate/Database/Eloquent/Model.php(2144): Illuminate\\Database\\Eloquent\\Model->__call('get', Array)
#10 /var/www/TRDSv2_laravel8_memo/app/Http/Controllers/CommonController.php(77): Illuminate\\Database\\Eloquent\\Model::__callStatic('get', Array)
#11 /var/www/TRDSv2_laravel8_memo/app/Http/Controllers/QualificationCertificationController.php(339): App\\Http\\Controllers\\CommonController->sendEmail('')
#12 /var/www/TRDSv2_laravel8_memo/app/Http/Controllers/QualificationCertificationController.php(668): App\\Http\\Controllers\\QualificationCertificationController->saveFormSendEmail(Array)
#13 /var/www/TRDSv2_laravel8_memo/vendor/laravel/framework/src/Illuminate/Routing/Controller.php(54): App\\Http\\Controllers\\QualificationCertificationController->saveQualificationCertificationOper(Object(Illuminate\\Http\\Request))
#14 /var/www/TRDSv2_laravel8_memo/vendor/laravel/framework/src/Illuminate/Routing/ControllerDispatcher.php(45): Illuminate\\Routing\\Controller->callAction('saveQualificati...', Array)
#15 /var/www/TRDSv2_laravel8_memo/vendor/laravel/framework/src/Illuminate/Routing/Route.php(262): Illuminate\\Routing\\ControllerDispatcher->dispatch(Object(Illuminate\\Routing\\Route), Object(App\\Http\\Controllers\\QualificationCertificationController), 'saveQualificati...')
#16 /var/www/TRDSv2_laravel8_memo/vendor/laravel/framework/src/Illuminate/Routing/Route.php(205): Illuminate\\Routing\\Route->runController()
#17 /var/www/TRDSv2_laravel8_memo/vendor/laravel/framework/src/Illuminate/Routing/Router.php(721): Illuminate\\Routing\\Route->run()
#18 /var/www/TRDSv2_laravel8_memo/vendor/laravel/framework/src/Illuminate/Pipeline/Pipeline.php(128): Illuminate\\Routing\\Router->Illuminate\\Routing\\{closure}(Object(Illuminate\\Http\\Request))
#19 /var/www/TRDSv2_laravel8_memo/app/Http/Middleware/CheckSession.php(55): Illuminate\\Pipeline\\Pipeline->Illuminate\\Pipeline\\{closure}(Object(Illuminate\\Http\\Request))
#20 /var/www/TRDSv2_laravel8_memo/vendor/laravel/framework/src/Illuminate/Pipeline/Pipeline.php(167): App\\Http\\Middleware\\CheckSession->handle(Object(Illuminate\\Http\\Request), Object(Closure))
#21 /var/www/TRDSv2_laravel8_memo/vendor/laravel/framework/src/Illuminate/Routing/Middleware/SubstituteBindings.php(50): Illuminate\\Pipeline\\Pipeline->Illuminate\\Pipeline\\{closure}(Object(Illuminate\\Http\\Request))
#22 /var/www/TRDSv2_laravel8_memo/vendor/laravel/framework/src/Illuminate/Pipeline/Pipeline.php(167): Illuminate\\Routing\\Middleware\\SubstituteBindings->handle(Object(Illuminate\\Http\\Request), Object(Closure))
#23 /var/www/TRDSv2_laravel8_memo/vendor/laravel/framework/src/Illuminate/Foundation/Http/Middleware/VerifyCsrfToken.php(78): Illuminate\\Pipeline\\Pipeline->Illuminate\\Pipeline\\{closure}(Object(Illuminate\\Http\\Request))
#24 /var/www/TRDSv2_laravel8_memo/vendor/laravel/framework/src/Illuminate/Pipeline/Pipeline.php(167): Illuminate\\Foundation\\Http\\Middleware\\VerifyCsrfToken->handle(Object(Illuminate\\Http\\Request), Object(Closure))
#25 /var/www/TRDSv2_laravel8_memo/vendor/laravel/framework/src/Illuminate/View/Middleware/ShareErrorsFromSession.php(49): Illuminate\\Pipeline\\Pipeline->Illuminate\\Pipeline\\{closure}(Object(Illuminate\\Http\\Request))
#26 /var/www/TRDSv2_laravel8_memo/vendor/laravel/framework/src/Illuminate/Pipeline/Pipeline.php(167): Illuminate\\View\\Middleware\\ShareErrorsFromSession->handle(Object(Illuminate\\Http\\Request), Object(Closure))
#27 /var/www/TRDSv2_laravel8_memo/vendor/laravel/framework/src/Illuminate/Session/Middleware/StartSession.php(121): Illuminate\\Pipeline\\Pipeline->Illuminate\\Pipeline\\{closure}(Object(Illuminate\\Http\\Request))
#28 /var/www/TRDSv2_laravel8_memo/vendor/laravel/framework/src/Illuminate/Session/Middleware/StartSession.php(64): Illuminate\\Session\\Middleware\\StartSession->handleStatefulRequest(Object(Illuminate\\Http\\Request), Object(Illuminate\\Session\\Store), Object(Closure))
#29 /var/www/TRDSv2_laravel8_memo/vendor/laravel/framework/src/Illuminate/Pipeline/Pipeline.php(167): Illuminate\\Session\\Middleware\\StartSession->handle(Object(Illuminate\\Http\\Request), Object(Closure))
#30 /var/www/TRDSv2_laravel8_memo/vendor/laravel/framework/src/Illuminate/Cookie/Middleware/AddQueuedCookiesToResponse.php(37): Illuminate\\Pipeline\\Pipeline->Illuminate\\Pipeline\\{closure}(Object(Illuminate\\Http\\Request))
#31 /var/www/TRDSv2_laravel8_memo/vendor/laravel/framework/src/Illuminate/Pipeline/Pipeline.php(167): Illuminate\\Cookie\\Middleware\\AddQueuedCookiesToResponse->handle(Object(Illuminate\\Http\\Request), Object(Closure))
#32 /var/www/TRDSv2_laravel8_memo/vendor/laravel/framework/src/Illuminate/Cookie/Middleware/EncryptCookies.php(67): Illuminate\\Pipeline\\Pipeline->Illuminate\\Pipeline\\{closure}(Object(Illuminate\\Http\\Request))
#33 /var/www/TRDSv2_laravel8_memo/vendor/laravel/framework/src/Illuminate/Pipeline/Pipeline.php(167): Illuminate\\Cookie\\Middleware\\EncryptCookies->handle(Object(Illuminate\\Http\\Request), Object(Closure))
#34 /var/www/TRDSv2_laravel8_memo/vendor/laravel/framework/src/Illuminate/Pipeline/Pipeline.php(103): Illuminate\\Pipeline\\Pipeline->Illuminate\\Pipeline\\{closure}(Object(Illuminate\\Http\\Request))
#35 /var/www/TRDSv2_laravel8_memo/vendor/laravel/framework/src/Illuminate/Routing/Router.php(723): Illuminate\\Pipeline\\Pipeline->then(Object(Closure))
#36 /var/www/TRDSv2_laravel8_memo/vendor/laravel/framework/src/Illuminate/Routing/Router.php(698): Illuminate\\Routing\\Router->runRouteWithinStack(Object(Illuminate\\Routing\\Route), Object(Illuminate\\Http\\Request))
#37 /var/www/TRDSv2_laravel8_memo/vendor/laravel/framework/src/Illuminate/Routing/Router.php(662): Illuminate\\Routing\\Router->runRoute(Object(Illuminate\\Http\\Request), Object(Illuminate\\Routing\\Route))
#38 /var/www/TRDSv2_laravel8_memo/vendor/laravel/framework/src/Illuminate/Routing/Router.php(651): Illuminate\\Routing\\Router->dispatchToRoute(Object(Illuminate\\Http\\Request))
#39 /var/www/TRDSv2_laravel8_memo/vendor/laravel/framework/src/Illuminate/Foundation/Http/Kernel.php(167): Illuminate\\Routing\\Router->dispatch(Object(Illuminate\\Http\\Request))
#40 /var/www/TRDSv2_laravel8_memo/vendor/laravel/framework/src/Illuminate/Pipeline/Pipeline.php(128): Illuminate\\Foundation\\Http\\Kernel->Illuminate\\Foundation\\Http\\{closure}(Object(Illuminate\\Http\\Request))
#41 /var/www/TRDSv2_laravel8_memo/vendor/laravel/framework/src/Illuminate/Foundation/Http/Middleware/TransformsRequest.php(21): Illuminate\\Pipeline\\Pipeline->Illuminate\\Pipeline\\{closure}(Object(Illuminate\\Http\\Request))
#42 /var/www/TRDSv2_laravel8_memo/vendor/laravel/framework/src/Illuminate/Foundation/Http/Middleware/ConvertEmptyStringsToNull.php(31): Illuminate\\Foundation\\Http\\Middleware\\TransformsRequest->handle(Object(Illuminate\\Http\\Request), Object(Closure))
#43 /var/www/TRDSv2_laravel8_memo/vendor/laravel/framework/src/Illuminate/Pipeline/Pipeline.php(167): Illuminate\\Foundation\\Http\\Middleware\\ConvertEmptyStringsToNull->handle(Object(Illuminate\\Http\\Request), Object(Closure))
#44 /var/www/TRDSv2_laravel8_memo/vendor/laravel/framework/src/Illuminate/Foundation/Http/Middleware/TransformsRequest.php(21): Illuminate\\Pipeline\\Pipeline->Illuminate\\Pipeline\\{closure}(Object(Illuminate\\Http\\Request))
#45 /var/www/TRDSv2_laravel8_memo/vendor/laravel/framework/src/Illuminate/Foundation/Http/Middleware/TrimStrings.php(40): Illuminate\\Foundation\\Http\\Middleware\\TransformsRequest->handle(Object(Illuminate\\Http\\Request), Object(Closure))
#46 /var/www/TRDSv2_laravel8_memo/vendor/laravel/framework/src/Illuminate/Pipeline/Pipeline.php(167): Illuminate\\Foundation\\Http\\Middleware\\TrimStrings->handle(Object(Illuminate\\Http\\Request), Object(Closure))
#47 /var/www/TRDSv2_laravel8_memo/vendor/laravel/framework/src/Illuminate/Foundation/Http/Middleware/ValidatePostSize.php(27): Illuminate\\Pipeline\\Pipeline->Illuminate\\Pipeline\\{closure}(Object(Illuminate\\Http\\Request))
#48 /var/www/TRDSv2_laravel8_memo/vendor/laravel/framework/src/Illuminate/Pipeline/Pipeline.php(167): Illuminate\\Foundation\\Http\\Middleware\\ValidatePostSize->handle(Object(Illuminate\\Http\\Request), Object(Closure))
#49 /var/www/TRDSv2_laravel8_memo/vendor/laravel/framework/src/Illuminate/Foundation/Http/Middleware/PreventRequestsDuringMaintenance.php(86): Illuminate\\Pipeline\\Pipeline->Illuminate\\Pipeline\\{closure}(Object(Illuminate\\Http\\Request))
#50 /var/www/TRDSv2_laravel8_memo/vendor/laravel/framework/src/Illuminate/Pipeline/Pipeline.php(167): Illuminate\\Foundation\\Http\\Middleware\\PreventRequestsDuringMaintenance->handle(Object(Illuminate\\Http\\Request), Object(Closure))
#51 /var/www/TRDSv2_laravel8_memo/vendor/fideloper/proxy/src/TrustProxies.php(57): Illuminate\\Pipeline\\Pipeline->Illuminate\\Pipeline\\{closure}(Object(Illuminate\\Http\\Request))
#52 /var/www/TRDSv2_laravel8_memo/vendor/laravel/framework/src/Illuminate/Pipeline/Pipeline.php(167): Fideloper\\Proxy\\TrustProxies->handle(Object(Illuminate\\Http\\Request), Object(Closure))
#53 /var/www/TRDSv2_laravel8_memo/vendor/laravel/framework/src/Illuminate/Pipeline/Pipeline.php(103): Illuminate\\Pipeline\\Pipeline->Illuminate\\Pipeline\\{closure}(Object(Illuminate\\Http\\Request))
#54 /var/www/TRDSv2_laravel8_memo/vendor/laravel/framework/src/Illuminate/Foundation/Http/Kernel.php(142): Illuminate\\Pipeline\\Pipeline->then(Object(Closure))
#55 /var/www/TRDSv2_laravel8_memo/vendor/laravel/framework/src/Illuminate/Foundation/Http/Kernel.php(111): Illuminate\\Foundation\\Http\\Kernel->sendRequestThroughRouter(Object(Illuminate\\Http\\Request))
#56 /var/www/TRDSv2_laravel8_memo/index.php(55): Illuminate\\Foundation\\Http\\Kernel->handle(Object(Illuminate\\Http\\Request))
#57 {main}
"} 
[2026-07-10 19:18:46] local.ERROR: SQLSTATE[42S22]: Column not found: 1054 Unknown column '1' in 'field list' (SQL: select `1` from `tbl_mailer` where `pkid` = 1) {"exception":"[object] (Illuminate\\Database\\QueryException(code: 42S22): SQLSTATE[42S22]: Column not found: 1054 Unknown column '1' in 'field list' (SQL: select `1` from `tbl_mailer` where `pkid` = 1) at /var/www/TRDSv2_laravel8_memo/vendor/laravel/framework/src/Illuminate/Database/Connection.php:712)
[stacktrace]
#0 /var/www/TRDSv2_laravel8_memo/vendor/laravel/framework/src/Illuminate/Database/Connection.php(672): Illuminate\\Database\\Connection->runQueryCallback('select `1` from...', Array, Object(Closure))
#1 /var/www/TRDSv2_laravel8_memo/vendor/laravel/framework/src/Illuminate/Database/Connection.php(376): Illuminate\\Database\\Connection->run('select `1` from...', Array, Object(Closure))
#2 /var/www/TRDSv2_laravel8_memo/vendor/laravel/framework/src/Illuminate/Database/Query/Builder.php(2414): Illuminate\\Database\\Connection->select('select `1` from...', Array, true)
#3 /var/www/TRDSv2_laravel8_memo/vendor/laravel/framework/src/Illuminate/Database/Query/Builder.php(2402): Illuminate\\Database\\Query\\Builder->runSelect()
#4 /var/www/TRDSv2_laravel8_memo/vendor/laravel/framework/src/Illuminate/Database/Query/Builder.php(2936): Illuminate\\Database\\Query\\Builder->Illuminate\\Database\\Query\\{closure}()
#5 /var/www/TRDSv2_laravel8_memo/vendor/laravel/framework/src/Illuminate/Database/Query/Builder.php(2403): Illuminate\\Database\\Query\\Builder->onceWithColumns(Array, Object(Closure))
#6 /var/www/TRDSv2_laravel8_memo/vendor/laravel/framework/src/Illuminate/Database/Eloquent/Builder.php(625): Illuminate\\Database\\Query\\Builder->get(1)
#7 /var/www/TRDSv2_laravel8_memo/vendor/laravel/framework/src/Illuminate/Database/Eloquent/Builder.php(609): Illuminate\\Database\\Eloquent\\Builder->getModels(1)
#8 /var/www/TRDSv2_laravel8_memo/app/Http/Controllers/CommonController.php(77): Illuminate\\Database\\Eloquent\\Builder->get(1)
#9 /var/www/TRDSv2_laravel8_memo/app/Http/Controllers/QualificationCertificationController.php(339): App\\Http\\Controllers\\CommonController->sendEmail('')
#10 /var/www/TRDSv2_laravel8_memo/app/Http/Controllers/QualificationCertificationController.php(668): App\\Http\\Controllers\\QualificationCertificationController->saveFormSendEmail(Array)
#11 /var/www/TRDSv2_laravel8_memo/vendor/laravel/framework/src/Illuminate/Routing/Controller.php(54): App\\Http\\Controllers\\QualificationCertificationController->saveQualificationCertificationOper(Object(Illuminate\\Http\\Request))
#12 /var/www/TRDSv2_laravel8_memo/vendor/laravel/framework/src/Illuminate/Routing/ControllerDispatcher.php(45): Illuminate\\Routing\\Controller->callAction('saveQualificati...', Array)
#13 /var/www/TRDSv2_laravel8_memo/vendor/laravel/framework/src/Illuminate/Routing/Route.php(262): Illuminate\\Routing\\ControllerDispatcher->dispatch(Object(Illuminate\\Routing\\Route), Object(App\\Http\\Controllers\\QualificationCertificationController), 'saveQualificati...')
#14 /var/www/TRDSv2_laravel8_memo/vendor/laravel/framework/src/Illuminate/Routing/Route.php(205): Illuminate\\Routing\\Route->runController()
#15 /var/www/TRDSv2_laravel8_memo/vendor/laravel/framework/src/Illuminate/Routing/Router.php(721): Illuminate\\Routing\\Route->run()
#16 /var/www/TRDSv2_laravel8_memo/vendor/laravel/framework/src/Illuminate/Pipeline/Pipeline.php(128): Illuminate\\Routing\\Router->Illuminate\\Routing\\{closure}(Object(Illuminate\\Http\\Request))
#17 /var/www/TRDSv2_laravel8_memo/app/Http/Middleware/CheckSession.php(55): Illuminate\\Pipeline\\Pipeline->Illuminate\\Pipeline\\{closure}(Object(Illuminate\\Http\\Request))
#18 /var/www/TRDSv2_laravel8_memo/vendor/laravel/framework/src/Illuminate/Pipeline/Pipeline.php(167): App\\Http\\Middleware\\CheckSession->handle(Object(Illuminate\\Http\\Request), Object(Closure))
#19 /var/www/TRDSv2_laravel8_memo/vendor/laravel/framework/src/Illuminate/Routing/Middleware/SubstituteBindings.php(50): Illuminate\\Pipeline\\Pipeline->Illuminate\\Pipeline\\{closure}(Object(Illuminate\\Http\\Request))
#20 /var/www/TRDSv2_laravel8_memo/vendor/laravel/framework/src/Illuminate/Pipeline/Pipeline.php(167): Illuminate\\Routing\\Middleware\\SubstituteBindings->handle(Object(Illuminate\\Http\\Request), Object(Closure))
#21 /var/www/TRDSv2_laravel8_memo/vendor/laravel/framework/src/Illuminate/Foundation/Http/Middleware/VerifyCsrfToken.php(78): Illuminate\\Pipeline\\Pipeline->Illuminate\\Pipeline\\{closure}(Object(Illuminate\\Http\\Request))
#22 /var/www/TRDSv2_laravel8_memo/vendor/laravel/framework/src/Illuminate/Pipeline/Pipeline.php(167): Illuminate\\Foundation\\Http\\Middleware\\VerifyCsrfToken->handle(Object(Illuminate\\Http\\Request), Object(Closure))
#23 /var/www/TRDSv2_laravel8_memo/vendor/laravel/framework/src/Illuminate/View/Middleware/ShareErrorsFromSession.php(49): Illuminate\\Pipeline\\Pipeline->Illuminate\\Pipeline\\{closure}(Object(Illuminate\\Http\\Request))
#24 /var/www/TRDSv2_laravel8_memo/vendor/laravel/framework/src/Illuminate/Pipeline/Pipeline.php(167): Illuminate\\View\\Middleware\\ShareErrorsFromSession->handle(Object(Illuminate\\Http\\Request), Object(Closure))
#25 /var/www/TRDSv2_laravel8_memo/vendor/laravel/framework/src/Illuminate/Session/Middleware/StartSession.php(121): Illuminate\\Pipeline\\Pipeline->Illuminate\\Pipeline\\{closure}(Object(Illuminate\\Http\\Request))
#26 /var/www/TRDSv2_laravel8_memo/vendor/laravel/framework/src/Illuminate/Session/Middleware/StartSession.php(64): Illuminate\\Session\\Middleware\\StartSession->handleStatefulRequest(Object(Illuminate\\Http\\Request), Object(Illuminate\\Session\\Store), Object(Closure))
#27 /var/www/TRDSv2_laravel8_memo/vendor/laravel/framework/src/Illuminate/Pipeline/Pipeline.php(167): Illuminate\\Session\\Middleware\\StartSession->handle(Object(Illuminate\\Http\\Request), Object(Closure))
#28 /var/www/TRDSv2_laravel8_memo/vendor/laravel/framework/src/Illuminate/Cookie/Middleware/AddQueuedCookiesToResponse.php(37): Illuminate\\Pipeline\\Pipeline->Illuminate\\Pipeline\\{closure}(Object(Illuminate\\Http\\Request))
#29 /var/www/TRDSv2_laravel8_memo/vendor/laravel/framework/src/Illuminate/Pipeline/Pipeline.php(167): Illuminate\\Cookie\\Middleware\\AddQueuedCookiesToResponse->handle(Object(Illuminate\\Http\\Request), Object(Closure))
#30 /var/www/TRDSv2_laravel8_memo/vendor/laravel/framework/src/Illuminate/Cookie/Middleware/EncryptCookies.php(67): Illuminate\\Pipeline\\Pipeline->Illuminate\\Pipeline\\{closure}(Object(Illuminate\\Http\\Request))
#31 /var/www/TRDSv2_laravel8_memo/vendor/laravel/framework/src/Illuminate/Pipeline/Pipeline.php(167): Illuminate\\Cookie\\Middleware\\EncryptCookies->handle(Object(Illuminate\\Http\\Request), Object(Closure))
#32 /var/www/TRDSv2_laravel8_memo/vendor/laravel/framework/src/Illuminate/Pipeline/Pipeline.php(103): Illuminate\\Pipeline\\Pipeline->Illuminate\\Pipeline\\{closure}(Object(Illuminate\\Http\\Request))
#33 /var/www/TRDSv2_laravel8_memo/vendor/laravel/framework/src/Illuminate/Routing/Router.php(723): Illuminate\\Pipeline\\Pipeline->then(Object(Closure))
#34 /var/www/TRDSv2_laravel8_memo/vendor/laravel/framework/src/Illuminate/Routing/Router.php(698): Illuminate\\Routing\\Router->runRouteWithinStack(Object(Illuminate\\Routing\\Route), Object(Illuminate\\Http\\Request))
#35 /var/www/TRDSv2_laravel8_memo/vendor/laravel/framework/src/Illuminate/Routing/Router.php(662): Illuminate\\Routing\\Router->runRoute(Object(Illuminate\\Http\\Request), Object(Illuminate\\Routing\\Route))
#36 /var/www/TRDSv2_laravel8_memo/vendor/laravel/framework/src/Illuminate/Routing/Router.php(651): Illuminate\\Routing\\Router->dispatchToRoute(Object(Illuminate\\Http\\Request))
#37 /var/www/TRDSv2_laravel8_memo/vendor/laravel/framework/src/Illuminate/Foundation/Http/Kernel.php(167): Illuminate\\Routing\\Router->dispatch(Object(Illuminate\\Http\\Request))
#38 /var/www/TRDSv2_laravel8_memo/vendor/laravel/framework/src/Illuminate/Pipeline/Pipeline.php(128): Illuminate\\Foundation\\Http\\Kernel->Illuminate\\Foundation\\Http\\{closure}(Object(Illuminate\\Http\\Request))
#39 /var/www/TRDSv2_laravel8_memo/vendor/laravel/framework/src/Illuminate/Foundation/Http/Middleware/TransformsRequest.php(21): Illuminate\\Pipeline\\Pipeline->Illuminate\\Pipeline\\{closure}(Object(Illuminate\\Http\\Request))
#40 /var/www/TRDSv2_laravel8_memo/vendor/laravel/framework/src/Illuminate/Foundation/Http/Middleware/ConvertEmptyStringsToNull.php(31): Illuminate\\Foundation\\Http\\Middleware\\TransformsRequest->handle(Object(Illuminate\\Http\\Request), Object(Closure))
#41 /var/www/TRDSv2_laravel8_memo/vendor/laravel/framework/src/Illuminate/Pipeline/Pipeline.php(167): Illuminate\\Foundation\\Http\\Middleware\\ConvertEmptyStringsToNull->handle(Object(Illuminate\\Http\\Request), Object(Closure))
#42 /var/www/TRDSv2_laravel8_memo/vendor/laravel/framework/src/Illuminate/Foundation/Http/Middleware/TransformsRequest.php(21): Illuminate\\Pipeline\\Pipeline->Illuminate\\Pipeline\\{closure}(Object(Illuminate\\Http\\Request))
#43 /var/www/TRDSv2_laravel8_memo/vendor/laravel/framework/src/Illuminate/Foundation/Http/Middleware/TrimStrings.php(40): Illuminate\\Foundation\\Http\\Middleware\\TransformsRequest->handle(Object(Illuminate\\Http\\Request), Object(Closure))
#44 /var/www/TRDSv2_laravel8_memo/vendor/laravel/framework/src/Illuminate/Pipeline/Pipeline.php(167): Illuminate\\Foundation\\Http\\Middleware\\TrimStrings->handle(Object(Illuminate\\Http\\Request), Object(Closure))
#45 /var/www/TRDSv2_laravel8_memo/vendor/laravel/framework/src/Illuminate/Foundation/Http/Middleware/ValidatePostSize.php(27): Illuminate\\Pipeline\\Pipeline->Illuminate\\Pipeline\\{closure}(Object(Illuminate\\Http\\Request))
#46 /var/www/TRDSv2_laravel8_memo/vendor/laravel/framework/src/Illuminate/Pipeline/Pipeline.php(167): Illuminate\\Foundation\\Http\\Middleware\\ValidatePostSize->handle(Object(Illuminate\\Http\\Request), Object(Closure))
#47 /var/www/TRDSv2_laravel8_memo/vendor/laravel/framework/src/Illuminate/Foundation/Http/Middleware/PreventRequestsDuringMaintenance.php(86): Illuminate\\Pipeline\\Pipeline->Illuminate\\Pipeline\\{closure}(Object(Illuminate\\Http\\Request))
#48 /var/www/TRDSv2_laravel8_memo/vendor/laravel/framework/src/Illuminate/Pipeline/Pipeline.php(167): Illuminate\\Foundation\\Http\\Middleware\\PreventRequestsDuringMaintenance->handle(Object(Illuminate\\Http\\Request), Object(Closure))
#49 /var/www/TRDSv2_laravel8_memo/vendor/fideloper/proxy/src/TrustProxies.php(57): Illuminate\\Pipeline\\Pipeline->Illuminate\\Pipeline\\{closure}(Object(Illuminate\\Http\\Request))
#50 /var/www/TRDSv2_laravel8_memo/vendor/laravel/framework/src/Illuminate/Pipeline/Pipeline.php(167): Fideloper\\Proxy\\TrustProxies->handle(Object(Illuminate\\Http\\Request), Object(Closure))
#51 /var/www/TRDSv2_laravel8_memo/vendor/laravel/framework/src/Illuminate/Pipeline/Pipeline.php(103): Illuminate\\Pipeline\\Pipeline->Illuminate\\Pipeline\\{closure}(Object(Illuminate\\Http\\Request))
#52 /var/www/TRDSv2_laravel8_memo/vendor/laravel/framework/src/Illuminate/Foundation/Http/Kernel.php(142): Illuminate\\Pipeline\\Pipeline->then(Object(Closure))
#53 /var/www/TRDSv2_laravel8_memo/vendor/laravel/framework/src/Illuminate/Foundation/Http/Kernel.php(111): Illuminate\\Foundation\\Http\\Kernel->sendRequestThroughRouter(Object(Illuminate\\Http\\Request))
#54 /var/www/TRDSv2_laravel8_memo/index.php(55): Illuminate\\Foundation\\Http\\Kernel->handle(Object(Illuminate\\Http\\Request))
#55 {main}

[previous exception] [object] (PDOException(code: 42S22): SQLSTATE[42S22]: Column not found: 1054 Unknown column '1' in 'field list' at /var/www/TRDSv2_laravel8_memo/vendor/laravel/framework/src/Illuminate/Database/Connection.php:368)
[stacktrace]
#0 /var/www/TRDSv2_laravel8_memo/vendor/laravel/framework/src/Illuminate/Database/Connection.php(368): PDO->prepare('select `1` from...')
#1 /var/www/TRDSv2_laravel8_memo/vendor/laravel/framework/src/Illuminate/Database/Connection.php(705): Illuminate\\Database\\Connection->Illuminate\\Database\\{closure}('select `1` from...', Array)
#2 /var/www/TRDSv2_laravel8_memo/vendor/laravel/framework/src/Illuminate/Database/Connection.php(672): Illuminate\\Database\\Connection->runQueryCallback('select `1` from...', Array, Object(Closure))
#3 /var/www/TRDSv2_laravel8_memo/vendor/laravel/framework/src/Illuminate/Database/Connection.php(376): Illuminate\\Database\\Connection->run('select `1` from...', Array, Object(Closure))
#4 /var/www/TRDSv2_laravel8_memo/vendor/laravel/framework/src/Illuminate/Database/Query/Builder.php(2414): Illuminate\\Database\\Connection->select('select `1` from...', Array, true)
#5 /var/www/TRDSv2_laravel8_memo/vendor/laravel/framework/src/Illuminate/Database/Query/Builder.php(2402): Illuminate\\Database\\Query\\Builder->runSelect()
#6 /var/www/TRDSv2_laravel8_memo/vendor/laravel/framework/src/Illuminate/Database/Query/Builder.php(2936): Illuminate\\Database\\Query\\Builder->Illuminate\\Database\\Query\\{closure}()
#7 /var/www/TRDSv2_laravel8_memo/vendor/laravel/framework/src/Illuminate/Database/Query/Builder.php(2403): Illuminate\\Database\\Query\\Builder->onceWithColumns(Array, Object(Closure))
#8 /var/www/TRDSv2_laravel8_memo/vendor/laravel/framework/src/Illuminate/Database/Eloquent/Builder.php(625): Illuminate\\Database\\Query\\Builder->get(1)
#9 /var/www/TRDSv2_laravel8_memo/vendor/laravel/framework/src/Illuminate/Database/Eloquent/Builder.php(609): Illuminate\\Database\\Eloquent\\Builder->getModels(1)
#10 /var/www/TRDSv2_laravel8_memo/app/Http/Controllers/CommonController.php(77): Illuminate\\Database\\Eloquent\\Builder->get(1)
#11 /var/www/TRDSv2_laravel8_memo/app/Http/Controllers/QualificationCertificationController.php(339): App\\Http\\Controllers\\CommonController->sendEmail('')
#12 /var/www/TRDSv2_laravel8_memo/app/Http/Controllers/QualificationCertificationController.php(668): App\\Http\\Controllers\\QualificationCertificationController->saveFormSendEmail(Array)
#13 /var/www/TRDSv2_laravel8_memo/vendor/laravel/framework/src/Illuminate/Routing/Controller.php(54): App\\Http\\Controllers\\QualificationCertificationController->saveQualificationCertificationOper(Object(Illuminate\\Http\\Request))
#14 /var/www/TRDSv2_laravel8_memo/vendor/laravel/framework/src/Illuminate/Routing/ControllerDispatcher.php(45): Illuminate\\Routing\\Controller->callAction('saveQualificati...', Array)
#15 /var/www/TRDSv2_laravel8_memo/vendor/laravel/framework/src/Illuminate/Routing/Route.php(262): Illuminate\\Routing\\ControllerDispatcher->dispatch(Object(Illuminate\\Routing\\Route), Object(App\\Http\\Controllers\\QualificationCertificationController), 'saveQualificati...')
#16 /var/www/TRDSv2_laravel8_memo/vendor/laravel/framework/src/Illuminate/Routing/Route.php(205): Illuminate\\Routing\\Route->runController()
#17 /var/www/TRDSv2_laravel8_memo/vendor/laravel/framework/src/Illuminate/Routing/Router.php(721): Illuminate\\Routing\\Route->run()
#18 /var/www/TRDSv2_laravel8_memo/vendor/laravel/framework/src/Illuminate/Pipeline/Pipeline.php(128): Illuminate\\Routing\\Router->Illuminate\\Routing\\{closure}(Object(Illuminate\\Http\\Request))
#19 /var/www/TRDSv2_laravel8_memo/app/Http/Middleware/CheckSession.php(55): Illuminate\\Pipeline\\Pipeline->Illuminate\\Pipeline\\{closure}(Object(Illuminate\\Http\\Request))
#20 /var/www/TRDSv2_laravel8_memo/vendor/laravel/framework/src/Illuminate/Pipeline/Pipeline.php(167): App\\Http\\Middleware\\CheckSession->handle(Object(Illuminate\\Http\\Request), Object(Closure))
#21 /var/www/TRDSv2_laravel8_memo/vendor/laravel/framework/src/Illuminate/Routing/Middleware/SubstituteBindings.php(50): Illuminate\\Pipeline\\Pipeline->Illuminate\\Pipeline\\{closure}(Object(Illuminate\\Http\\Request))
#22 /var/www/TRDSv2_laravel8_memo/vendor/laravel/framework/src/Illuminate/Pipeline/Pipeline.php(167): Illuminate\\Routing\\Middleware\\SubstituteBindings->handle(Object(Illuminate\\Http\\Request), Object(Closure))
#23 /var/www/TRDSv2_laravel8_memo/vendor/laravel/framework/src/Illuminate/Foundation/Http/Middleware/VerifyCsrfToken.php(78): Illuminate\\Pipeline\\Pipeline->Illuminate\\Pipeline\\{closure}(Object(Illuminate\\Http\\Request))
#24 /var/www/TRDSv2_laravel8_memo/vendor/laravel/framework/src/Illuminate/Pipeline/Pipeline.php(167): Illuminate\\Foundation\\Http\\Middleware\\VerifyCsrfToken->handle(Object(Illuminate\\Http\\Request), Object(Closure))
#25 /var/www/TRDSv2_laravel8_memo/vendor/laravel/framework/src/Illuminate/View/Middleware/ShareErrorsFromSession.php(49): Illuminate\\Pipeline\\Pipeline->Illuminate\\Pipeline\\{closure}(Object(Illuminate\\Http\\Request))
#26 /var/www/TRDSv2_laravel8_memo/vendor/laravel/framework/src/Illuminate/Pipeline/Pipeline.php(167): Illuminate\\View\\Middleware\\ShareErrorsFromSession->handle(Object(Illuminate\\Http\\Request), Object(Closure))
#27 /var/www/TRDSv2_laravel8_memo/vendor/laravel/framework/src/Illuminate/Session/Middleware/StartSession.php(121): Illuminate\\Pipeline\\Pipeline->Illuminate\\Pipeline\\{closure}(Object(Illuminate\\Http\\Request))
#28 /var/www/TRDSv2_laravel8_memo/vendor/laravel/framework/src/Illuminate/Session/Middleware/StartSession.php(64): Illuminate\\Session\\Middleware\\StartSession->handleStatefulRequest(Object(Illuminate\\Http\\Request), Object(Illuminate\\Session\\Store), Object(Closure))
#29 /var/www/TRDSv2_laravel8_memo/vendor/laravel/framework/src/Illuminate/Pipeline/Pipeline.php(167): Illuminate\\Session\\Middleware\\StartSession->handle(Object(Illuminate\\Http\\Request), Object(Closure))
#30 /var/www/TRDSv2_laravel8_memo/vendor/laravel/framework/src/Illuminate/Cookie/Middleware/AddQueuedCookiesToResponse.php(37): Illuminate\\Pipeline\\Pipeline->Illuminate\\Pipeline\\{closure}(Object(Illuminate\\Http\\Request))
#31 /var/www/TRDSv2_laravel8_memo/vendor/laravel/framework/src/Illuminate/Pipeline/Pipeline.php(167): Illuminate\\Cookie\\Middleware\\AddQueuedCookiesToResponse->handle(Object(Illuminate\\Http\\Request), Object(Closure))
#32 /var/www/TRDSv2_laravel8_memo/vendor/laravel/framework/src/Illuminate/Cookie/Middleware/EncryptCookies.php(67): Illuminate\\Pipeline\\Pipeline->Illuminate\\Pipeline\\{closure}(Object(Illuminate\\Http\\Request))
#33 /var/www/TRDSv2_laravel8_memo/vendor/laravel/framework/src/Illuminate/Pipeline/Pipeline.php(167): Illuminate\\Cookie\\Middleware\\EncryptCookies->handle(Object(Illuminate\\Http\\Request), Object(Closure))
#34 /var/www/TRDSv2_laravel8_memo/vendor/laravel/framework/src/Illuminate/Pipeline/Pipeline.php(103): Illuminate\\Pipeline\\Pipeline->Illuminate\\Pipeline\\{closure}(Object(Illuminate\\Http\\Request))
#35 /var/www/TRDSv2_laravel8_memo/vendor/laravel/framework/src/Illuminate/Routing/Router.php(723): Illuminate\\Pipeline\\Pipeline->then(Object(Closure))
#36 /var/www/TRDSv2_laravel8_memo/vendor/laravel/framework/src/Illuminate/Routing/Router.php(698): Illuminate\\Routing\\Router->runRouteWithinStack(Object(Illuminate\\Routing\\Route), Object(Illuminate\\Http\\Request))
#37 /var/www/TRDSv2_laravel8_memo/vendor/laravel/framework/src/Illuminate/Routing/Router.php(662): Illuminate\\Routing\\Router->runRoute(Object(Illuminate\\Http\\Request), Object(Illuminate\\Routing\\Route))
#38 /var/www/TRDSv2_laravel8_memo/vendor/laravel/framework/src/Illuminate/Routing/Router.php(651): Illuminate\\Routing\\Router->dispatchToRoute(Object(Illuminate\\Http\\Request))
#39 /var/www/TRDSv2_laravel8_memo/vendor/laravel/framework/src/Illuminate/Foundation/Http/Kernel.php(167): Illuminate\\Routing\\Router->dispatch(Object(Illuminate\\Http\\Request))
#40 /var/www/TRDSv2_laravel8_memo/vendor/laravel/framework/src/Illuminate/Pipeline/Pipeline.php(128): Illuminate\\Foundation\\Http\\Kernel->Illuminate\\Foundation\\Http\\{closure}(Object(Illuminate\\Http\\Request))
#41 /var/www/TRDSv2_laravel8_memo/vendor/laravel/framework/src/Illuminate/Foundation/Http/Middleware/TransformsRequest.php(21): Illuminate\\Pipeline\\Pipeline->Illuminate\\Pipeline\\{closure}(Object(Illuminate\\Http\\Request))
#42 /var/www/TRDSv2_laravel8_memo/vendor/laravel/framework/src/Illuminate/Foundation/Http/Middleware/ConvertEmptyStringsToNull.php(31): Illuminate\\Foundation\\Http\\Middleware\\TransformsRequest->handle(Object(Illuminate\\Http\\Request), Object(Closure))
#43 /var/www/TRDSv2_laravel8_memo/vendor/laravel/framework/src/Illuminate/Pipeline/Pipeline.php(167): Illuminate\\Foundation\\Http\\Middleware\\ConvertEmptyStringsToNull->handle(Object(Illuminate\\Http\\Request), Object(Closure))
#44 /var/www/TRDSv2_laravel8_memo/vendor/laravel/framework/src/Illuminate/Foundation/Http/Middleware/TransformsRequest.php(21): Illuminate\\Pipeline\\Pipeline->Illuminate\\Pipeline\\{closure}(Object(Illuminate\\Http\\Request))
#45 /var/www/TRDSv2_laravel8_memo/vendor/laravel/framework/src/Illuminate/Foundation/Http/Middleware/TrimStrings.php(40): Illuminate\\Foundation\\Http\\Middleware\\TransformsRequest->handle(Object(Illuminate\\Http\\Request), Object(Closure))
#46 /var/www/TRDSv2_laravel8_memo/vendor/laravel/framework/src/Illuminate/Pipeline/Pipeline.php(167): Illuminate\\Foundation\\Http\\Middleware\\TrimStrings->handle(Object(Illuminate\\Http\\Request), Object(Closure))
#47 /var/www/TRDSv2_laravel8_memo/vendor/laravel/framework/src/Illuminate/Foundation/Http/Middleware/ValidatePostSize.php(27): Illuminate\\Pipeline\\Pipeline->Illuminate\\Pipeline\\{closure}(Object(Illuminate\\Http\\Request))
#48 /var/www/TRDSv2_laravel8_memo/vendor/laravel/framework/src/Illuminate/Pipeline/Pipeline.php(167): Illuminate\\Foundation\\Http\\Middleware\\ValidatePostSize->handle(Object(Illuminate\\Http\\Request), Object(Closure))
#49 /var/www/TRDSv2_laravel8_memo/vendor/laravel/framework/src/Illuminate/Foundation/Http/Middleware/PreventRequestsDuringMaintenance.php(86): Illuminate\\Pipeline\\Pipeline->Illuminate\\Pipeline\\{closure}(Object(Illuminate\\Http\\Request))
#50 /var/www/TRDSv2_laravel8_memo/vendor/laravel/framework/src/Illuminate/Pipeline/Pipeline.php(167): Illuminate\\Foundation\\Http\\Middleware\\PreventRequestsDuringMaintenance->handle(Object(Illuminate\\Http\\Request), Object(Closure))
#51 /var/www/TRDSv2_laravel8_memo/vendor/fideloper/proxy/src/TrustProxies.php(57): Illuminate\\Pipeline\\Pipeline->Illuminate\\Pipeline\\{closure}(Object(Illuminate\\Http\\Request))
#52 /var/www/TRDSv2_laravel8_memo/vendor/laravel/framework/src/Illuminate/Pipeline/Pipeline.php(167): Fideloper\\Proxy\\TrustProxies->handle(Object(Illuminate\\Http\\Request), Object(Closure))
#53 /var/www/TRDSv2_laravel8_memo/vendor/laravel/framework/src/Illuminate/Pipeline/Pipeline.php(103): Illuminate\\Pipeline\\Pipeline->Illuminate\\Pipeline\\{closure}(Object(Illuminate\\Http\\Request))
#54 /var/www/TRDSv2_laravel8_memo/vendor/laravel/framework/src/Illuminate/Foundation/Http/Kernel.php(142): Illuminate\\Pipeline\\Pipeline->then(Object(Closure))
#55 /var/www/TRDSv2_laravel8_memo/vendor/laravel/framework/src/Illuminate/Foundation/Http/Kernel.php(111): Illuminate\\Foundation\\Http\\Kernel->sendRequestThroughRouter(Object(Illuminate\\Http\\Request))
#56 /var/www/TRDSv2_laravel8_memo/index.php(55): Illuminate\\Foundation\\Http\\Kernel->handle(Object(Illuminate\\Http\\Request))
#57 {main}
"} 
[2026-07-10 11:18:54] local.ERROR: Target class [App\Http\Controllers\CommonController] does not exist. {"exception":"[object] (Illuminate\\Contracts\\Container\\BindingResolutionException(code: 0): Target class [App\\Http\\Controllers\\CommonController] does not exist. at /var/www/TRDSv2_laravel8_memo/vendor/laravel/framework/src/Illuminate/Container/Container.php:879)
[stacktrace]
#0 /var/www/TRDSv2_laravel8_memo/vendor/laravel/framework/src/Illuminate/Container/Container.php(758): Illuminate\\Container\\Container->build('App\\\\Http\\\\Contro...')
#1 /var/www/TRDSv2_laravel8_memo/vendor/laravel/framework/src/Illuminate/Foundation/Application.php(853): Illuminate\\Container\\Container->resolve('App\\\\Http\\\\Contro...', Array, true)
#2 /var/www/TRDSv2_laravel8_memo/vendor/laravel/framework/src/Illuminate/Container/Container.php(694): Illuminate\\Foundation\\Application->resolve('App\\\\Http\\\\Contro...', Array)
#3 /var/www/TRDSv2_laravel8_memo/vendor/laravel/framework/src/Illuminate/Foundation/Application.php(838): Illuminate\\Container\\Container->make('App\\\\Http\\\\Contro...', Array)
#4 /var/www/TRDSv2_laravel8_memo/vendor/laravel/framework/src/Illuminate/Container/Container.php(1027): Illuminate\\Foundation\\Application->make('App\\\\Http\\\\Contro...')
#5 /var/www/TRDSv2_laravel8_memo/vendor/laravel/framework/src/Illuminate/Container/Container.php(947): Illuminate\\Container\\Container->resolveClass(Object(ReflectionParameter))
#6 /var/www/TRDSv2_laravel8_memo/vendor/laravel/framework/src/Illuminate/Container/Container.php(908): Illuminate\\Container\\Container->resolveDependencies(Array)
#7 /var/www/TRDSv2_laravel8_memo/vendor/laravel/framework/src/Illuminate/Container/Container.php(758): Illuminate\\Container\\Container->build('App\\\\Http\\\\Contro...')
#8 /var/www/TRDSv2_laravel8_memo/vendor/laravel/framework/src/Illuminate/Foundation/Application.php(853): Illuminate\\Container\\Container->resolve('App\\\\Http\\\\Contro...', Array, true)
#9 /var/www/TRDSv2_laravel8_memo/vendor/laravel/framework/src/Illuminate/Container/Container.php(694): Illuminate\\Foundation\\Application->resolve('App\\\\Http\\\\Contro...', Array)
#10 /var/www/TRDSv2_laravel8_memo/vendor/laravel/framework/src/Illuminate/Foundation/Application.php(838): Illuminate\\Container\\Container->make('App\\\\Http\\\\Contro...', Array)
#11 /var/www/TRDSv2_laravel8_memo/vendor/laravel/framework/src/Illuminate/Routing/Route.php(276): Illuminate\\Foundation\\Application->make('App\\\\Http\\\\Contro...')
#12 /var/www/TRDSv2_laravel8_memo/vendor/laravel/framework/src/Illuminate/Routing/Route.php(1080): Illuminate\\Routing\\Route->getController()
#13 /var/www/TRDSv2_laravel8_memo/vendor/laravel/framework/src/Illuminate/Routing/Route.php(1023): Illuminate\\Routing\\Route->controllerMiddleware()
#14 /var/www/TRDSv2_laravel8_memo/vendor/laravel/framework/src/Illuminate/Routing/Router.php(734): Illuminate\\Routing\\Route->gatherMiddleware()
#15 /var/www/TRDSv2_laravel8_memo/vendor/laravel/framework/src/Illuminate/Routing/Router.php(714): Illuminate\\Routing\\Router->gatherRouteMiddleware(Object(Illuminate\\Routing\\Route))
#16 /var/www/TRDSv2_laravel8_memo/vendor/laravel/framework/src/Illuminate/Routing/Router.php(698): Illuminate\\Routing\\Router->runRouteWithinStack(Object(Illuminate\\Routing\\Route), Object(Illuminate\\Http\\Request))
#17 /var/www/TRDSv2_laravel8_memo/vendor/laravel/framework/src/Illuminate/Routing/Router.php(662): Illuminate\\Routing\\Router->runRoute(Object(Illuminate\\Http\\Request), Object(Illuminate\\Routing\\Route))
#18 /var/www/TRDSv2_laravel8_memo/vendor/laravel/framework/src/Illuminate/Routing/Router.php(651): Illuminate\\Routing\\Router->dispatchToRoute(Object(Illuminate\\Http\\Request))
#19 /var/www/TRDSv2_laravel8_memo/vendor/laravel/framework/src/Illuminate/Foundation/Http/Kernel.php(167): Illuminate\\Routing\\Router->dispatch(Object(Illuminate\\Http\\Request))
#20 /var/www/TRDSv2_laravel8_memo/vendor/laravel/framework/src/Illuminate/Pipeline/Pipeline.php(128): Illuminate\\Foundation\\Http\\Kernel->Illuminate\\Foundation\\Http\\{closure}(Object(Illuminate\\Http\\Request))
#21 /var/www/TRDSv2_laravel8_memo/vendor/laravel/framework/src/Illuminate/Foundation/Http/Middleware/TransformsRequest.php(21): Illuminate\\Pipeline\\Pipeline->Illuminate\\Pipeline\\{closure}(Object(Illuminate\\Http\\Request))
#22 /var/www/TRDSv2_laravel8_memo/vendor/laravel/framework/src/Illuminate/Foundation/Http/Middleware/ConvertEmptyStringsToNull.php(31): Illuminate\\Foundation\\Http\\Middleware\\TransformsRequest->handle(Object(Illuminate\\Http\\Request), Object(Closure))
#23 /var/www/TRDSv2_laravel8_memo/vendor/laravel/framework/src/Illuminate/Pipeline/Pipeline.php(167): Illuminate\\Foundation\\Http\\Middleware\\ConvertEmptyStringsToNull->handle(Object(Illuminate\\Http\\Request), Object(Closure))
#24 /var/www/TRDSv2_laravel8_memo/vendor/laravel/framework/src/Illuminate/Foundation/Http/Middleware/TransformsRequest.php(21): Illuminate\\Pipeline\\Pipeline->Illuminate\\Pipeline\\{closure}(Object(Illuminate\\Http\\Request))
#25 /var/www/TRDSv2_laravel8_memo/vendor/laravel/framework/src/Illuminate/Foundation/Http/Middleware/TrimStrings.php(40): Illuminate\\Foundation\\Http\\Middleware\\TransformsRequest->handle(Object(Illuminate\\Http\\Request), Object(Closure))
#26 /var/www/TRDSv2_laravel8_memo/vendor/laravel/framework/src/Illuminate/Pipeline/Pipeline.php(167): Illuminate\\Foundation\\Http\\Middleware\\TrimStrings->handle(Object(Illuminate\\Http\\Request), Object(Closure))
#27 /var/www/TRDSv2_laravel8_memo/vendor/laravel/framework/src/Illuminate/Foundation/Http/Middleware/ValidatePostSize.php(27): Illuminate\\Pipeline\\Pipeline->Illuminate\\Pipeline\\{closure}(Object(Illuminate\\Http\\Request))
#28 /var/www/TRDSv2_laravel8_memo/vendor/laravel/framework/src/Illuminate/Pipeline/Pipeline.php(167): Illuminate\\Foundation\\Http\\Middleware\\ValidatePostSize->handle(Object(Illuminate\\Http\\Request), Object(Closure))
#29 /var/www/TRDSv2_laravel8_memo/vendor/laravel/framework/src/Illuminate/Foundation/Http/Middleware/PreventRequestsDuringMaintenance.php(86): Illuminate\\Pipeline\\Pipeline->Illuminate\\Pipeline\\{closure}(Object(Illuminate\\Http\\Request))
#30 /var/www/TRDSv2_laravel8_memo/vendor/laravel/framework/src/Illuminate/Pipeline/Pipeline.php(167): Illuminate\\Foundation\\Http\\Middleware\\PreventRequestsDuringMaintenance->handle(Object(Illuminate\\Http\\Request), Object(Closure))
#31 /var/www/TRDSv2_laravel8_memo/vendor/fideloper/proxy/src/TrustProxies.php(57): Illuminate\\Pipeline\\Pipeline->Illuminate\\Pipeline\\{closure}(Object(Illuminate\\Http\\Request))
#32 /var/www/TRDSv2_laravel8_memo/vendor/laravel/framework/src/Illuminate/Pipeline/Pipeline.php(167): Fideloper\\Proxy\\TrustProxies->handle(Object(Illuminate\\Http\\Request), Object(Closure))
#33 /var/www/TRDSv2_laravel8_memo/vendor/laravel/framework/src/Illuminate/Pipeline/Pipeline.php(103): Illuminate\\Pipeline\\Pipeline->Illuminate\\Pipeline\\{closure}(Object(Illuminate\\Http\\Request))
#34 /var/www/TRDSv2_laravel8_memo/vendor/laravel/framework/src/Illuminate/Foundation/Http/Kernel.php(142): Illuminate\\Pipeline\\Pipeline->then(Object(Closure))
#35 /var/www/TRDSv2_laravel8_memo/vendor/laravel/framework/src/Illuminate/Foundation/Http/Kernel.php(111): Illuminate\\Foundation\\Http\\Kernel->sendRequestThroughRouter(Object(Illuminate\\Http\\Request))
#36 /var/www/TRDSv2_laravel8_memo/index.php(55): Illuminate\\Foundation\\Http\\Kernel->handle(Object(Illuminate\\Http\\Request))
#37 {main}

[previous exception] [object] (ReflectionException(code: -1): Class App\\Http\\Controllers\\CommonController does not exist at /var/www/TRDSv2_laravel8_memo/vendor/laravel/framework/src/Illuminate/Container/Container.php:877)
[stacktrace]
#0 /var/www/TRDSv2_laravel8_memo/vendor/laravel/framework/src/Illuminate/Container/Container.php(877): ReflectionClass->__construct('App\\\\Http\\\\Contro...')
#1 /var/www/TRDSv2_laravel8_memo/vendor/laravel/framework/src/Illuminate/Container/Container.php(758): Illuminate\\Container\\Container->build('App\\\\Http\\\\Contro...')
#2 /var/www/TRDSv2_laravel8_memo/vendor/laravel/framework/src/Illuminate/Foundation/Application.php(853): Illuminate\\Container\\Container->resolve('App\\\\Http\\\\Contro...', Array, true)
#3 /var/www/TRDSv2_laravel8_memo/vendor/laravel/framework/src/Illuminate/Container/Container.php(694): Illuminate\\Foundation\\Application->resolve('App\\\\Http\\\\Contro...', Array)
#4 /var/www/TRDSv2_laravel8_memo/vendor/laravel/framework/src/Illuminate/Foundation/Application.php(838): Illuminate\\Container\\Container->make('App\\\\Http\\\\Contro...', Array)
#5 /var/www/TRDSv2_laravel8_memo/vendor/laravel/framework/src/Illuminate/Container/Container.php(1027): Illuminate\\Foundation\\Application->make('App\\\\Http\\\\Contro...')
#6 /var/www/TRDSv2_laravel8_memo/vendor/laravel/framework/src/Illuminate/Container/Container.php(947): Illuminate\\Container\\Container->resolveClass(Object(ReflectionParameter))
#7 /var/www/TRDSv2_laravel8_memo/vendor/laravel/framework/src/Illuminate/Container/Container.php(908): Illuminate\\Container\\Container->resolveDependencies(Array)
#8 /var/www/TRDSv2_laravel8_memo/vendor/laravel/framework/src/Illuminate/Container/Container.php(758): Illuminate\\Container\\Container->build('App\\\\Http\\\\Contro...')
#9 /var/www/TRDSv2_laravel8_memo/vendor/laravel/framework/src/Illuminate/Foundation/Application.php(853): Illuminate\\Container\\Container->resolve('App\\\\Http\\\\Contro...', Array, true)
#10 /var/www/TRDSv2_laravel8_memo/vendor/laravel/framework/src/Illuminate/Container/Container.php(694): Illuminate\\Foundation\\Application->resolve('App\\\\Http\\\\Contro...', Array)
#11 /var/www/TRDSv2_laravel8_memo/vendor/laravel/framework/src/Illuminate/Foundation/Application.php(838): Illuminate\\Container\\Container->make('App\\\\Http\\\\Contro...', Array)
#12 /var/www/TRDSv2_laravel8_memo/vendor/laravel/framework/src/Illuminate/Routing/Route.php(276): Illuminate\\Foundation\\Application->make('App\\\\Http\\\\Contro...')
#13 /var/www/TRDSv2_laravel8_memo/vendor/laravel/framework/src/Illuminate/Routing/Route.php(1080): Illuminate\\Routing\\Route->getController()
#14 /var/www/TRDSv2_laravel8_memo/vendor/laravel/framework/src/Illuminate/Routing/Route.php(1023): Illuminate\\Routing\\Route->controllerMiddleware()
#15 /var/www/TRDSv2_laravel8_memo/vendor/laravel/framework/src/Illuminate/Routing/Router.php(734): Illuminate\\Routing\\Route->gatherMiddleware()
#16 /var/www/TRDSv2_laravel8_memo/vendor/laravel/framework/src/Illuminate/Routing/Router.php(714): Illuminate\\Routing\\Router->gatherRouteMiddleware(Object(Illuminate\\Routing\\Route))
#17 /var/www/TRDSv2_laravel8_memo/vendor/laravel/framework/src/Illuminate/Routing/Router.php(698): Illuminate\\Routing\\Router->runRouteWithinStack(Object(Illuminate\\Routing\\Route), Object(Illuminate\\Http\\Request))
#18 /var/www/TRDSv2_laravel8_memo/vendor/laravel/framework/src/Illuminate/Routing/Router.php(662): Illuminate\\Routing\\Router->runRoute(Object(Illuminate\\Http\\Request), Object(Illuminate\\Routing\\Route))
#19 /var/www/TRDSv2_laravel8_memo/vendor/laravel/framework/src/Illuminate/Routing/Router.php(651): Illuminate\\Routing\\Router->dispatchToRoute(Object(Illuminate\\Http\\Request))
#20 /var/www/TRDSv2_laravel8_memo/vendor/laravel/framework/src/Illuminate/Foundation/Http/Kernel.php(167): Illuminate\\Routing\\Router->dispatch(Object(Illuminate\\Http\\Request))
#21 /var/www/TRDSv2_laravel8_memo/vendor/laravel/framework/src/Illuminate/Pipeline/Pipeline.php(128): Illuminate\\Foundation\\Http\\Kernel->Illuminate\\Foundation\\Http\\{closure}(Object(Illuminate\\Http\\Request))
#22 /var/www/TRDSv2_laravel8_memo/vendor/laravel/framework/src/Illuminate/Foundation/Http/Middleware/TransformsRequest.php(21): Illuminate\\Pipeline\\Pipeline->Illuminate\\Pipeline\\{closure}(Object(Illuminate\\Http\\Request))
#23 /var/www/TRDSv2_laravel8_memo/vendor/laravel/framework/src/Illuminate/Foundation/Http/Middleware/ConvertEmptyStringsToNull.php(31): Illuminate\\Foundation\\Http\\Middleware\\TransformsRequest->handle(Object(Illuminate\\Http\\Request), Object(Closure))
#24 /var/www/TRDSv2_laravel8_memo/vendor/laravel/framework/src/Illuminate/Pipeline/Pipeline.php(167): Illuminate\\Foundation\\Http\\Middleware\\ConvertEmptyStringsToNull->handle(Object(Illuminate\\Http\\Request), Object(Closure))
#25 /var/www/TRDSv2_laravel8_memo/vendor/laravel/framework/src/Illuminate/Foundation/Http/Middleware/TransformsRequest.php(21): Illuminate\\Pipeline\\Pipeline->Illuminate\\Pipeline\\{closure}(Object(Illuminate\\Http\\Request))
#26 /var/www/TRDSv2_laravel8_memo/vendor/laravel/framework/src/Illuminate/Foundation/Http/Middleware/TrimStrings.php(40): Illuminate\\Foundation\\Http\\Middleware\\TransformsRequest->handle(Object(Illuminate\\Http\\Request), Object(Closure))
#27 /var/www/TRDSv2_laravel8_memo/vendor/laravel/framework/src/Illuminate/Pipeline/Pipeline.php(167): Illuminate\\Foundation\\Http\\Middleware\\TrimStrings->handle(Object(Illuminate\\Http\\Request), Object(Closure))
#28 /var/www/TRDSv2_laravel8_memo/vendor/laravel/framework/src/Illuminate/Foundation/Http/Middleware/ValidatePostSize.php(27): Illuminate\\Pipeline\\Pipeline->Illuminate\\Pipeline\\{closure}(Object(Illuminate\\Http\\Request))
#29 /var/www/TRDSv2_laravel8_memo/vendor/laravel/framework/src/Illuminate/Pipeline/Pipeline.php(167): Illuminate\\Foundation\\Http\\Middleware\\ValidatePostSize->handle(Object(Illuminate\\Http\\Request), Object(Closure))
#30 /var/www/TRDSv2_laravel8_memo/vendor/laravel/framework/src/Illuminate/Foundation/Http/Middleware/PreventRequestsDuringMaintenance.php(86): Illuminate\\Pipeline\\Pipeline->Illuminate\\Pipeline\\{closure}(Object(Illuminate\\Http\\Request))
#31 /var/www/TRDSv2_laravel8_memo/vendor/laravel/framework/src/Illuminate/Pipeline/Pipeline.php(167): Illuminate\\Foundation\\Http\\Middleware\\PreventRequestsDuringMaintenance->handle(Object(Illuminate\\Http\\Request), Object(Closure))
#32 /var/www/TRDSv2_laravel8_memo/vendor/fideloper/proxy/src/TrustProxies.php(57): Illuminate\\Pipeline\\Pipeline->Illuminate\\Pipeline\\{closure}(Object(Illuminate\\Http\\Request))
#33 /var/www/TRDSv2_laravel8_memo/vendor/laravel/framework/src/Illuminate/Pipeline/Pipeline.php(167): Fideloper\\Proxy\\TrustProxies->handle(Object(Illuminate\\Http\\Request), Object(Closure))
#34 /var/www/TRDSv2_laravel8_memo/vendor/laravel/framework/src/Illuminate/Pipeline/Pipeline.php(103): Illuminate\\Pipeline\\Pipeline->Illuminate\\Pipeline\\{closure}(Object(Illuminate\\Http\\Request))
#35 /var/www/TRDSv2_laravel8_memo/vendor/laravel/framework/src/Illuminate/Foundation/Http/Kernel.php(142): Illuminate\\Pipeline\\Pipeline->then(Object(Closure))
#36 /var/www/TRDSv2_laravel8_memo/vendor/laravel/framework/src/Illuminate/Foundation/Http/Kernel.php(111): Illuminate\\Foundation\\Http\\Kernel->sendRequestThroughRouter(Object(Illuminate\\Http\\Request))
#37 /var/www/TRDSv2_laravel8_memo/index.php(55): Illuminate\\Foundation\\Http\\Kernel->handle(Object(Illuminate\\Http\\Request))
#38 {main}
"} 
[2026-07-10 19:56:49] local.ERROR: SQLSTATE[23000]: Integrity constraint violation: 1048 Column 'first_status' cannot be null (SQL: update `op_approvers` set `decision_status` = APP, `first_approver` = , `first_date` = ?, `first_time` = ?, `first_status` = ?, `first_remarks` = ?, `second_approver` = , `second_date` = ?, `second_time` = ?, `second_status` = ?, `second_remarks` = ?, `op_approvers`.`updated_at` = 2026-07-10 19:56:49 where `qc_slips_id` = 4 and `approval_status` = CQCC) {"exception":"[object] (Illuminate\\Database\\QueryException(code: 23000): SQLSTATE[23000]: Integrity constraint violation: 1048 Column 'first_status' cannot be null (SQL: update `op_approvers` set `decision_status` = APP, `first_approver` = , `first_date` = ?, `first_time` = ?, `first_status` = ?, `first_remarks` = ?, `second_approver` = , `second_date` = ?, `second_time` = ?, `second_status` = ?, `second_remarks` = ?, `op_approvers`.`updated_at` = 2026-07-10 19:56:49 where `qc_slips_id` = 4 and `approval_status` = CQCC) at /var/www/TRDSv2_laravel8_memo/vendor/laravel/framework/src/Illuminate/Database/Connection.php:712)
[stacktrace]
#0 /var/www/TRDSv2_laravel8_memo/vendor/laravel/framework/src/Illuminate/Database/Connection.php(672): Illuminate\\Database\\Connection->runQueryCallback('update `op_appr...', Array, Object(Closure))
#1 /var/www/TRDSv2_laravel8_memo/vendor/laravel/framework/src/Illuminate/Database/Connection.php(533): Illuminate\\Database\\Connection->run('update `op_appr...', Array, Object(Closure))
#2 /var/www/TRDSv2_laravel8_memo/vendor/laravel/framework/src/Illuminate/Database/Connection.php(466): Illuminate\\Database\\Connection->affectingStatement('update `op_appr...', Array)
#3 /var/www/TRDSv2_laravel8_memo/vendor/laravel/framework/src/Illuminate/Database/Query/Builder.php(3063): Illuminate\\Database\\Connection->update('update `op_appr...', Array)
#4 /var/www/TRDSv2_laravel8_memo/vendor/laravel/framework/src/Illuminate/Database/Eloquent/Builder.php(921): Illuminate\\Database\\Query\\Builder->update(Array)
#5 /var/www/TRDSv2_laravel8_memo/app/Http/Controllers/QualificationCertificationController.php(658): Illuminate\\Database\\Eloquent\\Builder->update(Array)
#6 /var/www/TRDSv2_laravel8_memo/vendor/laravel/framework/src/Illuminate/Routing/Controller.php(54): App\\Http\\Controllers\\QualificationCertificationController->saveQualificationCertificationOper(Object(Illuminate\\Http\\Request))
#7 /var/www/TRDSv2_laravel8_memo/vendor/laravel/framework/src/Illuminate/Routing/ControllerDispatcher.php(45): Illuminate\\Routing\\Controller->callAction('saveQualificati...', Array)
#8 /var/www/TRDSv2_laravel8_memo/vendor/laravel/framework/src/Illuminate/Routing/Route.php(262): Illuminate\\Routing\\ControllerDispatcher->dispatch(Object(Illuminate\\Routing\\Route), Object(App\\Http\\Controllers\\QualificationCertificationController), 'saveQualificati...')
#9 /var/www/TRDSv2_laravel8_memo/vendor/laravel/framework/src/Illuminate/Routing/Route.php(205): Illuminate\\Routing\\Route->runController()
#10 /var/www/TRDSv2_laravel8_memo/vendor/laravel/framework/src/Illuminate/Routing/Router.php(721): Illuminate\\Routing\\Route->run()
#11 /var/www/TRDSv2_laravel8_memo/vendor/laravel/framework/src/Illuminate/Pipeline/Pipeline.php(128): Illuminate\\Routing\\Router->Illuminate\\Routing\\{closure}(Object(Illuminate\\Http\\Request))
#12 /var/www/TRDSv2_laravel8_memo/app/Http/Middleware/CheckSession.php(55): Illuminate\\Pipeline\\Pipeline->Illuminate\\Pipeline\\{closure}(Object(Illuminate\\Http\\Request))
#13 /var/www/TRDSv2_laravel8_memo/vendor/laravel/framework/src/Illuminate/Pipeline/Pipeline.php(167): App\\Http\\Middleware\\CheckSession->handle(Object(Illuminate\\Http\\Request), Object(Closure))
#14 /var/www/TRDSv2_laravel8_memo/vendor/laravel/framework/src/Illuminate/Routing/Middleware/SubstituteBindings.php(50): Illuminate\\Pipeline\\Pipeline->Illuminate\\Pipeline\\{closure}(Object(Illuminate\\Http\\Request))
#15 /var/www/TRDSv2_laravel8_memo/vendor/laravel/framework/src/Illuminate/Pipeline/Pipeline.php(167): Illuminate\\Routing\\Middleware\\SubstituteBindings->handle(Object(Illuminate\\Http\\Request), Object(Closure))
#16 /var/www/TRDSv2_laravel8_memo/vendor/laravel/framework/src/Illuminate/Foundation/Http/Middleware/VerifyCsrfToken.php(78): Illuminate\\Pipeline\\Pipeline->Illuminate\\Pipeline\\{closure}(Object(Illuminate\\Http\\Request))
#17 /var/www/TRDSv2_laravel8_memo/vendor/laravel/framework/src/Illuminate/Pipeline/Pipeline.php(167): Illuminate\\Foundation\\Http\\Middleware\\VerifyCsrfToken->handle(Object(Illuminate\\Http\\Request), Object(Closure))
#18 /var/www/TRDSv2_laravel8_memo/vendor/laravel/framework/src/Illuminate/View/Middleware/ShareErrorsFromSession.php(49): Illuminate\\Pipeline\\Pipeline->Illuminate\\Pipeline\\{closure}(Object(Illuminate\\Http\\Request))
#19 /var/www/TRDSv2_laravel8_memo/vendor/laravel/framework/src/Illuminate/Pipeline/Pipeline.php(167): Illuminate\\View\\Middleware\\ShareErrorsFromSession->handle(Object(Illuminate\\Http\\Request), Object(Closure))
#20 /var/www/TRDSv2_laravel8_memo/vendor/laravel/framework/src/Illuminate/Session/Middleware/StartSession.php(121): Illuminate\\Pipeline\\Pipeline->Illuminate\\Pipeline\\{closure}(Object(Illuminate\\Http\\Request))
#21 /var/www/TRDSv2_laravel8_memo/vendor/laravel/framework/src/Illuminate/Session/Middleware/StartSession.php(64): Illuminate\\Session\\Middleware\\StartSession->handleStatefulRequest(Object(Illuminate\\Http\\Request), Object(Illuminate\\Session\\Store), Object(Closure))
#22 /var/www/TRDSv2_laravel8_memo/vendor/laravel/framework/src/Illuminate/Pipeline/Pipeline.php(167): Illuminate\\Session\\Middleware\\StartSession->handle(Object(Illuminate\\Http\\Request), Object(Closure))
#23 /var/www/TRDSv2_laravel8_memo/vendor/laravel/framework/src/Illuminate/Cookie/Middleware/AddQueuedCookiesToResponse.php(37): Illuminate\\Pipeline\\Pipeline->Illuminate\\Pipeline\\{closure}(Object(Illuminate\\Http\\Request))
#24 /var/www/TRDSv2_laravel8_memo/vendor/laravel/framework/src/Illuminate/Pipeline/Pipeline.php(167): Illuminate\\Cookie\\Middleware\\AddQueuedCookiesToResponse->handle(Object(Illuminate\\Http\\Request), Object(Closure))
#25 /var/www/TRDSv2_laravel8_memo/vendor/laravel/framework/src/Illuminate/Cookie/Middleware/EncryptCookies.php(67): Illuminate\\Pipeline\\Pipeline->Illuminate\\Pipeline\\{closure}(Object(Illuminate\\Http\\Request))
#26 /var/www/TRDSv2_laravel8_memo/vendor/laravel/framework/src/Illuminate/Pipeline/Pipeline.php(167): Illuminate\\Cookie\\Middleware\\EncryptCookies->handle(Object(Illuminate\\Http\\Request), Object(Closure))
#27 /var/www/TRDSv2_laravel8_memo/vendor/laravel/framework/src/Illuminate/Pipeline/Pipeline.php(103): Illuminate\\Pipeline\\Pipeline->Illuminate\\Pipeline\\{closure}(Object(Illuminate\\Http\\Request))
#28 /var/www/TRDSv2_laravel8_memo/vendor/laravel/framework/src/Illuminate/Routing/Router.php(723): Illuminate\\Pipeline\\Pipeline->then(Object(Closure))
#29 /var/www/TRDSv2_laravel8_memo/vendor/laravel/framework/src/Illuminate/Routing/Router.php(698): Illuminate\\Routing\\Router->runRouteWithinStack(Object(Illuminate\\Routing\\Route), Object(Illuminate\\Http\\Request))
#30 /var/www/TRDSv2_laravel8_memo/vendor/laravel/framework/src/Illuminate/Routing/Router.php(662): Illuminate\\Routing\\Router->runRoute(Object(Illuminate\\Http\\Request), Object(Illuminate\\Routing\\Route))
#31 /var/www/TRDSv2_laravel8_memo/vendor/laravel/framework/src/Illuminate/Routing/Router.php(651): Illuminate\\Routing\\Router->dispatchToRoute(Object(Illuminate\\Http\\Request))
#32 /var/www/TRDSv2_laravel8_memo/vendor/laravel/framework/src/Illuminate/Foundation/Http/Kernel.php(167): Illuminate\\Routing\\Router->dispatch(Object(Illuminate\\Http\\Request))
#33 /var/www/TRDSv2_laravel8_memo/vendor/laravel/framework/src/Illuminate/Pipeline/Pipeline.php(128): Illuminate\\Foundation\\Http\\Kernel->Illuminate\\Foundation\\Http\\{closure}(Object(Illuminate\\Http\\Request))
#34 /var/www/TRDSv2_laravel8_memo/vendor/laravel/framework/src/Illuminate/Foundation/Http/Middleware/TransformsRequest.php(21): Illuminate\\Pipeline\\Pipeline->Illuminate\\Pipeline\\{closure}(Object(Illuminate\\Http\\Request))
#35 /var/www/TRDSv2_laravel8_memo/vendor/laravel/framework/src/Illuminate/Foundation/Http/Middleware/ConvertEmptyStringsToNull.php(31): Illuminate\\Foundation\\Http\\Middleware\\TransformsRequest->handle(Object(Illuminate\\Http\\Request), Object(Closure))
#36 /var/www/TRDSv2_laravel8_memo/vendor/laravel/framework/src/Illuminate/Pipeline/Pipeline.php(167): Illuminate\\Foundation\\Http\\Middleware\\ConvertEmptyStringsToNull->handle(Object(Illuminate\\Http\\Request), Object(Closure))
#37 /var/www/TRDSv2_laravel8_memo/vendor/laravel/framework/src/Illuminate/Foundation/Http/Middleware/TransformsRequest.php(21): Illuminate\\Pipeline\\Pipeline->Illuminate\\Pipeline\\{closure}(Object(Illuminate\\Http\\Request))
#38 /var/www/TRDSv2_laravel8_memo/vendor/laravel/framework/src/Illuminate/Foundation/Http/Middleware/TrimStrings.php(40): Illuminate\\Foundation\\Http\\Middleware\\TransformsRequest->handle(Object(Illuminate\\Http\\Request), Object(Closure))
#39 /var/www/TRDSv2_laravel8_memo/vendor/laravel/framework/src/Illuminate/Pipeline/Pipeline.php(167): Illuminate\\Foundation\\Http\\Middleware\\TrimStrings->handle(Object(Illuminate\\Http\\Request), Object(Closure))
#40 /var/www/TRDSv2_laravel8_memo/vendor/laravel/framework/src/Illuminate/Foundation/Http/Middleware/ValidatePostSize.php(27): Illuminate\\Pipeline\\Pipeline->Illuminate\\Pipeline\\{closure}(Object(Illuminate\\Http\\Request))
#41 /var/www/TRDSv2_laravel8_memo/vendor/laravel/framework/src/Illuminate/Pipeline/Pipeline.php(167): Illuminate\\Foundation\\Http\\Middleware\\ValidatePostSize->handle(Object(Illuminate\\Http\\Request), Object(Closure))
#42 /var/www/TRDSv2_laravel8_memo/vendor/laravel/framework/src/Illuminate/Foundation/Http/Middleware/PreventRequestsDuringMaintenance.php(86): Illuminate\\Pipeline\\Pipeline->Illuminate\\Pipeline\\{closure}(Object(Illuminate\\Http\\Request))
#43 /var/www/TRDSv2_laravel8_memo/vendor/laravel/framework/src/Illuminate/Pipeline/Pipeline.php(167): Illuminate\\Foundation\\Http\\Middleware\\PreventRequestsDuringMaintenance->handle(Object(Illuminate\\Http\\Request), Object(Closure))
#44 /var/www/TRDSv2_laravel8_memo/vendor/fideloper/proxy/src/TrustProxies.php(57): Illuminate\\Pipeline\\Pipeline->Illuminate\\Pipeline\\{closure}(Object(Illuminate\\Http\\Request))
#45 /var/www/TRDSv2_laravel8_memo/vendor/laravel/framework/src/Illuminate/Pipeline/Pipeline.php(167): Fideloper\\Proxy\\TrustProxies->handle(Object(Illuminate\\Http\\Request), Object(Closure))
#46 /var/www/TRDSv2_laravel8_memo/vendor/laravel/framework/src/Illuminate/Pipeline/Pipeline.php(103): Illuminate\\Pipeline\\Pipeline->Illuminate\\Pipeline\\{closure}(Object(Illuminate\\Http\\Request))
#47 /var/www/TRDSv2_laravel8_memo/vendor/laravel/framework/src/Illuminate/Foundation/Http/Kernel.php(142): Illuminate\\Pipeline\\Pipeline->then(Object(Closure))
#48 /var/www/TRDSv2_laravel8_memo/vendor/laravel/framework/src/Illuminate/Foundation/Http/Kernel.php(111): Illuminate\\Foundation\\Http\\Kernel->sendRequestThroughRouter(Object(Illuminate\\Http\\Request))
#49 /var/www/TRDSv2_laravel8_memo/index.php(55): Illuminate\\Foundation\\Http\\Kernel->handle(Object(Illuminate\\Http\\Request))
#50 {main}

[previous exception] [object] (PDOException(code: 23000): SQLSTATE[23000]: Integrity constraint violation: 1048 Column 'first_status' cannot be null at /var/www/TRDSv2_laravel8_memo/vendor/laravel/framework/src/Illuminate/Database/Connection.php:526)
[stacktrace]
#0 /var/www/TRDSv2_laravel8_memo/vendor/laravel/framework/src/Illuminate/Database/Connection.php(526): PDOStatement->execute()
#1 /var/www/TRDSv2_laravel8_memo/vendor/laravel/framework/src/Illuminate/Database/Connection.php(705): Illuminate\\Database\\Connection->Illuminate\\Database\\{closure}('update `op_appr...', Array)
#2 /var/www/TRDSv2_laravel8_memo/vendor/laravel/framework/src/Illuminate/Database/Connection.php(672): Illuminate\\Database\\Connection->runQueryCallback('update `op_appr...', Array, Object(Closure))
#3 /var/www/TRDSv2_laravel8_memo/vendor/laravel/framework/src/Illuminate/Database/Connection.php(533): Illuminate\\Database\\Connection->run('update `op_appr...', Array, Object(Closure))
#4 /var/www/TRDSv2_laravel8_memo/vendor/laravel/framework/src/Illuminate/Database/Connection.php(466): Illuminate\\Database\\Connection->affectingStatement('update `op_appr...', Array)
#5 /var/www/TRDSv2_laravel8_memo/vendor/laravel/framework/src/Illuminate/Database/Query/Builder.php(3063): Illuminate\\Database\\Connection->update('update `op_appr...', Array)
#6 /var/www/TRDSv2_laravel8_memo/vendor/laravel/framework/src/Illuminate/Database/Eloquent/Builder.php(921): Illuminate\\Database\\Query\\Builder->update(Array)
#7 /var/www/TRDSv2_laravel8_memo/app/Http/Controllers/QualificationCertificationController.php(658): Illuminate\\Database\\Eloquent\\Builder->update(Array)
#8 /var/www/TRDSv2_laravel8_memo/vendor/laravel/framework/src/Illuminate/Routing/Controller.php(54): App\\Http\\Controllers\\QualificationCertificationController->saveQualificationCertificationOper(Object(Illuminate\\Http\\Request))
#9 /var/www/TRDSv2_laravel8_memo/vendor/laravel/framework/src/Illuminate/Routing/ControllerDispatcher.php(45): Illuminate\\Routing\\Controller->callAction('saveQualificati...', Array)
#10 /var/www/TRDSv2_laravel8_memo/vendor/laravel/framework/src/Illuminate/Routing/Route.php(262): Illuminate\\Routing\\ControllerDispatcher->dispatch(Object(Illuminate\\Routing\\Route), Object(App\\Http\\Controllers\\QualificationCertificationController), 'saveQualificati...')
#11 /var/www/TRDSv2_laravel8_memo/vendor/laravel/framework/src/Illuminate/Routing/Route.php(205): Illuminate\\Routing\\Route->runController()
#12 /var/www/TRDSv2_laravel8_memo/vendor/laravel/framework/src/Illuminate/Routing/Router.php(721): Illuminate\\Routing\\Route->run()
#13 /var/www/TRDSv2_laravel8_memo/vendor/laravel/framework/src/Illuminate/Pipeline/Pipeline.php(128): Illuminate\\Routing\\Router->Illuminate\\Routing\\{closure}(Object(Illuminate\\Http\\Request))
#14 /var/www/TRDSv2_laravel8_memo/app/Http/Middleware/CheckSession.php(55): Illuminate\\Pipeline\\Pipeline->Illuminate\\Pipeline\\{closure}(Object(Illuminate\\Http\\Request))
#15 /var/www/TRDSv2_laravel8_memo/vendor/laravel/framework/src/Illuminate/Pipeline/Pipeline.php(167): App\\Http\\Middleware\\CheckSession->handle(Object(Illuminate\\Http\\Request), Object(Closure))
#16 /var/www/TRDSv2_laravel8_memo/vendor/laravel/framework/src/Illuminate/Routing/Middleware/SubstituteBindings.php(50): Illuminate\\Pipeline\\Pipeline->Illuminate\\Pipeline\\{closure}(Object(Illuminate\\Http\\Request))
#17 /var/www/TRDSv2_laravel8_memo/vendor/laravel/framework/src/Illuminate/Pipeline/Pipeline.php(167): Illuminate\\Routing\\Middleware\\SubstituteBindings->handle(Object(Illuminate\\Http\\Request), Object(Closure))
#18 /var/www/TRDSv2_laravel8_memo/vendor/laravel/framework/src/Illuminate/Foundation/Http/Middleware/VerifyCsrfToken.php(78): Illuminate\\Pipeline\\Pipeline->Illuminate\\Pipeline\\{closure}(Object(Illuminate\\Http\\Request))
#19 /var/www/TRDSv2_laravel8_memo/vendor/laravel/framework/src/Illuminate/Pipeline/Pipeline.php(167): Illuminate\\Foundation\\Http\\Middleware\\VerifyCsrfToken->handle(Object(Illuminate\\Http\\Request), Object(Closure))
#20 /var/www/TRDSv2_laravel8_memo/vendor/laravel/framework/src/Illuminate/View/Middleware/ShareErrorsFromSession.php(49): Illuminate\\Pipeline\\Pipeline->Illuminate\\Pipeline\\{closure}(Object(Illuminate\\Http\\Request))
#21 /var/www/TRDSv2_laravel8_memo/vendor/laravel/framework/src/Illuminate/Pipeline/Pipeline.php(167): Illuminate\\View\\Middleware\\ShareErrorsFromSession->handle(Object(Illuminate\\Http\\Request), Object(Closure))
#22 /var/www/TRDSv2_laravel8_memo/vendor/laravel/framework/src/Illuminate/Session/Middleware/StartSession.php(121): Illuminate\\Pipeline\\Pipeline->Illuminate\\Pipeline\\{closure}(Object(Illuminate\\Http\\Request))
#23 /var/www/TRDSv2_laravel8_memo/vendor/laravel/framework/src/Illuminate/Session/Middleware/StartSession.php(64): Illuminate\\Session\\Middleware\\StartSession->handleStatefulRequest(Object(Illuminate\\Http\\Request), Object(Illuminate\\Session\\Store), Object(Closure))
#24 /var/www/TRDSv2_laravel8_memo/vendor/laravel/framework/src/Illuminate/Pipeline/Pipeline.php(167): Illuminate\\Session\\Middleware\\StartSession->handle(Object(Illuminate\\Http\\Request), Object(Closure))
#25 /var/www/TRDSv2_laravel8_memo/vendor/laravel/framework/src/Illuminate/Cookie/Middleware/AddQueuedCookiesToResponse.php(37): Illuminate\\Pipeline\\Pipeline->Illuminate\\Pipeline\\{closure}(Object(Illuminate\\Http\\Request))
#26 /var/www/TRDSv2_laravel8_memo/vendor/laravel/framework/src/Illuminate/Pipeline/Pipeline.php(167): Illuminate\\Cookie\\Middleware\\AddQueuedCookiesToResponse->handle(Object(Illuminate\\Http\\Request), Object(Closure))
#27 /var/www/TRDSv2_laravel8_memo/vendor/laravel/framework/src/Illuminate/Cookie/Middleware/EncryptCookies.php(67): Illuminate\\Pipeline\\Pipeline->Illuminate\\Pipeline\\{closure}(Object(Illuminate\\Http\\Request))
#28 /var/www/TRDSv2_laravel8_memo/vendor/laravel/framework/src/Illuminate/Pipeline/Pipeline.php(167): Illuminate\\Cookie\\Middleware\\EncryptCookies->handle(Object(Illuminate\\Http\\Request), Object(Closure))
#29 /var/www/TRDSv2_laravel8_memo/vendor/laravel/framework/src/Illuminate/Pipeline/Pipeline.php(103): Illuminate\\Pipeline\\Pipeline->Illuminate\\Pipeline\\{closure}(Object(Illuminate\\Http\\Request))
#30 /var/www/TRDSv2_laravel8_memo/vendor/laravel/framework/src/Illuminate/Routing/Router.php(723): Illuminate\\Pipeline\\Pipeline->then(Object(Closure))
#31 /var/www/TRDSv2_laravel8_memo/vendor/laravel/framework/src/Illuminate/Routing/Router.php(698): Illuminate\\Routing\\Router->runRouteWithinStack(Object(Illuminate\\Routing\\Route), Object(Illuminate\\Http\\Request))
#32 /var/www/TRDSv2_laravel8_memo/vendor/laravel/framework/src/Illuminate/Routing/Router.php(662): Illuminate\\Routing\\Router->runRoute(Object(Illuminate\\Http\\Request), Object(Illuminate\\Routing\\Route))
#33 /var/www/TRDSv2_laravel8_memo/vendor/laravel/framework/src/Illuminate/Routing/Router.php(651): Illuminate\\Routing\\Router->dispatchToRoute(Object(Illuminate\\Http\\Request))
#34 /var/www/TRDSv2_laravel8_memo/vendor/laravel/framework/src/Illuminate/Foundation/Http/Kernel.php(167): Illuminate\\Routing\\Router->dispatch(Object(Illuminate\\Http\\Request))
#35 /var/www/TRDSv2_laravel8_memo/vendor/laravel/framework/src/Illuminate/Pipeline/Pipeline.php(128): Illuminate\\Foundation\\Http\\Kernel->Illuminate\\Foundation\\Http\\{closure}(Object(Illuminate\\Http\\Request))
#36 /var/www/TRDSv2_laravel8_memo/vendor/laravel/framework/src/Illuminate/Foundation/Http/Middleware/TransformsRequest.php(21): Illuminate\\Pipeline\\Pipeline->Illuminate\\Pipeline\\{closure}(Object(Illuminate\\Http\\Request))
#37 /var/www/TRDSv2_laravel8_memo/vendor/laravel/framework/src/Illuminate/Foundation/Http/Middleware/ConvertEmptyStringsToNull.php(31): Illuminate\\Foundation\\Http\\Middleware\\TransformsRequest->handle(Object(Illuminate\\Http\\Request), Object(Closure))
#38 /var/www/TRDSv2_laravel8_memo/vendor/laravel/framework/src/Illuminate/Pipeline/Pipeline.php(167): Illuminate\\Foundation\\Http\\Middleware\\ConvertEmptyStringsToNull->handle(Object(Illuminate\\Http\\Request), Object(Closure))
#39 /var/www/TRDSv2_laravel8_memo/vendor/laravel/framework/src/Illuminate/Foundation/Http/Middleware/TransformsRequest.php(21): Illuminate\\Pipeline\\Pipeline->Illuminate\\Pipeline\\{closure}(Object(Illuminate\\Http\\Request))
#40 /var/www/TRDSv2_laravel8_memo/vendor/laravel/framework/src/Illuminate/Foundation/Http/Middleware/TrimStrings.php(40): Illuminate\\Foundation\\Http\\Middleware\\TransformsRequest->handle(Object(Illuminate\\Http\\Request), Object(Closure))
#41 /var/www/TRDSv2_laravel8_memo/vendor/laravel/framework/src/Illuminate/Pipeline/Pipeline.php(167): Illuminate\\Foundation\\Http\\Middleware\\TrimStrings->handle(Object(Illuminate\\Http\\Request), Object(Closure))
#42 /var/www/TRDSv2_laravel8_memo/vendor/laravel/framework/src/Illuminate/Foundation/Http/Middleware/ValidatePostSize.php(27): Illuminate\\Pipeline\\Pipeline->Illuminate\\Pipeline\\{closure}(Object(Illuminate\\Http\\Request))
#43 /var/www/TRDSv2_laravel8_memo/vendor/laravel/framework/src/Illuminate/Pipeline/Pipeline.php(167): Illuminate\\Foundation\\Http\\Middleware\\ValidatePostSize->handle(Object(Illuminate\\Http\\Request), Object(Closure))
#44 /var/www/TRDSv2_laravel8_memo/vendor/laravel/framework/src/Illuminate/Foundation/Http/Middleware/PreventRequestsDuringMaintenance.php(86): Illuminate\\Pipeline\\Pipeline->Illuminate\\Pipeline\\{closure}(Object(Illuminate\\Http\\Request))
#45 /var/www/TRDSv2_laravel8_memo/vendor/laravel/framework/src/Illuminate/Pipeline/Pipeline.php(167): Illuminate\\Foundation\\Http\\Middleware\\PreventRequestsDuringMaintenance->handle(Object(Illuminate\\Http\\Request), Object(Closure))
#46 /var/www/TRDSv2_laravel8_memo/vendor/fideloper/proxy/src/TrustProxies.php(57): Illuminate\\Pipeline\\Pipeline->Illuminate\\Pipeline\\{closure}(Object(Illuminate\\Http\\Request))
#47 /var/www/TRDSv2_laravel8_memo/vendor/laravel/framework/src/Illuminate/Pipeline/Pipeline.php(167): Fideloper\\Proxy\\TrustProxies->handle(Object(Illuminate\\Http\\Request), Object(Closure))
#48 /var/www/TRDSv2_laravel8_memo/vendor/laravel/framework/src/Illuminate/Pipeline/Pipeline.php(103): Illuminate\\Pipeline\\Pipeline->Illuminate\\Pipeline\\{closure}(Object(Illuminate\\Http\\Request))
#49 /var/www/TRDSv2_laravel8_memo/vendor/laravel/framework/src/Illuminate/Foundation/Http/Kernel.php(142): Illuminate\\Pipeline\\Pipeline->then(Object(Closure))
#50 /var/www/TRDSv2_laravel8_memo/vendor/laravel/framework/src/Illuminate/Foundation/Http/Kernel.php(111): Illuminate\\Foundation\\Http\\Kernel->sendRequestThroughRouter(Object(Illuminate\\Http\\Request))
#51 /var/www/TRDSv2_laravel8_memo/index.php(55): Illuminate\\Foundation\\Http\\Kernel->handle(Object(Illuminate\\Http\\Request))
#52 {main}
"} 
[2026-07-10 19:58:26] local.ERROR: SQLSTATE[23000]: Integrity constraint violation: 1048 Column 'first_status' cannot be null (SQL: update `op_approvers` set `decision_status` = APP, `first_approver` = , `first_date` = ?, `first_time` = ?, `first_status` = ?, `first_remarks` = ?, `second_approver` = , `second_date` = ?, `second_time` = ?, `second_status` = ?, `second_remarks` = ?, `op_approvers`.`updated_at` = 2026-07-10 19:58:26 where `qc_slips_id` = 4 and `approval_status` = CQCC) {"exception":"[object] (Illuminate\\Database\\QueryException(code: 23000): SQLSTATE[23000]: Integrity constraint violation: 1048 Column 'first_status' cannot be null (SQL: update `op_approvers` set `decision_status` = APP, `first_approver` = , `first_date` = ?, `first_time` = ?, `first_status` = ?, `first_remarks` = ?, `second_approver` = , `second_date` = ?, `second_time` = ?, `second_status` = ?, `second_remarks` = ?, `op_approvers`.`updated_at` = 2026-07-10 19:58:26 where `qc_slips_id` = 4 and `approval_status` = CQCC) at /var/www/TRDSv2_laravel8_memo/vendor/laravel/framework/src/Illuminate/Database/Connection.php:712)
[stacktrace]
#0 /var/www/TRDSv2_laravel8_memo/vendor/laravel/framework/src/Illuminate/Database/Connection.php(672): Illuminate\\Database\\Connection->runQueryCallback('update `op_appr...', Array, Object(Closure))
#1 /var/www/TRDSv2_laravel8_memo/vendor/laravel/framework/src/Illuminate/Database/Connection.php(533): Illuminate\\Database\\Connection->run('update `op_appr...', Array, Object(Closure))
#2 /var/www/TRDSv2_laravel8_memo/vendor/laravel/framework/src/Illuminate/Database/Connection.php(466): Illuminate\\Database\\Connection->affectingStatement('update `op_appr...', Array)
#3 /var/www/TRDSv2_laravel8_memo/vendor/laravel/framework/src/Illuminate/Database/Query/Builder.php(3063): Illuminate\\Database\\Connection->update('update `op_appr...', Array)
#4 /var/www/TRDSv2_laravel8_memo/vendor/laravel/framework/src/Illuminate/Database/Eloquent/Builder.php(921): Illuminate\\Database\\Query\\Builder->update(Array)
#5 /var/www/TRDSv2_laravel8_memo/app/Http/Controllers/QualificationCertificationController.php(658): Illuminate\\Database\\Eloquent\\Builder->update(Array)
#6 /var/www/TRDSv2_laravel8_memo/vendor/laravel/framework/src/Illuminate/Routing/Controller.php(54): App\\Http\\Controllers\\QualificationCertificationController->saveQualificationCertificationOper(Object(Illuminate\\Http\\Request))
#7 /var/www/TRDSv2_laravel8_memo/vendor/laravel/framework/src/Illuminate/Routing/ControllerDispatcher.php(45): Illuminate\\Routing\\Controller->callAction('saveQualificati...', Array)
#8 /var/www/TRDSv2_laravel8_memo/vendor/laravel/framework/src/Illuminate/Routing/Route.php(262): Illuminate\\Routing\\ControllerDispatcher->dispatch(Object(Illuminate\\Routing\\Route), Object(App\\Http\\Controllers\\QualificationCertificationController), 'saveQualificati...')
#9 /var/www/TRDSv2_laravel8_memo/vendor/laravel/framework/src/Illuminate/Routing/Route.php(205): Illuminate\\Routing\\Route->runController()
#10 /var/www/TRDSv2_laravel8_memo/vendor/laravel/framework/src/Illuminate/Routing/Router.php(721): Illuminate\\Routing\\Route->run()
#11 /var/www/TRDSv2_laravel8_memo/vendor/laravel/framework/src/Illuminate/Pipeline/Pipeline.php(128): Illuminate\\Routing\\Router->Illuminate\\Routing\\{closure}(Object(Illuminate\\Http\\Request))
#12 /var/www/TRDSv2_laravel8_memo/app/Http/Middleware/CheckSession.php(55): Illuminate\\Pipeline\\Pipeline->Illuminate\\Pipeline\\{closure}(Object(Illuminate\\Http\\Request))
#13 /var/www/TRDSv2_laravel8_memo/vendor/laravel/framework/src/Illuminate/Pipeline/Pipeline.php(167): App\\Http\\Middleware\\CheckSession->handle(Object(Illuminate\\Http\\Request), Object(Closure))
#14 /var/www/TRDSv2_laravel8_memo/vendor/laravel/framework/src/Illuminate/Routing/Middleware/SubstituteBindings.php(50): Illuminate\\Pipeline\\Pipeline->Illuminate\\Pipeline\\{closure}(Object(Illuminate\\Http\\Request))
#15 /var/www/TRDSv2_laravel8_memo/vendor/laravel/framework/src/Illuminate/Pipeline/Pipeline.php(167): Illuminate\\Routing\\Middleware\\SubstituteBindings->handle(Object(Illuminate\\Http\\Request), Object(Closure))
#16 /var/www/TRDSv2_laravel8_memo/vendor/laravel/framework/src/Illuminate/Foundation/Http/Middleware/VerifyCsrfToken.php(78): Illuminate\\Pipeline\\Pipeline->Illuminate\\Pipeline\\{closure}(Object(Illuminate\\Http\\Request))
#17 /var/www/TRDSv2_laravel8_memo/vendor/laravel/framework/src/Illuminate/Pipeline/Pipeline.php(167): Illuminate\\Foundation\\Http\\Middleware\\VerifyCsrfToken->handle(Object(Illuminate\\Http\\Request), Object(Closure))
#18 /var/www/TRDSv2_laravel8_memo/vendor/laravel/framework/src/Illuminate/View/Middleware/ShareErrorsFromSession.php(49): Illuminate\\Pipeline\\Pipeline->Illuminate\\Pipeline\\{closure}(Object(Illuminate\\Http\\Request))
#19 /var/www/TRDSv2_laravel8_memo/vendor/laravel/framework/src/Illuminate/Pipeline/Pipeline.php(167): Illuminate\\View\\Middleware\\ShareErrorsFromSession->handle(Object(Illuminate\\Http\\Request), Object(Closure))
#20 /var/www/TRDSv2_laravel8_memo/vendor/laravel/framework/src/Illuminate/Session/Middleware/StartSession.php(121): Illuminate\\Pipeline\\Pipeline->Illuminate\\Pipeline\\{closure}(Object(Illuminate\\Http\\Request))
#21 /var/www/TRDSv2_laravel8_memo/vendor/laravel/framework/src/Illuminate/Session/Middleware/StartSession.php(64): Illuminate\\Session\\Middleware\\StartSession->handleStatefulRequest(Object(Illuminate\\Http\\Request), Object(Illuminate\\Session\\Store), Object(Closure))
#22 /var/www/TRDSv2_laravel8_memo/vendor/laravel/framework/src/Illuminate/Pipeline/Pipeline.php(167): Illuminate\\Session\\Middleware\\StartSession->handle(Object(Illuminate\\Http\\Request), Object(Closure))
#23 /var/www/TRDSv2_laravel8_memo/vendor/laravel/framework/src/Illuminate/Cookie/Middleware/AddQueuedCookiesToResponse.php(37): Illuminate\\Pipeline\\Pipeline->Illuminate\\Pipeline\\{closure}(Object(Illuminate\\Http\\Request))
#24 /var/www/TRDSv2_laravel8_memo/vendor/laravel/framework/src/Illuminate/Pipeline/Pipeline.php(167): Illuminate\\Cookie\\Middleware\\AddQueuedCookiesToResponse->handle(Object(Illuminate\\Http\\Request), Object(Closure))
#25 /var/www/TRDSv2_laravel8_memo/vendor/laravel/framework/src/Illuminate/Cookie/Middleware/EncryptCookies.php(67): Illuminate\\Pipeline\\Pipeline->Illuminate\\Pipeline\\{closure}(Object(Illuminate\\Http\\Request))
#26 /var/www/TRDSv2_laravel8_memo/vendor/laravel/framework/src/Illuminate/Pipeline/Pipeline.php(167): Illuminate\\Cookie\\Middleware\\EncryptCookies->handle(Object(Illuminate\\Http\\Request), Object(Closure))
#27 /var/www/TRDSv2_laravel8_memo/vendor/laravel/framework/src/Illuminate/Pipeline/Pipeline.php(103): Illuminate\\Pipeline\\Pipeline->Illuminate\\Pipeline\\{closure}(Object(Illuminate\\Http\\Request))
#28 /var/www/TRDSv2_laravel8_memo/vendor/laravel/framework/src/Illuminate/Routing/Router.php(723): Illuminate\\Pipeline\\Pipeline->then(Object(Closure))
#29 /var/www/TRDSv2_laravel8_memo/vendor/laravel/framework/src/Illuminate/Routing/Router.php(698): Illuminate\\Routing\\Router->runRouteWithinStack(Object(Illuminate\\Routing\\Route), Object(Illuminate\\Http\\Request))
#30 /var/www/TRDSv2_laravel8_memo/vendor/laravel/framework/src/Illuminate/Routing/Router.php(662): Illuminate\\Routing\\Router->runRoute(Object(Illuminate\\Http\\Request), Object(Illuminate\\Routing\\Route))
#31 /var/www/TRDSv2_laravel8_memo/vendor/laravel/framework/src/Illuminate/Routing/Router.php(651): Illuminate\\Routing\\Router->dispatchToRoute(Object(Illuminate\\Http\\Request))
#32 /var/www/TRDSv2_laravel8_memo/vendor/laravel/framework/src/Illuminate/Foundation/Http/Kernel.php(167): Illuminate\\Routing\\Router->dispatch(Object(Illuminate\\Http\\Request))
#33 /var/www/TRDSv2_laravel8_memo/vendor/laravel/framework/src/Illuminate/Pipeline/Pipeline.php(128): Illuminate\\Foundation\\Http\\Kernel->Illuminate\\Foundation\\Http\\{closure}(Object(Illuminate\\Http\\Request))
#34 /var/www/TRDSv2_laravel8_memo/vendor/laravel/framework/src/Illuminate/Foundation/Http/Middleware/TransformsRequest.php(21): Illuminate\\Pipeline\\Pipeline->Illuminate\\Pipeline\\{closure}(Object(Illuminate\\Http\\Request))
#35 /var/www/TRDSv2_laravel8_memo/vendor/laravel/framework/src/Illuminate/Foundation/Http/Middleware/ConvertEmptyStringsToNull.php(31): Illuminate\\Foundation\\Http\\Middleware\\TransformsRequest->handle(Object(Illuminate\\Http\\Request), Object(Closure))
#36 /var/www/TRDSv2_laravel8_memo/vendor/laravel/framework/src/Illuminate/Pipeline/Pipeline.php(167): Illuminate\\Foundation\\Http\\Middleware\\ConvertEmptyStringsToNull->handle(Object(Illuminate\\Http\\Request), Object(Closure))
#37 /var/www/TRDSv2_laravel8_memo/vendor/laravel/framework/src/Illuminate/Foundation/Http/Middleware/TransformsRequest.php(21): Illuminate\\Pipeline\\Pipeline->Illuminate\\Pipeline\\{closure}(Object(Illuminate\\Http\\Request))
#38 /var/www/TRDSv2_laravel8_memo/vendor/laravel/framework/src/Illuminate/Foundation/Http/Middleware/TrimStrings.php(40): Illuminate\\Foundation\\Http\\Middleware\\TransformsRequest->handle(Object(Illuminate\\Http\\Request), Object(Closure))
#39 /var/www/TRDSv2_laravel8_memo/vendor/laravel/framework/src/Illuminate/Pipeline/Pipeline.php(167): Illuminate\\Foundation\\Http\\Middleware\\TrimStrings->handle(Object(Illuminate\\Http\\Request), Object(Closure))
#40 /var/www/TRDSv2_laravel8_memo/vendor/laravel/framework/src/Illuminate/Foundation/Http/Middleware/ValidatePostSize.php(27): Illuminate\\Pipeline\\Pipeline->Illuminate\\Pipeline\\{closure}(Object(Illuminate\\Http\\Request))
#41 /var/www/TRDSv2_laravel8_memo/vendor/laravel/framework/src/Illuminate/Pipeline/Pipeline.php(167): Illuminate\\Foundation\\Http\\Middleware\\ValidatePostSize->handle(Object(Illuminate\\Http\\Request), Object(Closure))
#42 /var/www/TRDSv2_laravel8_memo/vendor/laravel/framework/src/Illuminate/Foundation/Http/Middleware/PreventRequestsDuringMaintenance.php(86): Illuminate\\Pipeline\\Pipeline->Illuminate\\Pipeline\\{closure}(Object(Illuminate\\Http\\Request))
#43 /var/www/TRDSv2_laravel8_memo/vendor/laravel/framework/src/Illuminate/Pipeline/Pipeline.php(167): Illuminate\\Foundation\\Http\\Middleware\\PreventRequestsDuringMaintenance->handle(Object(Illuminate\\Http\\Request), Object(Closure))
#44 /var/www/TRDSv2_laravel8_memo/vendor/fideloper/proxy/src/TrustProxies.php(57): Illuminate\\Pipeline\\Pipeline->Illuminate\\Pipeline\\{closure}(Object(Illuminate\\Http\\Request))
#45 /var/www/TRDSv2_laravel8_memo/vendor/laravel/framework/src/Illuminate/Pipeline/Pipeline.php(167): Fideloper\\Proxy\\TrustProxies->handle(Object(Illuminate\\Http\\Request), Object(Closure))
#46 /var/www/TRDSv2_laravel8_memo/vendor/laravel/framework/src/Illuminate/Pipeline/Pipeline.php(103): Illuminate\\Pipeline\\Pipeline->Illuminate\\Pipeline\\{closure}(Object(Illuminate\\Http\\Request))
#47 /var/www/TRDSv2_laravel8_memo/vendor/laravel/framework/src/Illuminate/Foundation/Http/Kernel.php(142): Illuminate\\Pipeline\\Pipeline->then(Object(Closure))
#48 /var/www/TRDSv2_laravel8_memo/vendor/laravel/framework/src/Illuminate/Foundation/Http/Kernel.php(111): Illuminate\\Foundation\\Http\\Kernel->sendRequestThroughRouter(Object(Illuminate\\Http\\Request))
#49 /var/www/TRDSv2_laravel8_memo/index.php(55): Illuminate\\Foundation\\Http\\Kernel->handle(Object(Illuminate\\Http\\Request))
#50 {main}

[previous exception] [object] (PDOException(code: 23000): SQLSTATE[23000]: Integrity constraint violation: 1048 Column 'first_status' cannot be null at /var/www/TRDSv2_laravel8_memo/vendor/laravel/framework/src/Illuminate/Database/Connection.php:526)
[stacktrace]
#0 /var/www/TRDSv2_laravel8_memo/vendor/laravel/framework/src/Illuminate/Database/Connection.php(526): PDOStatement->execute()
#1 /var/www/TRDSv2_laravel8_memo/vendor/laravel/framework/src/Illuminate/Database/Connection.php(705): Illuminate\\Database\\Connection->Illuminate\\Database\\{closure}('update `op_appr...', Array)
#2 /var/www/TRDSv2_laravel8_memo/vendor/laravel/framework/src/Illuminate/Database/Connection.php(672): Illuminate\\Database\\Connection->runQueryCallback('update `op_appr...', Array, Object(Closure))
#3 /var/www/TRDSv2_laravel8_memo/vendor/laravel/framework/src/Illuminate/Database/Connection.php(533): Illuminate\\Database\\Connection->run('update `op_appr...', Array, Object(Closure))
#4 /var/www/TRDSv2_laravel8_memo/vendor/laravel/framework/src/Illuminate/Database/Connection.php(466): Illuminate\\Database\\Connection->affectingStatement('update `op_appr...', Array)
#5 /var/www/TRDSv2_laravel8_memo/vendor/laravel/framework/src/Illuminate/Database/Query/Builder.php(3063): Illuminate\\Database\\Connection->update('update `op_appr...', Array)
#6 /var/www/TRDSv2_laravel8_memo/vendor/laravel/framework/src/Illuminate/Database/Eloquent/Builder.php(921): Illuminate\\Database\\Query\\Builder->update(Array)
#7 /var/www/TRDSv2_laravel8_memo/app/Http/Controllers/QualificationCertificationController.php(658): Illuminate\\Database\\Eloquent\\Builder->update(Array)
#8 /var/www/TRDSv2_laravel8_memo/vendor/laravel/framework/src/Illuminate/Routing/Controller.php(54): App\\Http\\Controllers\\QualificationCertificationController->saveQualificationCertificationOper(Object(Illuminate\\Http\\Request))
#9 /var/www/TRDSv2_laravel8_memo/vendor/laravel/framework/src/Illuminate/Routing/ControllerDispatcher.php(45): Illuminate\\Routing\\Controller->callAction('saveQualificati...', Array)
#10 /var/www/TRDSv2_laravel8_memo/vendor/laravel/framework/src/Illuminate/Routing/Route.php(262): Illuminate\\Routing\\ControllerDispatcher->dispatch(Object(Illuminate\\Routing\\Route), Object(App\\Http\\Controllers\\QualificationCertificationController), 'saveQualificati...')
#11 /var/www/TRDSv2_laravel8_memo/vendor/laravel/framework/src/Illuminate/Routing/Route.php(205): Illuminate\\Routing\\Route->runController()
#12 /var/www/TRDSv2_laravel8_memo/vendor/laravel/framework/src/Illuminate/Routing/Router.php(721): Illuminate\\Routing\\Route->run()
#13 /var/www/TRDSv2_laravel8_memo/vendor/laravel/framework/src/Illuminate/Pipeline/Pipeline.php(128): Illuminate\\Routing\\Router->Illuminate\\Routing\\{closure}(Object(Illuminate\\Http\\Request))
#14 /var/www/TRDSv2_laravel8_memo/app/Http/Middleware/CheckSession.php(55): Illuminate\\Pipeline\\Pipeline->Illuminate\\Pipeline\\{closure}(Object(Illuminate\\Http\\Request))
#15 /var/www/TRDSv2_laravel8_memo/vendor/laravel/framework/src/Illuminate/Pipeline/Pipeline.php(167): App\\Http\\Middleware\\CheckSession->handle(Object(Illuminate\\Http\\Request), Object(Closure))
#16 /var/www/TRDSv2_laravel8_memo/vendor/laravel/framework/src/Illuminate/Routing/Middleware/SubstituteBindings.php(50): Illuminate\\Pipeline\\Pipeline->Illuminate\\Pipeline\\{closure}(Object(Illuminate\\Http\\Request))
#17 /var/www/TRDSv2_laravel8_memo/vendor/laravel/framework/src/Illuminate/Pipeline/Pipeline.php(167): Illuminate\\Routing\\Middleware\\SubstituteBindings->handle(Object(Illuminate\\Http\\Request), Object(Closure))
#18 /var/www/TRDSv2_laravel8_memo/vendor/laravel/framework/src/Illuminate/Foundation/Http/Middleware/VerifyCsrfToken.php(78): Illuminate\\Pipeline\\Pipeline->Illuminate\\Pipeline\\{closure}(Object(Illuminate\\Http\\Request))
#19 /var/www/TRDSv2_laravel8_memo/vendor/laravel/framework/src/Illuminate/Pipeline/Pipeline.php(167): Illuminate\\Foundation\\Http\\Middleware\\VerifyCsrfToken->handle(Object(Illuminate\\Http\\Request), Object(Closure))
#20 /var/www/TRDSv2_laravel8_memo/vendor/laravel/framework/src/Illuminate/View/Middleware/ShareErrorsFromSession.php(49): Illuminate\\Pipeline\\Pipeline->Illuminate\\Pipeline\\{closure}(Object(Illuminate\\Http\\Request))
#21 /var/www/TRDSv2_laravel8_memo/vendor/laravel/framework/src/Illuminate/Pipeline/Pipeline.php(167): Illuminate\\View\\Middleware\\ShareErrorsFromSession->handle(Object(Illuminate\\Http\\Request), Object(Closure))
#22 /var/www/TRDSv2_laravel8_memo/vendor/laravel/framework/src/Illuminate/Session/Middleware/StartSession.php(121): Illuminate\\Pipeline\\Pipeline->Illuminate\\Pipeline\\{closure}(Object(Illuminate\\Http\\Request))
#23 /var/www/TRDSv2_laravel8_memo/vendor/laravel/framework/src/Illuminate/Session/Middleware/StartSession.php(64): Illuminate\\Session\\Middleware\\StartSession->handleStatefulRequest(Object(Illuminate\\Http\\Request), Object(Illuminate\\Session\\Store), Object(Closure))
#24 /var/www/TRDSv2_laravel8_memo/vendor/laravel/framework/src/Illuminate/Pipeline/Pipeline.php(167): Illuminate\\Session\\Middleware\\StartSession->handle(Object(Illuminate\\Http\\Request), Object(Closure))
#25 /var/www/TRDSv2_laravel8_memo/vendor/laravel/framework/src/Illuminate/Cookie/Middleware/AddQueuedCookiesToResponse.php(37): Illuminate\\Pipeline\\Pipeline->Illuminate\\Pipeline\\{closure}(Object(Illuminate\\Http\\Request))
#26 /var/www/TRDSv2_laravel8_memo/vendor/laravel/framework/src/Illuminate/Pipeline/Pipeline.php(167): Illuminate\\Cookie\\Middleware\\AddQueuedCookiesToResponse->handle(Object(Illuminate\\Http\\Request), Object(Closure))
#27 /var/www/TRDSv2_laravel8_memo/vendor/laravel/framework/src/Illuminate/Cookie/Middleware/EncryptCookies.php(67): Illuminate\\Pipeline\\Pipeline->Illuminate\\Pipeline\\{closure}(Object(Illuminate\\Http\\Request))
#28 /var/www/TRDSv2_laravel8_memo/vendor/laravel/framework/src/Illuminate/Pipeline/Pipeline.php(167): Illuminate\\Cookie\\Middleware\\EncryptCookies->handle(Object(Illuminate\\Http\\Request), Object(Closure))
#29 /var/www/TRDSv2_laravel8_memo/vendor/laravel/framework/src/Illuminate/Pipeline/Pipeline.php(103): Illuminate\\Pipeline\\Pipeline->Illuminate\\Pipeline\\{closure}(Object(Illuminate\\Http\\Request))
#30 /var/www/TRDSv2_laravel8_memo/vendor/laravel/framework/src/Illuminate/Routing/Router.php(723): Illuminate\\Pipeline\\Pipeline->then(Object(Closure))
#31 /var/www/TRDSv2_laravel8_memo/vendor/laravel/framework/src/Illuminate/Routing/Router.php(698): Illuminate\\Routing\\Router->runRouteWithinStack(Object(Illuminate\\Routing\\Route), Object(Illuminate\\Http\\Request))
#32 /var/www/TRDSv2_laravel8_memo/vendor/laravel/framework/src/Illuminate/Routing/Router.php(662): Illuminate\\Routing\\Router->runRoute(Object(Illuminate\\Http\\Request), Object(Illuminate\\Routing\\Route))
#33 /var/www/TRDSv2_laravel8_memo/vendor/laravel/framework/src/Illuminate/Routing/Router.php(651): Illuminate\\Routing\\Router->dispatchToRoute(Object(Illuminate\\Http\\Request))
#34 /var/www/TRDSv2_laravel8_memo/vendor/laravel/framework/src/Illuminate/Foundation/Http/Kernel.php(167): Illuminate\\Routing\\Router->dispatch(Object(Illuminate\\Http\\Request))
#35 /var/www/TRDSv2_laravel8_memo/vendor/laravel/framework/src/Illuminate/Pipeline/Pipeline.php(128): Illuminate\\Foundation\\Http\\Kernel->Illuminate\\Foundation\\Http\\{closure}(Object(Illuminate\\Http\\Request))
#36 /var/www/TRDSv2_laravel8_memo/vendor/laravel/framework/src/Illuminate/Foundation/Http/Middleware/TransformsRequest.php(21): Illuminate\\Pipeline\\Pipeline->Illuminate\\Pipeline\\{closure}(Object(Illuminate\\Http\\Request))
#37 /var/www/TRDSv2_laravel8_memo/vendor/laravel/framework/src/Illuminate/Foundation/Http/Middleware/ConvertEmptyStringsToNull.php(31): Illuminate\\Foundation\\Http\\Middleware\\TransformsRequest->handle(Object(Illuminate\\Http\\Request), Object(Closure))
#38 /var/www/TRDSv2_laravel8_memo/vendor/laravel/framework/src/Illuminate/Pipeline/Pipeline.php(167): Illuminate\\Foundation\\Http\\Middleware\\ConvertEmptyStringsToNull->handle(Object(Illuminate\\Http\\Request), Object(Closure))
#39 /var/www/TRDSv2_laravel8_memo/vendor/laravel/framework/src/Illuminate/Foundation/Http/Middleware/TransformsRequest.php(21): Illuminate\\Pipeline\\Pipeline->Illuminate\\Pipeline\\{closure}(Object(Illuminate\\Http\\Request))
#40 /var/www/TRDSv2_laravel8_memo/vendor/laravel/framework/src/Illuminate/Foundation/Http/Middleware/TrimStrings.php(40): Illuminate\\Foundation\\Http\\Middleware\\TransformsRequest->handle(Object(Illuminate\\Http\\Request), Object(Closure))
#41 /var/www/TRDSv2_laravel8_memo/vendor/laravel/framework/src/Illuminate/Pipeline/Pipeline.php(167): Illuminate\\Foundation\\Http\\Middleware\\TrimStrings->handle(Object(Illuminate\\Http\\Request), Object(Closure))
#42 /var/www/TRDSv2_laravel8_memo/vendor/laravel/framework/src/Illuminate/Foundation/Http/Middleware/ValidatePostSize.php(27): Illuminate\\Pipeline\\Pipeline->Illuminate\\Pipeline\\{closure}(Object(Illuminate\\Http\\Request))
#43 /var/www/TRDSv2_laravel8_memo/vendor/laravel/framework/src/Illuminate/Pipeline/Pipeline.php(167): Illuminate\\Foundation\\Http\\Middleware\\ValidatePostSize->handle(Object(Illuminate\\Http\\Request), Object(Closure))
#44 /var/www/TRDSv2_laravel8_memo/vendor/laravel/framework/src/Illuminate/Foundation/Http/Middleware/PreventRequestsDuringMaintenance.php(86): Illuminate\\Pipeline\\Pipeline->Illuminate\\Pipeline\\{closure}(Object(Illuminate\\Http\\Request))
#45 /var/www/TRDSv2_laravel8_memo/vendor/laravel/framework/src/Illuminate/Pipeline/Pipeline.php(167): Illuminate\\Foundation\\Http\\Middleware\\PreventRequestsDuringMaintenance->handle(Object(Illuminate\\Http\\Request), Object(Closure))
#46 /var/www/TRDSv2_laravel8_memo/vendor/fideloper/proxy/src/TrustProxies.php(57): Illuminate\\Pipeline\\Pipeline->Illuminate\\Pipeline\\{closure}(Object(Illuminate\\Http\\Request))
#47 /var/www/TRDSv2_laravel8_memo/vendor/laravel/framework/src/Illuminate/Pipeline/Pipeline.php(167): Fideloper\\Proxy\\TrustProxies->handle(Object(Illuminate\\Http\\Request), Object(Closure))
#48 /var/www/TRDSv2_laravel8_memo/vendor/laravel/framework/src/Illuminate/Pipeline/Pipeline.php(103): Illuminate\\Pipeline\\Pipeline->Illuminate\\Pipeline\\{closure}(Object(Illuminate\\Http\\Request))
#49 /var/www/TRDSv2_laravel8_memo/vendor/laravel/framework/src/Illuminate/Foundation/Http/Kernel.php(142): Illuminate\\Pipeline\\Pipeline->then(Object(Closure))
#50 /var/www/TRDSv2_laravel8_memo/vendor/laravel/framework/src/Illuminate/Foundation/Http/Kernel.php(111): Illuminate\\Foundation\\Http\\Kernel->sendRequestThroughRouter(Object(Illuminate\\Http\\Request))
#51 /var/www/TRDSv2_laravel8_memo/index.php(55): Illuminate\\Foundation\\Http\\Kernel->handle(Object(Illuminate\\Http\\Request))
#52 {main}
"} 
[2026-07-10 19:59:36] local.ERROR: Too few arguments to function str_contains(), 1 passed in /var/www/TRDSv2_laravel8_memo/app/Http/Controllers/QualificationCertificationController.php on line 778 and exactly 2 expected {"exception":"[object] (ArgumentCountError(code: 0): Too few arguments to function str_contains(), 1 passed in /var/www/TRDSv2_laravel8_memo/app/Http/Controllers/QualificationCertificationController.php on line 778 and exactly 2 expected at /var/www/TRDSv2_laravel8_memo/vendor/symfony/polyfill-php80/bootstrap.php:29)
[stacktrace]
#0 /var/www/TRDSv2_laravel8_memo/app/Http/Controllers/QualificationCertificationController.php(778): str_contains('PPDCN')
#1 /var/www/TRDSv2_laravel8_memo/app/Http/Controllers/QualificationCertificationController.php(661): App\\Http\\Controllers\\QualificationCertificationController->changeApprovalStatus(Array)
#2 /var/www/TRDSv2_laravel8_memo/vendor/laravel/framework/src/Illuminate/Routing/Controller.php(54): App\\Http\\Controllers\\QualificationCertificationController->saveQualificationCertificationOper(Object(Illuminate\\Http\\Request))
#3 /var/www/TRDSv2_laravel8_memo/vendor/laravel/framework/src/Illuminate/Routing/ControllerDispatcher.php(45): Illuminate\\Routing\\Controller->callAction('saveQualificati...', Array)
#4 /var/www/TRDSv2_laravel8_memo/vendor/laravel/framework/src/Illuminate/Routing/Route.php(262): Illuminate\\Routing\\ControllerDispatcher->dispatch(Object(Illuminate\\Routing\\Route), Object(App\\Http\\Controllers\\QualificationCertificationController), 'saveQualificati...')
#5 /var/www/TRDSv2_laravel8_memo/vendor/laravel/framework/src/Illuminate/Routing/Route.php(205): Illuminate\\Routing\\Route->runController()
#6 /var/www/TRDSv2_laravel8_memo/vendor/laravel/framework/src/Illuminate/Routing/Router.php(721): Illuminate\\Routing\\Route->run()
#7 /var/www/TRDSv2_laravel8_memo/vendor/laravel/framework/src/Illuminate/Pipeline/Pipeline.php(128): Illuminate\\Routing\\Router->Illuminate\\Routing\\{closure}(Object(Illuminate\\Http\\Request))
#8 /var/www/TRDSv2_laravel8_memo/app/Http/Middleware/CheckSession.php(55): Illuminate\\Pipeline\\Pipeline->Illuminate\\Pipeline\\{closure}(Object(Illuminate\\Http\\Request))
#9 /var/www/TRDSv2_laravel8_memo/vendor/laravel/framework/src/Illuminate/Pipeline/Pipeline.php(167): App\\Http\\Middleware\\CheckSession->handle(Object(Illuminate\\Http\\Request), Object(Closure))
#10 /var/www/TRDSv2_laravel8_memo/vendor/laravel/framework/src/Illuminate/Routing/Middleware/SubstituteBindings.php(50): Illuminate\\Pipeline\\Pipeline->Illuminate\\Pipeline\\{closure}(Object(Illuminate\\Http\\Request))
#11 /var/www/TRDSv2_laravel8_memo/vendor/laravel/framework/src/Illuminate/Pipeline/Pipeline.php(167): Illuminate\\Routing\\Middleware\\SubstituteBindings->handle(Object(Illuminate\\Http\\Request), Object(Closure))
#12 /var/www/TRDSv2_laravel8_memo/vendor/laravel/framework/src/Illuminate/Foundation/Http/Middleware/VerifyCsrfToken.php(78): Illuminate\\Pipeline\\Pipeline->Illuminate\\Pipeline\\{closure}(Object(Illuminate\\Http\\Request))
#13 /var/www/TRDSv2_laravel8_memo/vendor/laravel/framework/src/Illuminate/Pipeline/Pipeline.php(167): Illuminate\\Foundation\\Http\\Middleware\\VerifyCsrfToken->handle(Object(Illuminate\\Http\\Request), Object(Closure))
#14 /var/www/TRDSv2_laravel8_memo/vendor/laravel/framework/src/Illuminate/View/Middleware/ShareErrorsFromSession.php(49): Illuminate\\Pipeline\\Pipeline->Illuminate\\Pipeline\\{closure}(Object(Illuminate\\Http\\Request))
#15 /var/www/TRDSv2_laravel8_memo/vendor/laravel/framework/src/Illuminate/Pipeline/Pipeline.php(167): Illuminate\\View\\Middleware\\ShareErrorsFromSession->handle(Object(Illuminate\\Http\\Request), Object(Closure))
#16 /var/www/TRDSv2_laravel8_memo/vendor/laravel/framework/src/Illuminate/Session/Middleware/StartSession.php(121): Illuminate\\Pipeline\\Pipeline->Illuminate\\Pipeline\\{closure}(Object(Illuminate\\Http\\Request))
#17 /var/www/TRDSv2_laravel8_memo/vendor/laravel/framework/src/Illuminate/Session/Middleware/StartSession.php(64): Illuminate\\Session\\Middleware\\StartSession->handleStatefulRequest(Object(Illuminate\\Http\\Request), Object(Illuminate\\Session\\Store), Object(Closure))
#18 /var/www/TRDSv2_laravel8_memo/vendor/laravel/framework/src/Illuminate/Pipeline/Pipeline.php(167): Illuminate\\Session\\Middleware\\StartSession->handle(Object(Illuminate\\Http\\Request), Object(Closure))
#19 /var/www/TRDSv2_laravel8_memo/vendor/laravel/framework/src/Illuminate/Cookie/Middleware/AddQueuedCookiesToResponse.php(37): Illuminate\\Pipeline\\Pipeline->Illuminate\\Pipeline\\{closure}(Object(Illuminate\\Http\\Request))
#20 /var/www/TRDSv2_laravel8_memo/vendor/laravel/framework/src/Illuminate/Pipeline/Pipeline.php(167): Illuminate\\Cookie\\Middleware\\AddQueuedCookiesToResponse->handle(Object(Illuminate\\Http\\Request), Object(Closure))
#21 /var/www/TRDSv2_laravel8_memo/vendor/laravel/framework/src/Illuminate/Cookie/Middleware/EncryptCookies.php(67): Illuminate\\Pipeline\\Pipeline->Illuminate\\Pipeline\\{closure}(Object(Illuminate\\Http\\Request))
#22 /var/www/TRDSv2_laravel8_memo/vendor/laravel/framework/src/Illuminate/Pipeline/Pipeline.php(167): Illuminate\\Cookie\\Middleware\\EncryptCookies->handle(Object(Illuminate\\Http\\Request), Object(Closure))
#23 /var/www/TRDSv2_laravel8_memo/vendor/laravel/framework/src/Illuminate/Pipeline/Pipeline.php(103): Illuminate\\Pipeline\\Pipeline->Illuminate\\Pipeline\\{closure}(Object(Illuminate\\Http\\Request))
#24 /var/www/TRDSv2_laravel8_memo/vendor/laravel/framework/src/Illuminate/Routing/Router.php(723): Illuminate\\Pipeline\\Pipeline->then(Object(Closure))
#25 /var/www/TRDSv2_laravel8_memo/vendor/laravel/framework/src/Illuminate/Routing/Router.php(698): Illuminate\\Routing\\Router->runRouteWithinStack(Object(Illuminate\\Routing\\Route), Object(Illuminate\\Http\\Request))
#26 /var/www/TRDSv2_laravel8_memo/vendor/laravel/framework/src/Illuminate/Routing/Router.php(662): Illuminate\\Routing\\Router->runRoute(Object(Illuminate\\Http\\Request), Object(Illuminate\\Routing\\Route))
#27 /var/www/TRDSv2_laravel8_memo/vendor/laravel/framework/src/Illuminate/Routing/Router.php(651): Illuminate\\Routing\\Router->dispatchToRoute(Object(Illuminate\\Http\\Request))
#28 /var/www/TRDSv2_laravel8_memo/vendor/laravel/framework/src/Illuminate/Foundation/Http/Kernel.php(167): Illuminate\\Routing\\Router->dispatch(Object(Illuminate\\Http\\Request))
#29 /var/www/TRDSv2_laravel8_memo/vendor/laravel/framework/src/Illuminate/Pipeline/Pipeline.php(128): Illuminate\\Foundation\\Http\\Kernel->Illuminate\\Foundation\\Http\\{closure}(Object(Illuminate\\Http\\Request))
#30 /var/www/TRDSv2_laravel8_memo/vendor/laravel/framework/src/Illuminate/Foundation/Http/Middleware/TransformsRequest.php(21): Illuminate\\Pipeline\\Pipeline->Illuminate\\Pipeline\\{closure}(Object(Illuminate\\Http\\Request))
#31 /var/www/TRDSv2_laravel8_memo/vendor/laravel/framework/src/Illuminate/Foundation/Http/Middleware/ConvertEmptyStringsToNull.php(31): Illuminate\\Foundation\\Http\\Middleware\\TransformsRequest->handle(Object(Illuminate\\Http\\Request), Object(Closure))
#32 /var/www/TRDSv2_laravel8_memo/vendor/laravel/framework/src/Illuminate/Pipeline/Pipeline.php(167): Illuminate\\Foundation\\Http\\Middleware\\ConvertEmptyStringsToNull->handle(Object(Illuminate\\Http\\Request), Object(Closure))
#33 /var/www/TRDSv2_laravel8_memo/vendor/laravel/framework/src/Illuminate/Foundation/Http/Middleware/TransformsRequest.php(21): Illuminate\\Pipeline\\Pipeline->Illuminate\\Pipeline\\{closure}(Object(Illuminate\\Http\\Request))
#34 /var/www/TRDSv2_laravel8_memo/vendor/laravel/framework/src/Illuminate/Foundation/Http/Middleware/TrimStrings.php(40): Illuminate\\Foundation\\Http\\Middleware\\TransformsRequest->handle(Object(Illuminate\\Http\\Request), Object(Closure))
#35 /var/www/TRDSv2_laravel8_memo/vendor/laravel/framework/src/Illuminate/Pipeline/Pipeline.php(167): Illuminate\\Foundation\\Http\\Middleware\\TrimStrings->handle(Object(Illuminate\\Http\\Request), Object(Closure))
#36 /var/www/TRDSv2_laravel8_memo/vendor/laravel/framework/src/Illuminate/Foundation/Http/Middleware/ValidatePostSize.php(27): Illuminate\\Pipeline\\Pipeline->Illuminate\\Pipeline\\{closure}(Object(Illuminate\\Http\\Request))
#37 /var/www/TRDSv2_laravel8_memo/vendor/laravel/framework/src/Illuminate/Pipeline/Pipeline.php(167): Illuminate\\Foundation\\Http\\Middleware\\ValidatePostSize->handle(Object(Illuminate\\Http\\Request), Object(Closure))
#38 /var/www/TRDSv2_laravel8_memo/vendor/laravel/framework/src/Illuminate/Foundation/Http/Middleware/PreventRequestsDuringMaintenance.php(86): Illuminate\\Pipeline\\Pipeline->Illuminate\\Pipeline\\{closure}(Object(Illuminate\\Http\\Request))
#39 /var/www/TRDSv2_laravel8_memo/vendor/laravel/framework/src/Illuminate/Pipeline/Pipeline.php(167): Illuminate\\Foundation\\Http\\Middleware\\PreventRequestsDuringMaintenance->handle(Object(Illuminate\\Http\\Request), Object(Closure))
#40 /var/www/TRDSv2_laravel8_memo/vendor/fideloper/proxy/src/TrustProxies.php(57): Illuminate\\Pipeline\\Pipeline->Illuminate\\Pipeline\\{closure}(Object(Illuminate\\Http\\Request))
#41 /var/www/TRDSv2_laravel8_memo/vendor/laravel/framework/src/Illuminate/Pipeline/Pipeline.php(167): Fideloper\\Proxy\\TrustProxies->handle(Object(Illuminate\\Http\\Request), Object(Closure))
#42 /var/www/TRDSv2_laravel8_memo/vendor/laravel/framework/src/Illuminate/Pipeline/Pipeline.php(103): Illuminate\\Pipeline\\Pipeline->Illuminate\\Pipeline\\{closure}(Object(Illuminate\\Http\\Request))
#43 /var/www/TRDSv2_laravel8_memo/vendor/laravel/framework/src/Illuminate/Foundation/Http/Kernel.php(142): Illuminate\\Pipeline\\Pipeline->then(Object(Closure))
#44 /var/www/TRDSv2_laravel8_memo/vendor/laravel/framework/src/Illuminate/Foundation/Http/Kernel.php(111): Illuminate\\Foundation\\Http\\Kernel->sendRequestThroughRouter(Object(Illuminate\\Http\\Request))
#45 /var/www/TRDSv2_laravel8_memo/index.php(55): Illuminate\\Foundation\\Http\\Kernel->handle(Object(Illuminate\\Http\\Request))
#46 {main}
"} 
[2026-07-10 20:33:55] local.ERROR: Use of undefined constant selectedSection - assumed 'selectedSection' (this will throw an Error in a future version of PHP) {"exception":"[object] (ErrorException(code: 0): Use of undefined constant selectedSection - assumed 'selectedSection' (this will throw an Error in a future version of PHP) at /var/www/TRDSv2_laravel8_memo/app/Http/Controllers/QualificationCertificationController.php:586)
[stacktrace]
#0 /var/www/TRDSv2_laravel8_memo/app/Http/Controllers/QualificationCertificationController.php(586): Illuminate\\Foundation\\Bootstrap\\HandleExceptions->handleError(2, 'Use of undefine...', '/var/www/TRDSv2...', 586, Array)
#1 /var/www/TRDSv2_laravel8_memo/vendor/laravel/framework/src/Illuminate/Routing/Controller.php(54): App\\Http\\Controllers\\QualificationCertificationController->saveQualificationCertificationOper(Object(Illuminate\\Http\\Request))
#2 /var/www/TRDSv2_laravel8_memo/vendor/laravel/framework/src/Illuminate/Routing/ControllerDispatcher.php(45): Illuminate\\Routing\\Controller->callAction('saveQualificati...', Array)
#3 /var/www/TRDSv2_laravel8_memo/vendor/laravel/framework/src/Illuminate/Routing/Route.php(262): Illuminate\\Routing\\ControllerDispatcher->dispatch(Object(Illuminate\\Routing\\Route), Object(App\\Http\\Controllers\\QualificationCertificationController), 'saveQualificati...')
#4 /var/www/TRDSv2_laravel8_memo/vendor/laravel/framework/src/Illuminate/Routing/Route.php(205): Illuminate\\Routing\\Route->runController()
#5 /var/www/TRDSv2_laravel8_memo/vendor/laravel/framework/src/Illuminate/Routing/Router.php(721): Illuminate\\Routing\\Route->run()
#6 /var/www/TRDSv2_laravel8_memo/vendor/laravel/framework/src/Illuminate/Pipeline/Pipeline.php(128): Illuminate\\Routing\\Router->Illuminate\\Routing\\{closure}(Object(Illuminate\\Http\\Request))
#7 /var/www/TRDSv2_laravel8_memo/app/Http/Middleware/CheckSession.php(55): Illuminate\\Pipeline\\Pipeline->Illuminate\\Pipeline\\{closure}(Object(Illuminate\\Http\\Request))
#8 /var/www/TRDSv2_laravel8_memo/vendor/laravel/framework/src/Illuminate/Pipeline/Pipeline.php(167): App\\Http\\Middleware\\CheckSession->handle(Object(Illuminate\\Http\\Request), Object(Closure))
#9 /var/www/TRDSv2_laravel8_memo/vendor/laravel/framework/src/Illuminate/Routing/Middleware/SubstituteBindings.php(50): Illuminate\\Pipeline\\Pipeline->Illuminate\\Pipeline\\{closure}(Object(Illuminate\\Http\\Request))
#10 /var/www/TRDSv2_laravel8_memo/vendor/laravel/framework/src/Illuminate/Pipeline/Pipeline.php(167): Illuminate\\Routing\\Middleware\\SubstituteBindings->handle(Object(Illuminate\\Http\\Request), Object(Closure))
#11 /var/www/TRDSv2_laravel8_memo/vendor/laravel/framework/src/Illuminate/Foundation/Http/Middleware/VerifyCsrfToken.php(78): Illuminate\\Pipeline\\Pipeline->Illuminate\\Pipeline\\{closure}(Object(Illuminate\\Http\\Request))
#12 /var/www/TRDSv2_laravel8_memo/vendor/laravel/framework/src/Illuminate/Pipeline/Pipeline.php(167): Illuminate\\Foundation\\Http\\Middleware\\VerifyCsrfToken->handle(Object(Illuminate\\Http\\Request), Object(Closure))
#13 /var/www/TRDSv2_laravel8_memo/vendor/laravel/framework/src/Illuminate/View/Middleware/ShareErrorsFromSession.php(49): Illuminate\\Pipeline\\Pipeline->Illuminate\\Pipeline\\{closure}(Object(Illuminate\\Http\\Request))
#14 /var/www/TRDSv2_laravel8_memo/vendor/laravel/framework/src/Illuminate/Pipeline/Pipeline.php(167): Illuminate\\View\\Middleware\\ShareErrorsFromSession->handle(Object(Illuminate\\Http\\Request), Object(Closure))
#15 /var/www/TRDSv2_laravel8_memo/vendor/laravel/framework/src/Illuminate/Session/Middleware/StartSession.php(121): Illuminate\\Pipeline\\Pipeline->Illuminate\\Pipeline\\{closure}(Object(Illuminate\\Http\\Request))
#16 /var/www/TRDSv2_laravel8_memo/vendor/laravel/framework/src/Illuminate/Session/Middleware/StartSession.php(64): Illuminate\\Session\\Middleware\\StartSession->handleStatefulRequest(Object(Illuminate\\Http\\Request), Object(Illuminate\\Session\\Store), Object(Closure))
#17 /var/www/TRDSv2_laravel8_memo/vendor/laravel/framework/src/Illuminate/Pipeline/Pipeline.php(167): Illuminate\\Session\\Middleware\\StartSession->handle(Object(Illuminate\\Http\\Request), Object(Closure))
#18 /var/www/TRDSv2_laravel8_memo/vendor/laravel/framework/src/Illuminate/Cookie/Middleware/AddQueuedCookiesToResponse.php(37): Illuminate\\Pipeline\\Pipeline->Illuminate\\Pipeline\\{closure}(Object(Illuminate\\Http\\Request))
#19 /var/www/TRDSv2_laravel8_memo/vendor/laravel/framework/src/Illuminate/Pipeline/Pipeline.php(167): Illuminate\\Cookie\\Middleware\\AddQueuedCookiesToResponse->handle(Object(Illuminate\\Http\\Request), Object(Closure))
#20 /var/www/TRDSv2_laravel8_memo/vendor/laravel/framework/src/Illuminate/Cookie/Middleware/EncryptCookies.php(67): Illuminate\\Pipeline\\Pipeline->Illuminate\\Pipeline\\{closure}(Object(Illuminate\\Http\\Request))
#21 /var/www/TRDSv2_laravel8_memo/vendor/laravel/framework/src/Illuminate/Pipeline/Pipeline.php(167): Illuminate\\Cookie\\Middleware\\EncryptCookies->handle(Object(Illuminate\\Http\\Request), Object(Closure))
#22 /var/www/TRDSv2_laravel8_memo/vendor/laravel/framework/src/Illuminate/Pipeline/Pipeline.php(103): Illuminate\\Pipeline\\Pipeline->Illuminate\\Pipeline\\{closure}(Object(Illuminate\\Http\\Request))
#23 /var/www/TRDSv2_laravel8_memo/vendor/laravel/framework/src/Illuminate/Routing/Router.php(723): Illuminate\\Pipeline\\Pipeline->then(Object(Closure))
#24 /var/www/TRDSv2_laravel8_memo/vendor/laravel/framework/src/Illuminate/Routing/Router.php(698): Illuminate\\Routing\\Router->runRouteWithinStack(Object(Illuminate\\Routing\\Route), Object(Illuminate\\Http\\Request))
#25 /var/www/TRDSv2_laravel8_memo/vendor/laravel/framework/src/Illuminate/Routing/Router.php(662): Illuminate\\Routing\\Router->runRoute(Object(Illuminate\\Http\\Request), Object(Illuminate\\Routing\\Route))
#26 /var/www/TRDSv2_laravel8_memo/vendor/laravel/framework/src/Illuminate/Routing/Router.php(651): Illuminate\\Routing\\Router->dispatchToRoute(Object(Illuminate\\Http\\Request))
#27 /var/www/TRDSv2_laravel8_memo/vendor/laravel/framework/src/Illuminate/Foundation/Http/Kernel.php(167): Illuminate\\Routing\\Router->dispatch(Object(Illuminate\\Http\\Request))
#28 /var/www/TRDSv2_laravel8_memo/vendor/laravel/framework/src/Illuminate/Pipeline/Pipeline.php(128): Illuminate\\Foundation\\Http\\Kernel->Illuminate\\Foundation\\Http\\{closure}(Object(Illuminate\\Http\\Request))
#29 /var/www/TRDSv2_laravel8_memo/vendor/laravel/framework/src/Illuminate/Foundation/Http/Middleware/TransformsRequest.php(21): Illuminate\\Pipeline\\Pipeline->Illuminate\\Pipeline\\{closure}(Object(Illuminate\\Http\\Request))
#30 /var/www/TRDSv2_laravel8_memo/vendor/laravel/framework/src/Illuminate/Foundation/Http/Middleware/ConvertEmptyStringsToNull.php(31): Illuminate\\Foundation\\Http\\Middleware\\TransformsRequest->handle(Object(Illuminate\\Http\\Request), Object(Closure))
#31 /var/www/TRDSv2_laravel8_memo/vendor/laravel/framework/src/Illuminate/Pipeline/Pipeline.php(167): Illuminate\\Foundation\\Http\\Middleware\\ConvertEmptyStringsToNull->handle(Object(Illuminate\\Http\\Request), Object(Closure))
#32 /var/www/TRDSv2_laravel8_memo/vendor/laravel/framework/src/Illuminate/Foundation/Http/Middleware/TransformsRequest.php(21): Illuminate\\Pipeline\\Pipeline->Illuminate\\Pipeline\\{closure}(Object(Illuminate\\Http\\Request))
#33 /var/www/TRDSv2_laravel8_memo/vendor/laravel/framework/src/Illuminate/Foundation/Http/Middleware/TrimStrings.php(40): Illuminate\\Foundation\\Http\\Middleware\\TransformsRequest->handle(Object(Illuminate\\Http\\Request), Object(Closure))
#34 /var/www/TRDSv2_laravel8_memo/vendor/laravel/framework/src/Illuminate/Pipeline/Pipeline.php(167): Illuminate\\Foundation\\Http\\Middleware\\TrimStrings->handle(Object(Illuminate\\Http\\Request), Object(Closure))
#35 /var/www/TRDSv2_laravel8_memo/vendor/laravel/framework/src/Illuminate/Foundation/Http/Middleware/ValidatePostSize.php(27): Illuminate\\Pipeline\\Pipeline->Illuminate\\Pipeline\\{closure}(Object(Illuminate\\Http\\Request))
#36 /var/www/TRDSv2_laravel8_memo/vendor/laravel/framework/src/Illuminate/Pipeline/Pipeline.php(167): Illuminate\\Foundation\\Http\\Middleware\\ValidatePostSize->handle(Object(Illuminate\\Http\\Request), Object(Closure))
#37 /var/www/TRDSv2_laravel8_memo/vendor/laravel/framework/src/Illuminate/Foundation/Http/Middleware/PreventRequestsDuringMaintenance.php(86): Illuminate\\Pipeline\\Pipeline->Illuminate\\Pipeline\\{closure}(Object(Illuminate\\Http\\Request))
#38 /var/www/TRDSv2_laravel8_memo/vendor/laravel/framework/src/Illuminate/Pipeline/Pipeline.php(167): Illuminate\\Foundation\\Http\\Middleware\\PreventRequestsDuringMaintenance->handle(Object(Illuminate\\Http\\Request), Object(Closure))
#39 /var/www/TRDSv2_laravel8_memo/vendor/fideloper/proxy/src/TrustProxies.php(57): Illuminate\\Pipeline\\Pipeline->Illuminate\\Pipeline\\{closure}(Object(Illuminate\\Http\\Request))
#40 /var/www/TRDSv2_laravel8_memo/vendor/laravel/framework/src/Illuminate/Pipeline/Pipeline.php(167): Fideloper\\Proxy\\TrustProxies->handle(Object(Illuminate\\Http\\Request), Object(Closure))
#41 /var/www/TRDSv2_laravel8_memo/vendor/laravel/framework/src/Illuminate/Pipeline/Pipeline.php(103): Illuminate\\Pipeline\\Pipeline->Illuminate\\Pipeline\\{closure}(Object(Illuminate\\Http\\Request))
#42 /var/www/TRDSv2_laravel8_memo/vendor/laravel/framework/src/Illuminate/Foundation/Http/Kernel.php(142): Illuminate\\Pipeline\\Pipeline->then(Object(Closure))
#43 /var/www/TRDSv2_laravel8_memo/vendor/laravel/framework/src/Illuminate/Foundation/Http/Kernel.php(111): Illuminate\\Foundation\\Http\\Kernel->sendRequestThroughRouter(Object(Illuminate\\Http\\Request))
#44 /var/www/TRDSv2_laravel8_memo/index.php(55): Illuminate\\Foundation\\Http\\Kernel->handle(Object(Illuminate\\Http\\Request))
#45 {main}
"} 
[2026-07-10 20:36:32] local.ERROR: SQLSTATE[42S22]: Column not found: 1054 Unknown column 'text_oper_approved_confirmed_by' in 'field list' (SQL: update `qc_slips` set `text_oper_approved_confirmed_by` = , `qc_slips`.`updated_at` = 2026-07-10 20:36:32 where `id` = 4) {"exception":"[object] (Illuminate\\Database\\QueryException(code: 42S22): SQLSTATE[42S22]: Column not found: 1054 Unknown column 'text_oper_approved_confirmed_by' in 'field list' (SQL: update `qc_slips` set `text_oper_approved_confirmed_by` = , `qc_slips`.`updated_at` = 2026-07-10 20:36:32 where `id` = 4) at /var/www/TRDSv2_laravel8_memo/vendor/laravel/framework/src/Illuminate/Database/Connection.php:712)
[stacktrace]
#0 /var/www/TRDSv2_laravel8_memo/vendor/laravel/framework/src/Illuminate/Database/Connection.php(672): Illuminate\\Database\\Connection->runQueryCallback('update `qc_slip...', Array, Object(Closure))
#1 /var/www/TRDSv2_laravel8_memo/vendor/laravel/framework/src/Illuminate/Database/Connection.php(533): Illuminate\\Database\\Connection->run('update `qc_slip...', Array, Object(Closure))
#2 /var/www/TRDSv2_laravel8_memo/vendor/laravel/framework/src/Illuminate/Database/Connection.php(466): Illuminate\\Database\\Connection->affectingStatement('update `qc_slip...', Array)
#3 /var/www/TRDSv2_laravel8_memo/vendor/laravel/framework/src/Illuminate/Database/Query/Builder.php(3063): Illuminate\\Database\\Connection->update('update `qc_slip...', Array)
#4 /var/www/TRDSv2_laravel8_memo/vendor/laravel/framework/src/Illuminate/Database/Eloquent/Builder.php(921): Illuminate\\Database\\Query\\Builder->update(Array)
#5 /var/www/TRDSv2_laravel8_memo/app/Http/Controllers/QualificationCertificationController.php(606): Illuminate\\Database\\Eloquent\\Builder->update(Array)
#6 /var/www/TRDSv2_laravel8_memo/vendor/laravel/framework/src/Illuminate/Routing/Controller.php(54): App\\Http\\Controllers\\QualificationCertificationController->saveQualificationCertificationOper(Object(Illuminate\\Http\\Request))
#7 /var/www/TRDSv2_laravel8_memo/vendor/laravel/framework/src/Illuminate/Routing/ControllerDispatcher.php(45): Illuminate\\Routing\\Controller->callAction('saveQualificati...', Array)
#8 /var/www/TRDSv2_laravel8_memo/vendor/laravel/framework/src/Illuminate/Routing/Route.php(262): Illuminate\\Routing\\ControllerDispatcher->dispatch(Object(Illuminate\\Routing\\Route), Object(App\\Http\\Controllers\\QualificationCertificationController), 'saveQualificati...')
#9 /var/www/TRDSv2_laravel8_memo/vendor/laravel/framework/src/Illuminate/Routing/Route.php(205): Illuminate\\Routing\\Route->runController()
#10 /var/www/TRDSv2_laravel8_memo/vendor/laravel/framework/src/Illuminate/Routing/Router.php(721): Illuminate\\Routing\\Route->run()
#11 /var/www/TRDSv2_laravel8_memo/vendor/laravel/framework/src/Illuminate/Pipeline/Pipeline.php(128): Illuminate\\Routing\\Router->Illuminate\\Routing\\{closure}(Object(Illuminate\\Http\\Request))
#12 /var/www/TRDSv2_laravel8_memo/app/Http/Middleware/CheckSession.php(55): Illuminate\\Pipeline\\Pipeline->Illuminate\\Pipeline\\{closure}(Object(Illuminate\\Http\\Request))
#13 /var/www/TRDSv2_laravel8_memo/vendor/laravel/framework/src/Illuminate/Pipeline/Pipeline.php(167): App\\Http\\Middleware\\CheckSession->handle(Object(Illuminate\\Http\\Request), Object(Closure))
#14 /var/www/TRDSv2_laravel8_memo/vendor/laravel/framework/src/Illuminate/Routing/Middleware/SubstituteBindings.php(50): Illuminate\\Pipeline\\Pipeline->Illuminate\\Pipeline\\{closure}(Object(Illuminate\\Http\\Request))
#15 /var/www/TRDSv2_laravel8_memo/vendor/laravel/framework/src/Illuminate/Pipeline/Pipeline.php(167): Illuminate\\Routing\\Middleware\\SubstituteBindings->handle(Object(Illuminate\\Http\\Request), Object(Closure))
#16 /var/www/TRDSv2_laravel8_memo/vendor/laravel/framework/src/Illuminate/Foundation/Http/Middleware/VerifyCsrfToken.php(78): Illuminate\\Pipeline\\Pipeline->Illuminate\\Pipeline\\{closure}(Object(Illuminate\\Http\\Request))
#17 /var/www/TRDSv2_laravel8_memo/vendor/laravel/framework/src/Illuminate/Pipeline/Pipeline.php(167): Illuminate\\Foundation\\Http\\Middleware\\VerifyCsrfToken->handle(Object(Illuminate\\Http\\Request), Object(Closure))
#18 /var/www/TRDSv2_laravel8_memo/vendor/laravel/framework/src/Illuminate/View/Middleware/ShareErrorsFromSession.php(49): Illuminate\\Pipeline\\Pipeline->Illuminate\\Pipeline\\{closure}(Object(Illuminate\\Http\\Request))
#19 /var/www/TRDSv2_laravel8_memo/vendor/laravel/framework/src/Illuminate/Pipeline/Pipeline.php(167): Illuminate\\View\\Middleware\\ShareErrorsFromSession->handle(Object(Illuminate\\Http\\Request), Object(Closure))
#20 /var/www/TRDSv2_laravel8_memo/vendor/laravel/framework/src/Illuminate/Session/Middleware/StartSession.php(121): Illuminate\\Pipeline\\Pipeline->Illuminate\\Pipeline\\{closure}(Object(Illuminate\\Http\\Request))
#21 /var/www/TRDSv2_laravel8_memo/vendor/laravel/framework/src/Illuminate/Session/Middleware/StartSession.php(64): Illuminate\\Session\\Middleware\\StartSession->handleStatefulRequest(Object(Illuminate\\Http\\Request), Object(Illuminate\\Session\\Store), Object(Closure))
#22 /var/www/TRDSv2_laravel8_memo/vendor/laravel/framework/src/Illuminate/Pipeline/Pipeline.php(167): Illuminate\\Session\\Middleware\\StartSession->handle(Object(Illuminate\\Http\\Request), Object(Closure))
#23 /var/www/TRDSv2_laravel8_memo/vendor/laravel/framework/src/Illuminate/Cookie/Middleware/AddQueuedCookiesToResponse.php(37): Illuminate\\Pipeline\\Pipeline->Illuminate\\Pipeline\\{closure}(Object(Illuminate\\Http\\Request))
#24 /var/www/TRDSv2_laravel8_memo/vendor/laravel/framework/src/Illuminate/Pipeline/Pipeline.php(167): Illuminate\\Cookie\\Middleware\\AddQueuedCookiesToResponse->handle(Object(Illuminate\\Http\\Request), Object(Closure))
#25 /var/www/TRDSv2_laravel8_memo/vendor/laravel/framework/src/Illuminate/Cookie/Middleware/EncryptCookies.php(67): Illuminate\\Pipeline\\Pipeline->Illuminate\\Pipeline\\{closure}(Object(Illuminate\\Http\\Request))
#26 /var/www/TRDSv2_laravel8_memo/vendor/laravel/framework/src/Illuminate/Pipeline/Pipeline.php(167): Illuminate\\Cookie\\Middleware\\EncryptCookies->handle(Object(Illuminate\\Http\\Request), Object(Closure))
#27 /var/www/TRDSv2_laravel8_memo/vendor/laravel/framework/src/Illuminate/Pipeline/Pipeline.php(103): Illuminate\\Pipeline\\Pipeline->Illuminate\\Pipeline\\{closure}(Object(Illuminate\\Http\\Request))
#28 /var/www/TRDSv2_laravel8_memo/vendor/laravel/framework/src/Illuminate/Routing/Router.php(723): Illuminate\\Pipeline\\Pipeline->then(Object(Closure))
#29 /var/www/TRDSv2_laravel8_memo/vendor/laravel/framework/src/Illuminate/Routing/Router.php(698): Illuminate\\Routing\\Router->runRouteWithinStack(Object(Illuminate\\Routing\\Route), Object(Illuminate\\Http\\Request))
#30 /var/www/TRDSv2_laravel8_memo/vendor/laravel/framework/src/Illuminate/Routing/Router.php(662): Illuminate\\Routing\\Router->runRoute(Object(Illuminate\\Http\\Request), Object(Illuminate\\Routing\\Route))
#31 /var/www/TRDSv2_laravel8_memo/vendor/laravel/framework/src/Illuminate/Routing/Router.php(651): Illuminate\\Routing\\Router->dispatchToRoute(Object(Illuminate\\Http\\Request))
#32 /var/www/TRDSv2_laravel8_memo/vendor/laravel/framework/src/Illuminate/Foundation/Http/Kernel.php(167): Illuminate\\Routing\\Router->dispatch(Object(Illuminate\\Http\\Request))
#33 /var/www/TRDSv2_laravel8_memo/vendor/laravel/framework/src/Illuminate/Pipeline/Pipeline.php(128): Illuminate\\Foundation\\Http\\Kernel->Illuminate\\Foundation\\Http\\{closure}(Object(Illuminate\\Http\\Request))
#34 /var/www/TRDSv2_laravel8_memo/vendor/laravel/framework/src/Illuminate/Foundation/Http/Middleware/TransformsRequest.php(21): Illuminate\\Pipeline\\Pipeline->Illuminate\\Pipeline\\{closure}(Object(Illuminate\\Http\\Request))
#35 /var/www/TRDSv2_laravel8_memo/vendor/laravel/framework/src/Illuminate/Foundation/Http/Middleware/ConvertEmptyStringsToNull.php(31): Illuminate\\Foundation\\Http\\Middleware\\TransformsRequest->handle(Object(Illuminate\\Http\\Request), Object(Closure))
#36 /var/www/TRDSv2_laravel8_memo/vendor/laravel/framework/src/Illuminate/Pipeline/Pipeline.php(167): Illuminate\\Foundation\\Http\\Middleware\\ConvertEmptyStringsToNull->handle(Object(Illuminate\\Http\\Request), Object(Closure))
#37 /var/www/TRDSv2_laravel8_memo/vendor/laravel/framework/src/Illuminate/Foundation/Http/Middleware/TransformsRequest.php(21): Illuminate\\Pipeline\\Pipeline->Illuminate\\Pipeline\\{closure}(Object(Illuminate\\Http\\Request))
#38 /var/www/TRDSv2_laravel8_memo/vendor/laravel/framework/src/Illuminate/Foundation/Http/Middleware/TrimStrings.php(40): Illuminate\\Foundation\\Http\\Middleware\\TransformsRequest->handle(Object(Illuminate\\Http\\Request), Object(Closure))
#39 /var/www/TRDSv2_laravel8_memo/vendor/laravel/framework/src/Illuminate/Pipeline/Pipeline.php(167): Illuminate\\Foundation\\Http\\Middleware\\TrimStrings->handle(Object(Illuminate\\Http\\Request), Object(Closure))
#40 /var/www/TRDSv2_laravel8_memo/vendor/laravel/framework/src/Illuminate/Foundation/Http/Middleware/ValidatePostSize.php(27): Illuminate\\Pipeline\\Pipeline->Illuminate\\Pipeline\\{closure}(Object(Illuminate\\Http\\Request))
#41 /var/www/TRDSv2_laravel8_memo/vendor/laravel/framework/src/Illuminate/Pipeline/Pipeline.php(167): Illuminate\\Foundation\\Http\\Middleware\\ValidatePostSize->handle(Object(Illuminate\\Http\\Request), Object(Closure))
#42 /var/www/TRDSv2_laravel8_memo/vendor/laravel/framework/src/Illuminate/Foundation/Http/Middleware/PreventRequestsDuringMaintenance.php(86): Illuminate\\Pipeline\\Pipeline->Illuminate\\Pipeline\\{closure}(Object(Illuminate\\Http\\Request))
#43 /var/www/TRDSv2_laravel8_memo/vendor/laravel/framework/src/Illuminate/Pipeline/Pipeline.php(167): Illuminate\\Foundation\\Http\\Middleware\\PreventRequestsDuringMaintenance->handle(Object(Illuminate\\Http\\Request), Object(Closure))
#44 /var/www/TRDSv2_laravel8_memo/vendor/fideloper/proxy/src/TrustProxies.php(57): Illuminate\\Pipeline\\Pipeline->Illuminate\\Pipeline\\{closure}(Object(Illuminate\\Http\\Request))
#45 /var/www/TRDSv2_laravel8_memo/vendor/laravel/framework/src/Illuminate/Pipeline/Pipeline.php(167): Fideloper\\Proxy\\TrustProxies->handle(Object(Illuminate\\Http\\Request), Object(Closure))
#46 /var/www/TRDSv2_laravel8_memo/vendor/laravel/framework/src/Illuminate/Pipeline/Pipeline.php(103): Illuminate\\Pipeline\\Pipeline->Illuminate\\Pipeline\\{closure}(Object(Illuminate\\Http\\Request))
#47 /var/www/TRDSv2_laravel8_memo/vendor/laravel/framework/src/Illuminate/Foundation/Http/Kernel.php(142): Illuminate\\Pipeline\\Pipeline->then(Object(Closure))
#48 /var/www/TRDSv2_laravel8_memo/vendor/laravel/framework/src/Illuminate/Foundation/Http/Kernel.php(111): Illuminate\\Foundation\\Http\\Kernel->sendRequestThroughRouter(Object(Illuminate\\Http\\Request))
#49 /var/www/TRDSv2_laravel8_memo/index.php(55): Illuminate\\Foundation\\Http\\Kernel->handle(Object(Illuminate\\Http\\Request))
#50 {main}

[previous exception] [object] (PDOException(code: 42S22): SQLSTATE[42S22]: Column not found: 1054 Unknown column 'text_oper_approved_confirmed_by' in 'field list' at /var/www/TRDSv2_laravel8_memo/vendor/laravel/framework/src/Illuminate/Database/Connection.php:522)
[stacktrace]
#0 /var/www/TRDSv2_laravel8_memo/vendor/laravel/framework/src/Illuminate/Database/Connection.php(522): PDO->prepare('update `qc_slip...')
#1 /var/www/TRDSv2_laravel8_memo/vendor/laravel/framework/src/Illuminate/Database/Connection.php(705): Illuminate\\Database\\Connection->Illuminate\\Database\\{closure}('update `qc_slip...', Array)
#2 /var/www/TRDSv2_laravel8_memo/vendor/laravel/framework/src/Illuminate/Database/Connection.php(672): Illuminate\\Database\\Connection->runQueryCallback('update `qc_slip...', Array, Object(Closure))
#3 /var/www/TRDSv2_laravel8_memo/vendor/laravel/framework/src/Illuminate/Database/Connection.php(533): Illuminate\\Database\\Connection->run('update `qc_slip...', Array, Object(Closure))
#4 /var/www/TRDSv2_laravel8_memo/vendor/laravel/framework/src/Illuminate/Database/Connection.php(466): Illuminate\\Database\\Connection->affectingStatement('update `qc_slip...', Array)
#5 /var/www/TRDSv2_laravel8_memo/vendor/laravel/framework/src/Illuminate/Database/Query/Builder.php(3063): Illuminate\\Database\\Connection->update('update `qc_slip...', Array)
#6 /var/www/TRDSv2_laravel8_memo/vendor/laravel/framework/src/Illuminate/Database/Eloquent/Builder.php(921): Illuminate\\Database\\Query\\Builder->update(Array)
#7 /var/www/TRDSv2_laravel8_memo/app/Http/Controllers/QualificationCertificationController.php(606): Illuminate\\Database\\Eloquent\\Builder->update(Array)
#8 /var/www/TRDSv2_laravel8_memo/vendor/laravel/framework/src/Illuminate/Routing/Controller.php(54): App\\Http\\Controllers\\QualificationCertificationController->saveQualificationCertificationOper(Object(Illuminate\\Http\\Request))
#9 /var/www/TRDSv2_laravel8_memo/vendor/laravel/framework/src/Illuminate/Routing/ControllerDispatcher.php(45): Illuminate\\Routing\\Controller->callAction('saveQualificati...', Array)
#10 /var/www/TRDSv2_laravel8_memo/vendor/laravel/framework/src/Illuminate/Routing/Route.php(262): Illuminate\\Routing\\ControllerDispatcher->dispatch(Object(Illuminate\\Routing\\Route), Object(App\\Http\\Controllers\\QualificationCertificationController), 'saveQualificati...')
#11 /var/www/TRDSv2_laravel8_memo/vendor/laravel/framework/src/Illuminate/Routing/Route.php(205): Illuminate\\Routing\\Route->runController()
#12 /var/www/TRDSv2_laravel8_memo/vendor/laravel/framework/src/Illuminate/Routing/Router.php(721): Illuminate\\Routing\\Route->run()
#13 /var/www/TRDSv2_laravel8_memo/vendor/laravel/framework/src/Illuminate/Pipeline/Pipeline.php(128): Illuminate\\Routing\\Router->Illuminate\\Routing\\{closure}(Object(Illuminate\\Http\\Request))
#14 /var/www/TRDSv2_laravel8_memo/app/Http/Middleware/CheckSession.php(55): Illuminate\\Pipeline\\Pipeline->Illuminate\\Pipeline\\{closure}(Object(Illuminate\\Http\\Request))
#15 /var/www/TRDSv2_laravel8_memo/vendor/laravel/framework/src/Illuminate/Pipeline/Pipeline.php(167): App\\Http\\Middleware\\CheckSession->handle(Object(Illuminate\\Http\\Request), Object(Closure))
#16 /var/www/TRDSv2_laravel8_memo/vendor/laravel/framework/src/Illuminate/Routing/Middleware/SubstituteBindings.php(50): Illuminate\\Pipeline\\Pipeline->Illuminate\\Pipeline\\{closure}(Object(Illuminate\\Http\\Request))
#17 /var/www/TRDSv2_laravel8_memo/vendor/laravel/framework/src/Illuminate/Pipeline/Pipeline.php(167): Illuminate\\Routing\\Middleware\\SubstituteBindings->handle(Object(Illuminate\\Http\\Request), Object(Closure))
#18 /var/www/TRDSv2_laravel8_memo/vendor/laravel/framework/src/Illuminate/Foundation/Http/Middleware/VerifyCsrfToken.php(78): Illuminate\\Pipeline\\Pipeline->Illuminate\\Pipeline\\{closure}(Object(Illuminate\\Http\\Request))
#19 /var/www/TRDSv2_laravel8_memo/vendor/laravel/framework/src/Illuminate/Pipeline/Pipeline.php(167): Illuminate\\Foundation\\Http\\Middleware\\VerifyCsrfToken->handle(Object(Illuminate\\Http\\Request), Object(Closure))
#20 /var/www/TRDSv2_laravel8_memo/vendor/laravel/framework/src/Illuminate/View/Middleware/ShareErrorsFromSession.php(49): Illuminate\\Pipeline\\Pipeline->Illuminate\\Pipeline\\{closure}(Object(Illuminate\\Http\\Request))
#21 /var/www/TRDSv2_laravel8_memo/vendor/laravel/framework/src/Illuminate/Pipeline/Pipeline.php(167): Illuminate\\View\\Middleware\\ShareErrorsFromSession->handle(Object(Illuminate\\Http\\Request), Object(Closure))
#22 /var/www/TRDSv2_laravel8_memo/vendor/laravel/framework/src/Illuminate/Session/Middleware/StartSession.php(121): Illuminate\\Pipeline\\Pipeline->Illuminate\\Pipeline\\{closure}(Object(Illuminate\\Http\\Request))
#23 /var/www/TRDSv2_laravel8_memo/vendor/laravel/framework/src/Illuminate/Session/Middleware/StartSession.php(64): Illuminate\\Session\\Middleware\\StartSession->handleStatefulRequest(Object(Illuminate\\Http\\Request), Object(Illuminate\\Session\\Store), Object(Closure))
#24 /var/www/TRDSv2_laravel8_memo/vendor/laravel/framework/src/Illuminate/Pipeline/Pipeline.php(167): Illuminate\\Session\\Middleware\\StartSession->handle(Object(Illuminate\\Http\\Request), Object(Closure))
#25 /var/www/TRDSv2_laravel8_memo/vendor/laravel/framework/src/Illuminate/Cookie/Middleware/AddQueuedCookiesToResponse.php(37): Illuminate\\Pipeline\\Pipeline->Illuminate\\Pipeline\\{closure}(Object(Illuminate\\Http\\Request))
#26 /var/www/TRDSv2_laravel8_memo/vendor/laravel/framework/src/Illuminate/Pipeline/Pipeline.php(167): Illuminate\\Cookie\\Middleware\\AddQueuedCookiesToResponse->handle(Object(Illuminate\\Http\\Request), Object(Closure))
#27 /var/www/TRDSv2_laravel8_memo/vendor/laravel/framework/src/Illuminate/Cookie/Middleware/EncryptCookies.php(67): Illuminate\\Pipeline\\Pipeline->Illuminate\\Pipeline\\{closure}(Object(Illuminate\\Http\\Request))
#28 /var/www/TRDSv2_laravel8_memo/vendor/laravel/framework/src/Illuminate/Pipeline/Pipeline.php(167): Illuminate\\Cookie\\Middleware\\EncryptCookies->handle(Object(Illuminate\\Http\\Request), Object(Closure))
#29 /var/www/TRDSv2_laravel8_memo/vendor/laravel/framework/src/Illuminate/Pipeline/Pipeline.php(103): Illuminate\\Pipeline\\Pipeline->Illuminate\\Pipeline\\{closure}(Object(Illuminate\\Http\\Request))
#30 /var/www/TRDSv2_laravel8_memo/vendor/laravel/framework/src/Illuminate/Routing/Router.php(723): Illuminate\\Pipeline\\Pipeline->then(Object(Closure))
#31 /var/www/TRDSv2_laravel8_memo/vendor/laravel/framework/src/Illuminate/Routing/Router.php(698): Illuminate\\Routing\\Router->runRouteWithinStack(Object(Illuminate\\Routing\\Route), Object(Illuminate\\Http\\Request))
#32 /var/www/TRDSv2_laravel8_memo/vendor/laravel/framework/src/Illuminate/Routing/Router.php(662): Illuminate\\Routing\\Router->runRoute(Object(Illuminate\\Http\\Request), Object(Illuminate\\Routing\\Route))
#33 /var/www/TRDSv2_laravel8_memo/vendor/laravel/framework/src/Illuminate/Routing/Router.php(651): Illuminate\\Routing\\Router->dispatchToRoute(Object(Illuminate\\Http\\Request))
#34 /var/www/TRDSv2_laravel8_memo/vendor/laravel/framework/src/Illuminate/Foundation/Http/Kernel.php(167): Illuminate\\Routing\\Router->dispatch(Object(Illuminate\\Http\\Request))
#35 /var/www/TRDSv2_laravel8_memo/vendor/laravel/framework/src/Illuminate/Pipeline/Pipeline.php(128): Illuminate\\Foundation\\Http\\Kernel->Illuminate\\Foundation\\Http\\{closure}(Object(Illuminate\\Http\\Request))
#36 /var/www/TRDSv2_laravel8_memo/vendor/laravel/framework/src/Illuminate/Foundation/Http/Middleware/TransformsRequest.php(21): Illuminate\\Pipeline\\Pipeline->Illuminate\\Pipeline\\{closure}(Object(Illuminate\\Http\\Request))
#37 /var/www/TRDSv2_laravel8_memo/vendor/laravel/framework/src/Illuminate/Foundation/Http/Middleware/ConvertEmptyStringsToNull.php(31): Illuminate\\Foundation\\Http\\Middleware\\TransformsRequest->handle(Object(Illuminate\\Http\\Request), Object(Closure))
#38 /var/www/TRDSv2_laravel8_memo/vendor/laravel/framework/src/Illuminate/Pipeline/Pipeline.php(167): Illuminate\\Foundation\\Http\\Middleware\\ConvertEmptyStringsToNull->handle(Object(Illuminate\\Http\\Request), Object(Closure))
#39 /var/www/TRDSv2_laravel8_memo/vendor/laravel/framework/src/Illuminate/Foundation/Http/Middleware/TransformsRequest.php(21): Illuminate\\Pipeline\\Pipeline->Illuminate\\Pipeline\\{closure}(Object(Illuminate\\Http\\Request))
#40 /var/www/TRDSv2_laravel8_memo/vendor/laravel/framework/src/Illuminate/Foundation/Http/Middleware/TrimStrings.php(40): Illuminate\\Foundation\\Http\\Middleware\\TransformsRequest->handle(Object(Illuminate\\Http\\Request), Object(Closure))
#41 /var/www/TRDSv2_laravel8_memo/vendor/laravel/framework/src/Illuminate/Pipeline/Pipeline.php(167): Illuminate\\Foundation\\Http\\Middleware\\TrimStrings->handle(Object(Illuminate\\Http\\Request), Object(Closure))
#42 /var/www/TRDSv2_laravel8_memo/vendor/laravel/framework/src/Illuminate/Foundation/Http/Middleware/ValidatePostSize.php(27): Illuminate\\Pipeline\\Pipeline->Illuminate\\Pipeline\\{closure}(Object(Illuminate\\Http\\Request))
#43 /var/www/TRDSv2_laravel8_memo/vendor/laravel/framework/src/Illuminate/Pipeline/Pipeline.php(167): Illuminate\\Foundation\\Http\\Middleware\\ValidatePostSize->handle(Object(Illuminate\\Http\\Request), Object(Closure))
#44 /var/www/TRDSv2_laravel8_memo/vendor/laravel/framework/src/Illuminate/Foundation/Http/Middleware/PreventRequestsDuringMaintenance.php(86): Illuminate\\Pipeline\\Pipeline->Illuminate\\Pipeline\\{closure}(Object(Illuminate\\Http\\Request))
#45 /var/www/TRDSv2_laravel8_memo/vendor/laravel/framework/src/Illuminate/Pipeline/Pipeline.php(167): Illuminate\\Foundation\\Http\\Middleware\\PreventRequestsDuringMaintenance->handle(Object(Illuminate\\Http\\Request), Object(Closure))
#46 /var/www/TRDSv2_laravel8_memo/vendor/fideloper/proxy/src/TrustProxies.php(57): Illuminate\\Pipeline\\Pipeline->Illuminate\\Pipeline\\{closure}(Object(Illuminate\\Http\\Request))
#47 /var/www/TRDSv2_laravel8_memo/vendor/laravel/framework/src/Illuminate/Pipeline/Pipeline.php(167): Fideloper\\Proxy\\TrustProxies->handle(Object(Illuminate\\Http\\Request), Object(Closure))
#48 /var/www/TRDSv2_laravel8_memo/vendor/laravel/framework/src/Illuminate/Pipeline/Pipeline.php(103): Illuminate\\Pipeline\\Pipeline->Illuminate\\Pipeline\\{closure}(Object(Illuminate\\Http\\Request))
#49 /var/www/TRDSv2_laravel8_memo/vendor/laravel/framework/src/Illuminate/Foundation/Http/Kernel.php(142): Illuminate\\Pipeline\\Pipeline->then(Object(Closure))
#50 /var/www/TRDSv2_laravel8_memo/vendor/laravel/framework/src/Illuminate/Foundation/Http/Kernel.php(111): Illuminate\\Foundation\\Http\\Kernel->sendRequestThroughRouter(Object(Illuminate\\Http\\Request))
#51 /var/www/TRDSv2_laravel8_memo/index.php(55): Illuminate\\Foundation\\Http\\Kernel->handle(Object(Illuminate\\Http\\Request))
#52 {main}
"} 
[2026-07-10 20:44:30] local.ERROR: SQLSTATE[42S22]: Column not found: 1054 Unknown column 'text_oper_approved_confirmed_by' in 'field list' (SQL: update `qc_slips` set `text_oper_approved_confirmed_by` = Visual | Assembly | Others, `qc_slips`.`updated_at` = 2026-07-10 20:44:30 where `id` = 4) {"exception":"[object] (Illuminate\\Database\\QueryException(code: 42S22): SQLSTATE[42S22]: Column not found: 1054 Unknown column 'text_oper_approved_confirmed_by' in 'field list' (SQL: update `qc_slips` set `text_oper_approved_confirmed_by` = Visual | Assembly | Others, `qc_slips`.`updated_at` = 2026-07-10 20:44:30 where `id` = 4) at /var/www/TRDSv2_laravel8_memo/vendor/laravel/framework/src/Illuminate/Database/Connection.php:712)
[stacktrace]
#0 /var/www/TRDSv2_laravel8_memo/vendor/laravel/framework/src/Illuminate/Database/Connection.php(672): Illuminate\\Database\\Connection->runQueryCallback('update `qc_slip...', Array, Object(Closure))
#1 /var/www/TRDSv2_laravel8_memo/vendor/laravel/framework/src/Illuminate/Database/Connection.php(533): Illuminate\\Database\\Connection->run('update `qc_slip...', Array, Object(Closure))
#2 /var/www/TRDSv2_laravel8_memo/vendor/laravel/framework/src/Illuminate/Database/Connection.php(466): Illuminate\\Database\\Connection->affectingStatement('update `qc_slip...', Array)
#3 /var/www/TRDSv2_laravel8_memo/vendor/laravel/framework/src/Illuminate/Database/Query/Builder.php(3063): Illuminate\\Database\\Connection->update('update `qc_slip...', Array)
#4 /var/www/TRDSv2_laravel8_memo/vendor/laravel/framework/src/Illuminate/Database/Eloquent/Builder.php(921): Illuminate\\Database\\Query\\Builder->update(Array)
#5 /var/www/TRDSv2_laravel8_memo/app/Http/Controllers/QualificationCertificationController.php(606): Illuminate\\Database\\Eloquent\\Builder->update(Array)
#6 /var/www/TRDSv2_laravel8_memo/vendor/laravel/framework/src/Illuminate/Routing/Controller.php(54): App\\Http\\Controllers\\QualificationCertificationController->saveQualificationCertificationOper(Object(Illuminate\\Http\\Request))
#7 /var/www/TRDSv2_laravel8_memo/vendor/laravel/framework/src/Illuminate/Routing/ControllerDispatcher.php(45): Illuminate\\Routing\\Controller->callAction('saveQualificati...', Array)
#8 /var/www/TRDSv2_laravel8_memo/vendor/laravel/framework/src/Illuminate/Routing/Route.php(262): Illuminate\\Routing\\ControllerDispatcher->dispatch(Object(Illuminate\\Routing\\Route), Object(App\\Http\\Controllers\\QualificationCertificationController), 'saveQualificati...')
#9 /var/www/TRDSv2_laravel8_memo/vendor/laravel/framework/src/Illuminate/Routing/Route.php(205): Illuminate\\Routing\\Route->runController()
#10 /var/www/TRDSv2_laravel8_memo/vendor/laravel/framework/src/Illuminate/Routing/Router.php(721): Illuminate\\Routing\\Route->run()
#11 /var/www/TRDSv2_laravel8_memo/vendor/laravel/framework/src/Illuminate/Pipeline/Pipeline.php(128): Illuminate\\Routing\\Router->Illuminate\\Routing\\{closure}(Object(Illuminate\\Http\\Request))
#12 /var/www/TRDSv2_laravel8_memo/app/Http/Middleware/CheckSession.php(55): Illuminate\\Pipeline\\Pipeline->Illuminate\\Pipeline\\{closure}(Object(Illuminate\\Http\\Request))
#13 /var/www/TRDSv2_laravel8_memo/vendor/laravel/framework/src/Illuminate/Pipeline/Pipeline.php(167): App\\Http\\Middleware\\CheckSession->handle(Object(Illuminate\\Http\\Request), Object(Closure))
#14 /var/www/TRDSv2_laravel8_memo/vendor/laravel/framework/src/Illuminate/Routing/Middleware/SubstituteBindings.php(50): Illuminate\\Pipeline\\Pipeline->Illuminate\\Pipeline\\{closure}(Object(Illuminate\\Http\\Request))
#15 /var/www/TRDSv2_laravel8_memo/vendor/laravel/framework/src/Illuminate/Pipeline/Pipeline.php(167): Illuminate\\Routing\\Middleware\\SubstituteBindings->handle(Object(Illuminate\\Http\\Request), Object(Closure))
#16 /var/www/TRDSv2_laravel8_memo/vendor/laravel/framework/src/Illuminate/Foundation/Http/Middleware/VerifyCsrfToken.php(78): Illuminate\\Pipeline\\Pipeline->Illuminate\\Pipeline\\{closure}(Object(Illuminate\\Http\\Request))
#17 /var/www/TRDSv2_laravel8_memo/vendor/laravel/framework/src/Illuminate/Pipeline/Pipeline.php(167): Illuminate\\Foundation\\Http\\Middleware\\VerifyCsrfToken->handle(Object(Illuminate\\Http\\Request), Object(Closure))
#18 /var/www/TRDSv2_laravel8_memo/vendor/laravel/framework/src/Illuminate/View/Middleware/ShareErrorsFromSession.php(49): Illuminate\\Pipeline\\Pipeline->Illuminate\\Pipeline\\{closure}(Object(Illuminate\\Http\\Request))
#19 /var/www/TRDSv2_laravel8_memo/vendor/laravel/framework/src/Illuminate/Pipeline/Pipeline.php(167): Illuminate\\View\\Middleware\\ShareErrorsFromSession->handle(Object(Illuminate\\Http\\Request), Object(Closure))
#20 /var/www/TRDSv2_laravel8_memo/vendor/laravel/framework/src/Illuminate/Session/Middleware/StartSession.php(121): Illuminate\\Pipeline\\Pipeline->Illuminate\\Pipeline\\{closure}(Object(Illuminate\\Http\\Request))
#21 /var/www/TRDSv2_laravel8_memo/vendor/laravel/framework/src/Illuminate/Session/Middleware/StartSession.php(64): Illuminate\\Session\\Middleware\\StartSession->handleStatefulRequest(Object(Illuminate\\Http\\Request), Object(Illuminate\\Session\\Store), Object(Closure))
#22 /var/www/TRDSv2_laravel8_memo/vendor/laravel/framework/src/Illuminate/Pipeline/Pipeline.php(167): Illuminate\\Session\\Middleware\\StartSession->handle(Object(Illuminate\\Http\\Request), Object(Closure))
#23 /var/www/TRDSv2_laravel8_memo/vendor/laravel/framework/src/Illuminate/Cookie/Middleware/AddQueuedCookiesToResponse.php(37): Illuminate\\Pipeline\\Pipeline->Illuminate\\Pipeline\\{closure}(Object(Illuminate\\Http\\Request))
#24 /var/www/TRDSv2_laravel8_memo/vendor/laravel/framework/src/Illuminate/Pipeline/Pipeline.php(167): Illuminate\\Cookie\\Middleware\\AddQueuedCookiesToResponse->handle(Object(Illuminate\\Http\\Request), Object(Closure))
#25 /var/www/TRDSv2_laravel8_memo/vendor/laravel/framework/src/Illuminate/Cookie/Middleware/EncryptCookies.php(67): Illuminate\\Pipeline\\Pipeline->Illuminate\\Pipeline\\{closure}(Object(Illuminate\\Http\\Request))
#26 /var/www/TRDSv2_laravel8_memo/vendor/laravel/framework/src/Illuminate/Pipeline/Pipeline.php(167): Illuminate\\Cookie\\Middleware\\EncryptCookies->handle(Object(Illuminate\\Http\\Request), Object(Closure))
#27 /var/www/TRDSv2_laravel8_memo/vendor/laravel/framework/src/Illuminate/Pipeline/Pipeline.php(103): Illuminate\\Pipeline\\Pipeline->Illuminate\\Pipeline\\{closure}(Object(Illuminate\\Http\\Request))
#28 /var/www/TRDSv2_laravel8_memo/vendor/laravel/framework/src/Illuminate/Routing/Router.php(723): Illuminate\\Pipeline\\Pipeline->then(Object(Closure))
#29 /var/www/TRDSv2_laravel8_memo/vendor/laravel/framework/src/Illuminate/Routing/Router.php(698): Illuminate\\Routing\\Router->runRouteWithinStack(Object(Illuminate\\Routing\\Route), Object(Illuminate\\Http\\Request))
#30 /var/www/TRDSv2_laravel8_memo/vendor/laravel/framework/src/Illuminate/Routing/Router.php(662): Illuminate\\Routing\\Router->runRoute(Object(Illuminate\\Http\\Request), Object(Illuminate\\Routing\\Route))
#31 /var/www/TRDSv2_laravel8_memo/vendor/laravel/framework/src/Illuminate/Routing/Router.php(651): Illuminate\\Routing\\Router->dispatchToRoute(Object(Illuminate\\Http\\Request))
#32 /var/www/TRDSv2_laravel8_memo/vendor/laravel/framework/src/Illuminate/Foundation/Http/Kernel.php(167): Illuminate\\Routing\\Router->dispatch(Object(Illuminate\\Http\\Request))
#33 /var/www/TRDSv2_laravel8_memo/vendor/laravel/framework/src/Illuminate/Pipeline/Pipeline.php(128): Illuminate\\Foundation\\Http\\Kernel->Illuminate\\Foundation\\Http\\{closure}(Object(Illuminate\\Http\\Request))
#34 /var/www/TRDSv2_laravel8_memo/vendor/laravel/framework/src/Illuminate/Foundation/Http/Middleware/TransformsRequest.php(21): Illuminate\\Pipeline\\Pipeline->Illuminate\\Pipeline\\{closure}(Object(Illuminate\\Http\\Request))
#35 /var/www/TRDSv2_laravel8_memo/vendor/laravel/framework/src/Illuminate/Foundation/Http/Middleware/ConvertEmptyStringsToNull.php(31): Illuminate\\Foundation\\Http\\Middleware\\TransformsRequest->handle(Object(Illuminate\\Http\\Request), Object(Closure))
#36 /var/www/TRDSv2_laravel8_memo/vendor/laravel/framework/src/Illuminate/Pipeline/Pipeline.php(167): Illuminate\\Foundation\\Http\\Middleware\\ConvertEmptyStringsToNull->handle(Object(Illuminate\\Http\\Request), Object(Closure))
#37 /var/www/TRDSv2_laravel8_memo/vendor/laravel/framework/src/Illuminate/Foundation/Http/Middleware/TransformsRequest.php(21): Illuminate\\Pipeline\\Pipeline->Illuminate\\Pipeline\\{closure}(Object(Illuminate\\Http\\Request))
#38 /var/www/TRDSv2_laravel8_memo/vendor/laravel/framework/src/Illuminate/Foundation/Http/Middleware/TrimStrings.php(40): Illuminate\\Foundation\\Http\\Middleware\\TransformsRequest->handle(Object(Illuminate\\Http\\Request), Object(Closure))
#39 /var/www/TRDSv2_laravel8_memo/vendor/laravel/framework/src/Illuminate/Pipeline/Pipeline.php(167): Illuminate\\Foundation\\Http\\Middleware\\TrimStrings->handle(Object(Illuminate\\Http\\Request), Object(Closure))
#40 /var/www/TRDSv2_laravel8_memo/vendor/laravel/framework/src/Illuminate/Foundation/Http/Middleware/ValidatePostSize.php(27): Illuminate\\Pipeline\\Pipeline->Illuminate\\Pipeline\\{closure}(Object(Illuminate\\Http\\Request))
#41 /var/www/TRDSv2_laravel8_memo/vendor/laravel/framework/src/Illuminate/Pipeline/Pipeline.php(167): Illuminate\\Foundation\\Http\\Middleware\\ValidatePostSize->handle(Object(Illuminate\\Http\\Request), Object(Closure))
#42 /var/www/TRDSv2_laravel8_memo/vendor/laravel/framework/src/Illuminate/Foundation/Http/Middleware/PreventRequestsDuringMaintenance.php(86): Illuminate\\Pipeline\\Pipeline->Illuminate\\Pipeline\\{closure}(Object(Illuminate\\Http\\Request))
#43 /var/www/TRDSv2_laravel8_memo/vendor/laravel/framework/src/Illuminate/Pipeline/Pipeline.php(167): Illuminate\\Foundation\\Http\\Middleware\\PreventRequestsDuringMaintenance->handle(Object(Illuminate\\Http\\Request), Object(Closure))
#44 /var/www/TRDSv2_laravel8_memo/vendor/fideloper/proxy/src/TrustProxies.php(57): Illuminate\\Pipeline\\Pipeline->Illuminate\\Pipeline\\{closure}(Object(Illuminate\\Http\\Request))
#45 /var/www/TRDSv2_laravel8_memo/vendor/laravel/framework/src/Illuminate/Pipeline/Pipeline.php(167): Fideloper\\Proxy\\TrustProxies->handle(Object(Illuminate\\Http\\Request), Object(Closure))
#46 /var/www/TRDSv2_laravel8_memo/vendor/laravel/framework/src/Illuminate/Pipeline/Pipeline.php(103): Illuminate\\Pipeline\\Pipeline->Illuminate\\Pipeline\\{closure}(Object(Illuminate\\Http\\Request))
#47 /var/www/TRDSv2_laravel8_memo/vendor/laravel/framework/src/Illuminate/Foundation/Http/Kernel.php(142): Illuminate\\Pipeline\\Pipeline->then(Object(Closure))
#48 /var/www/TRDSv2_laravel8_memo/vendor/laravel/framework/src/Illuminate/Foundation/Http/Kernel.php(111): Illuminate\\Foundation\\Http\\Kernel->sendRequestThroughRouter(Object(Illuminate\\Http\\Request))
#49 /var/www/TRDSv2_laravel8_memo/index.php(55): Illuminate\\Foundation\\Http\\Kernel->handle(Object(Illuminate\\Http\\Request))
#50 {main}

[previous exception] [object] (PDOException(code: 42S22): SQLSTATE[42S22]: Column not found: 1054 Unknown column 'text_oper_approved_confirmed_by' in 'field list' at /var/www/TRDSv2_laravel8_memo/vendor/laravel/framework/src/Illuminate/Database/Connection.php:522)
[stacktrace]
#0 /var/www/TRDSv2_laravel8_memo/vendor/laravel/framework/src/Illuminate/Database/Connection.php(522): PDO->prepare('update `qc_slip...')
#1 /var/www/TRDSv2_laravel8_memo/vendor/laravel/framework/src/Illuminate/Database/Connection.php(705): Illuminate\\Database\\Connection->Illuminate\\Database\\{closure}('update `qc_slip...', Array)
#2 /var/www/TRDSv2_laravel8_memo/vendor/laravel/framework/src/Illuminate/Database/Connection.php(672): Illuminate\\Database\\Connection->runQueryCallback('update `qc_slip...', Array, Object(Closure))
#3 /var/www/TRDSv2_laravel8_memo/vendor/laravel/framework/src/Illuminate/Database/Connection.php(533): Illuminate\\Database\\Connection->run('update `qc_slip...', Array, Object(Closure))
#4 /var/www/TRDSv2_laravel8_memo/vendor/laravel/framework/src/Illuminate/Database/Connection.php(466): Illuminate\\Database\\Connection->affectingStatement('update `qc_slip...', Array)
#5 /var/www/TRDSv2_laravel8_memo/vendor/laravel/framework/src/Illuminate/Database/Query/Builder.php(3063): Illuminate\\Database\\Connection->update('update `qc_slip...', Array)
#6 /var/www/TRDSv2_laravel8_memo/vendor/laravel/framework/src/Illuminate/Database/Eloquent/Builder.php(921): Illuminate\\Database\\Query\\Builder->update(Array)
#7 /var/www/TRDSv2_laravel8_memo/app/Http/Controllers/QualificationCertificationController.php(606): Illuminate\\Database\\Eloquent\\Builder->update(Array)
#8 /var/www/TRDSv2_laravel8_memo/vendor/laravel/framework/src/Illuminate/Routing/Controller.php(54): App\\Http\\Controllers\\QualificationCertificationController->saveQualificationCertificationOper(Object(Illuminate\\Http\\Request))
#9 /var/www/TRDSv2_laravel8_memo/vendor/laravel/framework/src/Illuminate/Routing/ControllerDispatcher.php(45): Illuminate\\Routing\\Controller->callAction('saveQualificati...', Array)
#10 /var/www/TRDSv2_laravel8_memo/vendor/laravel/framework/src/Illuminate/Routing/Route.php(262): Illuminate\\Routing\\ControllerDispatcher->dispatch(Object(Illuminate\\Routing\\Route), Object(App\\Http\\Controllers\\QualificationCertificationController), 'saveQualificati...')
#11 /var/www/TRDSv2_laravel8_memo/vendor/laravel/framework/src/Illuminate/Routing/Route.php(205): Illuminate\\Routing\\Route->runController()
#12 /var/www/TRDSv2_laravel8_memo/vendor/laravel/framework/src/Illuminate/Routing/Router.php(721): Illuminate\\Routing\\Route->run()
#13 /var/www/TRDSv2_laravel8_memo/vendor/laravel/framework/src/Illuminate/Pipeline/Pipeline.php(128): Illuminate\\Routing\\Router->Illuminate\\Routing\\{closure}(Object(Illuminate\\Http\\Request))
#14 /var/www/TRDSv2_laravel8_memo/app/Http/Middleware/CheckSession.php(55): Illuminate\\Pipeline\\Pipeline->Illuminate\\Pipeline\\{closure}(Object(Illuminate\\Http\\Request))
#15 /var/www/TRDSv2_laravel8_memo/vendor/laravel/framework/src/Illuminate/Pipeline/Pipeline.php(167): App\\Http\\Middleware\\CheckSession->handle(Object(Illuminate\\Http\\Request), Object(Closure))
#16 /var/www/TRDSv2_laravel8_memo/vendor/laravel/framework/src/Illuminate/Routing/Middleware/SubstituteBindings.php(50): Illuminate\\Pipeline\\Pipeline->Illuminate\\Pipeline\\{closure}(Object(Illuminate\\Http\\Request))
#17 /var/www/TRDSv2_laravel8_memo/vendor/laravel/framework/src/Illuminate/Pipeline/Pipeline.php(167): Illuminate\\Routing\\Middleware\\SubstituteBindings->handle(Object(Illuminate\\Http\\Request), Object(Closure))
#18 /var/www/TRDSv2_laravel8_memo/vendor/laravel/framework/src/Illuminate/Foundation/Http/Middleware/VerifyCsrfToken.php(78): Illuminate\\Pipeline\\Pipeline->Illuminate\\Pipeline\\{closure}(Object(Illuminate\\Http\\Request))
#19 /var/www/TRDSv2_laravel8_memo/vendor/laravel/framework/src/Illuminate/Pipeline/Pipeline.php(167): Illuminate\\Foundation\\Http\\Middleware\\VerifyCsrfToken->handle(Object(Illuminate\\Http\\Request), Object(Closure))
#20 /var/www/TRDSv2_laravel8_memo/vendor/laravel/framework/src/Illuminate/View/Middleware/ShareErrorsFromSession.php(49): Illuminate\\Pipeline\\Pipeline->Illuminate\\Pipeline\\{closure}(Object(Illuminate\\Http\\Request))
#21 /var/www/TRDSv2_laravel8_memo/vendor/laravel/framework/src/Illuminate/Pipeline/Pipeline.php(167): Illuminate\\View\\Middleware\\ShareErrorsFromSession->handle(Object(Illuminate\\Http\\Request), Object(Closure))
#22 /var/www/TRDSv2_laravel8_memo/vendor/laravel/framework/src/Illuminate/Session/Middleware/StartSession.php(121): Illuminate\\Pipeline\\Pipeline->Illuminate\\Pipeline\\{closure}(Object(Illuminate\\Http\\Request))
#23 /var/www/TRDSv2_laravel8_memo/vendor/laravel/framework/src/Illuminate/Session/Middleware/StartSession.php(64): Illuminate\\Session\\Middleware\\StartSession->handleStatefulRequest(Object(Illuminate\\Http\\Request), Object(Illuminate\\Session\\Store), Object(Closure))
#24 /var/www/TRDSv2_laravel8_memo/vendor/laravel/framework/src/Illuminate/Pipeline/Pipeline.php(167): Illuminate\\Session\\Middleware\\StartSession->handle(Object(Illuminate\\Http\\Request), Object(Closure))
#25 /var/www/TRDSv2_laravel8_memo/vendor/laravel/framework/src/Illuminate/Cookie/Middleware/AddQueuedCookiesToResponse.php(37): Illuminate\\Pipeline\\Pipeline->Illuminate\\Pipeline\\{closure}(Object(Illuminate\\Http\\Request))
#26 /var/www/TRDSv2_laravel8_memo/vendor/laravel/framework/src/Illuminate/Pipeline/Pipeline.php(167): Illuminate\\Cookie\\Middleware\\AddQueuedCookiesToResponse->handle(Object(Illuminate\\Http\\Request), Object(Closure))
#27 /var/www/TRDSv2_laravel8_memo/vendor/laravel/framework/src/Illuminate/Cookie/Middleware/EncryptCookies.php(67): Illuminate\\Pipeline\\Pipeline->Illuminate\\Pipeline\\{closure}(Object(Illuminate\\Http\\Request))
#28 /var/www/TRDSv2_laravel8_memo/vendor/laravel/framework/src/Illuminate/Pipeline/Pipeline.php(167): Illuminate\\Cookie\\Middleware\\EncryptCookies->handle(Object(Illuminate\\Http\\Request), Object(Closure))
#29 /var/www/TRDSv2_laravel8_memo/vendor/laravel/framework/src/Illuminate/Pipeline/Pipeline.php(103): Illuminate\\Pipeline\\Pipeline->Illuminate\\Pipeline\\{closure}(Object(Illuminate\\Http\\Request))
#30 /var/www/TRDSv2_laravel8_memo/vendor/laravel/framework/src/Illuminate/Routing/Router.php(723): Illuminate\\Pipeline\\Pipeline->then(Object(Closure))
#31 /var/www/TRDSv2_laravel8_memo/vendor/laravel/framework/src/Illuminate/Routing/Router.php(698): Illuminate\\Routing\\Router->runRouteWithinStack(Object(Illuminate\\Routing\\Route), Object(Illuminate\\Http\\Request))
#32 /var/www/TRDSv2_laravel8_memo/vendor/laravel/framework/src/Illuminate/Routing/Router.php(662): Illuminate\\Routing\\Router->runRoute(Object(Illuminate\\Http\\Request), Object(Illuminate\\Routing\\Route))
#33 /var/www/TRDSv2_laravel8_memo/vendor/laravel/framework/src/Illuminate/Routing/Router.php(651): Illuminate\\Routing\\Router->dispatchToRoute(Object(Illuminate\\Http\\Request))
#34 /var/www/TRDSv2_laravel8_memo/vendor/laravel/framework/src/Illuminate/Foundation/Http/Kernel.php(167): Illuminate\\Routing\\Router->dispatch(Object(Illuminate\\Http\\Request))
#35 /var/www/TRDSv2_laravel8_memo/vendor/laravel/framework/src/Illuminate/Pipeline/Pipeline.php(128): Illuminate\\Foundation\\Http\\Kernel->Illuminate\\Foundation\\Http\\{closure}(Object(Illuminate\\Http\\Request))
#36 /var/www/TRDSv2_laravel8_memo/vendor/laravel/framework/src/Illuminate/Foundation/Http/Middleware/TransformsRequest.php(21): Illuminate\\Pipeline\\Pipeline->Illuminate\\Pipeline\\{closure}(Object(Illuminate\\Http\\Request))
#37 /var/www/TRDSv2_laravel8_memo/vendor/laravel/framework/src/Illuminate/Foundation/Http/Middleware/ConvertEmptyStringsToNull.php(31): Illuminate\\Foundation\\Http\\Middleware\\TransformsRequest->handle(Object(Illuminate\\Http\\Request), Object(Closure))
#38 /var/www/TRDSv2_laravel8_memo/vendor/laravel/framework/src/Illuminate/Pipeline/Pipeline.php(167): Illuminate\\Foundation\\Http\\Middleware\\ConvertEmptyStringsToNull->handle(Object(Illuminate\\Http\\Request), Object(Closure))
#39 /var/www/TRDSv2_laravel8_memo/vendor/laravel/framework/src/Illuminate/Foundation/Http/Middleware/TransformsRequest.php(21): Illuminate\\Pipeline\\Pipeline->Illuminate\\Pipeline\\{closure}(Object(Illuminate\\Http\\Request))
#40 /var/www/TRDSv2_laravel8_memo/vendor/laravel/framework/src/Illuminate/Foundation/Http/Middleware/TrimStrings.php(40): Illuminate\\Foundation\\Http\\Middleware\\TransformsRequest->handle(Object(Illuminate\\Http\\Request), Object(Closure))
#41 /var/www/TRDSv2_laravel8_memo/vendor/laravel/framework/src/Illuminate/Pipeline/Pipeline.php(167): Illuminate\\Foundation\\Http\\Middleware\\TrimStrings->handle(Object(Illuminate\\Http\\Request), Object(Closure))
#42 /var/www/TRDSv2_laravel8_memo/vendor/laravel/framework/src/Illuminate/Foundation/Http/Middleware/ValidatePostSize.php(27): Illuminate\\Pipeline\\Pipeline->Illuminate\\Pipeline\\{closure}(Object(Illuminate\\Http\\Request))
#43 /var/www/TRDSv2_laravel8_memo/vendor/laravel/framework/src/Illuminate/Pipeline/Pipeline.php(167): Illuminate\\Foundation\\Http\\Middleware\\ValidatePostSize->handle(Object(Illuminate\\Http\\Request), Object(Closure))
#44 /var/www/TRDSv2_laravel8_memo/vendor/laravel/framework/src/Illuminate/Foundation/Http/Middleware/PreventRequestsDuringMaintenance.php(86): Illuminate\\Pipeline\\Pipeline->Illuminate\\Pipeline\\{closure}(Object(Illuminate\\Http\\Request))
#45 /var/www/TRDSv2_laravel8_memo/vendor/laravel/framework/src/Illuminate/Pipeline/Pipeline.php(167): Illuminate\\Foundation\\Http\\Middleware\\PreventRequestsDuringMaintenance->handle(Object(Illuminate\\Http\\Request), Object(Closure))
#46 /var/www/TRDSv2_laravel8_memo/vendor/fideloper/proxy/src/TrustProxies.php(57): Illuminate\\Pipeline\\Pipeline->Illuminate\\Pipeline\\{closure}(Object(Illuminate\\Http\\Request))
#47 /var/www/TRDSv2_laravel8_memo/vendor/laravel/framework/src/Illuminate/Pipeline/Pipeline.php(167): Fideloper\\Proxy\\TrustProxies->handle(Object(Illuminate\\Http\\Request), Object(Closure))
#48 /var/www/TRDSv2_laravel8_memo/vendor/laravel/framework/src/Illuminate/Pipeline/Pipeline.php(103): Illuminate\\Pipeline\\Pipeline->Illuminate\\Pipeline\\{closure}(Object(Illuminate\\Http\\Request))
#49 /var/www/TRDSv2_laravel8_memo/vendor/laravel/framework/src/Illuminate/Foundation/Http/Kernel.php(142): Illuminate\\Pipeline\\Pipeline->then(Object(Closure))
#50 /var/www/TRDSv2_laravel8_memo/vendor/laravel/framework/src/Illuminate/Foundation/Http/Kernel.php(111): Illuminate\\Foundation\\Http\\Kernel->sendRequestThroughRouter(Object(Illuminate\\Http\\Request))
#51 /var/www/TRDSv2_laravel8_memo/index.php(55): Illuminate\\Foundation\\Http\\Kernel->handle(Object(Illuminate\\Http\\Request))
#52 {main}
"} 
[2026-07-10 20:45:00] local.ERROR: SQLSTATE[42S22]: Column not found: 1054 Unknown column 'decision_status' in 'field list' (SQL: insert into `c_qc_certifications` (`qc_slips_id`, `decision_status`, `obs_first_result_qcs_oper`, `obs_second_result_qcs_oper`, `first_sample_qcs_oper`, `second_sample_qcs_oper`, `first_ok_qcs_oper`, `first_ng_qcs_oper`, `second_ok_qcs_oper`, `second_ng_qcs_oper`, `updated_by`, `qcs_station_1st_oper`, `qcs_station_2nd_oper`) values (4, APP, PASSED, FAILED, 1, 1, 1, 1, 1, 1, R152, Visual | Assembly | Others, Visual | Assembly | Others)) {"exception":"[object] (Illuminate\\Database\\QueryException(code: 42S22): SQLSTATE[42S22]: Column not found: 1054 Unknown column 'decision_status' in 'field list' (SQL: insert into `c_qc_certifications` (`qc_slips_id`, `decision_status`, `obs_first_result_qcs_oper`, `obs_second_result_qcs_oper`, `first_sample_qcs_oper`, `second_sample_qcs_oper`, `first_ok_qcs_oper`, `first_ng_qcs_oper`, `second_ok_qcs_oper`, `second_ng_qcs_oper`, `updated_by`, `qcs_station_1st_oper`, `qcs_station_2nd_oper`) values (4, APP, PASSED, FAILED, 1, 1, 1, 1, 1, 1, R152, Visual | Assembly | Others, Visual | Assembly | Others)) at /var/www/TRDSv2_laravel8_memo/vendor/laravel/framework/src/Illuminate/Database/Connection.php:712)
[stacktrace]
#0 /var/www/TRDSv2_laravel8_memo/vendor/laravel/framework/src/Illuminate/Database/Connection.php(672): Illuminate\\Database\\Connection->runQueryCallback('insert into `c_...', Array, Object(Closure))
#1 /var/www/TRDSv2_laravel8_memo/vendor/laravel/framework/src/Illuminate/Database/Connection.php(502): Illuminate\\Database\\Connection->run('insert into `c_...', Array, Object(Closure))
#2 /var/www/TRDSv2_laravel8_memo/vendor/laravel/framework/src/Illuminate/Database/Connection.php(454): Illuminate\\Database\\Connection->statement('insert into `c_...', Array)
#3 /var/www/TRDSv2_laravel8_memo/vendor/laravel/framework/src/Illuminate/Database/Query/Builder.php(2980): Illuminate\\Database\\Connection->insert('insert into `c_...', Array)
#4 /var/www/TRDSv2_laravel8_memo/vendor/laravel/framework/src/Illuminate/Database/Eloquent/Builder.php(1657): Illuminate\\Database\\Query\\Builder->insert(Array)
#5 /var/www/TRDSv2_laravel8_memo/vendor/laravel/framework/src/Illuminate/Support/Traits/ForwardsCalls.php(23): Illuminate\\Database\\Eloquent\\Builder->__call('insert', Array)
#6 /var/www/TRDSv2_laravel8_memo/vendor/laravel/framework/src/Illuminate/Database/Eloquent/Model.php(2132): Illuminate\\Database\\Eloquent\\Model->forwardCallTo(Object(Illuminate\\Database\\Eloquent\\Builder), 'insert', Array)
#7 /var/www/TRDSv2_laravel8_memo/vendor/laravel/framework/src/Illuminate/Database/Eloquent/Model.php(2144): Illuminate\\Database\\Eloquent\\Model->__call('insert', Array)
#8 /var/www/TRDSv2_laravel8_memo/app/Http/Controllers/QualificationCertificationController.php(607): Illuminate\\Database\\Eloquent\\Model::__callStatic('insert', Array)
#9 /var/www/TRDSv2_laravel8_memo/vendor/laravel/framework/src/Illuminate/Routing/Controller.php(54): App\\Http\\Controllers\\QualificationCertificationController->saveQualificationCertificationOper(Object(Illuminate\\Http\\Request))
#10 /var/www/TRDSv2_laravel8_memo/vendor/laravel/framework/src/Illuminate/Routing/ControllerDispatcher.php(45): Illuminate\\Routing\\Controller->callAction('saveQualificati...', Array)
#11 /var/www/TRDSv2_laravel8_memo/vendor/laravel/framework/src/Illuminate/Routing/Route.php(262): Illuminate\\Routing\\ControllerDispatcher->dispatch(Object(Illuminate\\Routing\\Route), Object(App\\Http\\Controllers\\QualificationCertificationController), 'saveQualificati...')
#12 /var/www/TRDSv2_laravel8_memo/vendor/laravel/framework/src/Illuminate/Routing/Route.php(205): Illuminate\\Routing\\Route->runController()
#13 /var/www/TRDSv2_laravel8_memo/vendor/laravel/framework/src/Illuminate/Routing/Router.php(721): Illuminate\\Routing\\Route->run()
#14 /var/www/TRDSv2_laravel8_memo/vendor/laravel/framework/src/Illuminate/Pipeline/Pipeline.php(128): Illuminate\\Routing\\Router->Illuminate\\Routing\\{closure}(Object(Illuminate\\Http\\Request))
#15 /var/www/TRDSv2_laravel8_memo/app/Http/Middleware/CheckSession.php(55): Illuminate\\Pipeline\\Pipeline->Illuminate\\Pipeline\\{closure}(Object(Illuminate\\Http\\Request))
#16 /var/www/TRDSv2_laravel8_memo/vendor/laravel/framework/src/Illuminate/Pipeline/Pipeline.php(167): App\\Http\\Middleware\\CheckSession->handle(Object(Illuminate\\Http\\Request), Object(Closure))
#17 /var/www/TRDSv2_laravel8_memo/vendor/laravel/framework/src/Illuminate/Routing/Middleware/SubstituteBindings.php(50): Illuminate\\Pipeline\\Pipeline->Illuminate\\Pipeline\\{closure}(Object(Illuminate\\Http\\Request))
#18 /var/www/TRDSv2_laravel8_memo/vendor/laravel/framework/src/Illuminate/Pipeline/Pipeline.php(167): Illuminate\\Routing\\Middleware\\SubstituteBindings->handle(Object(Illuminate\\Http\\Request), Object(Closure))
#19 /var/www/TRDSv2_laravel8_memo/vendor/laravel/framework/src/Illuminate/Foundation/Http/Middleware/VerifyCsrfToken.php(78): Illuminate\\Pipeline\\Pipeline->Illuminate\\Pipeline\\{closure}(Object(Illuminate\\Http\\Request))
#20 /var/www/TRDSv2_laravel8_memo/vendor/laravel/framework/src/Illuminate/Pipeline/Pipeline.php(167): Illuminate\\Foundation\\Http\\Middleware\\VerifyCsrfToken->handle(Object(Illuminate\\Http\\Request), Object(Closure))
#21 /var/www/TRDSv2_laravel8_memo/vendor/laravel/framework/src/Illuminate/View/Middleware/ShareErrorsFromSession.php(49): Illuminate\\Pipeline\\Pipeline->Illuminate\\Pipeline\\{closure}(Object(Illuminate\\Http\\Request))
#22 /var/www/TRDSv2_laravel8_memo/vendor/laravel/framework/src/Illuminate/Pipeline/Pipeline.php(167): Illuminate\\View\\Middleware\\ShareErrorsFromSession->handle(Object(Illuminate\\Http\\Request), Object(Closure))
#23 /var/www/TRDSv2_laravel8_memo/vendor/laravel/framework/src/Illuminate/Session/Middleware/StartSession.php(121): Illuminate\\Pipeline\\Pipeline->Illuminate\\Pipeline\\{closure}(Object(Illuminate\\Http\\Request))
#24 /var/www/TRDSv2_laravel8_memo/vendor/laravel/framework/src/Illuminate/Session/Middleware/StartSession.php(64): Illuminate\\Session\\Middleware\\StartSession->handleStatefulRequest(Object(Illuminate\\Http\\Request), Object(Illuminate\\Session\\Store), Object(Closure))
#25 /var/www/TRDSv2_laravel8_memo/vendor/laravel/framework/src/Illuminate/Pipeline/Pipeline.php(167): Illuminate\\Session\\Middleware\\StartSession->handle(Object(Illuminate\\Http\\Request), Object(Closure))
#26 /var/www/TRDSv2_laravel8_memo/vendor/laravel/framework/src/Illuminate/Cookie/Middleware/AddQueuedCookiesToResponse.php(37): Illuminate\\Pipeline\\Pipeline->Illuminate\\Pipeline\\{closure}(Object(Illuminate\\Http\\Request))
#27 /var/www/TRDSv2_laravel8_memo/vendor/laravel/framework/src/Illuminate/Pipeline/Pipeline.php(167): Illuminate\\Cookie\\Middleware\\AddQueuedCookiesToResponse->handle(Object(Illuminate\\Http\\Request), Object(Closure))
#28 /var/www/TRDSv2_laravel8_memo/vendor/laravel/framework/src/Illuminate/Cookie/Middleware/EncryptCookies.php(67): Illuminate\\Pipeline\\Pipeline->Illuminate\\Pipeline\\{closure}(Object(Illuminate\\Http\\Request))
#29 /var/www/TRDSv2_laravel8_memo/vendor/laravel/framework/src/Illuminate/Pipeline/Pipeline.php(167): Illuminate\\Cookie\\Middleware\\EncryptCookies->handle(Object(Illuminate\\Http\\Request), Object(Closure))
#30 /var/www/TRDSv2_laravel8_memo/vendor/laravel/framework/src/Illuminate/Pipeline/Pipeline.php(103): Illuminate\\Pipeline\\Pipeline->Illuminate\\Pipeline\\{closure}(Object(Illuminate\\Http\\Request))
#31 /var/www/TRDSv2_laravel8_memo/vendor/laravel/framework/src/Illuminate/Routing/Router.php(723): Illuminate\\Pipeline\\Pipeline->then(Object(Closure))
#32 /var/www/TRDSv2_laravel8_memo/vendor/laravel/framework/src/Illuminate/Routing/Router.php(698): Illuminate\\Routing\\Router->runRouteWithinStack(Object(Illuminate\\Routing\\Route), Object(Illuminate\\Http\\Request))
#33 /var/www/TRDSv2_laravel8_memo/vendor/laravel/framework/src/Illuminate/Routing/Router.php(662): Illuminate\\Routing\\Router->runRoute(Object(Illuminate\\Http\\Request), Object(Illuminate\\Routing\\Route))
#34 /var/www/TRDSv2_laravel8_memo/vendor/laravel/framework/src/Illuminate/Routing/Router.php(651): Illuminate\\Routing\\Router->dispatchToRoute(Object(Illuminate\\Http\\Request))
#35 /var/www/TRDSv2_laravel8_memo/vendor/laravel/framework/src/Illuminate/Foundation/Http/Kernel.php(167): Illuminate\\Routing\\Router->dispatch(Object(Illuminate\\Http\\Request))
#36 /var/www/TRDSv2_laravel8_memo/vendor/laravel/framework/src/Illuminate/Pipeline/Pipeline.php(128): Illuminate\\Foundation\\Http\\Kernel->Illuminate\\Foundation\\Http\\{closure}(Object(Illuminate\\Http\\Request))
#37 /var/www/TRDSv2_laravel8_memo/vendor/laravel/framework/src/Illuminate/Foundation/Http/Middleware/TransformsRequest.php(21): Illuminate\\Pipeline\\Pipeline->Illuminate\\Pipeline\\{closure}(Object(Illuminate\\Http\\Request))
#38 /var/www/TRDSv2_laravel8_memo/vendor/laravel/framework/src/Illuminate/Foundation/Http/Middleware/ConvertEmptyStringsToNull.php(31): Illuminate\\Foundation\\Http\\Middleware\\TransformsRequest->handle(Object(Illuminate\\Http\\Request), Object(Closure))
#39 /var/www/TRDSv2_laravel8_memo/vendor/laravel/framework/src/Illuminate/Pipeline/Pipeline.php(167): Illuminate\\Foundation\\Http\\Middleware\\ConvertEmptyStringsToNull->handle(Object(Illuminate\\Http\\Request), Object(Closure))
#40 /var/www/TRDSv2_laravel8_memo/vendor/laravel/framework/src/Illuminate/Foundation/Http/Middleware/TransformsRequest.php(21): Illuminate\\Pipeline\\Pipeline->Illuminate\\Pipeline\\{closure}(Object(Illuminate\\Http\\Request))
#41 /var/www/TRDSv2_laravel8_memo/vendor/laravel/framework/src/Illuminate/Foundation/Http/Middleware/TrimStrings.php(40): Illuminate\\Foundation\\Http\\Middleware\\TransformsRequest->handle(Object(Illuminate\\Http\\Request), Object(Closure))
#42 /var/www/TRDSv2_laravel8_memo/vendor/laravel/framework/src/Illuminate/Pipeline/Pipeline.php(167): Illuminate\\Foundation\\Http\\Middleware\\TrimStrings->handle(Object(Illuminate\\Http\\Request), Object(Closure))
#43 /var/www/TRDSv2_laravel8_memo/vendor/laravel/framework/src/Illuminate/Foundation/Http/Middleware/ValidatePostSize.php(27): Illuminate\\Pipeline\\Pipeline->Illuminate\\Pipeline\\{closure}(Object(Illuminate\\Http\\Request))
#44 /var/www/TRDSv2_laravel8_memo/vendor/laravel/framework/src/Illuminate/Pipeline/Pipeline.php(167): Illuminate\\Foundation\\Http\\Middleware\\ValidatePostSize->handle(Object(Illuminate\\Http\\Request), Object(Closure))
#45 /var/www/TRDSv2_laravel8_memo/vendor/laravel/framework/src/Illuminate/Foundation/Http/Middleware/PreventRequestsDuringMaintenance.php(86): Illuminate\\Pipeline\\Pipeline->Illuminate\\Pipeline\\{closure}(Object(Illuminate\\Http\\Request))
#46 /var/www/TRDSv2_laravel8_memo/vendor/laravel/framework/src/Illuminate/Pipeline/Pipeline.php(167): Illuminate\\Foundation\\Http\\Middleware\\PreventRequestsDuringMaintenance->handle(Object(Illuminate\\Http\\Request), Object(Closure))
#47 /var/www/TRDSv2_laravel8_memo/vendor/fideloper/proxy/src/TrustProxies.php(57): Illuminate\\Pipeline\\Pipeline->Illuminate\\Pipeline\\{closure}(Object(Illuminate\\Http\\Request))
#48 /var/www/TRDSv2_laravel8_memo/vendor/laravel/framework/src/Illuminate/Pipeline/Pipeline.php(167): Fideloper\\Proxy\\TrustProxies->handle(Object(Illuminate\\Http\\Request), Object(Closure))
#49 /var/www/TRDSv2_laravel8_memo/vendor/laravel/framework/src/Illuminate/Pipeline/Pipeline.php(103): Illuminate\\Pipeline\\Pipeline->Illuminate\\Pipeline\\{closure}(Object(Illuminate\\Http\\Request))
#50 /var/www/TRDSv2_laravel8_memo/vendor/laravel/framework/src/Illuminate/Foundation/Http/Kernel.php(142): Illuminate\\Pipeline\\Pipeline->then(Object(Closure))
#51 /var/www/TRDSv2_laravel8_memo/vendor/laravel/framework/src/Illuminate/Foundation/Http/Kernel.php(111): Illuminate\\Foundation\\Http\\Kernel->sendRequestThroughRouter(Object(Illuminate\\Http\\Request))
#52 /var/www/TRDSv2_laravel8_memo/index.php(55): Illuminate\\Foundation\\Http\\Kernel->handle(Object(Illuminate\\Http\\Request))
#53 {main}

[previous exception] [object] (PDOException(code: 42S22): SQLSTATE[42S22]: Column not found: 1054 Unknown column 'decision_status' in 'field list' at /var/www/TRDSv2_laravel8_memo/vendor/laravel/framework/src/Illuminate/Database/Connection.php:495)
[stacktrace]
#0 /var/www/TRDSv2_laravel8_memo/vendor/laravel/framework/src/Illuminate/Database/Connection.php(495): PDO->prepare('insert into `c_...')
#1 /var/www/TRDSv2_laravel8_memo/vendor/laravel/framework/src/Illuminate/Database/Connection.php(705): Illuminate\\Database\\Connection->Illuminate\\Database\\{closure}('insert into `c_...', Array)
#2 /var/www/TRDSv2_laravel8_memo/vendor/laravel/framework/src/Illuminate/Database/Connection.php(672): Illuminate\\Database\\Connection->runQueryCallback('insert into `c_...', Array, Object(Closure))
#3 /var/www/TRDSv2_laravel8_memo/vendor/laravel/framework/src/Illuminate/Database/Connection.php(502): Illuminate\\Database\\Connection->run('insert into `c_...', Array, Object(Closure))
#4 /var/www/TRDSv2_laravel8_memo/vendor/laravel/framework/src/Illuminate/Database/Connection.php(454): Illuminate\\Database\\Connection->statement('insert into `c_...', Array)
#5 /var/www/TRDSv2_laravel8_memo/vendor/laravel/framework/src/Illuminate/Database/Query/Builder.php(2980): Illuminate\\Database\\Connection->insert('insert into `c_...', Array)
#6 /var/www/TRDSv2_laravel8_memo/vendor/laravel/framework/src/Illuminate/Database/Eloquent/Builder.php(1657): Illuminate\\Database\\Query\\Builder->insert(Array)
#7 /var/www/TRDSv2_laravel8_memo/vendor/laravel/framework/src/Illuminate/Support/Traits/ForwardsCalls.php(23): Illuminate\\Database\\Eloquent\\Builder->__call('insert', Array)
#8 /var/www/TRDSv2_laravel8_memo/vendor/laravel/framework/src/Illuminate/Database/Eloquent/Model.php(2132): Illuminate\\Database\\Eloquent\\Model->forwardCallTo(Object(Illuminate\\Database\\Eloquent\\Builder), 'insert', Array)
#9 /var/www/TRDSv2_laravel8_memo/vendor/laravel/framework/src/Illuminate/Database/Eloquent/Model.php(2144): Illuminate\\Database\\Eloquent\\Model->__call('insert', Array)
#10 /var/www/TRDSv2_laravel8_memo/app/Http/Controllers/QualificationCertificationController.php(607): Illuminate\\Database\\Eloquent\\Model::__callStatic('insert', Array)
#11 /var/www/TRDSv2_laravel8_memo/vendor/laravel/framework/src/Illuminate/Routing/Controller.php(54): App\\Http\\Controllers\\QualificationCertificationController->saveQualificationCertificationOper(Object(Illuminate\\Http\\Request))
#12 /var/www/TRDSv2_laravel8_memo/vendor/laravel/framework/src/Illuminate/Routing/ControllerDispatcher.php(45): Illuminate\\Routing\\Controller->callAction('saveQualificati...', Array)
#13 /var/www/TRDSv2_laravel8_memo/vendor/laravel/framework/src/Illuminate/Routing/Route.php(262): Illuminate\\Routing\\ControllerDispatcher->dispatch(Object(Illuminate\\Routing\\Route), Object(App\\Http\\Controllers\\QualificationCertificationController), 'saveQualificati...')
#14 /var/www/TRDSv2_laravel8_memo/vendor/laravel/framework/src/Illuminate/Routing/Route.php(205): Illuminate\\Routing\\Route->runController()
#15 /var/www/TRDSv2_laravel8_memo/vendor/laravel/framework/src/Illuminate/Routing/Router.php(721): Illuminate\\Routing\\Route->run()
#16 /var/www/TRDSv2_laravel8_memo/vendor/laravel/framework/src/Illuminate/Pipeline/Pipeline.php(128): Illuminate\\Routing\\Router->Illuminate\\Routing\\{closure}(Object(Illuminate\\Http\\Request))
#17 /var/www/TRDSv2_laravel8_memo/app/Http/Middleware/CheckSession.php(55): Illuminate\\Pipeline\\Pipeline->Illuminate\\Pipeline\\{closure}(Object(Illuminate\\Http\\Request))
#18 /var/www/TRDSv2_laravel8_memo/vendor/laravel/framework/src/Illuminate/Pipeline/Pipeline.php(167): App\\Http\\Middleware\\CheckSession->handle(Object(Illuminate\\Http\\Request), Object(Closure))
#19 /var/www/TRDSv2_laravel8_memo/vendor/laravel/framework/src/Illuminate/Routing/Middleware/SubstituteBindings.php(50): Illuminate\\Pipeline\\Pipeline->Illuminate\\Pipeline\\{closure}(Object(Illuminate\\Http\\Request))
#20 /var/www/TRDSv2_laravel8_memo/vendor/laravel/framework/src/Illuminate/Pipeline/Pipeline.php(167): Illuminate\\Routing\\Middleware\\SubstituteBindings->handle(Object(Illuminate\\Http\\Request), Object(Closure))
#21 /var/www/TRDSv2_laravel8_memo/vendor/laravel/framework/src/Illuminate/Foundation/Http/Middleware/VerifyCsrfToken.php(78): Illuminate\\Pipeline\\Pipeline->Illuminate\\Pipeline\\{closure}(Object(Illuminate\\Http\\Request))
#22 /var/www/TRDSv2_laravel8_memo/vendor/laravel/framework/src/Illuminate/Pipeline/Pipeline.php(167): Illuminate\\Foundation\\Http\\Middleware\\VerifyCsrfToken->handle(Object(Illuminate\\Http\\Request), Object(Closure))
#23 /var/www/TRDSv2_laravel8_memo/vendor/laravel/framework/src/Illuminate/View/Middleware/ShareErrorsFromSession.php(49): Illuminate\\Pipeline\\Pipeline->Illuminate\\Pipeline\\{closure}(Object(Illuminate\\Http\\Request))
#24 /var/www/TRDSv2_laravel8_memo/vendor/laravel/framework/src/Illuminate/Pipeline/Pipeline.php(167): Illuminate\\View\\Middleware\\ShareErrorsFromSession->handle(Object(Illuminate\\Http\\Request), Object(Closure))
#25 /var/www/TRDSv2_laravel8_memo/vendor/laravel/framework/src/Illuminate/Session/Middleware/StartSession.php(121): Illuminate\\Pipeline\\Pipeline->Illuminate\\Pipeline\\{closure}(Object(Illuminate\\Http\\Request))
#26 /var/www/TRDSv2_laravel8_memo/vendor/laravel/framework/src/Illuminate/Session/Middleware/StartSession.php(64): Illuminate\\Session\\Middleware\\StartSession->handleStatefulRequest(Object(Illuminate\\Http\\Request), Object(Illuminate\\Session\\Store), Object(Closure))
#27 /var/www/TRDSv2_laravel8_memo/vendor/laravel/framework/src/Illuminate/Pipeline/Pipeline.php(167): Illuminate\\Session\\Middleware\\StartSession->handle(Object(Illuminate\\Http\\Request), Object(Closure))
#28 /var/www/TRDSv2_laravel8_memo/vendor/laravel/framework/src/Illuminate/Cookie/Middleware/AddQueuedCookiesToResponse.php(37): Illuminate\\Pipeline\\Pipeline->Illuminate\\Pipeline\\{closure}(Object(Illuminate\\Http\\Request))
#29 /var/www/TRDSv2_laravel8_memo/vendor/laravel/framework/src/Illuminate/Pipeline/Pipeline.php(167): Illuminate\\Cookie\\Middleware\\AddQueuedCookiesToResponse->handle(Object(Illuminate\\Http\\Request), Object(Closure))
#30 /var/www/TRDSv2_laravel8_memo/vendor/laravel/framework/src/Illuminate/Cookie/Middleware/EncryptCookies.php(67): Illuminate\\Pipeline\\Pipeline->Illuminate\\Pipeline\\{closure}(Object(Illuminate\\Http\\Request))
#31 /var/www/TRDSv2_laravel8_memo/vendor/laravel/framework/src/Illuminate/Pipeline/Pipeline.php(167): Illuminate\\Cookie\\Middleware\\EncryptCookies->handle(Object(Illuminate\\Http\\Request), Object(Closure))
#32 /var/www/TRDSv2_laravel8_memo/vendor/laravel/framework/src/Illuminate/Pipeline/Pipeline.php(103): Illuminate\\Pipeline\\Pipeline->Illuminate\\Pipeline\\{closure}(Object(Illuminate\\Http\\Request))
#33 /var/www/TRDSv2_laravel8_memo/vendor/laravel/framework/src/Illuminate/Routing/Router.php(723): Illuminate\\Pipeline\\Pipeline->then(Object(Closure))
#34 /var/www/TRDSv2_laravel8_memo/vendor/laravel/framework/src/Illuminate/Routing/Router.php(698): Illuminate\\Routing\\Router->runRouteWithinStack(Object(Illuminate\\Routing\\Route), Object(Illuminate\\Http\\Request))
#35 /var/www/TRDSv2_laravel8_memo/vendor/laravel/framework/src/Illuminate/Routing/Router.php(662): Illuminate\\Routing\\Router->runRoute(Object(Illuminate\\Http\\Request), Object(Illuminate\\Routing\\Route))
#36 /var/www/TRDSv2_laravel8_memo/vendor/laravel/framework/src/Illuminate/Routing/Router.php(651): Illuminate\\Routing\\Router->dispatchToRoute(Object(Illuminate\\Http\\Request))
#37 /var/www/TRDSv2_laravel8_memo/vendor/laravel/framework/src/Illuminate/Foundation/Http/Kernel.php(167): Illuminate\\Routing\\Router->dispatch(Object(Illuminate\\Http\\Request))
#38 /var/www/TRDSv2_laravel8_memo/vendor/laravel/framework/src/Illuminate/Pipeline/Pipeline.php(128): Illuminate\\Foundation\\Http\\Kernel->Illuminate\\Foundation\\Http\\{closure}(Object(Illuminate\\Http\\Request))
#39 /var/www/TRDSv2_laravel8_memo/vendor/laravel/framework/src/Illuminate/Foundation/Http/Middleware/TransformsRequest.php(21): Illuminate\\Pipeline\\Pipeline->Illuminate\\Pipeline\\{closure}(Object(Illuminate\\Http\\Request))
#40 /var/www/TRDSv2_laravel8_memo/vendor/laravel/framework/src/Illuminate/Foundation/Http/Middleware/ConvertEmptyStringsToNull.php(31): Illuminate\\Foundation\\Http\\Middleware\\TransformsRequest->handle(Object(Illuminate\\Http\\Request), Object(Closure))
#41 /var/www/TRDSv2_laravel8_memo/vendor/laravel/framework/src/Illuminate/Pipeline/Pipeline.php(167): Illuminate\\Foundation\\Http\\Middleware\\ConvertEmptyStringsToNull->handle(Object(Illuminate\\Http\\Request), Object(Closure))
#42 /var/www/TRDSv2_laravel8_memo/vendor/laravel/framework/src/Illuminate/Foundation/Http/Middleware/TransformsRequest.php(21): Illuminate\\Pipeline\\Pipeline->Illuminate\\Pipeline\\{closure}(Object(Illuminate\\Http\\Request))
#43 /var/www/TRDSv2_laravel8_memo/vendor/laravel/framework/src/Illuminate/Foundation/Http/Middleware/TrimStrings.php(40): Illuminate\\Foundation\\Http\\Middleware\\TransformsRequest->handle(Object(Illuminate\\Http\\Request), Object(Closure))
#44 /var/www/TRDSv2_laravel8_memo/vendor/laravel/framework/src/Illuminate/Pipeline/Pipeline.php(167): Illuminate\\Foundation\\Http\\Middleware\\TrimStrings->handle(Object(Illuminate\\Http\\Request), Object(Closure))
#45 /var/www/TRDSv2_laravel8_memo/vendor/laravel/framework/src/Illuminate/Foundation/Http/Middleware/ValidatePostSize.php(27): Illuminate\\Pipeline\\Pipeline->Illuminate\\Pipeline\\{closure}(Object(Illuminate\\Http\\Request))
#46 /var/www/TRDSv2_laravel8_memo/vendor/laravel/framework/src/Illuminate/Pipeline/Pipeline.php(167): Illuminate\\Foundation\\Http\\Middleware\\ValidatePostSize->handle(Object(Illuminate\\Http\\Request), Object(Closure))
#47 /var/www/TRDSv2_laravel8_memo/vendor/laravel/framework/src/Illuminate/Foundation/Http/Middleware/PreventRequestsDuringMaintenance.php(86): Illuminate\\Pipeline\\Pipeline->Illuminate\\Pipeline\\{closure}(Object(Illuminate\\Http\\Request))
#48 /var/www/TRDSv2_laravel8_memo/vendor/laravel/framework/src/Illuminate/Pipeline/Pipeline.php(167): Illuminate\\Foundation\\Http\\Middleware\\PreventRequestsDuringMaintenance->handle(Object(Illuminate\\Http\\Request), Object(Closure))
#49 /var/www/TRDSv2_laravel8_memo/vendor/fideloper/proxy/src/TrustProxies.php(57): Illuminate\\Pipeline\\Pipeline->Illuminate\\Pipeline\\{closure}(Object(Illuminate\\Http\\Request))
#50 /var/www/TRDSv2_laravel8_memo/vendor/laravel/framework/src/Illuminate/Pipeline/Pipeline.php(167): Fideloper\\Proxy\\TrustProxies->handle(Object(Illuminate\\Http\\Request), Object(Closure))
#51 /var/www/TRDSv2_laravel8_memo/vendor/laravel/framework/src/Illuminate/Pipeline/Pipeline.php(103): Illuminate\\Pipeline\\Pipeline->Illuminate\\Pipeline\\{closure}(Object(Illuminate\\Http\\Request))
#52 /var/www/TRDSv2_laravel8_memo/vendor/laravel/framework/src/Illuminate/Foundation/Http/Kernel.php(142): Illuminate\\Pipeline\\Pipeline->then(Object(Closure))
#53 /var/www/TRDSv2_laravel8_memo/vendor/laravel/framework/src/Illuminate/Foundation/Http/Kernel.php(111): Illuminate\\Foundation\\Http\\Kernel->sendRequestThroughRouter(Object(Illuminate\\Http\\Request))
#54 /var/www/TRDSv2_laravel8_memo/index.php(55): Illuminate\\Foundation\\Http\\Kernel->handle(Object(Illuminate\\Http\\Request))
#55 {main}
"} 
