[2026-07-20 02:06:06] local.ERROR: syntax error, unexpected token "}" {"exception":"[object] (ParseError(code: 0): syntax error, unexpected token \"}\" at \\\\RAPIDX\\RAPIDX SYSTEMS\\TRDSv2_1x_endorsement\\routes\\web.php:266)
[stacktrace]
#0 \\\\RAPIDX\\RAPIDX SYSTEMS\\TRDSv2_1x_endorsement\\vendor\\laravel\\framework\\src\\Illuminate\\Routing\\Router.php(425): Illuminate\\Routing\\RouteFileRegistrar->register('\\\\\\\\RAPIDX\\\\RAPIDX...')
#1 \\\\RAPIDX\\RAPIDX SYSTEMS\\TRDSv2_1x_endorsement\\vendor\\laravel\\framework\\src\\Illuminate\\Routing\\Router.php(382): Illuminate\\Routing\\Router->loadRoutes('\\\\\\\\RAPIDX\\\\RAPIDX...')
#2 \\\\RAPIDX\\RAPIDX SYSTEMS\\TRDSv2_1x_endorsement\\vendor\\laravel\\framework\\src\\Illuminate\\Routing\\RouteRegistrar.php(163): Illuminate\\Routing\\Router->group(Array, '\\\\\\\\RAPIDX\\\\RAPIDX...')
#3 \\\\RAPIDX\\RAPIDX SYSTEMS\\TRDSv2_1x_endorsement\\app\\Providers\\RouteServiceProvider.php(48): Illuminate\\Routing\\RouteRegistrar->group('\\\\\\\\RAPIDX\\\\RAPIDX...')
#4 \\\\RAPIDX\\RAPIDX SYSTEMS\\TRDSv2_1x_endorsement\\vendor\\laravel\\framework\\src\\Illuminate\\Container\\BoundMethod.php(36): App\\Providers\\RouteServiceProvider->App\\Providers\\{closure}()
#5 \\\\RAPIDX\\RAPIDX SYSTEMS\\TRDSv2_1x_endorsement\\vendor\\laravel\\framework\\src\\Illuminate\\Container\\Util.php(40): Illuminate\\Container\\BoundMethod::Illuminate\\Container\\{closure}()
#6 \\\\RAPIDX\\RAPIDX SYSTEMS\\TRDSv2_1x_endorsement\\vendor\\laravel\\framework\\src\\Illuminate\\Container\\BoundMethod.php(81): Illuminate\\Container\\Util::unwrapIfClosure(Object(Closure))
#7 \\\\RAPIDX\\RAPIDX SYSTEMS\\TRDSv2_1x_endorsement\\vendor\\laravel\\framework\\src\\Illuminate\\Container\\BoundMethod.php(35): Illuminate\\Container\\BoundMethod::callBoundMethod(Object(Illuminate\\Foundation\\Application), Object(Closure), Object(Closure))
#8 \\\\RAPIDX\\RAPIDX SYSTEMS\\TRDSv2_1x_endorsement\\vendor\\laravel\\framework\\src\\Illuminate\\Container\\Container.php(653): Illuminate\\Container\\BoundMethod::call(Object(Illuminate\\Foundation\\Application), Object(Closure), Array, NULL)
#9 \\\\RAPIDX\\RAPIDX SYSTEMS\\TRDSv2_1x_endorsement\\vendor\\laravel\\framework\\src\\Illuminate\\Foundation\\Support\\Providers\\RouteServiceProvider.php(120): Illuminate\\Container\\Container->call(Object(Closure))
#10 \\\\RAPIDX\\RAPIDX SYSTEMS\\TRDSv2_1x_endorsement\\vendor\\laravel\\framework\\src\\Illuminate\\Foundation\\Support\\Providers\\RouteServiceProvider.php(45): Illuminate\\Foundation\\Support\\Providers\\RouteServiceProvider->loadRoutes()
#11 \\\\RAPIDX\\RAPIDX SYSTEMS\\TRDSv2_1x_endorsement\\vendor\\laravel\\framework\\src\\Illuminate\\Container\\BoundMethod.php(36): Illuminate\\Foundation\\Support\\Providers\\RouteServiceProvider->Illuminate\\Foundation\\Support\\Providers\\{closure}()
#12 \\\\RAPIDX\\RAPIDX SYSTEMS\\TRDSv2_1x_endorsement\\vendor\\laravel\\framework\\src\\Illuminate\\Container\\Util.php(40): Illuminate\\Container\\BoundMethod::Illuminate\\Container\\{closure}()
#13 \\\\RAPIDX\\RAPIDX SYSTEMS\\TRDSv2_1x_endorsement\\vendor\\laravel\\framework\\src\\Illuminate\\Container\\BoundMethod.php(81): Illuminate\\Container\\Util::unwrapIfClosure(Object(Closure))
#14 \\\\RAPIDX\\RAPIDX SYSTEMS\\TRDSv2_1x_endorsement\\vendor\\laravel\\framework\\src\\Illuminate\\Container\\BoundMethod.php(35): Illuminate\\Container\\BoundMethod::callBoundMethod(Object(Illuminate\\Foundation\\Application), Object(Closure), Object(Closure))
#15 \\\\RAPIDX\\RAPIDX SYSTEMS\\TRDSv2_1x_endorsement\\vendor\\laravel\\framework\\src\\Illuminate\\Container\\Container.php(653): Illuminate\\Container\\BoundMethod::call(Object(Illuminate\\Foundation\\Application), Object(Closure), Array, NULL)
#16 \\\\RAPIDX\\RAPIDX SYSTEMS\\TRDSv2_1x_endorsement\\vendor\\laravel\\framework\\src\\Illuminate\\Support\\ServiceProvider.php(119): Illuminate\\Container\\Container->call(Object(Closure))
#17 \\\\RAPIDX\\RAPIDX SYSTEMS\\TRDSv2_1x_endorsement\\vendor\\laravel\\framework\\src\\Illuminate\\Foundation\\Application.php(929): Illuminate\\Support\\ServiceProvider->callBootedCallbacks()
#18 \\\\RAPIDX\\RAPIDX SYSTEMS\\TRDSv2_1x_endorsement\\vendor\\laravel\\framework\\src\\Illuminate\\Foundation\\Application.php(907): Illuminate\\Foundation\\Application->bootProvider(Object(App\\Providers\\RouteServiceProvider))
#19 [internal function]: Illuminate\\Foundation\\Application->Illuminate\\Foundation\\{closure}(Object(App\\Providers\\RouteServiceProvider), 24)
#20 \\\\RAPIDX\\RAPIDX SYSTEMS\\TRDSv2_1x_endorsement\\vendor\\laravel\\framework\\src\\Illuminate\\Foundation\\Application.php(906): array_walk(Array, Object(Closure))
#21 \\\\RAPIDX\\RAPIDX SYSTEMS\\TRDSv2_1x_endorsement\\vendor\\laravel\\framework\\src\\Illuminate\\Foundation\\Bootstrap\\BootProviders.php(17): Illuminate\\Foundation\\Application->boot()
#22 \\\\RAPIDX\\RAPIDX SYSTEMS\\TRDSv2_1x_endorsement\\vendor\\laravel\\framework\\src\\Illuminate\\Foundation\\Application.php(237): Illuminate\\Foundation\\Bootstrap\\BootProviders->bootstrap(Object(Illuminate\\Foundation\\Application))
#23 \\\\RAPIDX\\RAPIDX SYSTEMS\\TRDSv2_1x_endorsement\\vendor\\laravel\\framework\\src\\Illuminate\\Foundation\\Console\\Kernel.php(310): Illuminate\\Foundation\\Application->bootstrapWith(Array)
#24 \\\\RAPIDX\\RAPIDX SYSTEMS\\TRDSv2_1x_endorsement\\vendor\\laravel\\framework\\src\\Illuminate\\Foundation\\Console\\Kernel.php(127): Illuminate\\Foundation\\Console\\Kernel->bootstrap()
#25 \\\\RAPIDX\\RAPIDX SYSTEMS\\TRDSv2_1x_endorsement\\artisan(35): Illuminate\\Foundation\\Console\\Kernel->handle(Object(Symfony\\Component\\Console\\Input\\ArgvInput), Object(Symfony\\Component\\Console\\Output\\ConsoleOutput))
#26 {main}
"} 
[2026-07-20 02:15:49] local.ERROR: Method Illuminate\Support\Collection::distinct does not exist. {"exception":"[object] (BadMethodCallException(code: 0): Method Illuminate\\Support\\Collection::distinct does not exist. at /var/www/TRDSv2_1x_endorsement/vendor/laravel/framework/src/Illuminate/Macroable/Traits/Macroable.php:113)
[stacktrace]
#0 /var/www/TRDSv2_1x_endorsement/app/Http/Controllers/ListOfCertPersonnelController.php(13): Illuminate\\Support\\Collection->__call('distinct', Array)
#1 /var/www/TRDSv2_1x_endorsement/vendor/laravel/framework/src/Illuminate/Routing/Controller.php(54): App\\Http\\Controllers\\ListOfCertPersonnelController->getDropdownSelectCertPersonnel(Object(Illuminate\\Http\\Request))
#2 /var/www/TRDSv2_1x_endorsement/vendor/laravel/framework/src/Illuminate/Routing/ControllerDispatcher.php(45): Illuminate\\Routing\\Controller->callAction('getDropdownSele...', Array)
#3 /var/www/TRDSv2_1x_endorsement/vendor/laravel/framework/src/Illuminate/Routing/Route.php(262): Illuminate\\Routing\\ControllerDispatcher->dispatch(Object(Illuminate\\Routing\\Route), Object(App\\Http\\Controllers\\ListOfCertPersonnelController), 'getDropdownSele...')
#4 /var/www/TRDSv2_1x_endorsement/vendor/laravel/framework/src/Illuminate/Routing/Route.php(205): Illuminate\\Routing\\Route->runController()
#5 /var/www/TRDSv2_1x_endorsement/vendor/laravel/framework/src/Illuminate/Routing/Router.php(721): Illuminate\\Routing\\Route->run()
#6 /var/www/TRDSv2_1x_endorsement/vendor/laravel/framework/src/Illuminate/Pipeline/Pipeline.php(128): Illuminate\\Routing\\Router->Illuminate\\Routing\\{closure}(Object(Illuminate\\Http\\Request))
#7 /var/www/TRDSv2_1x_endorsement/app/Http/Middleware/CheckSession.php(55): Illuminate\\Pipeline\\Pipeline->Illuminate\\Pipeline\\{closure}(Object(Illuminate\\Http\\Request))
#8 /var/www/TRDSv2_1x_endorsement/vendor/laravel/framework/src/Illuminate/Pipeline/Pipeline.php(167): App\\Http\\Middleware\\CheckSession->handle(Object(Illuminate\\Http\\Request), Object(Closure))
#9 /var/www/TRDSv2_1x_endorsement/vendor/laravel/framework/src/Illuminate/Routing/Middleware/SubstituteBindings.php(50): Illuminate\\Pipeline\\Pipeline->Illuminate\\Pipeline\\{closure}(Object(Illuminate\\Http\\Request))
#10 /var/www/TRDSv2_1x_endorsement/vendor/laravel/framework/src/Illuminate/Pipeline/Pipeline.php(167): Illuminate\\Routing\\Middleware\\SubstituteBindings->handle(Object(Illuminate\\Http\\Request), Object(Closure))
#11 /var/www/TRDSv2_1x_endorsement/vendor/laravel/framework/src/Illuminate/Foundation/Http/Middleware/VerifyCsrfToken.php(78): Illuminate\\Pipeline\\Pipeline->Illuminate\\Pipeline\\{closure}(Object(Illuminate\\Http\\Request))
#12 /var/www/TRDSv2_1x_endorsement/vendor/laravel/framework/src/Illuminate/Pipeline/Pipeline.php(167): Illuminate\\Foundation\\Http\\Middleware\\VerifyCsrfToken->handle(Object(Illuminate\\Http\\Request), Object(Closure))
#13 /var/www/TRDSv2_1x_endorsement/vendor/laravel/framework/src/Illuminate/View/Middleware/ShareErrorsFromSession.php(49): Illuminate\\Pipeline\\Pipeline->Illuminate\\Pipeline\\{closure}(Object(Illuminate\\Http\\Request))
#14 /var/www/TRDSv2_1x_endorsement/vendor/laravel/framework/src/Illuminate/Pipeline/Pipeline.php(167): Illuminate\\View\\Middleware\\ShareErrorsFromSession->handle(Object(Illuminate\\Http\\Request), Object(Closure))
#15 /var/www/TRDSv2_1x_endorsement/vendor/laravel/framework/src/Illuminate/Session/Middleware/StartSession.php(121): Illuminate\\Pipeline\\Pipeline->Illuminate\\Pipeline\\{closure}(Object(Illuminate\\Http\\Request))
#16 /var/www/TRDSv2_1x_endorsement/vendor/laravel/framework/src/Illuminate/Session/Middleware/StartSession.php(64): Illuminate\\Session\\Middleware\\StartSession->handleStatefulRequest(Object(Illuminate\\Http\\Request), Object(Illuminate\\Session\\Store), Object(Closure))
#17 /var/www/TRDSv2_1x_endorsement/vendor/laravel/framework/src/Illuminate/Pipeline/Pipeline.php(167): Illuminate\\Session\\Middleware\\StartSession->handle(Object(Illuminate\\Http\\Request), Object(Closure))
#18 /var/www/TRDSv2_1x_endorsement/vendor/laravel/framework/src/Illuminate/Cookie/Middleware/AddQueuedCookiesToResponse.php(37): Illuminate\\Pipeline\\Pipeline->Illuminate\\Pipeline\\{closure}(Object(Illuminate\\Http\\Request))
#19 /var/www/TRDSv2_1x_endorsement/vendor/laravel/framework/src/Illuminate/Pipeline/Pipeline.php(167): Illuminate\\Cookie\\Middleware\\AddQueuedCookiesToResponse->handle(Object(Illuminate\\Http\\Request), Object(Closure))
#20 /var/www/TRDSv2_1x_endorsement/vendor/laravel/framework/src/Illuminate/Cookie/Middleware/EncryptCookies.php(67): Illuminate\\Pipeline\\Pipeline->Illuminate\\Pipeline\\{closure}(Object(Illuminate\\Http\\Request))
#21 /var/www/TRDSv2_1x_endorsement/vendor/laravel/framework/src/Illuminate/Pipeline/Pipeline.php(167): Illuminate\\Cookie\\Middleware\\EncryptCookies->handle(Object(Illuminate\\Http\\Request), Object(Closure))
#22 /var/www/TRDSv2_1x_endorsement/vendor/laravel/framework/src/Illuminate/Pipeline/Pipeline.php(103): Illuminate\\Pipeline\\Pipeline->Illuminate\\Pipeline\\{closure}(Object(Illuminate\\Http\\Request))
#23 /var/www/TRDSv2_1x_endorsement/vendor/laravel/framework/src/Illuminate/Routing/Router.php(723): Illuminate\\Pipeline\\Pipeline->then(Object(Closure))
#24 /var/www/TRDSv2_1x_endorsement/vendor/laravel/framework/src/Illuminate/Routing/Router.php(698): Illuminate\\Routing\\Router->runRouteWithinStack(Object(Illuminate\\Routing\\Route), Object(Illuminate\\Http\\Request))
#25 /var/www/TRDSv2_1x_endorsement/vendor/laravel/framework/src/Illuminate/Routing/Router.php(662): Illuminate\\Routing\\Router->runRoute(Object(Illuminate\\Http\\Request), Object(Illuminate\\Routing\\Route))
#26 /var/www/TRDSv2_1x_endorsement/vendor/laravel/framework/src/Illuminate/Routing/Router.php(651): Illuminate\\Routing\\Router->dispatchToRoute(Object(Illuminate\\Http\\Request))
#27 /var/www/TRDSv2_1x_endorsement/vendor/laravel/framework/src/Illuminate/Foundation/Http/Kernel.php(167): Illuminate\\Routing\\Router->dispatch(Object(Illuminate\\Http\\Request))
#28 /var/www/TRDSv2_1x_endorsement/vendor/laravel/framework/src/Illuminate/Pipeline/Pipeline.php(128): Illuminate\\Foundation\\Http\\Kernel->Illuminate\\Foundation\\Http\\{closure}(Object(Illuminate\\Http\\Request))
#29 /var/www/TRDSv2_1x_endorsement/vendor/laravel/framework/src/Illuminate/Foundation/Http/Middleware/TransformsRequest.php(21): Illuminate\\Pipeline\\Pipeline->Illuminate\\Pipeline\\{closure}(Object(Illuminate\\Http\\Request))
#30 /var/www/TRDSv2_1x_endorsement/vendor/laravel/framework/src/Illuminate/Foundation/Http/Middleware/ConvertEmptyStringsToNull.php(31): Illuminate\\Foundation\\Http\\Middleware\\TransformsRequest->handle(Object(Illuminate\\Http\\Request), Object(Closure))
#31 /var/www/TRDSv2_1x_endorsement/vendor/laravel/framework/src/Illuminate/Pipeline/Pipeline.php(167): Illuminate\\Foundation\\Http\\Middleware\\ConvertEmptyStringsToNull->handle(Object(Illuminate\\Http\\Request), Object(Closure))
#32 /var/www/TRDSv2_1x_endorsement/vendor/laravel/framework/src/Illuminate/Foundation/Http/Middleware/TransformsRequest.php(21): Illuminate\\Pipeline\\Pipeline->Illuminate\\Pipeline\\{closure}(Object(Illuminate\\Http\\Request))
#33 /var/www/TRDSv2_1x_endorsement/vendor/laravel/framework/src/Illuminate/Foundation/Http/Middleware/TrimStrings.php(40): Illuminate\\Foundation\\Http\\Middleware\\TransformsRequest->handle(Object(Illuminate\\Http\\Request), Object(Closure))
#34 /var/www/TRDSv2_1x_endorsement/vendor/laravel/framework/src/Illuminate/Pipeline/Pipeline.php(167): Illuminate\\Foundation\\Http\\Middleware\\TrimStrings->handle(Object(Illuminate\\Http\\Request), Object(Closure))
#35 /var/www/TRDSv2_1x_endorsement/vendor/laravel/framework/src/Illuminate/Foundation/Http/Middleware/ValidatePostSize.php(27): Illuminate\\Pipeline\\Pipeline->Illuminate\\Pipeline\\{closure}(Object(Illuminate\\Http\\Request))
#36 /var/www/TRDSv2_1x_endorsement/vendor/laravel/framework/src/Illuminate/Pipeline/Pipeline.php(167): Illuminate\\Foundation\\Http\\Middleware\\ValidatePostSize->handle(Object(Illuminate\\Http\\Request), Object(Closure))
#37 /var/www/TRDSv2_1x_endorsement/vendor/laravel/framework/src/Illuminate/Foundation/Http/Middleware/PreventRequestsDuringMaintenance.php(86): Illuminate\\Pipeline\\Pipeline->Illuminate\\Pipeline\\{closure}(Object(Illuminate\\Http\\Request))
#38 /var/www/TRDSv2_1x_endorsement/vendor/laravel/framework/src/Illuminate/Pipeline/Pipeline.php(167): Illuminate\\Foundation\\Http\\Middleware\\PreventRequestsDuringMaintenance->handle(Object(Illuminate\\Http\\Request), Object(Closure))
#39 /var/www/TRDSv2_1x_endorsement/vendor/fideloper/proxy/src/TrustProxies.php(57): Illuminate\\Pipeline\\Pipeline->Illuminate\\Pipeline\\{closure}(Object(Illuminate\\Http\\Request))
#40 /var/www/TRDSv2_1x_endorsement/vendor/laravel/framework/src/Illuminate/Pipeline/Pipeline.php(167): Fideloper\\Proxy\\TrustProxies->handle(Object(Illuminate\\Http\\Request), Object(Closure))
#41 /var/www/TRDSv2_1x_endorsement/vendor/laravel/framework/src/Illuminate/Pipeline/Pipeline.php(103): Illuminate\\Pipeline\\Pipeline->Illuminate\\Pipeline\\{closure}(Object(Illuminate\\Http\\Request))
#42 /var/www/TRDSv2_1x_endorsement/vendor/laravel/framework/src/Illuminate/Foundation/Http/Kernel.php(142): Illuminate\\Pipeline\\Pipeline->then(Object(Closure))
#43 /var/www/TRDSv2_1x_endorsement/vendor/laravel/framework/src/Illuminate/Foundation/Http/Kernel.php(111): Illuminate\\Foundation\\Http\\Kernel->sendRequestThroughRouter(Object(Illuminate\\Http\\Request))
#44 /var/www/TRDSv2_1x_endorsement/index.php(55): Illuminate\\Foundation\\Http\\Kernel->handle(Object(Illuminate\\Http\\Request))
#45 {main}
"} 
[2026-07-20 05:17:04] local.ERROR: SQLSTATE[42S22]: Column not found: 1054 Unknown column 'product_line_id' in 'where clause' (SQL: select * from `qc_slips` where `deleted_at` is null and `section_category` = TSF1 and `product_line_id` = 10) {"exception":"[object] (Illuminate\\Database\\QueryException(code: 42S22): SQLSTATE[42S22]: Column not found: 1054 Unknown column 'product_line_id' in 'where clause' (SQL: select * from `qc_slips` where `deleted_at` is null and `section_category` = TSF1 and `product_line_id` = 10) at /var/www/TRDSv2_1x_endorsement/vendor/laravel/framework/src/Illuminate/Database/Connection.php:712)
[stacktrace]
#0 /var/www/TRDSv2_1x_endorsement/vendor/laravel/framework/src/Illuminate/Database/Connection.php(672): Illuminate\\Database\\Connection->runQueryCallback('select * from `...', Array, Object(Closure))
#1 /var/www/TRDSv2_1x_endorsement/vendor/laravel/framework/src/Illuminate/Database/Connection.php(376): Illuminate\\Database\\Connection->run('select * from `...', Array, Object(Closure))
#2 /var/www/TRDSv2_1x_endorsement/vendor/laravel/framework/src/Illuminate/Database/Query/Builder.php(2414): Illuminate\\Database\\Connection->select('select * from `...', Array, true)
#3 /var/www/TRDSv2_1x_endorsement/vendor/laravel/framework/src/Illuminate/Database/Query/Builder.php(2402): Illuminate\\Database\\Query\\Builder->runSelect()
#4 /var/www/TRDSv2_1x_endorsement/vendor/laravel/framework/src/Illuminate/Database/Query/Builder.php(2936): Illuminate\\Database\\Query\\Builder->Illuminate\\Database\\Query\\{closure}()
#5 /var/www/TRDSv2_1x_endorsement/vendor/laravel/framework/src/Illuminate/Database/Query/Builder.php(2403): Illuminate\\Database\\Query\\Builder->onceWithColumns(Array, Object(Closure))
#6 /var/www/TRDSv2_1x_endorsement/vendor/laravel/framework/src/Illuminate/Database/Eloquent/Builder.php(625): Illuminate\\Database\\Query\\Builder->get(Array)
#7 /var/www/TRDSv2_1x_endorsement/vendor/laravel/framework/src/Illuminate/Database/Eloquent/Builder.php(609): Illuminate\\Database\\Eloquent\\Builder->getModels(Array)
#8 /var/www/TRDSv2_1x_endorsement/app/Http/Controllers/ListOfCertPersonnelController.php(32): Illuminate\\Database\\Eloquent\\Builder->get()
#9 /var/www/TRDSv2_1x_endorsement/vendor/laravel/framework/src/Illuminate/Routing/Controller.php(54): App\\Http\\Controllers\\ListOfCertPersonnelController->exportListCertPersonnel(Object(Illuminate\\Http\\Request))
#10 /var/www/TRDSv2_1x_endorsement/vendor/laravel/framework/src/Illuminate/Routing/ControllerDispatcher.php(45): Illuminate\\Routing\\Controller->callAction('exportListCertP...', Array)
#11 /var/www/TRDSv2_1x_endorsement/vendor/laravel/framework/src/Illuminate/Routing/Route.php(262): Illuminate\\Routing\\ControllerDispatcher->dispatch(Object(Illuminate\\Routing\\Route), Object(App\\Http\\Controllers\\ListOfCertPersonnelController), 'exportListCertP...')
#12 /var/www/TRDSv2_1x_endorsement/vendor/laravel/framework/src/Illuminate/Routing/Route.php(205): Illuminate\\Routing\\Route->runController()
#13 /var/www/TRDSv2_1x_endorsement/vendor/laravel/framework/src/Illuminate/Routing/Router.php(721): Illuminate\\Routing\\Route->run()
#14 /var/www/TRDSv2_1x_endorsement/vendor/laravel/framework/src/Illuminate/Pipeline/Pipeline.php(128): Illuminate\\Routing\\Router->Illuminate\\Routing\\{closure}(Object(Illuminate\\Http\\Request))
#15 /var/www/TRDSv2_1x_endorsement/app/Http/Middleware/CheckSession.php(55): Illuminate\\Pipeline\\Pipeline->Illuminate\\Pipeline\\{closure}(Object(Illuminate\\Http\\Request))
#16 /var/www/TRDSv2_1x_endorsement/vendor/laravel/framework/src/Illuminate/Pipeline/Pipeline.php(167): App\\Http\\Middleware\\CheckSession->handle(Object(Illuminate\\Http\\Request), Object(Closure))
#17 /var/www/TRDSv2_1x_endorsement/vendor/laravel/framework/src/Illuminate/Routing/Middleware/SubstituteBindings.php(50): Illuminate\\Pipeline\\Pipeline->Illuminate\\Pipeline\\{closure}(Object(Illuminate\\Http\\Request))
#18 /var/www/TRDSv2_1x_endorsement/vendor/laravel/framework/src/Illuminate/Pipeline/Pipeline.php(167): Illuminate\\Routing\\Middleware\\SubstituteBindings->handle(Object(Illuminate\\Http\\Request), Object(Closure))
#19 /var/www/TRDSv2_1x_endorsement/vendor/laravel/framework/src/Illuminate/Foundation/Http/Middleware/VerifyCsrfToken.php(78): Illuminate\\Pipeline\\Pipeline->Illuminate\\Pipeline\\{closure}(Object(Illuminate\\Http\\Request))
#20 /var/www/TRDSv2_1x_endorsement/vendor/laravel/framework/src/Illuminate/Pipeline/Pipeline.php(167): Illuminate\\Foundation\\Http\\Middleware\\VerifyCsrfToken->handle(Object(Illuminate\\Http\\Request), Object(Closure))
#21 /var/www/TRDSv2_1x_endorsement/vendor/laravel/framework/src/Illuminate/View/Middleware/ShareErrorsFromSession.php(49): Illuminate\\Pipeline\\Pipeline->Illuminate\\Pipeline\\{closure}(Object(Illuminate\\Http\\Request))
#22 /var/www/TRDSv2_1x_endorsement/vendor/laravel/framework/src/Illuminate/Pipeline/Pipeline.php(167): Illuminate\\View\\Middleware\\ShareErrorsFromSession->handle(Object(Illuminate\\Http\\Request), Object(Closure))
#23 /var/www/TRDSv2_1x_endorsement/vendor/laravel/framework/src/Illuminate/Session/Middleware/StartSession.php(121): Illuminate\\Pipeline\\Pipeline->Illuminate\\Pipeline\\{closure}(Object(Illuminate\\Http\\Request))
#24 /var/www/TRDSv2_1x_endorsement/vendor/laravel/framework/src/Illuminate/Session/Middleware/StartSession.php(64): Illuminate\\Session\\Middleware\\StartSession->handleStatefulRequest(Object(Illuminate\\Http\\Request), Object(Illuminate\\Session\\Store), Object(Closure))
#25 /var/www/TRDSv2_1x_endorsement/vendor/laravel/framework/src/Illuminate/Pipeline/Pipeline.php(167): Illuminate\\Session\\Middleware\\StartSession->handle(Object(Illuminate\\Http\\Request), Object(Closure))
#26 /var/www/TRDSv2_1x_endorsement/vendor/laravel/framework/src/Illuminate/Cookie/Middleware/AddQueuedCookiesToResponse.php(37): Illuminate\\Pipeline\\Pipeline->Illuminate\\Pipeline\\{closure}(Object(Illuminate\\Http\\Request))
#27 /var/www/TRDSv2_1x_endorsement/vendor/laravel/framework/src/Illuminate/Pipeline/Pipeline.php(167): Illuminate\\Cookie\\Middleware\\AddQueuedCookiesToResponse->handle(Object(Illuminate\\Http\\Request), Object(Closure))
#28 /var/www/TRDSv2_1x_endorsement/vendor/laravel/framework/src/Illuminate/Cookie/Middleware/EncryptCookies.php(67): Illuminate\\Pipeline\\Pipeline->Illuminate\\Pipeline\\{closure}(Object(Illuminate\\Http\\Request))
#29 /var/www/TRDSv2_1x_endorsement/vendor/laravel/framework/src/Illuminate/Pipeline/Pipeline.php(167): Illuminate\\Cookie\\Middleware\\EncryptCookies->handle(Object(Illuminate\\Http\\Request), Object(Closure))
#30 /var/www/TRDSv2_1x_endorsement/vendor/laravel/framework/src/Illuminate/Pipeline/Pipeline.php(103): Illuminate\\Pipeline\\Pipeline->Illuminate\\Pipeline\\{closure}(Object(Illuminate\\Http\\Request))
#31 /var/www/TRDSv2_1x_endorsement/vendor/laravel/framework/src/Illuminate/Routing/Router.php(723): Illuminate\\Pipeline\\Pipeline->then(Object(Closure))
#32 /var/www/TRDSv2_1x_endorsement/vendor/laravel/framework/src/Illuminate/Routing/Router.php(698): Illuminate\\Routing\\Router->runRouteWithinStack(Object(Illuminate\\Routing\\Route), Object(Illuminate\\Http\\Request))
#33 /var/www/TRDSv2_1x_endorsement/vendor/laravel/framework/src/Illuminate/Routing/Router.php(662): Illuminate\\Routing\\Router->runRoute(Object(Illuminate\\Http\\Request), Object(Illuminate\\Routing\\Route))
#34 /var/www/TRDSv2_1x_endorsement/vendor/laravel/framework/src/Illuminate/Routing/Router.php(651): Illuminate\\Routing\\Router->dispatchToRoute(Object(Illuminate\\Http\\Request))
#35 /var/www/TRDSv2_1x_endorsement/vendor/laravel/framework/src/Illuminate/Foundation/Http/Kernel.php(167): Illuminate\\Routing\\Router->dispatch(Object(Illuminate\\Http\\Request))
#36 /var/www/TRDSv2_1x_endorsement/vendor/laravel/framework/src/Illuminate/Pipeline/Pipeline.php(128): Illuminate\\Foundation\\Http\\Kernel->Illuminate\\Foundation\\Http\\{closure}(Object(Illuminate\\Http\\Request))
#37 /var/www/TRDSv2_1x_endorsement/vendor/laravel/framework/src/Illuminate/Foundation/Http/Middleware/TransformsRequest.php(21): Illuminate\\Pipeline\\Pipeline->Illuminate\\Pipeline\\{closure}(Object(Illuminate\\Http\\Request))
#38 /var/www/TRDSv2_1x_endorsement/vendor/laravel/framework/src/Illuminate/Foundation/Http/Middleware/ConvertEmptyStringsToNull.php(31): Illuminate\\Foundation\\Http\\Middleware\\TransformsRequest->handle(Object(Illuminate\\Http\\Request), Object(Closure))
#39 /var/www/TRDSv2_1x_endorsement/vendor/laravel/framework/src/Illuminate/Pipeline/Pipeline.php(167): Illuminate\\Foundation\\Http\\Middleware\\ConvertEmptyStringsToNull->handle(Object(Illuminate\\Http\\Request), Object(Closure))
#40 /var/www/TRDSv2_1x_endorsement/vendor/laravel/framework/src/Illuminate/Foundation/Http/Middleware/TransformsRequest.php(21): Illuminate\\Pipeline\\Pipeline->Illuminate\\Pipeline\\{closure}(Object(Illuminate\\Http\\Request))
#41 /var/www/TRDSv2_1x_endorsement/vendor/laravel/framework/src/Illuminate/Foundation/Http/Middleware/TrimStrings.php(40): Illuminate\\Foundation\\Http\\Middleware\\TransformsRequest->handle(Object(Illuminate\\Http\\Request), Object(Closure))
#42 /var/www/TRDSv2_1x_endorsement/vendor/laravel/framework/src/Illuminate/Pipeline/Pipeline.php(167): Illuminate\\Foundation\\Http\\Middleware\\TrimStrings->handle(Object(Illuminate\\Http\\Request), Object(Closure))
#43 /var/www/TRDSv2_1x_endorsement/vendor/laravel/framework/src/Illuminate/Foundation/Http/Middleware/ValidatePostSize.php(27): Illuminate\\Pipeline\\Pipeline->Illuminate\\Pipeline\\{closure}(Object(Illuminate\\Http\\Request))
#44 /var/www/TRDSv2_1x_endorsement/vendor/laravel/framework/src/Illuminate/Pipeline/Pipeline.php(167): Illuminate\\Foundation\\Http\\Middleware\\ValidatePostSize->handle(Object(Illuminate\\Http\\Request), Object(Closure))
#45 /var/www/TRDSv2_1x_endorsement/vendor/laravel/framework/src/Illuminate/Foundation/Http/Middleware/PreventRequestsDuringMaintenance.php(86): Illuminate\\Pipeline\\Pipeline->Illuminate\\Pipeline\\{closure}(Object(Illuminate\\Http\\Request))
#46 /var/www/TRDSv2_1x_endorsement/vendor/laravel/framework/src/Illuminate/Pipeline/Pipeline.php(167): Illuminate\\Foundation\\Http\\Middleware\\PreventRequestsDuringMaintenance->handle(Object(Illuminate\\Http\\Request), Object(Closure))
#47 /var/www/TRDSv2_1x_endorsement/vendor/fideloper/proxy/src/TrustProxies.php(57): Illuminate\\Pipeline\\Pipeline->Illuminate\\Pipeline\\{closure}(Object(Illuminate\\Http\\Request))
#48 /var/www/TRDSv2_1x_endorsement/vendor/laravel/framework/src/Illuminate/Pipeline/Pipeline.php(167): Fideloper\\Proxy\\TrustProxies->handle(Object(Illuminate\\Http\\Request), Object(Closure))
#49 /var/www/TRDSv2_1x_endorsement/vendor/laravel/framework/src/Illuminate/Pipeline/Pipeline.php(103): Illuminate\\Pipeline\\Pipeline->Illuminate\\Pipeline\\{closure}(Object(Illuminate\\Http\\Request))
#50 /var/www/TRDSv2_1x_endorsement/vendor/laravel/framework/src/Illuminate/Foundation/Http/Kernel.php(142): Illuminate\\Pipeline\\Pipeline->then(Object(Closure))
#51 /var/www/TRDSv2_1x_endorsement/vendor/laravel/framework/src/Illuminate/Foundation/Http/Kernel.php(111): Illuminate\\Foundation\\Http\\Kernel->sendRequestThroughRouter(Object(Illuminate\\Http\\Request))
#52 /var/www/TRDSv2_1x_endorsement/index.php(55): Illuminate\\Foundation\\Http\\Kernel->handle(Object(Illuminate\\Http\\Request))
#53 {main}

[previous exception] [object] (PDOException(code: 42S22): SQLSTATE[42S22]: Column not found: 1054 Unknown column 'product_line_id' in 'where clause' at /var/www/TRDSv2_1x_endorsement/vendor/laravel/framework/src/Illuminate/Database/Connection.php:368)
[stacktrace]
#0 /var/www/TRDSv2_1x_endorsement/vendor/laravel/framework/src/Illuminate/Database/Connection.php(368): PDO->prepare('select * from `...')
#1 /var/www/TRDSv2_1x_endorsement/vendor/laravel/framework/src/Illuminate/Database/Connection.php(705): Illuminate\\Database\\Connection->Illuminate\\Database\\{closure}('select * from `...', Array)
#2 /var/www/TRDSv2_1x_endorsement/vendor/laravel/framework/src/Illuminate/Database/Connection.php(672): Illuminate\\Database\\Connection->runQueryCallback('select * from `...', Array, Object(Closure))
#3 /var/www/TRDSv2_1x_endorsement/vendor/laravel/framework/src/Illuminate/Database/Connection.php(376): Illuminate\\Database\\Connection->run('select * from `...', Array, Object(Closure))
#4 /var/www/TRDSv2_1x_endorsement/vendor/laravel/framework/src/Illuminate/Database/Query/Builder.php(2414): Illuminate\\Database\\Connection->select('select * from `...', Array, true)
#5 /var/www/TRDSv2_1x_endorsement/vendor/laravel/framework/src/Illuminate/Database/Query/Builder.php(2402): Illuminate\\Database\\Query\\Builder->runSelect()
#6 /var/www/TRDSv2_1x_endorsement/vendor/laravel/framework/src/Illuminate/Database/Query/Builder.php(2936): Illuminate\\Database\\Query\\Builder->Illuminate\\Database\\Query\\{closure}()
#7 /var/www/TRDSv2_1x_endorsement/vendor/laravel/framework/src/Illuminate/Database/Query/Builder.php(2403): Illuminate\\Database\\Query\\Builder->onceWithColumns(Array, Object(Closure))
#8 /var/www/TRDSv2_1x_endorsement/vendor/laravel/framework/src/Illuminate/Database/Eloquent/Builder.php(625): Illuminate\\Database\\Query\\Builder->get(Array)
#9 /var/www/TRDSv2_1x_endorsement/vendor/laravel/framework/src/Illuminate/Database/Eloquent/Builder.php(609): Illuminate\\Database\\Eloquent\\Builder->getModels(Array)
#10 /var/www/TRDSv2_1x_endorsement/app/Http/Controllers/ListOfCertPersonnelController.php(32): Illuminate\\Database\\Eloquent\\Builder->get()
#11 /var/www/TRDSv2_1x_endorsement/vendor/laravel/framework/src/Illuminate/Routing/Controller.php(54): App\\Http\\Controllers\\ListOfCertPersonnelController->exportListCertPersonnel(Object(Illuminate\\Http\\Request))
#12 /var/www/TRDSv2_1x_endorsement/vendor/laravel/framework/src/Illuminate/Routing/ControllerDispatcher.php(45): Illuminate\\Routing\\Controller->callAction('exportListCertP...', Array)
#13 /var/www/TRDSv2_1x_endorsement/vendor/laravel/framework/src/Illuminate/Routing/Route.php(262): Illuminate\\Routing\\ControllerDispatcher->dispatch(Object(Illuminate\\Routing\\Route), Object(App\\Http\\Controllers\\ListOfCertPersonnelController), 'exportListCertP...')
#14 /var/www/TRDSv2_1x_endorsement/vendor/laravel/framework/src/Illuminate/Routing/Route.php(205): Illuminate\\Routing\\Route->runController()
#15 /var/www/TRDSv2_1x_endorsement/vendor/laravel/framework/src/Illuminate/Routing/Router.php(721): Illuminate\\Routing\\Route->run()
#16 /var/www/TRDSv2_1x_endorsement/vendor/laravel/framework/src/Illuminate/Pipeline/Pipeline.php(128): Illuminate\\Routing\\Router->Illuminate\\Routing\\{closure}(Object(Illuminate\\Http\\Request))
#17 /var/www/TRDSv2_1x_endorsement/app/Http/Middleware/CheckSession.php(55): Illuminate\\Pipeline\\Pipeline->Illuminate\\Pipeline\\{closure}(Object(Illuminate\\Http\\Request))
#18 /var/www/TRDSv2_1x_endorsement/vendor/laravel/framework/src/Illuminate/Pipeline/Pipeline.php(167): App\\Http\\Middleware\\CheckSession->handle(Object(Illuminate\\Http\\Request), Object(Closure))
#19 /var/www/TRDSv2_1x_endorsement/vendor/laravel/framework/src/Illuminate/Routing/Middleware/SubstituteBindings.php(50): Illuminate\\Pipeline\\Pipeline->Illuminate\\Pipeline\\{closure}(Object(Illuminate\\Http\\Request))
#20 /var/www/TRDSv2_1x_endorsement/vendor/laravel/framework/src/Illuminate/Pipeline/Pipeline.php(167): Illuminate\\Routing\\Middleware\\SubstituteBindings->handle(Object(Illuminate\\Http\\Request), Object(Closure))
#21 /var/www/TRDSv2_1x_endorsement/vendor/laravel/framework/src/Illuminate/Foundation/Http/Middleware/VerifyCsrfToken.php(78): Illuminate\\Pipeline\\Pipeline->Illuminate\\Pipeline\\{closure}(Object(Illuminate\\Http\\Request))
#22 /var/www/TRDSv2_1x_endorsement/vendor/laravel/framework/src/Illuminate/Pipeline/Pipeline.php(167): Illuminate\\Foundation\\Http\\Middleware\\VerifyCsrfToken->handle(Object(Illuminate\\Http\\Request), Object(Closure))
#23 /var/www/TRDSv2_1x_endorsement/vendor/laravel/framework/src/Illuminate/View/Middleware/ShareErrorsFromSession.php(49): Illuminate\\Pipeline\\Pipeline->Illuminate\\Pipeline\\{closure}(Object(Illuminate\\Http\\Request))
#24 /var/www/TRDSv2_1x_endorsement/vendor/laravel/framework/src/Illuminate/Pipeline/Pipeline.php(167): Illuminate\\View\\Middleware\\ShareErrorsFromSession->handle(Object(Illuminate\\Http\\Request), Object(Closure))
#25 /var/www/TRDSv2_1x_endorsement/vendor/laravel/framework/src/Illuminate/Session/Middleware/StartSession.php(121): Illuminate\\Pipeline\\Pipeline->Illuminate\\Pipeline\\{closure}(Object(Illuminate\\Http\\Request))
#26 /var/www/TRDSv2_1x_endorsement/vendor/laravel/framework/src/Illuminate/Session/Middleware/StartSession.php(64): Illuminate\\Session\\Middleware\\StartSession->handleStatefulRequest(Object(Illuminate\\Http\\Request), Object(Illuminate\\Session\\Store), Object(Closure))
#27 /var/www/TRDSv2_1x_endorsement/vendor/laravel/framework/src/Illuminate/Pipeline/Pipeline.php(167): Illuminate\\Session\\Middleware\\StartSession->handle(Object(Illuminate\\Http\\Request), Object(Closure))
#28 /var/www/TRDSv2_1x_endorsement/vendor/laravel/framework/src/Illuminate/Cookie/Middleware/AddQueuedCookiesToResponse.php(37): Illuminate\\Pipeline\\Pipeline->Illuminate\\Pipeline\\{closure}(Object(Illuminate\\Http\\Request))
#29 /var/www/TRDSv2_1x_endorsement/vendor/laravel/framework/src/Illuminate/Pipeline/Pipeline.php(167): Illuminate\\Cookie\\Middleware\\AddQueuedCookiesToResponse->handle(Object(Illuminate\\Http\\Request), Object(Closure))
#30 /var/www/TRDSv2_1x_endorsement/vendor/laravel/framework/src/Illuminate/Cookie/Middleware/EncryptCookies.php(67): Illuminate\\Pipeline\\Pipeline->Illuminate\\Pipeline\\{closure}(Object(Illuminate\\Http\\Request))
#31 /var/www/TRDSv2_1x_endorsement/vendor/laravel/framework/src/Illuminate/Pipeline/Pipeline.php(167): Illuminate\\Cookie\\Middleware\\EncryptCookies->handle(Object(Illuminate\\Http\\Request), Object(Closure))
#32 /var/www/TRDSv2_1x_endorsement/vendor/laravel/framework/src/Illuminate/Pipeline/Pipeline.php(103): Illuminate\\Pipeline\\Pipeline->Illuminate\\Pipeline\\{closure}(Object(Illuminate\\Http\\Request))
#33 /var/www/TRDSv2_1x_endorsement/vendor/laravel/framework/src/Illuminate/Routing/Router.php(723): Illuminate\\Pipeline\\Pipeline->then(Object(Closure))
#34 /var/www/TRDSv2_1x_endorsement/vendor/laravel/framework/src/Illuminate/Routing/Router.php(698): Illuminate\\Routing\\Router->runRouteWithinStack(Object(Illuminate\\Routing\\Route), Object(Illuminate\\Http\\Request))
#35 /var/www/TRDSv2_1x_endorsement/vendor/laravel/framework/src/Illuminate/Routing/Router.php(662): Illuminate\\Routing\\Router->runRoute(Object(Illuminate\\Http\\Request), Object(Illuminate\\Routing\\Route))
#36 /var/www/TRDSv2_1x_endorsement/vendor/laravel/framework/src/Illuminate/Routing/Router.php(651): Illuminate\\Routing\\Router->dispatchToRoute(Object(Illuminate\\Http\\Request))
#37 /var/www/TRDSv2_1x_endorsement/vendor/laravel/framework/src/Illuminate/Foundation/Http/Kernel.php(167): Illuminate\\Routing\\Router->dispatch(Object(Illuminate\\Http\\Request))
#38 /var/www/TRDSv2_1x_endorsement/vendor/laravel/framework/src/Illuminate/Pipeline/Pipeline.php(128): Illuminate\\Foundation\\Http\\Kernel->Illuminate\\Foundation\\Http\\{closure}(Object(Illuminate\\Http\\Request))
#39 /var/www/TRDSv2_1x_endorsement/vendor/laravel/framework/src/Illuminate/Foundation/Http/Middleware/TransformsRequest.php(21): Illuminate\\Pipeline\\Pipeline->Illuminate\\Pipeline\\{closure}(Object(Illuminate\\Http\\Request))
#40 /var/www/TRDSv2_1x_endorsement/vendor/laravel/framework/src/Illuminate/Foundation/Http/Middleware/ConvertEmptyStringsToNull.php(31): Illuminate\\Foundation\\Http\\Middleware\\TransformsRequest->handle(Object(Illuminate\\Http\\Request), Object(Closure))
#41 /var/www/TRDSv2_1x_endorsement/vendor/laravel/framework/src/Illuminate/Pipeline/Pipeline.php(167): Illuminate\\Foundation\\Http\\Middleware\\ConvertEmptyStringsToNull->handle(Object(Illuminate\\Http\\Request), Object(Closure))
#42 /var/www/TRDSv2_1x_endorsement/vendor/laravel/framework/src/Illuminate/Foundation/Http/Middleware/TransformsRequest.php(21): Illuminate\\Pipeline\\Pipeline->Illuminate\\Pipeline\\{closure}(Object(Illuminate\\Http\\Request))
#43 /var/www/TRDSv2_1x_endorsement/vendor/laravel/framework/src/Illuminate/Foundation/Http/Middleware/TrimStrings.php(40): Illuminate\\Foundation\\Http\\Middleware\\TransformsRequest->handle(Object(Illuminate\\Http\\Request), Object(Closure))
#44 /var/www/TRDSv2_1x_endorsement/vendor/laravel/framework/src/Illuminate/Pipeline/Pipeline.php(167): Illuminate\\Foundation\\Http\\Middleware\\TrimStrings->handle(Object(Illuminate\\Http\\Request), Object(Closure))
#45 /var/www/TRDSv2_1x_endorsement/vendor/laravel/framework/src/Illuminate/Foundation/Http/Middleware/ValidatePostSize.php(27): Illuminate\\Pipeline\\Pipeline->Illuminate\\Pipeline\\{closure}(Object(Illuminate\\Http\\Request))
#46 /var/www/TRDSv2_1x_endorsement/vendor/laravel/framework/src/Illuminate/Pipeline/Pipeline.php(167): Illuminate\\Foundation\\Http\\Middleware\\ValidatePostSize->handle(Object(Illuminate\\Http\\Request), Object(Closure))
#47 /var/www/TRDSv2_1x_endorsement/vendor/laravel/framework/src/Illuminate/Foundation/Http/Middleware/PreventRequestsDuringMaintenance.php(86): Illuminate\\Pipeline\\Pipeline->Illuminate\\Pipeline\\{closure}(Object(Illuminate\\Http\\Request))
#48 /var/www/TRDSv2_1x_endorsement/vendor/laravel/framework/src/Illuminate/Pipeline/Pipeline.php(167): Illuminate\\Foundation\\Http\\Middleware\\PreventRequestsDuringMaintenance->handle(Object(Illuminate\\Http\\Request), Object(Closure))
#49 /var/www/TRDSv2_1x_endorsement/vendor/fideloper/proxy/src/TrustProxies.php(57): Illuminate\\Pipeline\\Pipeline->Illuminate\\Pipeline\\{closure}(Object(Illuminate\\Http\\Request))
#50 /var/www/TRDSv2_1x_endorsement/vendor/laravel/framework/src/Illuminate/Pipeline/Pipeline.php(167): Fideloper\\Proxy\\TrustProxies->handle(Object(Illuminate\\Http\\Request), Object(Closure))
#51 /var/www/TRDSv2_1x_endorsement/vendor/laravel/framework/src/Illuminate/Pipeline/Pipeline.php(103): Illuminate\\Pipeline\\Pipeline->Illuminate\\Pipeline\\{closure}(Object(Illuminate\\Http\\Request))
#52 /var/www/TRDSv2_1x_endorsement/vendor/laravel/framework/src/Illuminate/Foundation/Http/Kernel.php(142): Illuminate\\Pipeline\\Pipeline->then(Object(Closure))
#53 /var/www/TRDSv2_1x_endorsement/vendor/laravel/framework/src/Illuminate/Foundation/Http/Kernel.php(111): Illuminate\\Foundation\\Http\\Kernel->sendRequestThroughRouter(Object(Illuminate\\Http\\Request))
#54 /var/www/TRDSv2_1x_endorsement/index.php(55): Illuminate\\Foundation\\Http\\Kernel->handle(Object(Illuminate\\Http\\Request))
#55 {main}
"} 
[2026-07-20 05:31:47] local.ERROR: Class 'App\OpApprover' not found {"exception":"[object] (Error(code: 0): Class 'App\\OpApprover' not found at /var/www/TRDSv2_1x_endorsement/vendor/laravel/framework/src/Illuminate/Database/Eloquent/Concerns/HasRelationships.php:750)
[stacktrace]
#0 /var/www/TRDSv2_1x_endorsement/vendor/laravel/framework/src/Illuminate/Database/Eloquent/Concerns/HasRelationships.php(351): Illuminate\\Database\\Eloquent\\Model->newRelatedInstance('App\\\\OpApprover')
#1 /var/www/TRDSv2_1x_endorsement/app/Model/QcSlip.php(19): Illuminate\\Database\\Eloquent\\Model->hasMany('App\\\\OpApprover', 'qc_slips_id', 'id')
#2 /var/www/TRDSv2_1x_endorsement/vendor/laravel/framework/src/Illuminate/Database/Eloquent/Builder.php(690): App\\Model\\QcSlip->op_approver_details()
#3 /var/www/TRDSv2_1x_endorsement/vendor/laravel/framework/src/Illuminate/Database/Eloquent/Relations/Relation.php(106): Illuminate\\Database\\Eloquent\\Builder->Illuminate\\Database\\Eloquent\\{closure}()
#4 /var/www/TRDSv2_1x_endorsement/vendor/laravel/framework/src/Illuminate/Database/Eloquent/Builder.php(694): Illuminate\\Database\\Eloquent\\Relations\\Relation::noConstraints(Object(Closure))
#5 /var/www/TRDSv2_1x_endorsement/vendor/laravel/framework/src/Illuminate/Database/Eloquent/Builder.php(662): Illuminate\\Database\\Eloquent\\Builder->getRelation('op_approver_det...')
#6 /var/www/TRDSv2_1x_endorsement/vendor/laravel/framework/src/Illuminate/Database/Eloquent/Builder.php(642): Illuminate\\Database\\Eloquent\\Builder->eagerLoadRelation(Array, 'op_approver_det...', Object(Closure))
#7 /var/www/TRDSv2_1x_endorsement/vendor/laravel/framework/src/Illuminate/Database/Eloquent/Builder.php(610): Illuminate\\Database\\Eloquent\\Builder->eagerLoadRelations(Array)
#8 /var/www/TRDSv2_1x_endorsement/app/Http/Controllers/ListOfCertPersonnelController.php(34): Illuminate\\Database\\Eloquent\\Builder->get()
#9 /var/www/TRDSv2_1x_endorsement/vendor/laravel/framework/src/Illuminate/Routing/Controller.php(54): App\\Http\\Controllers\\ListOfCertPersonnelController->exportListCertPersonnel(Object(Illuminate\\Http\\Request))
#10 /var/www/TRDSv2_1x_endorsement/vendor/laravel/framework/src/Illuminate/Routing/ControllerDispatcher.php(45): Illuminate\\Routing\\Controller->callAction('exportListCertP...', Array)
#11 /var/www/TRDSv2_1x_endorsement/vendor/laravel/framework/src/Illuminate/Routing/Route.php(262): Illuminate\\Routing\\ControllerDispatcher->dispatch(Object(Illuminate\\Routing\\Route), Object(App\\Http\\Controllers\\ListOfCertPersonnelController), 'exportListCertP...')
#12 /var/www/TRDSv2_1x_endorsement/vendor/laravel/framework/src/Illuminate/Routing/Route.php(205): Illuminate\\Routing\\Route->runController()
#13 /var/www/TRDSv2_1x_endorsement/vendor/laravel/framework/src/Illuminate/Routing/Router.php(721): Illuminate\\Routing\\Route->run()
#14 /var/www/TRDSv2_1x_endorsement/vendor/laravel/framework/src/Illuminate/Pipeline/Pipeline.php(128): Illuminate\\Routing\\Router->Illuminate\\Routing\\{closure}(Object(Illuminate\\Http\\Request))
#15 /var/www/TRDSv2_1x_endorsement/app/Http/Middleware/CheckSession.php(55): Illuminate\\Pipeline\\Pipeline->Illuminate\\Pipeline\\{closure}(Object(Illuminate\\Http\\Request))
#16 /var/www/TRDSv2_1x_endorsement/vendor/laravel/framework/src/Illuminate/Pipeline/Pipeline.php(167): App\\Http\\Middleware\\CheckSession->handle(Object(Illuminate\\Http\\Request), Object(Closure))
#17 /var/www/TRDSv2_1x_endorsement/vendor/laravel/framework/src/Illuminate/Routing/Middleware/SubstituteBindings.php(50): Illuminate\\Pipeline\\Pipeline->Illuminate\\Pipeline\\{closure}(Object(Illuminate\\Http\\Request))
#18 /var/www/TRDSv2_1x_endorsement/vendor/laravel/framework/src/Illuminate/Pipeline/Pipeline.php(167): Illuminate\\Routing\\Middleware\\SubstituteBindings->handle(Object(Illuminate\\Http\\Request), Object(Closure))
#19 /var/www/TRDSv2_1x_endorsement/vendor/laravel/framework/src/Illuminate/Foundation/Http/Middleware/VerifyCsrfToken.php(78): Illuminate\\Pipeline\\Pipeline->Illuminate\\Pipeline\\{closure}(Object(Illuminate\\Http\\Request))
#20 /var/www/TRDSv2_1x_endorsement/vendor/laravel/framework/src/Illuminate/Pipeline/Pipeline.php(167): Illuminate\\Foundation\\Http\\Middleware\\VerifyCsrfToken->handle(Object(Illuminate\\Http\\Request), Object(Closure))
#21 /var/www/TRDSv2_1x_endorsement/vendor/laravel/framework/src/Illuminate/View/Middleware/ShareErrorsFromSession.php(49): Illuminate\\Pipeline\\Pipeline->Illuminate\\Pipeline\\{closure}(Object(Illuminate\\Http\\Request))
#22 /var/www/TRDSv2_1x_endorsement/vendor/laravel/framework/src/Illuminate/Pipeline/Pipeline.php(167): Illuminate\\View\\Middleware\\ShareErrorsFromSession->handle(Object(Illuminate\\Http\\Request), Object(Closure))
#23 /var/www/TRDSv2_1x_endorsement/vendor/laravel/framework/src/Illuminate/Session/Middleware/StartSession.php(121): Illuminate\\Pipeline\\Pipeline->Illuminate\\Pipeline\\{closure}(Object(Illuminate\\Http\\Request))
#24 /var/www/TRDSv2_1x_endorsement/vendor/laravel/framework/src/Illuminate/Session/Middleware/StartSession.php(64): Illuminate\\Session\\Middleware\\StartSession->handleStatefulRequest(Object(Illuminate\\Http\\Request), Object(Illuminate\\Session\\Store), Object(Closure))
#25 /var/www/TRDSv2_1x_endorsement/vendor/laravel/framework/src/Illuminate/Pipeline/Pipeline.php(167): Illuminate\\Session\\Middleware\\StartSession->handle(Object(Illuminate\\Http\\Request), Object(Closure))
#26 /var/www/TRDSv2_1x_endorsement/vendor/laravel/framework/src/Illuminate/Cookie/Middleware/AddQueuedCookiesToResponse.php(37): Illuminate\\Pipeline\\Pipeline->Illuminate\\Pipeline\\{closure}(Object(Illuminate\\Http\\Request))
#27 /var/www/TRDSv2_1x_endorsement/vendor/laravel/framework/src/Illuminate/Pipeline/Pipeline.php(167): Illuminate\\Cookie\\Middleware\\AddQueuedCookiesToResponse->handle(Object(Illuminate\\Http\\Request), Object(Closure))
#28 /var/www/TRDSv2_1x_endorsement/vendor/laravel/framework/src/Illuminate/Cookie/Middleware/EncryptCookies.php(67): Illuminate\\Pipeline\\Pipeline->Illuminate\\Pipeline\\{closure}(Object(Illuminate\\Http\\Request))
#29 /var/www/TRDSv2_1x_endorsement/vendor/laravel/framework/src/Illuminate/Pipeline/Pipeline.php(167): Illuminate\\Cookie\\Middleware\\EncryptCookies->handle(Object(Illuminate\\Http\\Request), Object(Closure))
#30 /var/www/TRDSv2_1x_endorsement/vendor/laravel/framework/src/Illuminate/Pipeline/Pipeline.php(103): Illuminate\\Pipeline\\Pipeline->Illuminate\\Pipeline\\{closure}(Object(Illuminate\\Http\\Request))
#31 /var/www/TRDSv2_1x_endorsement/vendor/laravel/framework/src/Illuminate/Routing/Router.php(723): Illuminate\\Pipeline\\Pipeline->then(Object(Closure))
#32 /var/www/TRDSv2_1x_endorsement/vendor/laravel/framework/src/Illuminate/Routing/Router.php(698): Illuminate\\Routing\\Router->runRouteWithinStack(Object(Illuminate\\Routing\\Route), Object(Illuminate\\Http\\Request))
#33 /var/www/TRDSv2_1x_endorsement/vendor/laravel/framework/src/Illuminate/Routing/Router.php(662): Illuminate\\Routing\\Router->runRoute(Object(Illuminate\\Http\\Request), Object(Illuminate\\Routing\\Route))
#34 /var/www/TRDSv2_1x_endorsement/vendor/laravel/framework/src/Illuminate/Routing/Router.php(651): Illuminate\\Routing\\Router->dispatchToRoute(Object(Illuminate\\Http\\Request))
#35 /var/www/TRDSv2_1x_endorsement/vendor/laravel/framework/src/Illuminate/Foundation/Http/Kernel.php(167): Illuminate\\Routing\\Router->dispatch(Object(Illuminate\\Http\\Request))
#36 /var/www/TRDSv2_1x_endorsement/vendor/laravel/framework/src/Illuminate/Pipeline/Pipeline.php(128): Illuminate\\Foundation\\Http\\Kernel->Illuminate\\Foundation\\Http\\{closure}(Object(Illuminate\\Http\\Request))
#37 /var/www/TRDSv2_1x_endorsement/vendor/laravel/framework/src/Illuminate/Foundation/Http/Middleware/TransformsRequest.php(21): Illuminate\\Pipeline\\Pipeline->Illuminate\\Pipeline\\{closure}(Object(Illuminate\\Http\\Request))
#38 /var/www/TRDSv2_1x_endorsement/vendor/laravel/framework/src/Illuminate/Foundation/Http/Middleware/ConvertEmptyStringsToNull.php(31): Illuminate\\Foundation\\Http\\Middleware\\TransformsRequest->handle(Object(Illuminate\\Http\\Request), Object(Closure))
#39 /var/www/TRDSv2_1x_endorsement/vendor/laravel/framework/src/Illuminate/Pipeline/Pipeline.php(167): Illuminate\\Foundation\\Http\\Middleware\\ConvertEmptyStringsToNull->handle(Object(Illuminate\\Http\\Request), Object(Closure))
#40 /var/www/TRDSv2_1x_endorsement/vendor/laravel/framework/src/Illuminate/Foundation/Http/Middleware/TransformsRequest.php(21): Illuminate\\Pipeline\\Pipeline->Illuminate\\Pipeline\\{closure}(Object(Illuminate\\Http\\Request))
#41 /var/www/TRDSv2_1x_endorsement/vendor/laravel/framework/src/Illuminate/Foundation/Http/Middleware/TrimStrings.php(40): Illuminate\\Foundation\\Http\\Middleware\\TransformsRequest->handle(Object(Illuminate\\Http\\Request), Object(Closure))
#42 /var/www/TRDSv2_1x_endorsement/vendor/laravel/framework/src/Illuminate/Pipeline/Pipeline.php(167): Illuminate\\Foundation\\Http\\Middleware\\TrimStrings->handle(Object(Illuminate\\Http\\Request), Object(Closure))
#43 /var/www/TRDSv2_1x_endorsement/vendor/laravel/framework/src/Illuminate/Foundation/Http/Middleware/ValidatePostSize.php(27): Illuminate\\Pipeline\\Pipeline->Illuminate\\Pipeline\\{closure}(Object(Illuminate\\Http\\Request))
#44 /var/www/TRDSv2_1x_endorsement/vendor/laravel/framework/src/Illuminate/Pipeline/Pipeline.php(167): Illuminate\\Foundation\\Http\\Middleware\\ValidatePostSize->handle(Object(Illuminate\\Http\\Request), Object(Closure))
#45 /var/www/TRDSv2_1x_endorsement/vendor/laravel/framework/src/Illuminate/Foundation/Http/Middleware/PreventRequestsDuringMaintenance.php(86): Illuminate\\Pipeline\\Pipeline->Illuminate\\Pipeline\\{closure}(Object(Illuminate\\Http\\Request))
#46 /var/www/TRDSv2_1x_endorsement/vendor/laravel/framework/src/Illuminate/Pipeline/Pipeline.php(167): Illuminate\\Foundation\\Http\\Middleware\\PreventRequestsDuringMaintenance->handle(Object(Illuminate\\Http\\Request), Object(Closure))
#47 /var/www/TRDSv2_1x_endorsement/vendor/fideloper/proxy/src/TrustProxies.php(57): Illuminate\\Pipeline\\Pipeline->Illuminate\\Pipeline\\{closure}(Object(Illuminate\\Http\\Request))
#48 /var/www/TRDSv2_1x_endorsement/vendor/laravel/framework/src/Illuminate/Pipeline/Pipeline.php(167): Fideloper\\Proxy\\TrustProxies->handle(Object(Illuminate\\Http\\Request), Object(Closure))
#49 /var/www/TRDSv2_1x_endorsement/vendor/laravel/framework/src/Illuminate/Pipeline/Pipeline.php(103): Illuminate\\Pipeline\\Pipeline->Illuminate\\Pipeline\\{closure}(Object(Illuminate\\Http\\Request))
#50 /var/www/TRDSv2_1x_endorsement/vendor/laravel/framework/src/Illuminate/Foundation/Http/Kernel.php(142): Illuminate\\Pipeline\\Pipeline->then(Object(Closure))
#51 /var/www/TRDSv2_1x_endorsement/vendor/laravel/framework/src/Illuminate/Foundation/Http/Kernel.php(111): Illuminate\\Foundation\\Http\\Kernel->sendRequestThroughRouter(Object(Illuminate\\Http\\Request))
#52 /var/www/TRDSv2_1x_endorsement/index.php(55): Illuminate\\Foundation\\Http\\Kernel->handle(Object(Illuminate\\Http\\Request))
#53 {main}
"} 
[2026-07-20 05:32:08] local.ERROR: Class 'App\Model\OpApprover' not found {"exception":"[object] (Error(code: 0): Class 'App\\Model\\OpApprover' not found at /var/www/TRDSv2_1x_endorsement/vendor/laravel/framework/src/Illuminate/Database/Eloquent/Concerns/HasRelationships.php:750)
[stacktrace]
#0 /var/www/TRDSv2_1x_endorsement/vendor/laravel/framework/src/Illuminate/Database/Eloquent/Concerns/HasRelationships.php(351): Illuminate\\Database\\Eloquent\\Model->newRelatedInstance('App\\\\Model\\\\OpApp...')
#1 /var/www/TRDSv2_1x_endorsement/app/Model/QcSlip.php(19): Illuminate\\Database\\Eloquent\\Model->hasMany('App\\\\Model\\\\OpApp...', 'qc_slips_id', 'id')
#2 /var/www/TRDSv2_1x_endorsement/vendor/laravel/framework/src/Illuminate/Database/Eloquent/Builder.php(690): App\\Model\\QcSlip->op_approver_details()
#3 /var/www/TRDSv2_1x_endorsement/vendor/laravel/framework/src/Illuminate/Database/Eloquent/Relations/Relation.php(106): Illuminate\\Database\\Eloquent\\Builder->Illuminate\\Database\\Eloquent\\{closure}()
#4 /var/www/TRDSv2_1x_endorsement/vendor/laravel/framework/src/Illuminate/Database/Eloquent/Builder.php(694): Illuminate\\Database\\Eloquent\\Relations\\Relation::noConstraints(Object(Closure))
#5 /var/www/TRDSv2_1x_endorsement/vendor/laravel/framework/src/Illuminate/Database/Eloquent/Builder.php(662): Illuminate\\Database\\Eloquent\\Builder->getRelation('op_approver_det...')
#6 /var/www/TRDSv2_1x_endorsement/vendor/laravel/framework/src/Illuminate/Database/Eloquent/Builder.php(642): Illuminate\\Database\\Eloquent\\Builder->eagerLoadRelation(Array, 'op_approver_det...', Object(Closure))
#7 /var/www/TRDSv2_1x_endorsement/vendor/laravel/framework/src/Illuminate/Database/Eloquent/Builder.php(610): Illuminate\\Database\\Eloquent\\Builder->eagerLoadRelations(Array)
#8 /var/www/TRDSv2_1x_endorsement/app/Http/Controllers/ListOfCertPersonnelController.php(34): Illuminate\\Database\\Eloquent\\Builder->get()
#9 /var/www/TRDSv2_1x_endorsement/vendor/laravel/framework/src/Illuminate/Routing/Controller.php(54): App\\Http\\Controllers\\ListOfCertPersonnelController->exportListCertPersonnel(Object(Illuminate\\Http\\Request))
#10 /var/www/TRDSv2_1x_endorsement/vendor/laravel/framework/src/Illuminate/Routing/ControllerDispatcher.php(45): Illuminate\\Routing\\Controller->callAction('exportListCertP...', Array)
#11 /var/www/TRDSv2_1x_endorsement/vendor/laravel/framework/src/Illuminate/Routing/Route.php(262): Illuminate\\Routing\\ControllerDispatcher->dispatch(Object(Illuminate\\Routing\\Route), Object(App\\Http\\Controllers\\ListOfCertPersonnelController), 'exportListCertP...')
#12 /var/www/TRDSv2_1x_endorsement/vendor/laravel/framework/src/Illuminate/Routing/Route.php(205): Illuminate\\Routing\\Route->runController()
#13 /var/www/TRDSv2_1x_endorsement/vendor/laravel/framework/src/Illuminate/Routing/Router.php(721): Illuminate\\Routing\\Route->run()
#14 /var/www/TRDSv2_1x_endorsement/vendor/laravel/framework/src/Illuminate/Pipeline/Pipeline.php(128): Illuminate\\Routing\\Router->Illuminate\\Routing\\{closure}(Object(Illuminate\\Http\\Request))
#15 /var/www/TRDSv2_1x_endorsement/app/Http/Middleware/CheckSession.php(55): Illuminate\\Pipeline\\Pipeline->Illuminate\\Pipeline\\{closure}(Object(Illuminate\\Http\\Request))
#16 /var/www/TRDSv2_1x_endorsement/vendor/laravel/framework/src/Illuminate/Pipeline/Pipeline.php(167): App\\Http\\Middleware\\CheckSession->handle(Object(Illuminate\\Http\\Request), Object(Closure))
#17 /var/www/TRDSv2_1x_endorsement/vendor/laravel/framework/src/Illuminate/Routing/Middleware/SubstituteBindings.php(50): Illuminate\\Pipeline\\Pipeline->Illuminate\\Pipeline\\{closure}(Object(Illuminate\\Http\\Request))
#18 /var/www/TRDSv2_1x_endorsement/vendor/laravel/framework/src/Illuminate/Pipeline/Pipeline.php(167): Illuminate\\Routing\\Middleware\\SubstituteBindings->handle(Object(Illuminate\\Http\\Request), Object(Closure))
#19 /var/www/TRDSv2_1x_endorsement/vendor/laravel/framework/src/Illuminate/Foundation/Http/Middleware/VerifyCsrfToken.php(78): Illuminate\\Pipeline\\Pipeline->Illuminate\\Pipeline\\{closure}(Object(Illuminate\\Http\\Request))
#20 /var/www/TRDSv2_1x_endorsement/vendor/laravel/framework/src/Illuminate/Pipeline/Pipeline.php(167): Illuminate\\Foundation\\Http\\Middleware\\VerifyCsrfToken->handle(Object(Illuminate\\Http\\Request), Object(Closure))
#21 /var/www/TRDSv2_1x_endorsement/vendor/laravel/framework/src/Illuminate/View/Middleware/ShareErrorsFromSession.php(49): Illuminate\\Pipeline\\Pipeline->Illuminate\\Pipeline\\{closure}(Object(Illuminate\\Http\\Request))
#22 /var/www/TRDSv2_1x_endorsement/vendor/laravel/framework/src/Illuminate/Pipeline/Pipeline.php(167): Illuminate\\View\\Middleware\\ShareErrorsFromSession->handle(Object(Illuminate\\Http\\Request), Object(Closure))
#23 /var/www/TRDSv2_1x_endorsement/vendor/laravel/framework/src/Illuminate/Session/Middleware/StartSession.php(121): Illuminate\\Pipeline\\Pipeline->Illuminate\\Pipeline\\{closure}(Object(Illuminate\\Http\\Request))
#24 /var/www/TRDSv2_1x_endorsement/vendor/laravel/framework/src/Illuminate/Session/Middleware/StartSession.php(64): Illuminate\\Session\\Middleware\\StartSession->handleStatefulRequest(Object(Illuminate\\Http\\Request), Object(Illuminate\\Session\\Store), Object(Closure))
#25 /var/www/TRDSv2_1x_endorsement/vendor/laravel/framework/src/Illuminate/Pipeline/Pipeline.php(167): Illuminate\\Session\\Middleware\\StartSession->handle(Object(Illuminate\\Http\\Request), Object(Closure))
#26 /var/www/TRDSv2_1x_endorsement/vendor/laravel/framework/src/Illuminate/Cookie/Middleware/AddQueuedCookiesToResponse.php(37): Illuminate\\Pipeline\\Pipeline->Illuminate\\Pipeline\\{closure}(Object(Illuminate\\Http\\Request))
#27 /var/www/TRDSv2_1x_endorsement/vendor/laravel/framework/src/Illuminate/Pipeline/Pipeline.php(167): Illuminate\\Cookie\\Middleware\\AddQueuedCookiesToResponse->handle(Object(Illuminate\\Http\\Request), Object(Closure))
#28 /var/www/TRDSv2_1x_endorsement/vendor/laravel/framework/src/Illuminate/Cookie/Middleware/EncryptCookies.php(67): Illuminate\\Pipeline\\Pipeline->Illuminate\\Pipeline\\{closure}(Object(Illuminate\\Http\\Request))
#29 /var/www/TRDSv2_1x_endorsement/vendor/laravel/framework/src/Illuminate/Pipeline/Pipeline.php(167): Illuminate\\Cookie\\Middleware\\EncryptCookies->handle(Object(Illuminate\\Http\\Request), Object(Closure))
#30 /var/www/TRDSv2_1x_endorsement/vendor/laravel/framework/src/Illuminate/Pipeline/Pipeline.php(103): Illuminate\\Pipeline\\Pipeline->Illuminate\\Pipeline\\{closure}(Object(Illuminate\\Http\\Request))
#31 /var/www/TRDSv2_1x_endorsement/vendor/laravel/framework/src/Illuminate/Routing/Router.php(723): Illuminate\\Pipeline\\Pipeline->then(Object(Closure))
#32 /var/www/TRDSv2_1x_endorsement/vendor/laravel/framework/src/Illuminate/Routing/Router.php(698): Illuminate\\Routing\\Router->runRouteWithinStack(Object(Illuminate\\Routing\\Route), Object(Illuminate\\Http\\Request))
#33 /var/www/TRDSv2_1x_endorsement/vendor/laravel/framework/src/Illuminate/Routing/Router.php(662): Illuminate\\Routing\\Router->runRoute(Object(Illuminate\\Http\\Request), Object(Illuminate\\Routing\\Route))
#34 /var/www/TRDSv2_1x_endorsement/vendor/laravel/framework/src/Illuminate/Routing/Router.php(651): Illuminate\\Routing\\Router->dispatchToRoute(Object(Illuminate\\Http\\Request))
#35 /var/www/TRDSv2_1x_endorsement/vendor/laravel/framework/src/Illuminate/Foundation/Http/Kernel.php(167): Illuminate\\Routing\\Router->dispatch(Object(Illuminate\\Http\\Request))
#36 /var/www/TRDSv2_1x_endorsement/vendor/laravel/framework/src/Illuminate/Pipeline/Pipeline.php(128): Illuminate\\Foundation\\Http\\Kernel->Illuminate\\Foundation\\Http\\{closure}(Object(Illuminate\\Http\\Request))
#37 /var/www/TRDSv2_1x_endorsement/vendor/laravel/framework/src/Illuminate/Foundation/Http/Middleware/TransformsRequest.php(21): Illuminate\\Pipeline\\Pipeline->Illuminate\\Pipeline\\{closure}(Object(Illuminate\\Http\\Request))
#38 /var/www/TRDSv2_1x_endorsement/vendor/laravel/framework/src/Illuminate/Foundation/Http/Middleware/ConvertEmptyStringsToNull.php(31): Illuminate\\Foundation\\Http\\Middleware\\TransformsRequest->handle(Object(Illuminate\\Http\\Request), Object(Closure))
#39 /var/www/TRDSv2_1x_endorsement/vendor/laravel/framework/src/Illuminate/Pipeline/Pipeline.php(167): Illuminate\\Foundation\\Http\\Middleware\\ConvertEmptyStringsToNull->handle(Object(Illuminate\\Http\\Request), Object(Closure))
#40 /var/www/TRDSv2_1x_endorsement/vendor/laravel/framework/src/Illuminate/Foundation/Http/Middleware/TransformsRequest.php(21): Illuminate\\Pipeline\\Pipeline->Illuminate\\Pipeline\\{closure}(Object(Illuminate\\Http\\Request))
#41 /var/www/TRDSv2_1x_endorsement/vendor/laravel/framework/src/Illuminate/Foundation/Http/Middleware/TrimStrings.php(40): Illuminate\\Foundation\\Http\\Middleware\\TransformsRequest->handle(Object(Illuminate\\Http\\Request), Object(Closure))
#42 /var/www/TRDSv2_1x_endorsement/vendor/laravel/framework/src/Illuminate/Pipeline/Pipeline.php(167): Illuminate\\Foundation\\Http\\Middleware\\TrimStrings->handle(Object(Illuminate\\Http\\Request), Object(Closure))
#43 /var/www/TRDSv2_1x_endorsement/vendor/laravel/framework/src/Illuminate/Foundation/Http/Middleware/ValidatePostSize.php(27): Illuminate\\Pipeline\\Pipeline->Illuminate\\Pipeline\\{closure}(Object(Illuminate\\Http\\Request))
#44 /var/www/TRDSv2_1x_endorsement/vendor/laravel/framework/src/Illuminate/Pipeline/Pipeline.php(167): Illuminate\\Foundation\\Http\\Middleware\\ValidatePostSize->handle(Object(Illuminate\\Http\\Request), Object(Closure))
#45 /var/www/TRDSv2_1x_endorsement/vendor/laravel/framework/src/Illuminate/Foundation/Http/Middleware/PreventRequestsDuringMaintenance.php(86): Illuminate\\Pipeline\\Pipeline->Illuminate\\Pipeline\\{closure}(Object(Illuminate\\Http\\Request))
#46 /var/www/TRDSv2_1x_endorsement/vendor/laravel/framework/src/Illuminate/Pipeline/Pipeline.php(167): Illuminate\\Foundation\\Http\\Middleware\\PreventRequestsDuringMaintenance->handle(Object(Illuminate\\Http\\Request), Object(Closure))
#47 /var/www/TRDSv2_1x_endorsement/vendor/fideloper/proxy/src/TrustProxies.php(57): Illuminate\\Pipeline\\Pipeline->Illuminate\\Pipeline\\{closure}(Object(Illuminate\\Http\\Request))
#48 /var/www/TRDSv2_1x_endorsement/vendor/laravel/framework/src/Illuminate/Pipeline/Pipeline.php(167): Fideloper\\Proxy\\TrustProxies->handle(Object(Illuminate\\Http\\Request), Object(Closure))
#49 /var/www/TRDSv2_1x_endorsement/vendor/laravel/framework/src/Illuminate/Pipeline/Pipeline.php(103): Illuminate\\Pipeline\\Pipeline->Illuminate\\Pipeline\\{closure}(Object(Illuminate\\Http\\Request))
#50 /var/www/TRDSv2_1x_endorsement/vendor/laravel/framework/src/Illuminate/Foundation/Http/Kernel.php(142): Illuminate\\Pipeline\\Pipeline->then(Object(Closure))
#51 /var/www/TRDSv2_1x_endorsement/vendor/laravel/framework/src/Illuminate/Foundation/Http/Kernel.php(111): Illuminate\\Foundation\\Http\\Kernel->sendRequestThroughRouter(Object(Illuminate\\Http\\Request))
#52 /var/www/TRDSv2_1x_endorsement/index.php(55): Illuminate\\Foundation\\Http\\Kernel->handle(Object(Illuminate\\Http\\Request))
#53 {main}
"} 
[2026-07-20 05:32:10] local.ERROR: Class 'App\Model\OpApprover' not found {"exception":"[object] (Error(code: 0): Class 'App\\Model\\OpApprover' not found at /var/www/TRDSv2_1x_endorsement/vendor/laravel/framework/src/Illuminate/Database/Eloquent/Concerns/HasRelationships.php:750)
[stacktrace]
#0 /var/www/TRDSv2_1x_endorsement/vendor/laravel/framework/src/Illuminate/Database/Eloquent/Concerns/HasRelationships.php(351): Illuminate\\Database\\Eloquent\\Model->newRelatedInstance('App\\\\Model\\\\OpApp...')
#1 /var/www/TRDSv2_1x_endorsement/app/Model/QcSlip.php(19): Illuminate\\Database\\Eloquent\\Model->hasMany('App\\\\Model\\\\OpApp...', 'qc_slips_id', 'id')
#2 /var/www/TRDSv2_1x_endorsement/vendor/laravel/framework/src/Illuminate/Database/Eloquent/Builder.php(690): App\\Model\\QcSlip->op_approver_details()
#3 /var/www/TRDSv2_1x_endorsement/vendor/laravel/framework/src/Illuminate/Database/Eloquent/Relations/Relation.php(106): Illuminate\\Database\\Eloquent\\Builder->Illuminate\\Database\\Eloquent\\{closure}()
#4 /var/www/TRDSv2_1x_endorsement/vendor/laravel/framework/src/Illuminate/Database/Eloquent/Builder.php(694): Illuminate\\Database\\Eloquent\\Relations\\Relation::noConstraints(Object(Closure))
#5 /var/www/TRDSv2_1x_endorsement/vendor/laravel/framework/src/Illuminate/Database/Eloquent/Builder.php(662): Illuminate\\Database\\Eloquent\\Builder->getRelation('op_approver_det...')
#6 /var/www/TRDSv2_1x_endorsement/vendor/laravel/framework/src/Illuminate/Database/Eloquent/Builder.php(642): Illuminate\\Database\\Eloquent\\Builder->eagerLoadRelation(Array, 'op_approver_det...', Object(Closure))
#7 /var/www/TRDSv2_1x_endorsement/vendor/laravel/framework/src/Illuminate/Database/Eloquent/Builder.php(610): Illuminate\\Database\\Eloquent\\Builder->eagerLoadRelations(Array)
#8 /var/www/TRDSv2_1x_endorsement/app/Http/Controllers/ListOfCertPersonnelController.php(34): Illuminate\\Database\\Eloquent\\Builder->get()
#9 /var/www/TRDSv2_1x_endorsement/vendor/laravel/framework/src/Illuminate/Routing/Controller.php(54): App\\Http\\Controllers\\ListOfCertPersonnelController->exportListCertPersonnel(Object(Illuminate\\Http\\Request))
#10 /var/www/TRDSv2_1x_endorsement/vendor/laravel/framework/src/Illuminate/Routing/ControllerDispatcher.php(45): Illuminate\\Routing\\Controller->callAction('exportListCertP...', Array)
#11 /var/www/TRDSv2_1x_endorsement/vendor/laravel/framework/src/Illuminate/Routing/Route.php(262): Illuminate\\Routing\\ControllerDispatcher->dispatch(Object(Illuminate\\Routing\\Route), Object(App\\Http\\Controllers\\ListOfCertPersonnelController), 'exportListCertP...')
#12 /var/www/TRDSv2_1x_endorsement/vendor/laravel/framework/src/Illuminate/Routing/Route.php(205): Illuminate\\Routing\\Route->runController()
#13 /var/www/TRDSv2_1x_endorsement/vendor/laravel/framework/src/Illuminate/Routing/Router.php(721): Illuminate\\Routing\\Route->run()
#14 /var/www/TRDSv2_1x_endorsement/vendor/laravel/framework/src/Illuminate/Pipeline/Pipeline.php(128): Illuminate\\Routing\\Router->Illuminate\\Routing\\{closure}(Object(Illuminate\\Http\\Request))
#15 /var/www/TRDSv2_1x_endorsement/app/Http/Middleware/CheckSession.php(55): Illuminate\\Pipeline\\Pipeline->Illuminate\\Pipeline\\{closure}(Object(Illuminate\\Http\\Request))
#16 /var/www/TRDSv2_1x_endorsement/vendor/laravel/framework/src/Illuminate/Pipeline/Pipeline.php(167): App\\Http\\Middleware\\CheckSession->handle(Object(Illuminate\\Http\\Request), Object(Closure))
#17 /var/www/TRDSv2_1x_endorsement/vendor/laravel/framework/src/Illuminate/Routing/Middleware/SubstituteBindings.php(50): Illuminate\\Pipeline\\Pipeline->Illuminate\\Pipeline\\{closure}(Object(Illuminate\\Http\\Request))
#18 /var/www/TRDSv2_1x_endorsement/vendor/laravel/framework/src/Illuminate/Pipeline/Pipeline.php(167): Illuminate\\Routing\\Middleware\\SubstituteBindings->handle(Object(Illuminate\\Http\\Request), Object(Closure))
#19 /var/www/TRDSv2_1x_endorsement/vendor/laravel/framework/src/Illuminate/Foundation/Http/Middleware/VerifyCsrfToken.php(78): Illuminate\\Pipeline\\Pipeline->Illuminate\\Pipeline\\{closure}(Object(Illuminate\\Http\\Request))
#20 /var/www/TRDSv2_1x_endorsement/vendor/laravel/framework/src/Illuminate/Pipeline/Pipeline.php(167): Illuminate\\Foundation\\Http\\Middleware\\VerifyCsrfToken->handle(Object(Illuminate\\Http\\Request), Object(Closure))
#21 /var/www/TRDSv2_1x_endorsement/vendor/laravel/framework/src/Illuminate/View/Middleware/ShareErrorsFromSession.php(49): Illuminate\\Pipeline\\Pipeline->Illuminate\\Pipeline\\{closure}(Object(Illuminate\\Http\\Request))
#22 /var/www/TRDSv2_1x_endorsement/vendor/laravel/framework/src/Illuminate/Pipeline/Pipeline.php(167): Illuminate\\View\\Middleware\\ShareErrorsFromSession->handle(Object(Illuminate\\Http\\Request), Object(Closure))
#23 /var/www/TRDSv2_1x_endorsement/vendor/laravel/framework/src/Illuminate/Session/Middleware/StartSession.php(121): Illuminate\\Pipeline\\Pipeline->Illuminate\\Pipeline\\{closure}(Object(Illuminate\\Http\\Request))
#24 /var/www/TRDSv2_1x_endorsement/vendor/laravel/framework/src/Illuminate/Session/Middleware/StartSession.php(64): Illuminate\\Session\\Middleware\\StartSession->handleStatefulRequest(Object(Illuminate\\Http\\Request), Object(Illuminate\\Session\\Store), Object(Closure))
#25 /var/www/TRDSv2_1x_endorsement/vendor/laravel/framework/src/Illuminate/Pipeline/Pipeline.php(167): Illuminate\\Session\\Middleware\\StartSession->handle(Object(Illuminate\\Http\\Request), Object(Closure))
#26 /var/www/TRDSv2_1x_endorsement/vendor/laravel/framework/src/Illuminate/Cookie/Middleware/AddQueuedCookiesToResponse.php(37): Illuminate\\Pipeline\\Pipeline->Illuminate\\Pipeline\\{closure}(Object(Illuminate\\Http\\Request))
#27 /var/www/TRDSv2_1x_endorsement/vendor/laravel/framework/src/Illuminate/Pipeline/Pipeline.php(167): Illuminate\\Cookie\\Middleware\\AddQueuedCookiesToResponse->handle(Object(Illuminate\\Http\\Request), Object(Closure))
#28 /var/www/TRDSv2_1x_endorsement/vendor/laravel/framework/src/Illuminate/Cookie/Middleware/EncryptCookies.php(67): Illuminate\\Pipeline\\Pipeline->Illuminate\\Pipeline\\{closure}(Object(Illuminate\\Http\\Request))
#29 /var/www/TRDSv2_1x_endorsement/vendor/laravel/framework/src/Illuminate/Pipeline/Pipeline.php(167): Illuminate\\Cookie\\Middleware\\EncryptCookies->handle(Object(Illuminate\\Http\\Request), Object(Closure))
#30 /var/www/TRDSv2_1x_endorsement/vendor/laravel/framework/src/Illuminate/Pipeline/Pipeline.php(103): Illuminate\\Pipeline\\Pipeline->Illuminate\\Pipeline\\{closure}(Object(Illuminate\\Http\\Request))
#31 /var/www/TRDSv2_1x_endorsement/vendor/laravel/framework/src/Illuminate/Routing/Router.php(723): Illuminate\\Pipeline\\Pipeline->then(Object(Closure))
#32 /var/www/TRDSv2_1x_endorsement/vendor/laravel/framework/src/Illuminate/Routing/Router.php(698): Illuminate\\Routing\\Router->runRouteWithinStack(Object(Illuminate\\Routing\\Route), Object(Illuminate\\Http\\Request))
#33 /var/www/TRDSv2_1x_endorsement/vendor/laravel/framework/src/Illuminate/Routing/Router.php(662): Illuminate\\Routing\\Router->runRoute(Object(Illuminate\\Http\\Request), Object(Illuminate\\Routing\\Route))
#34 /var/www/TRDSv2_1x_endorsement/vendor/laravel/framework/src/Illuminate/Routing/Router.php(651): Illuminate\\Routing\\Router->dispatchToRoute(Object(Illuminate\\Http\\Request))
#35 /var/www/TRDSv2_1x_endorsement/vendor/laravel/framework/src/Illuminate/Foundation/Http/Kernel.php(167): Illuminate\\Routing\\Router->dispatch(Object(Illuminate\\Http\\Request))
#36 /var/www/TRDSv2_1x_endorsement/vendor/laravel/framework/src/Illuminate/Pipeline/Pipeline.php(128): Illuminate\\Foundation\\Http\\Kernel->Illuminate\\Foundation\\Http\\{closure}(Object(Illuminate\\Http\\Request))
#37 /var/www/TRDSv2_1x_endorsement/vendor/laravel/framework/src/Illuminate/Foundation/Http/Middleware/TransformsRequest.php(21): Illuminate\\Pipeline\\Pipeline->Illuminate\\Pipeline\\{closure}(Object(Illuminate\\Http\\Request))
#38 /var/www/TRDSv2_1x_endorsement/vendor/laravel/framework/src/Illuminate/Foundation/Http/Middleware/ConvertEmptyStringsToNull.php(31): Illuminate\\Foundation\\Http\\Middleware\\TransformsRequest->handle(Object(Illuminate\\Http\\Request), Object(Closure))
#39 /var/www/TRDSv2_1x_endorsement/vendor/laravel/framework/src/Illuminate/Pipeline/Pipeline.php(167): Illuminate\\Foundation\\Http\\Middleware\\ConvertEmptyStringsToNull->handle(Object(Illuminate\\Http\\Request), Object(Closure))
#40 /var/www/TRDSv2_1x_endorsement/vendor/laravel/framework/src/Illuminate/Foundation/Http/Middleware/TransformsRequest.php(21): Illuminate\\Pipeline\\Pipeline->Illuminate\\Pipeline\\{closure}(Object(Illuminate\\Http\\Request))
#41 /var/www/TRDSv2_1x_endorsement/vendor/laravel/framework/src/Illuminate/Foundation/Http/Middleware/TrimStrings.php(40): Illuminate\\Foundation\\Http\\Middleware\\TransformsRequest->handle(Object(Illuminate\\Http\\Request), Object(Closure))
#42 /var/www/TRDSv2_1x_endorsement/vendor/laravel/framework/src/Illuminate/Pipeline/Pipeline.php(167): Illuminate\\Foundation\\Http\\Middleware\\TrimStrings->handle(Object(Illuminate\\Http\\Request), Object(Closure))
#43 /var/www/TRDSv2_1x_endorsement/vendor/laravel/framework/src/Illuminate/Foundation/Http/Middleware/ValidatePostSize.php(27): Illuminate\\Pipeline\\Pipeline->Illuminate\\Pipeline\\{closure}(Object(Illuminate\\Http\\Request))
#44 /var/www/TRDSv2_1x_endorsement/vendor/laravel/framework/src/Illuminate/Pipeline/Pipeline.php(167): Illuminate\\Foundation\\Http\\Middleware\\ValidatePostSize->handle(Object(Illuminate\\Http\\Request), Object(Closure))
#45 /var/www/TRDSv2_1x_endorsement/vendor/laravel/framework/src/Illuminate/Foundation/Http/Middleware/PreventRequestsDuringMaintenance.php(86): Illuminate\\Pipeline\\Pipeline->Illuminate\\Pipeline\\{closure}(Object(Illuminate\\Http\\Request))
#46 /var/www/TRDSv2_1x_endorsement/vendor/laravel/framework/src/Illuminate/Pipeline/Pipeline.php(167): Illuminate\\Foundation\\Http\\Middleware\\PreventRequestsDuringMaintenance->handle(Object(Illuminate\\Http\\Request), Object(Closure))
#47 /var/www/TRDSv2_1x_endorsement/vendor/fideloper/proxy/src/TrustProxies.php(57): Illuminate\\Pipeline\\Pipeline->Illuminate\\Pipeline\\{closure}(Object(Illuminate\\Http\\Request))
#48 /var/www/TRDSv2_1x_endorsement/vendor/laravel/framework/src/Illuminate/Pipeline/Pipeline.php(167): Fideloper\\Proxy\\TrustProxies->handle(Object(Illuminate\\Http\\Request), Object(Closure))
#49 /var/www/TRDSv2_1x_endorsement/vendor/laravel/framework/src/Illuminate/Pipeline/Pipeline.php(103): Illuminate\\Pipeline\\Pipeline->Illuminate\\Pipeline\\{closure}(Object(Illuminate\\Http\\Request))
#50 /var/www/TRDSv2_1x_endorsement/vendor/laravel/framework/src/Illuminate/Foundation/Http/Kernel.php(142): Illuminate\\Pipeline\\Pipeline->then(Object(Closure))
#51 /var/www/TRDSv2_1x_endorsement/vendor/laravel/framework/src/Illuminate/Foundation/Http/Kernel.php(111): Illuminate\\Foundation\\Http\\Kernel->sendRequestThroughRouter(Object(Illuminate\\Http\\Request))
#52 /var/www/TRDSv2_1x_endorsement/index.php(55): Illuminate\\Foundation\\Http\\Kernel->handle(Object(Illuminate\\Http\\Request))
#53 {main}
"} 
[2026-07-20 05:32:20] local.ERROR: Class 'App\Model\Qc\OpApprover' not found {"exception":"[object] (Error(code: 0): Class 'App\\Model\\Qc\\OpApprover' not found at /var/www/TRDSv2_1x_endorsement/vendor/laravel/framework/src/Illuminate/Database/Eloquent/Concerns/HasRelationships.php:750)
[stacktrace]
#0 /var/www/TRDSv2_1x_endorsement/vendor/laravel/framework/src/Illuminate/Database/Eloquent/Concerns/HasRelationships.php(351): Illuminate\\Database\\Eloquent\\Model->newRelatedInstance('App\\\\Model\\\\Qc\\\\Op...')
#1 /var/www/TRDSv2_1x_endorsement/app/Model/QcSlip.php(19): Illuminate\\Database\\Eloquent\\Model->hasMany('App\\\\Model\\\\Qc\\\\Op...', 'qc_slips_id', 'id')
#2 /var/www/TRDSv2_1x_endorsement/vendor/laravel/framework/src/Illuminate/Database/Eloquent/Builder.php(690): App\\Model\\QcSlip->op_approver_details()
#3 /var/www/TRDSv2_1x_endorsement/vendor/laravel/framework/src/Illuminate/Database/Eloquent/Relations/Relation.php(106): Illuminate\\Database\\Eloquent\\Builder->Illuminate\\Database\\Eloquent\\{closure}()
#4 /var/www/TRDSv2_1x_endorsement/vendor/laravel/framework/src/Illuminate/Database/Eloquent/Builder.php(694): Illuminate\\Database\\Eloquent\\Relations\\Relation::noConstraints(Object(Closure))
#5 /var/www/TRDSv2_1x_endorsement/vendor/laravel/framework/src/Illuminate/Database/Eloquent/Builder.php(662): Illuminate\\Database\\Eloquent\\Builder->getRelation('op_approver_det...')
#6 /var/www/TRDSv2_1x_endorsement/vendor/laravel/framework/src/Illuminate/Database/Eloquent/Builder.php(642): Illuminate\\Database\\Eloquent\\Builder->eagerLoadRelation(Array, 'op_approver_det...', Object(Closure))
#7 /var/www/TRDSv2_1x_endorsement/vendor/laravel/framework/src/Illuminate/Database/Eloquent/Builder.php(610): Illuminate\\Database\\Eloquent\\Builder->eagerLoadRelations(Array)
#8 /var/www/TRDSv2_1x_endorsement/app/Http/Controllers/ListOfCertPersonnelController.php(34): Illuminate\\Database\\Eloquent\\Builder->get()
#9 /var/www/TRDSv2_1x_endorsement/vendor/laravel/framework/src/Illuminate/Routing/Controller.php(54): App\\Http\\Controllers\\ListOfCertPersonnelController->exportListCertPersonnel(Object(Illuminate\\Http\\Request))
#10 /var/www/TRDSv2_1x_endorsement/vendor/laravel/framework/src/Illuminate/Routing/ControllerDispatcher.php(45): Illuminate\\Routing\\Controller->callAction('exportListCertP...', Array)
#11 /var/www/TRDSv2_1x_endorsement/vendor/laravel/framework/src/Illuminate/Routing/Route.php(262): Illuminate\\Routing\\ControllerDispatcher->dispatch(Object(Illuminate\\Routing\\Route), Object(App\\Http\\Controllers\\ListOfCertPersonnelController), 'exportListCertP...')
#12 /var/www/TRDSv2_1x_endorsement/vendor/laravel/framework/src/Illuminate/Routing/Route.php(205): Illuminate\\Routing\\Route->runController()
#13 /var/www/TRDSv2_1x_endorsement/vendor/laravel/framework/src/Illuminate/Routing/Router.php(721): Illuminate\\Routing\\Route->run()
#14 /var/www/TRDSv2_1x_endorsement/vendor/laravel/framework/src/Illuminate/Pipeline/Pipeline.php(128): Illuminate\\Routing\\Router->Illuminate\\Routing\\{closure}(Object(Illuminate\\Http\\Request))
#15 /var/www/TRDSv2_1x_endorsement/app/Http/Middleware/CheckSession.php(55): Illuminate\\Pipeline\\Pipeline->Illuminate\\Pipeline\\{closure}(Object(Illuminate\\Http\\Request))
#16 /var/www/TRDSv2_1x_endorsement/vendor/laravel/framework/src/Illuminate/Pipeline/Pipeline.php(167): App\\Http\\Middleware\\CheckSession->handle(Object(Illuminate\\Http\\Request), Object(Closure))
#17 /var/www/TRDSv2_1x_endorsement/vendor/laravel/framework/src/Illuminate/Routing/Middleware/SubstituteBindings.php(50): Illuminate\\Pipeline\\Pipeline->Illuminate\\Pipeline\\{closure}(Object(Illuminate\\Http\\Request))
#18 /var/www/TRDSv2_1x_endorsement/vendor/laravel/framework/src/Illuminate/Pipeline/Pipeline.php(167): Illuminate\\Routing\\Middleware\\SubstituteBindings->handle(Object(Illuminate\\Http\\Request), Object(Closure))
#19 /var/www/TRDSv2_1x_endorsement/vendor/laravel/framework/src/Illuminate/Foundation/Http/Middleware/VerifyCsrfToken.php(78): Illuminate\\Pipeline\\Pipeline->Illuminate\\Pipeline\\{closure}(Object(Illuminate\\Http\\Request))
#20 /var/www/TRDSv2_1x_endorsement/vendor/laravel/framework/src/Illuminate/Pipeline/Pipeline.php(167): Illuminate\\Foundation\\Http\\Middleware\\VerifyCsrfToken->handle(Object(Illuminate\\Http\\Request), Object(Closure))
#21 /var/www/TRDSv2_1x_endorsement/vendor/laravel/framework/src/Illuminate/View/Middleware/ShareErrorsFromSession.php(49): Illuminate\\Pipeline\\Pipeline->Illuminate\\Pipeline\\{closure}(Object(Illuminate\\Http\\Request))
#22 /var/www/TRDSv2_1x_endorsement/vendor/laravel/framework/src/Illuminate/Pipeline/Pipeline.php(167): Illuminate\\View\\Middleware\\ShareErrorsFromSession->handle(Object(Illuminate\\Http\\Request), Object(Closure))
#23 /var/www/TRDSv2_1x_endorsement/vendor/laravel/framework/src/Illuminate/Session/Middleware/StartSession.php(121): Illuminate\\Pipeline\\Pipeline->Illuminate\\Pipeline\\{closure}(Object(Illuminate\\Http\\Request))
#24 /var/www/TRDSv2_1x_endorsement/vendor/laravel/framework/src/Illuminate/Session/Middleware/StartSession.php(64): Illuminate\\Session\\Middleware\\StartSession->handleStatefulRequest(Object(Illuminate\\Http\\Request), Object(Illuminate\\Session\\Store), Object(Closure))
#25 /var/www/TRDSv2_1x_endorsement/vendor/laravel/framework/src/Illuminate/Pipeline/Pipeline.php(167): Illuminate\\Session\\Middleware\\StartSession->handle(Object(Illuminate\\Http\\Request), Object(Closure))
#26 /var/www/TRDSv2_1x_endorsement/vendor/laravel/framework/src/Illuminate/Cookie/Middleware/AddQueuedCookiesToResponse.php(37): Illuminate\\Pipeline\\Pipeline->Illuminate\\Pipeline\\{closure}(Object(Illuminate\\Http\\Request))
#27 /var/www/TRDSv2_1x_endorsement/vendor/laravel/framework/src/Illuminate/Pipeline/Pipeline.php(167): Illuminate\\Cookie\\Middleware\\AddQueuedCookiesToResponse->handle(Object(Illuminate\\Http\\Request), Object(Closure))
#28 /var/www/TRDSv2_1x_endorsement/vendor/laravel/framework/src/Illuminate/Cookie/Middleware/EncryptCookies.php(67): Illuminate\\Pipeline\\Pipeline->Illuminate\\Pipeline\\{closure}(Object(Illuminate\\Http\\Request))
#29 /var/www/TRDSv2_1x_endorsement/vendor/laravel/framework/src/Illuminate/Pipeline/Pipeline.php(167): Illuminate\\Cookie\\Middleware\\EncryptCookies->handle(Object(Illuminate\\Http\\Request), Object(Closure))
#30 /var/www/TRDSv2_1x_endorsement/vendor/laravel/framework/src/Illuminate/Pipeline/Pipeline.php(103): Illuminate\\Pipeline\\Pipeline->Illuminate\\Pipeline\\{closure}(Object(Illuminate\\Http\\Request))
#31 /var/www/TRDSv2_1x_endorsement/vendor/laravel/framework/src/Illuminate/Routing/Router.php(723): Illuminate\\Pipeline\\Pipeline->then(Object(Closure))
#32 /var/www/TRDSv2_1x_endorsement/vendor/laravel/framework/src/Illuminate/Routing/Router.php(698): Illuminate\\Routing\\Router->runRouteWithinStack(Object(Illuminate\\Routing\\Route), Object(Illuminate\\Http\\Request))
#33 /var/www/TRDSv2_1x_endorsement/vendor/laravel/framework/src/Illuminate/Routing/Router.php(662): Illuminate\\Routing\\Router->runRoute(Object(Illuminate\\Http\\Request), Object(Illuminate\\Routing\\Route))
#34 /var/www/TRDSv2_1x_endorsement/vendor/laravel/framework/src/Illuminate/Routing/Router.php(651): Illuminate\\Routing\\Router->dispatchToRoute(Object(Illuminate\\Http\\Request))
#35 /var/www/TRDSv2_1x_endorsement/vendor/laravel/framework/src/Illuminate/Foundation/Http/Kernel.php(167): Illuminate\\Routing\\Router->dispatch(Object(Illuminate\\Http\\Request))
#36 /var/www/TRDSv2_1x_endorsement/vendor/laravel/framework/src/Illuminate/Pipeline/Pipeline.php(128): Illuminate\\Foundation\\Http\\Kernel->Illuminate\\Foundation\\Http\\{closure}(Object(Illuminate\\Http\\Request))
#37 /var/www/TRDSv2_1x_endorsement/vendor/laravel/framework/src/Illuminate/Foundation/Http/Middleware/TransformsRequest.php(21): Illuminate\\Pipeline\\Pipeline->Illuminate\\Pipeline\\{closure}(Object(Illuminate\\Http\\Request))
#38 /var/www/TRDSv2_1x_endorsement/vendor/laravel/framework/src/Illuminate/Foundation/Http/Middleware/ConvertEmptyStringsToNull.php(31): Illuminate\\Foundation\\Http\\Middleware\\TransformsRequest->handle(Object(Illuminate\\Http\\Request), Object(Closure))
#39 /var/www/TRDSv2_1x_endorsement/vendor/laravel/framework/src/Illuminate/Pipeline/Pipeline.php(167): Illuminate\\Foundation\\Http\\Middleware\\ConvertEmptyStringsToNull->handle(Object(Illuminate\\Http\\Request), Object(Closure))
#40 /var/www/TRDSv2_1x_endorsement/vendor/laravel/framework/src/Illuminate/Foundation/Http/Middleware/TransformsRequest.php(21): Illuminate\\Pipeline\\Pipeline->Illuminate\\Pipeline\\{closure}(Object(Illuminate\\Http\\Request))
#41 /var/www/TRDSv2_1x_endorsement/vendor/laravel/framework/src/Illuminate/Foundation/Http/Middleware/TrimStrings.php(40): Illuminate\\Foundation\\Http\\Middleware\\TransformsRequest->handle(Object(Illuminate\\Http\\Request), Object(Closure))
#42 /var/www/TRDSv2_1x_endorsement/vendor/laravel/framework/src/Illuminate/Pipeline/Pipeline.php(167): Illuminate\\Foundation\\Http\\Middleware\\TrimStrings->handle(Object(Illuminate\\Http\\Request), Object(Closure))
#43 /var/www/TRDSv2_1x_endorsement/vendor/laravel/framework/src/Illuminate/Foundation/Http/Middleware/ValidatePostSize.php(27): Illuminate\\Pipeline\\Pipeline->Illuminate\\Pipeline\\{closure}(Object(Illuminate\\Http\\Request))
#44 /var/www/TRDSv2_1x_endorsement/vendor/laravel/framework/src/Illuminate/Pipeline/Pipeline.php(167): Illuminate\\Foundation\\Http\\Middleware\\ValidatePostSize->handle(Object(Illuminate\\Http\\Request), Object(Closure))
#45 /var/www/TRDSv2_1x_endorsement/vendor/laravel/framework/src/Illuminate/Foundation/Http/Middleware/PreventRequestsDuringMaintenance.php(86): Illuminate\\Pipeline\\Pipeline->Illuminate\\Pipeline\\{closure}(Object(Illuminate\\Http\\Request))
#46 /var/www/TRDSv2_1x_endorsement/vendor/laravel/framework/src/Illuminate/Pipeline/Pipeline.php(167): Illuminate\\Foundation\\Http\\Middleware\\PreventRequestsDuringMaintenance->handle(Object(Illuminate\\Http\\Request), Object(Closure))
#47 /var/www/TRDSv2_1x_endorsement/vendor/fideloper/proxy/src/TrustProxies.php(57): Illuminate\\Pipeline\\Pipeline->Illuminate\\Pipeline\\{closure}(Object(Illuminate\\Http\\Request))
#48 /var/www/TRDSv2_1x_endorsement/vendor/laravel/framework/src/Illuminate/Pipeline/Pipeline.php(167): Fideloper\\Proxy\\TrustProxies->handle(Object(Illuminate\\Http\\Request), Object(Closure))
#49 /var/www/TRDSv2_1x_endorsement/vendor/laravel/framework/src/Illuminate/Pipeline/Pipeline.php(103): Illuminate\\Pipeline\\Pipeline->Illuminate\\Pipeline\\{closure}(Object(Illuminate\\Http\\Request))
#50 /var/www/TRDSv2_1x_endorsement/vendor/laravel/framework/src/Illuminate/Foundation/Http/Kernel.php(142): Illuminate\\Pipeline\\Pipeline->then(Object(Closure))
#51 /var/www/TRDSv2_1x_endorsement/vendor/laravel/framework/src/Illuminate/Foundation/Http/Kernel.php(111): Illuminate\\Foundation\\Http\\Kernel->sendRequestThroughRouter(Object(Illuminate\\Http\\Request))
#52 /var/www/TRDSv2_1x_endorsement/index.php(55): Illuminate\\Foundation\\Http\\Kernel->handle(Object(Illuminate\\Http\\Request))
#53 {main}
"} 
[2026-07-20 05:32:22] local.ERROR: Class 'App\Model\Qc\OpApprover' not found {"exception":"[object] (Error(code: 0): Class 'App\\Model\\Qc\\OpApprover' not found at /var/www/TRDSv2_1x_endorsement/vendor/laravel/framework/src/Illuminate/Database/Eloquent/Concerns/HasRelationships.php:750)
[stacktrace]
#0 /var/www/TRDSv2_1x_endorsement/vendor/laravel/framework/src/Illuminate/Database/Eloquent/Concerns/HasRelationships.php(351): Illuminate\\Database\\Eloquent\\Model->newRelatedInstance('App\\\\Model\\\\Qc\\\\Op...')
#1 /var/www/TRDSv2_1x_endorsement/app/Model/QcSlip.php(19): Illuminate\\Database\\Eloquent\\Model->hasMany('App\\\\Model\\\\Qc\\\\Op...', 'qc_slips_id', 'id')
#2 /var/www/TRDSv2_1x_endorsement/vendor/laravel/framework/src/Illuminate/Database/Eloquent/Builder.php(690): App\\Model\\QcSlip->op_approver_details()
#3 /var/www/TRDSv2_1x_endorsement/vendor/laravel/framework/src/Illuminate/Database/Eloquent/Relations/Relation.php(106): Illuminate\\Database\\Eloquent\\Builder->Illuminate\\Database\\Eloquent\\{closure}()
#4 /var/www/TRDSv2_1x_endorsement/vendor/laravel/framework/src/Illuminate/Database/Eloquent/Builder.php(694): Illuminate\\Database\\Eloquent\\Relations\\Relation::noConstraints(Object(Closure))
#5 /var/www/TRDSv2_1x_endorsement/vendor/laravel/framework/src/Illuminate/Database/Eloquent/Builder.php(662): Illuminate\\Database\\Eloquent\\Builder->getRelation('op_approver_det...')
#6 /var/www/TRDSv2_1x_endorsement/vendor/laravel/framework/src/Illuminate/Database/Eloquent/Builder.php(642): Illuminate\\Database\\Eloquent\\Builder->eagerLoadRelation(Array, 'op_approver_det...', Object(Closure))
#7 /var/www/TRDSv2_1x_endorsement/vendor/laravel/framework/src/Illuminate/Database/Eloquent/Builder.php(610): Illuminate\\Database\\Eloquent\\Builder->eagerLoadRelations(Array)
#8 /var/www/TRDSv2_1x_endorsement/app/Http/Controllers/ListOfCertPersonnelController.php(34): Illuminate\\Database\\Eloquent\\Builder->get()
#9 /var/www/TRDSv2_1x_endorsement/vendor/laravel/framework/src/Illuminate/Routing/Controller.php(54): App\\Http\\Controllers\\ListOfCertPersonnelController->exportListCertPersonnel(Object(Illuminate\\Http\\Request))
#10 /var/www/TRDSv2_1x_endorsement/vendor/laravel/framework/src/Illuminate/Routing/ControllerDispatcher.php(45): Illuminate\\Routing\\Controller->callAction('exportListCertP...', Array)
#11 /var/www/TRDSv2_1x_endorsement/vendor/laravel/framework/src/Illuminate/Routing/Route.php(262): Illuminate\\Routing\\ControllerDispatcher->dispatch(Object(Illuminate\\Routing\\Route), Object(App\\Http\\Controllers\\ListOfCertPersonnelController), 'exportListCertP...')
#12 /var/www/TRDSv2_1x_endorsement/vendor/laravel/framework/src/Illuminate/Routing/Route.php(205): Illuminate\\Routing\\Route->runController()
#13 /var/www/TRDSv2_1x_endorsement/vendor/laravel/framework/src/Illuminate/Routing/Router.php(721): Illuminate\\Routing\\Route->run()
#14 /var/www/TRDSv2_1x_endorsement/vendor/laravel/framework/src/Illuminate/Pipeline/Pipeline.php(128): Illuminate\\Routing\\Router->Illuminate\\Routing\\{closure}(Object(Illuminate\\Http\\Request))
#15 /var/www/TRDSv2_1x_endorsement/app/Http/Middleware/CheckSession.php(55): Illuminate\\Pipeline\\Pipeline->Illuminate\\Pipeline\\{closure}(Object(Illuminate\\Http\\Request))
#16 /var/www/TRDSv2_1x_endorsement/vendor/laravel/framework/src/Illuminate/Pipeline/Pipeline.php(167): App\\Http\\Middleware\\CheckSession->handle(Object(Illuminate\\Http\\Request), Object(Closure))
#17 /var/www/TRDSv2_1x_endorsement/vendor/laravel/framework/src/Illuminate/Routing/Middleware/SubstituteBindings.php(50): Illuminate\\Pipeline\\Pipeline->Illuminate\\Pipeline\\{closure}(Object(Illuminate\\Http\\Request))
#18 /var/www/TRDSv2_1x_endorsement/vendor/laravel/framework/src/Illuminate/Pipeline/Pipeline.php(167): Illuminate\\Routing\\Middleware\\SubstituteBindings->handle(Object(Illuminate\\Http\\Request), Object(Closure))
#19 /var/www/TRDSv2_1x_endorsement/vendor/laravel/framework/src/Illuminate/Foundation/Http/Middleware/VerifyCsrfToken.php(78): Illuminate\\Pipeline\\Pipeline->Illuminate\\Pipeline\\{closure}(Object(Illuminate\\Http\\Request))
#20 /var/www/TRDSv2_1x_endorsement/vendor/laravel/framework/src/Illuminate/Pipeline/Pipeline.php(167): Illuminate\\Foundation\\Http\\Middleware\\VerifyCsrfToken->handle(Object(Illuminate\\Http\\Request), Object(Closure))
#21 /var/www/TRDSv2_1x_endorsement/vendor/laravel/framework/src/Illuminate/View/Middleware/ShareErrorsFromSession.php(49): Illuminate\\Pipeline\\Pipeline->Illuminate\\Pipeline\\{closure}(Object(Illuminate\\Http\\Request))
#22 /var/www/TRDSv2_1x_endorsement/vendor/laravel/framework/src/Illuminate/Pipeline/Pipeline.php(167): Illuminate\\View\\Middleware\\ShareErrorsFromSession->handle(Object(Illuminate\\Http\\Request), Object(Closure))
#23 /var/www/TRDSv2_1x_endorsement/vendor/laravel/framework/src/Illuminate/Session/Middleware/StartSession.php(121): Illuminate\\Pipeline\\Pipeline->Illuminate\\Pipeline\\{closure}(Object(Illuminate\\Http\\Request))
#24 /var/www/TRDSv2_1x_endorsement/vendor/laravel/framework/src/Illuminate/Session/Middleware/StartSession.php(64): Illuminate\\Session\\Middleware\\StartSession->handleStatefulRequest(Object(Illuminate\\Http\\Request), Object(Illuminate\\Session\\Store), Object(Closure))
#25 /var/www/TRDSv2_1x_endorsement/vendor/laravel/framework/src/Illuminate/Pipeline/Pipeline.php(167): Illuminate\\Session\\Middleware\\StartSession->handle(Object(Illuminate\\Http\\Request), Object(Closure))
#26 /var/www/TRDSv2_1x_endorsement/vendor/laravel/framework/src/Illuminate/Cookie/Middleware/AddQueuedCookiesToResponse.php(37): Illuminate\\Pipeline\\Pipeline->Illuminate\\Pipeline\\{closure}(Object(Illuminate\\Http\\Request))
#27 /var/www/TRDSv2_1x_endorsement/vendor/laravel/framework/src/Illuminate/Pipeline/Pipeline.php(167): Illuminate\\Cookie\\Middleware\\AddQueuedCookiesToResponse->handle(Object(Illuminate\\Http\\Request), Object(Closure))
#28 /var/www/TRDSv2_1x_endorsement/vendor/laravel/framework/src/Illuminate/Cookie/Middleware/EncryptCookies.php(67): Illuminate\\Pipeline\\Pipeline->Illuminate\\Pipeline\\{closure}(Object(Illuminate\\Http\\Request))
#29 /var/www/TRDSv2_1x_endorsement/vendor/laravel/framework/src/Illuminate/Pipeline/Pipeline.php(167): Illuminate\\Cookie\\Middleware\\EncryptCookies->handle(Object(Illuminate\\Http\\Request), Object(Closure))
#30 /var/www/TRDSv2_1x_endorsement/vendor/laravel/framework/src/Illuminate/Pipeline/Pipeline.php(103): Illuminate\\Pipeline\\Pipeline->Illuminate\\Pipeline\\{closure}(Object(Illuminate\\Http\\Request))
#31 /var/www/TRDSv2_1x_endorsement/vendor/laravel/framework/src/Illuminate/Routing/Router.php(723): Illuminate\\Pipeline\\Pipeline->then(Object(Closure))
#32 /var/www/TRDSv2_1x_endorsement/vendor/laravel/framework/src/Illuminate/Routing/Router.php(698): Illuminate\\Routing\\Router->runRouteWithinStack(Object(Illuminate\\Routing\\Route), Object(Illuminate\\Http\\Request))
#33 /var/www/TRDSv2_1x_endorsement/vendor/laravel/framework/src/Illuminate/Routing/Router.php(662): Illuminate\\Routing\\Router->runRoute(Object(Illuminate\\Http\\Request), Object(Illuminate\\Routing\\Route))
#34 /var/www/TRDSv2_1x_endorsement/vendor/laravel/framework/src/Illuminate/Routing/Router.php(651): Illuminate\\Routing\\Router->dispatchToRoute(Object(Illuminate\\Http\\Request))
#35 /var/www/TRDSv2_1x_endorsement/vendor/laravel/framework/src/Illuminate/Foundation/Http/Kernel.php(167): Illuminate\\Routing\\Router->dispatch(Object(Illuminate\\Http\\Request))
#36 /var/www/TRDSv2_1x_endorsement/vendor/laravel/framework/src/Illuminate/Pipeline/Pipeline.php(128): Illuminate\\Foundation\\Http\\Kernel->Illuminate\\Foundation\\Http\\{closure}(Object(Illuminate\\Http\\Request))
#37 /var/www/TRDSv2_1x_endorsement/vendor/laravel/framework/src/Illuminate/Foundation/Http/Middleware/TransformsRequest.php(21): Illuminate\\Pipeline\\Pipeline->Illuminate\\Pipeline\\{closure}(Object(Illuminate\\Http\\Request))
#38 /var/www/TRDSv2_1x_endorsement/vendor/laravel/framework/src/Illuminate/Foundation/Http/Middleware/ConvertEmptyStringsToNull.php(31): Illuminate\\Foundation\\Http\\Middleware\\TransformsRequest->handle(Object(Illuminate\\Http\\Request), Object(Closure))
#39 /var/www/TRDSv2_1x_endorsement/vendor/laravel/framework/src/Illuminate/Pipeline/Pipeline.php(167): Illuminate\\Foundation\\Http\\Middleware\\ConvertEmptyStringsToNull->handle(Object(Illuminate\\Http\\Request), Object(Closure))
#40 /var/www/TRDSv2_1x_endorsement/vendor/laravel/framework/src/Illuminate/Foundation/Http/Middleware/TransformsRequest.php(21): Illuminate\\Pipeline\\Pipeline->Illuminate\\Pipeline\\{closure}(Object(Illuminate\\Http\\Request))
#41 /var/www/TRDSv2_1x_endorsement/vendor/laravel/framework/src/Illuminate/Foundation/Http/Middleware/TrimStrings.php(40): Illuminate\\Foundation\\Http\\Middleware\\TransformsRequest->handle(Object(Illuminate\\Http\\Request), Object(Closure))
#42 /var/www/TRDSv2_1x_endorsement/vendor/laravel/framework/src/Illuminate/Pipeline/Pipeline.php(167): Illuminate\\Foundation\\Http\\Middleware\\TrimStrings->handle(Object(Illuminate\\Http\\Request), Object(Closure))
#43 /var/www/TRDSv2_1x_endorsement/vendor/laravel/framework/src/Illuminate/Foundation/Http/Middleware/ValidatePostSize.php(27): Illuminate\\Pipeline\\Pipeline->Illuminate\\Pipeline\\{closure}(Object(Illuminate\\Http\\Request))
#44 /var/www/TRDSv2_1x_endorsement/vendor/laravel/framework/src/Illuminate/Pipeline/Pipeline.php(167): Illuminate\\Foundation\\Http\\Middleware\\ValidatePostSize->handle(Object(Illuminate\\Http\\Request), Object(Closure))
#45 /var/www/TRDSv2_1x_endorsement/vendor/laravel/framework/src/Illuminate/Foundation/Http/Middleware/PreventRequestsDuringMaintenance.php(86): Illuminate\\Pipeline\\Pipeline->Illuminate\\Pipeline\\{closure}(Object(Illuminate\\Http\\Request))
#46 /var/www/TRDSv2_1x_endorsement/vendor/laravel/framework/src/Illuminate/Pipeline/Pipeline.php(167): Illuminate\\Foundation\\Http\\Middleware\\PreventRequestsDuringMaintenance->handle(Object(Illuminate\\Http\\Request), Object(Closure))
#47 /var/www/TRDSv2_1x_endorsement/vendor/fideloper/proxy/src/TrustProxies.php(57): Illuminate\\Pipeline\\Pipeline->Illuminate\\Pipeline\\{closure}(Object(Illuminate\\Http\\Request))
#48 /var/www/TRDSv2_1x_endorsement/vendor/laravel/framework/src/Illuminate/Pipeline/Pipeline.php(167): Fideloper\\Proxy\\TrustProxies->handle(Object(Illuminate\\Http\\Request), Object(Closure))
#49 /var/www/TRDSv2_1x_endorsement/vendor/laravel/framework/src/Illuminate/Pipeline/Pipeline.php(103): Illuminate\\Pipeline\\Pipeline->Illuminate\\Pipeline\\{closure}(Object(Illuminate\\Http\\Request))
#50 /var/www/TRDSv2_1x_endorsement/vendor/laravel/framework/src/Illuminate/Foundation/Http/Kernel.php(142): Illuminate\\Pipeline\\Pipeline->then(Object(Closure))
#51 /var/www/TRDSv2_1x_endorsement/vendor/laravel/framework/src/Illuminate/Foundation/Http/Kernel.php(111): Illuminate\\Foundation\\Http\\Kernel->sendRequestThroughRouter(Object(Illuminate\\Http\\Request))
#52 /var/www/TRDSv2_1x_endorsement/index.php(55): Illuminate\\Foundation\\Http\\Kernel->handle(Object(Illuminate\\Http\\Request))
#53 {main}
"} 
[2026-07-20 05:32:22] local.ERROR: Class 'App\Model\Qc\OpApprover' not found {"exception":"[object] (Error(code: 0): Class 'App\\Model\\Qc\\OpApprover' not found at /var/www/TRDSv2_1x_endorsement/vendor/laravel/framework/src/Illuminate/Database/Eloquent/Concerns/HasRelationships.php:750)
[stacktrace]
#0 /var/www/TRDSv2_1x_endorsement/vendor/laravel/framework/src/Illuminate/Database/Eloquent/Concerns/HasRelationships.php(351): Illuminate\\Database\\Eloquent\\Model->newRelatedInstance('App\\\\Model\\\\Qc\\\\Op...')
#1 /var/www/TRDSv2_1x_endorsement/app/Model/QcSlip.php(19): Illuminate\\Database\\Eloquent\\Model->hasMany('App\\\\Model\\\\Qc\\\\Op...', 'qc_slips_id', 'id')
#2 /var/www/TRDSv2_1x_endorsement/vendor/laravel/framework/src/Illuminate/Database/Eloquent/Builder.php(690): App\\Model\\QcSlip->op_approver_details()
#3 /var/www/TRDSv2_1x_endorsement/vendor/laravel/framework/src/Illuminate/Database/Eloquent/Relations/Relation.php(106): Illuminate\\Database\\Eloquent\\Builder->Illuminate\\Database\\Eloquent\\{closure}()
#4 /var/www/TRDSv2_1x_endorsement/vendor/laravel/framework/src/Illuminate/Database/Eloquent/Builder.php(694): Illuminate\\Database\\Eloquent\\Relations\\Relation::noConstraints(Object(Closure))
#5 /var/www/TRDSv2_1x_endorsement/vendor/laravel/framework/src/Illuminate/Database/Eloquent/Builder.php(662): Illuminate\\Database\\Eloquent\\Builder->getRelation('op_approver_det...')
#6 /var/www/TRDSv2_1x_endorsement/vendor/laravel/framework/src/Illuminate/Database/Eloquent/Builder.php(642): Illuminate\\Database\\Eloquent\\Builder->eagerLoadRelation(Array, 'op_approver_det...', Object(Closure))
#7 /var/www/TRDSv2_1x_endorsement/vendor/laravel/framework/src/Illuminate/Database/Eloquent/Builder.php(610): Illuminate\\Database\\Eloquent\\Builder->eagerLoadRelations(Array)
#8 /var/www/TRDSv2_1x_endorsement/app/Http/Controllers/ListOfCertPersonnelController.php(34): Illuminate\\Database\\Eloquent\\Builder->get()
#9 /var/www/TRDSv2_1x_endorsement/vendor/laravel/framework/src/Illuminate/Routing/Controller.php(54): App\\Http\\Controllers\\ListOfCertPersonnelController->exportListCertPersonnel(Object(Illuminate\\Http\\Request))
#10 /var/www/TRDSv2_1x_endorsement/vendor/laravel/framework/src/Illuminate/Routing/ControllerDispatcher.php(45): Illuminate\\Routing\\Controller->callAction('exportListCertP...', Array)
#11 /var/www/TRDSv2_1x_endorsement/vendor/laravel/framework/src/Illuminate/Routing/Route.php(262): Illuminate\\Routing\\ControllerDispatcher->dispatch(Object(Illuminate\\Routing\\Route), Object(App\\Http\\Controllers\\ListOfCertPersonnelController), 'exportListCertP...')
#12 /var/www/TRDSv2_1x_endorsement/vendor/laravel/framework/src/Illuminate/Routing/Route.php(205): Illuminate\\Routing\\Route->runController()
#13 /var/www/TRDSv2_1x_endorsement/vendor/laravel/framework/src/Illuminate/Routing/Router.php(721): Illuminate\\Routing\\Route->run()
#14 /var/www/TRDSv2_1x_endorsement/vendor/laravel/framework/src/Illuminate/Pipeline/Pipeline.php(128): Illuminate\\Routing\\Router->Illuminate\\Routing\\{closure}(Object(Illuminate\\Http\\Request))
#15 /var/www/TRDSv2_1x_endorsement/app/Http/Middleware/CheckSession.php(55): Illuminate\\Pipeline\\Pipeline->Illuminate\\Pipeline\\{closure}(Object(Illuminate\\Http\\Request))
#16 /var/www/TRDSv2_1x_endorsement/vendor/laravel/framework/src/Illuminate/Pipeline/Pipeline.php(167): App\\Http\\Middleware\\CheckSession->handle(Object(Illuminate\\Http\\Request), Object(Closure))
#17 /var/www/TRDSv2_1x_endorsement/vendor/laravel/framework/src/Illuminate/Routing/Middleware/SubstituteBindings.php(50): Illuminate\\Pipeline\\Pipeline->Illuminate\\Pipeline\\{closure}(Object(Illuminate\\Http\\Request))
#18 /var/www/TRDSv2_1x_endorsement/vendor/laravel/framework/src/Illuminate/Pipeline/Pipeline.php(167): Illuminate\\Routing\\Middleware\\SubstituteBindings->handle(Object(Illuminate\\Http\\Request), Object(Closure))
#19 /var/www/TRDSv2_1x_endorsement/vendor/laravel/framework/src/Illuminate/Foundation/Http/Middleware/VerifyCsrfToken.php(78): Illuminate\\Pipeline\\Pipeline->Illuminate\\Pipeline\\{closure}(Object(Illuminate\\Http\\Request))
#20 /var/www/TRDSv2_1x_endorsement/vendor/laravel/framework/src/Illuminate/Pipeline/Pipeline.php(167): Illuminate\\Foundation\\Http\\Middleware\\VerifyCsrfToken->handle(Object(Illuminate\\Http\\Request), Object(Closure))
#21 /var/www/TRDSv2_1x_endorsement/vendor/laravel/framework/src/Illuminate/View/Middleware/ShareErrorsFromSession.php(49): Illuminate\\Pipeline\\Pipeline->Illuminate\\Pipeline\\{closure}(Object(Illuminate\\Http\\Request))
#22 /var/www/TRDSv2_1x_endorsement/vendor/laravel/framework/src/Illuminate/Pipeline/Pipeline.php(167): Illuminate\\View\\Middleware\\ShareErrorsFromSession->handle(Object(Illuminate\\Http\\Request), Object(Closure))
#23 /var/www/TRDSv2_1x_endorsement/vendor/laravel/framework/src/Illuminate/Session/Middleware/StartSession.php(121): Illuminate\\Pipeline\\Pipeline->Illuminate\\Pipeline\\{closure}(Object(Illuminate\\Http\\Request))
#24 /var/www/TRDSv2_1x_endorsement/vendor/laravel/framework/src/Illuminate/Session/Middleware/StartSession.php(64): Illuminate\\Session\\Middleware\\StartSession->handleStatefulRequest(Object(Illuminate\\Http\\Request), Object(Illuminate\\Session\\Store), Object(Closure))
#25 /var/www/TRDSv2_1x_endorsement/vendor/laravel/framework/src/Illuminate/Pipeline/Pipeline.php(167): Illuminate\\Session\\Middleware\\StartSession->handle(Object(Illuminate\\Http\\Request), Object(Closure))
#26 /var/www/TRDSv2_1x_endorsement/vendor/laravel/framework/src/Illuminate/Cookie/Middleware/AddQueuedCookiesToResponse.php(37): Illuminate\\Pipeline\\Pipeline->Illuminate\\Pipeline\\{closure}(Object(Illuminate\\Http\\Request))
#27 /var/www/TRDSv2_1x_endorsement/vendor/laravel/framework/src/Illuminate/Pipeline/Pipeline.php(167): Illuminate\\Cookie\\Middleware\\AddQueuedCookiesToResponse->handle(Object(Illuminate\\Http\\Request), Object(Closure))
#28 /var/www/TRDSv2_1x_endorsement/vendor/laravel/framework/src/Illuminate/Cookie/Middleware/EncryptCookies.php(67): Illuminate\\Pipeline\\Pipeline->Illuminate\\Pipeline\\{closure}(Object(Illuminate\\Http\\Request))
#29 /var/www/TRDSv2_1x_endorsement/vendor/laravel/framework/src/Illuminate/Pipeline/Pipeline.php(167): Illuminate\\Cookie\\Middleware\\EncryptCookies->handle(Object(Illuminate\\Http\\Request), Object(Closure))
#30 /var/www/TRDSv2_1x_endorsement/vendor/laravel/framework/src/Illuminate/Pipeline/Pipeline.php(103): Illuminate\\Pipeline\\Pipeline->Illuminate\\Pipeline\\{closure}(Object(Illuminate\\Http\\Request))
#31 /var/www/TRDSv2_1x_endorsement/vendor/laravel/framework/src/Illuminate/Routing/Router.php(723): Illuminate\\Pipeline\\Pipeline->then(Object(Closure))
#32 /var/www/TRDSv2_1x_endorsement/vendor/laravel/framework/src/Illuminate/Routing/Router.php(698): Illuminate\\Routing\\Router->runRouteWithinStack(Object(Illuminate\\Routing\\Route), Object(Illuminate\\Http\\Request))
#33 /var/www/TRDSv2_1x_endorsement/vendor/laravel/framework/src/Illuminate/Routing/Router.php(662): Illuminate\\Routing\\Router->runRoute(Object(Illuminate\\Http\\Request), Object(Illuminate\\Routing\\Route))
#34 /var/www/TRDSv2_1x_endorsement/vendor/laravel/framework/src/Illuminate/Routing/Router.php(651): Illuminate\\Routing\\Router->dispatchToRoute(Object(Illuminate\\Http\\Request))
#35 /var/www/TRDSv2_1x_endorsement/vendor/laravel/framework/src/Illuminate/Foundation/Http/Kernel.php(167): Illuminate\\Routing\\Router->dispatch(Object(Illuminate\\Http\\Request))
#36 /var/www/TRDSv2_1x_endorsement/vendor/laravel/framework/src/Illuminate/Pipeline/Pipeline.php(128): Illuminate\\Foundation\\Http\\Kernel->Illuminate\\Foundation\\Http\\{closure}(Object(Illuminate\\Http\\Request))
#37 /var/www/TRDSv2_1x_endorsement/vendor/laravel/framework/src/Illuminate/Foundation/Http/Middleware/TransformsRequest.php(21): Illuminate\\Pipeline\\Pipeline->Illuminate\\Pipeline\\{closure}(Object(Illuminate\\Http\\Request))
#38 /var/www/TRDSv2_1x_endorsement/vendor/laravel/framework/src/Illuminate/Foundation/Http/Middleware/ConvertEmptyStringsToNull.php(31): Illuminate\\Foundation\\Http\\Middleware\\TransformsRequest->handle(Object(Illuminate\\Http\\Request), Object(Closure))
#39 /var/www/TRDSv2_1x_endorsement/vendor/laravel/framework/src/Illuminate/Pipeline/Pipeline.php(167): Illuminate\\Foundation\\Http\\Middleware\\ConvertEmptyStringsToNull->handle(Object(Illuminate\\Http\\Request), Object(Closure))
#40 /var/www/TRDSv2_1x_endorsement/vendor/laravel/framework/src/Illuminate/Foundation/Http/Middleware/TransformsRequest.php(21): Illuminate\\Pipeline\\Pipeline->Illuminate\\Pipeline\\{closure}(Object(Illuminate\\Http\\Request))
#41 /var/www/TRDSv2_1x_endorsement/vendor/laravel/framework/src/Illuminate/Foundation/Http/Middleware/TrimStrings.php(40): Illuminate\\Foundation\\Http\\Middleware\\TransformsRequest->handle(Object(Illuminate\\Http\\Request), Object(Closure))
#42 /var/www/TRDSv2_1x_endorsement/vendor/laravel/framework/src/Illuminate/Pipeline/Pipeline.php(167): Illuminate\\Foundation\\Http\\Middleware\\TrimStrings->handle(Object(Illuminate\\Http\\Request), Object(Closure))
#43 /var/www/TRDSv2_1x_endorsement/vendor/laravel/framework/src/Illuminate/Foundation/Http/Middleware/ValidatePostSize.php(27): Illuminate\\Pipeline\\Pipeline->Illuminate\\Pipeline\\{closure}(Object(Illuminate\\Http\\Request))
#44 /var/www/TRDSv2_1x_endorsement/vendor/laravel/framework/src/Illuminate/Pipeline/Pipeline.php(167): Illuminate\\Foundation\\Http\\Middleware\\ValidatePostSize->handle(Object(Illuminate\\Http\\Request), Object(Closure))
#45 /var/www/TRDSv2_1x_endorsement/vendor/laravel/framework/src/Illuminate/Foundation/Http/Middleware/PreventRequestsDuringMaintenance.php(86): Illuminate\\Pipeline\\Pipeline->Illuminate\\Pipeline\\{closure}(Object(Illuminate\\Http\\Request))
#46 /var/www/TRDSv2_1x_endorsement/vendor/laravel/framework/src/Illuminate/Pipeline/Pipeline.php(167): Illuminate\\Foundation\\Http\\Middleware\\PreventRequestsDuringMaintenance->handle(Object(Illuminate\\Http\\Request), Object(Closure))
#47 /var/www/TRDSv2_1x_endorsement/vendor/fideloper/proxy/src/TrustProxies.php(57): Illuminate\\Pipeline\\Pipeline->Illuminate\\Pipeline\\{closure}(Object(Illuminate\\Http\\Request))
#48 /var/www/TRDSv2_1x_endorsement/vendor/laravel/framework/src/Illuminate/Pipeline/Pipeline.php(167): Fideloper\\Proxy\\TrustProxies->handle(Object(Illuminate\\Http\\Request), Object(Closure))
#49 /var/www/TRDSv2_1x_endorsement/vendor/laravel/framework/src/Illuminate/Pipeline/Pipeline.php(103): Illuminate\\Pipeline\\Pipeline->Illuminate\\Pipeline\\{closure}(Object(Illuminate\\Http\\Request))
#50 /var/www/TRDSv2_1x_endorsement/vendor/laravel/framework/src/Illuminate/Foundation/Http/Kernel.php(142): Illuminate\\Pipeline\\Pipeline->then(Object(Closure))
#51 /var/www/TRDSv2_1x_endorsement/vendor/laravel/framework/src/Illuminate/Foundation/Http/Kernel.php(111): Illuminate\\Foundation\\Http\\Kernel->sendRequestThroughRouter(Object(Illuminate\\Http\\Request))
#52 /var/www/TRDSv2_1x_endorsement/index.php(55): Illuminate\\Foundation\\Http\\Kernel->handle(Object(Illuminate\\Http\\Request))
#53 {main}
"} 
[2026-07-20 05:32:23] local.ERROR: Class 'App\Model\Qc\OpApprover' not found {"exception":"[object] (Error(code: 0): Class 'App\\Model\\Qc\\OpApprover' not found at /var/www/TRDSv2_1x_endorsement/vendor/laravel/framework/src/Illuminate/Database/Eloquent/Concerns/HasRelationships.php:750)
[stacktrace]
#0 /var/www/TRDSv2_1x_endorsement/vendor/laravel/framework/src/Illuminate/Database/Eloquent/Concerns/HasRelationships.php(351): Illuminate\\Database\\Eloquent\\Model->newRelatedInstance('App\\\\Model\\\\Qc\\\\Op...')
#1 /var/www/TRDSv2_1x_endorsement/app/Model/QcSlip.php(19): Illuminate\\Database\\Eloquent\\Model->hasMany('App\\\\Model\\\\Qc\\\\Op...', 'qc_slips_id', 'id')
#2 /var/www/TRDSv2_1x_endorsement/vendor/laravel/framework/src/Illuminate/Database/Eloquent/Builder.php(690): App\\Model\\QcSlip->op_approver_details()
#3 /var/www/TRDSv2_1x_endorsement/vendor/laravel/framework/src/Illuminate/Database/Eloquent/Relations/Relation.php(106): Illuminate\\Database\\Eloquent\\Builder->Illuminate\\Database\\Eloquent\\{closure}()
#4 /var/www/TRDSv2_1x_endorsement/vendor/laravel/framework/src/Illuminate/Database/Eloquent/Builder.php(694): Illuminate\\Database\\Eloquent\\Relations\\Relation::noConstraints(Object(Closure))
#5 /var/www/TRDSv2_1x_endorsement/vendor/laravel/framework/src/Illuminate/Database/Eloquent/Builder.php(662): Illuminate\\Database\\Eloquent\\Builder->getRelation('op_approver_det...')
#6 /var/www/TRDSv2_1x_endorsement/vendor/laravel/framework/src/Illuminate/Database/Eloquent/Builder.php(642): Illuminate\\Database\\Eloquent\\Builder->eagerLoadRelation(Array, 'op_approver_det...', Object(Closure))
#7 /var/www/TRDSv2_1x_endorsement/vendor/laravel/framework/src/Illuminate/Database/Eloquent/Builder.php(610): Illuminate\\Database\\Eloquent\\Builder->eagerLoadRelations(Array)
#8 /var/www/TRDSv2_1x_endorsement/app/Http/Controllers/ListOfCertPersonnelController.php(34): Illuminate\\Database\\Eloquent\\Builder->get()
#9 /var/www/TRDSv2_1x_endorsement/vendor/laravel/framework/src/Illuminate/Routing/Controller.php(54): App\\Http\\Controllers\\ListOfCertPersonnelController->exportListCertPersonnel(Object(Illuminate\\Http\\Request))
#10 /var/www/TRDSv2_1x_endorsement/vendor/laravel/framework/src/Illuminate/Routing/ControllerDispatcher.php(45): Illuminate\\Routing\\Controller->callAction('exportListCertP...', Array)
#11 /var/www/TRDSv2_1x_endorsement/vendor/laravel/framework/src/Illuminate/Routing/Route.php(262): Illuminate\\Routing\\ControllerDispatcher->dispatch(Object(Illuminate\\Routing\\Route), Object(App\\Http\\Controllers\\ListOfCertPersonnelController), 'exportListCertP...')
#12 /var/www/TRDSv2_1x_endorsement/vendor/laravel/framework/src/Illuminate/Routing/Route.php(205): Illuminate\\Routing\\Route->runController()
#13 /var/www/TRDSv2_1x_endorsement/vendor/laravel/framework/src/Illuminate/Routing/Router.php(721): Illuminate\\Routing\\Route->run()
#14 /var/www/TRDSv2_1x_endorsement/vendor/laravel/framework/src/Illuminate/Pipeline/Pipeline.php(128): Illuminate\\Routing\\Router->Illuminate\\Routing\\{closure}(Object(Illuminate\\Http\\Request))
#15 /var/www/TRDSv2_1x_endorsement/app/Http/Middleware/CheckSession.php(55): Illuminate\\Pipeline\\Pipeline->Illuminate\\Pipeline\\{closure}(Object(Illuminate\\Http\\Request))
#16 /var/www/TRDSv2_1x_endorsement/vendor/laravel/framework/src/Illuminate/Pipeline/Pipeline.php(167): App\\Http\\Middleware\\CheckSession->handle(Object(Illuminate\\Http\\Request), Object(Closure))
#17 /var/www/TRDSv2_1x_endorsement/vendor/laravel/framework/src/Illuminate/Routing/Middleware/SubstituteBindings.php(50): Illuminate\\Pipeline\\Pipeline->Illuminate\\Pipeline\\{closure}(Object(Illuminate\\Http\\Request))
#18 /var/www/TRDSv2_1x_endorsement/vendor/laravel/framework/src/Illuminate/Pipeline/Pipeline.php(167): Illuminate\\Routing\\Middleware\\SubstituteBindings->handle(Object(Illuminate\\Http\\Request), Object(Closure))
#19 /var/www/TRDSv2_1x_endorsement/vendor/laravel/framework/src/Illuminate/Foundation/Http/Middleware/VerifyCsrfToken.php(78): Illuminate\\Pipeline\\Pipeline->Illuminate\\Pipeline\\{closure}(Object(Illuminate\\Http\\Request))
#20 /var/www/TRDSv2_1x_endorsement/vendor/laravel/framework/src/Illuminate/Pipeline/Pipeline.php(167): Illuminate\\Foundation\\Http\\Middleware\\VerifyCsrfToken->handle(Object(Illuminate\\Http\\Request), Object(Closure))
#21 /var/www/TRDSv2_1x_endorsement/vendor/laravel/framework/src/Illuminate/View/Middleware/ShareErrorsFromSession.php(49): Illuminate\\Pipeline\\Pipeline->Illuminate\\Pipeline\\{closure}(Object(Illuminate\\Http\\Request))
#22 /var/www/TRDSv2_1x_endorsement/vendor/laravel/framework/src/Illuminate/Pipeline/Pipeline.php(167): Illuminate\\View\\Middleware\\ShareErrorsFromSession->handle(Object(Illuminate\\Http\\Request), Object(Closure))
#23 /var/www/TRDSv2_1x_endorsement/vendor/laravel/framework/src/Illuminate/Session/Middleware/StartSession.php(121): Illuminate\\Pipeline\\Pipeline->Illuminate\\Pipeline\\{closure}(Object(Illuminate\\Http\\Request))
#24 /var/www/TRDSv2_1x_endorsement/vendor/laravel/framework/src/Illuminate/Session/Middleware/StartSession.php(64): Illuminate\\Session\\Middleware\\StartSession->handleStatefulRequest(Object(Illuminate\\Http\\Request), Object(Illuminate\\Session\\Store), Object(Closure))
#25 /var/www/TRDSv2_1x_endorsement/vendor/laravel/framework/src/Illuminate/Pipeline/Pipeline.php(167): Illuminate\\Session\\Middleware\\StartSession->handle(Object(Illuminate\\Http\\Request), Object(Closure))
#26 /var/www/TRDSv2_1x_endorsement/vendor/laravel/framework/src/Illuminate/Cookie/Middleware/AddQueuedCookiesToResponse.php(37): Illuminate\\Pipeline\\Pipeline->Illuminate\\Pipeline\\{closure}(Object(Illuminate\\Http\\Request))
#27 /var/www/TRDSv2_1x_endorsement/vendor/laravel/framework/src/Illuminate/Pipeline/Pipeline.php(167): Illuminate\\Cookie\\Middleware\\AddQueuedCookiesToResponse->handle(Object(Illuminate\\Http\\Request), Object(Closure))
#28 /var/www/TRDSv2_1x_endorsement/vendor/laravel/framework/src/Illuminate/Cookie/Middleware/EncryptCookies.php(67): Illuminate\\Pipeline\\Pipeline->Illuminate\\Pipeline\\{closure}(Object(Illuminate\\Http\\Request))
#29 /var/www/TRDSv2_1x_endorsement/vendor/laravel/framework/src/Illuminate/Pipeline/Pipeline.php(167): Illuminate\\Cookie\\Middleware\\EncryptCookies->handle(Object(Illuminate\\Http\\Request), Object(Closure))
#30 /var/www/TRDSv2_1x_endorsement/vendor/laravel/framework/src/Illuminate/Pipeline/Pipeline.php(103): Illuminate\\Pipeline\\Pipeline->Illuminate\\Pipeline\\{closure}(Object(Illuminate\\Http\\Request))
#31 /var/www/TRDSv2_1x_endorsement/vendor/laravel/framework/src/Illuminate/Routing/Router.php(723): Illuminate\\Pipeline\\Pipeline->then(Object(Closure))
#32 /var/www/TRDSv2_1x_endorsement/vendor/laravel/framework/src/Illuminate/Routing/Router.php(698): Illuminate\\Routing\\Router->runRouteWithinStack(Object(Illuminate\\Routing\\Route), Object(Illuminate\\Http\\Request))
#33 /var/www/TRDSv2_1x_endorsement/vendor/laravel/framework/src/Illuminate/Routing/Router.php(662): Illuminate\\Routing\\Router->runRoute(Object(Illuminate\\Http\\Request), Object(Illuminate\\Routing\\Route))
#34 /var/www/TRDSv2_1x_endorsement/vendor/laravel/framework/src/Illuminate/Routing/Router.php(651): Illuminate\\Routing\\Router->dispatchToRoute(Object(Illuminate\\Http\\Request))
#35 /var/www/TRDSv2_1x_endorsement/vendor/laravel/framework/src/Illuminate/Foundation/Http/Kernel.php(167): Illuminate\\Routing\\Router->dispatch(Object(Illuminate\\Http\\Request))
#36 /var/www/TRDSv2_1x_endorsement/vendor/laravel/framework/src/Illuminate/Pipeline/Pipeline.php(128): Illuminate\\Foundation\\Http\\Kernel->Illuminate\\Foundation\\Http\\{closure}(Object(Illuminate\\Http\\Request))
#37 /var/www/TRDSv2_1x_endorsement/vendor/laravel/framework/src/Illuminate/Foundation/Http/Middleware/TransformsRequest.php(21): Illuminate\\Pipeline\\Pipeline->Illuminate\\Pipeline\\{closure}(Object(Illuminate\\Http\\Request))
#38 /var/www/TRDSv2_1x_endorsement/vendor/laravel/framework/src/Illuminate/Foundation/Http/Middleware/ConvertEmptyStringsToNull.php(31): Illuminate\\Foundation\\Http\\Middleware\\TransformsRequest->handle(Object(Illuminate\\Http\\Request), Object(Closure))
#39 /var/www/TRDSv2_1x_endorsement/vendor/laravel/framework/src/Illuminate/Pipeline/Pipeline.php(167): Illuminate\\Foundation\\Http\\Middleware\\ConvertEmptyStringsToNull->handle(Object(Illuminate\\Http\\Request), Object(Closure))
#40 /var/www/TRDSv2_1x_endorsement/vendor/laravel/framework/src/Illuminate/Foundation/Http/Middleware/TransformsRequest.php(21): Illuminate\\Pipeline\\Pipeline->Illuminate\\Pipeline\\{closure}(Object(Illuminate\\Http\\Request))
#41 /var/www/TRDSv2_1x_endorsement/vendor/laravel/framework/src/Illuminate/Foundation/Http/Middleware/TrimStrings.php(40): Illuminate\\Foundation\\Http\\Middleware\\TransformsRequest->handle(Object(Illuminate\\Http\\Request), Object(Closure))
#42 /var/www/TRDSv2_1x_endorsement/vendor/laravel/framework/src/Illuminate/Pipeline/Pipeline.php(167): Illuminate\\Foundation\\Http\\Middleware\\TrimStrings->handle(Object(Illuminate\\Http\\Request), Object(Closure))
#43 /var/www/TRDSv2_1x_endorsement/vendor/laravel/framework/src/Illuminate/Foundation/Http/Middleware/ValidatePostSize.php(27): Illuminate\\Pipeline\\Pipeline->Illuminate\\Pipeline\\{closure}(Object(Illuminate\\Http\\Request))
#44 /var/www/TRDSv2_1x_endorsement/vendor/laravel/framework/src/Illuminate/Pipeline/Pipeline.php(167): Illuminate\\Foundation\\Http\\Middleware\\ValidatePostSize->handle(Object(Illuminate\\Http\\Request), Object(Closure))
#45 /var/www/TRDSv2_1x_endorsement/vendor/laravel/framework/src/Illuminate/Foundation/Http/Middleware/PreventRequestsDuringMaintenance.php(86): Illuminate\\Pipeline\\Pipeline->Illuminate\\Pipeline\\{closure}(Object(Illuminate\\Http\\Request))
#46 /var/www/TRDSv2_1x_endorsement/vendor/laravel/framework/src/Illuminate/Pipeline/Pipeline.php(167): Illuminate\\Foundation\\Http\\Middleware\\PreventRequestsDuringMaintenance->handle(Object(Illuminate\\Http\\Request), Object(Closure))
#47 /var/www/TRDSv2_1x_endorsement/vendor/fideloper/proxy/src/TrustProxies.php(57): Illuminate\\Pipeline\\Pipeline->Illuminate\\Pipeline\\{closure}(Object(Illuminate\\Http\\Request))
#48 /var/www/TRDSv2_1x_endorsement/vendor/laravel/framework/src/Illuminate/Pipeline/Pipeline.php(167): Fideloper\\Proxy\\TrustProxies->handle(Object(Illuminate\\Http\\Request), Object(Closure))
#49 /var/www/TRDSv2_1x_endorsement/vendor/laravel/framework/src/Illuminate/Pipeline/Pipeline.php(103): Illuminate\\Pipeline\\Pipeline->Illuminate\\Pipeline\\{closure}(Object(Illuminate\\Http\\Request))
#50 /var/www/TRDSv2_1x_endorsement/vendor/laravel/framework/src/Illuminate/Foundation/Http/Kernel.php(142): Illuminate\\Pipeline\\Pipeline->then(Object(Closure))
#51 /var/www/TRDSv2_1x_endorsement/vendor/laravel/framework/src/Illuminate/Foundation/Http/Kernel.php(111): Illuminate\\Foundation\\Http\\Kernel->sendRequestThroughRouter(Object(Illuminate\\Http\\Request))
#52 /var/www/TRDSv2_1x_endorsement/index.php(55): Illuminate\\Foundation\\Http\\Kernel->handle(Object(Illuminate\\Http\\Request))
#53 {main}
"} 
[2026-07-20 05:32:34] local.ERROR: Class 'App\OpApprover' not found {"exception":"[object] (Error(code: 0): Class 'App\\OpApprover' not found at /var/www/TRDSv2_1x_endorsement/vendor/laravel/framework/src/Illuminate/Database/Eloquent/Concerns/HasRelationships.php:750)
[stacktrace]
#0 /var/www/TRDSv2_1x_endorsement/vendor/laravel/framework/src/Illuminate/Database/Eloquent/Concerns/HasRelationships.php(351): Illuminate\\Database\\Eloquent\\Model->newRelatedInstance('App\\\\OpApprover')
#1 /var/www/TRDSv2_1x_endorsement/app/Model/QcSlip.php(19): Illuminate\\Database\\Eloquent\\Model->hasMany('App\\\\OpApprover', 'qc_slips_id', 'id')
#2 /var/www/TRDSv2_1x_endorsement/vendor/laravel/framework/src/Illuminate/Database/Eloquent/Builder.php(690): App\\Model\\QcSlip->op_approver_details()
#3 /var/www/TRDSv2_1x_endorsement/vendor/laravel/framework/src/Illuminate/Database/Eloquent/Relations/Relation.php(106): Illuminate\\Database\\Eloquent\\Builder->Illuminate\\Database\\Eloquent\\{closure}()
#4 /var/www/TRDSv2_1x_endorsement/vendor/laravel/framework/src/Illuminate/Database/Eloquent/Builder.php(694): Illuminate\\Database\\Eloquent\\Relations\\Relation::noConstraints(Object(Closure))
#5 /var/www/TRDSv2_1x_endorsement/vendor/laravel/framework/src/Illuminate/Database/Eloquent/Builder.php(662): Illuminate\\Database\\Eloquent\\Builder->getRelation('op_approver_det...')
#6 /var/www/TRDSv2_1x_endorsement/vendor/laravel/framework/src/Illuminate/Database/Eloquent/Builder.php(642): Illuminate\\Database\\Eloquent\\Builder->eagerLoadRelation(Array, 'op_approver_det...', Object(Closure))
#7 /var/www/TRDSv2_1x_endorsement/vendor/laravel/framework/src/Illuminate/Database/Eloquent/Builder.php(610): Illuminate\\Database\\Eloquent\\Builder->eagerLoadRelations(Array)
#8 /var/www/TRDSv2_1x_endorsement/app/Http/Controllers/ListOfCertPersonnelController.php(34): Illuminate\\Database\\Eloquent\\Builder->get()
#9 /var/www/TRDSv2_1x_endorsement/vendor/laravel/framework/src/Illuminate/Routing/Controller.php(54): App\\Http\\Controllers\\ListOfCertPersonnelController->exportListCertPersonnel(Object(Illuminate\\Http\\Request))
#10 /var/www/TRDSv2_1x_endorsement/vendor/laravel/framework/src/Illuminate/Routing/ControllerDispatcher.php(45): Illuminate\\Routing\\Controller->callAction('exportListCertP...', Array)
#11 /var/www/TRDSv2_1x_endorsement/vendor/laravel/framework/src/Illuminate/Routing/Route.php(262): Illuminate\\Routing\\ControllerDispatcher->dispatch(Object(Illuminate\\Routing\\Route), Object(App\\Http\\Controllers\\ListOfCertPersonnelController), 'exportListCertP...')
#12 /var/www/TRDSv2_1x_endorsement/vendor/laravel/framework/src/Illuminate/Routing/Route.php(205): Illuminate\\Routing\\Route->runController()
#13 /var/www/TRDSv2_1x_endorsement/vendor/laravel/framework/src/Illuminate/Routing/Router.php(721): Illuminate\\Routing\\Route->run()
#14 /var/www/TRDSv2_1x_endorsement/vendor/laravel/framework/src/Illuminate/Pipeline/Pipeline.php(128): Illuminate\\Routing\\Router->Illuminate\\Routing\\{closure}(Object(Illuminate\\Http\\Request))
#15 /var/www/TRDSv2_1x_endorsement/app/Http/Middleware/CheckSession.php(55): Illuminate\\Pipeline\\Pipeline->Illuminate\\Pipeline\\{closure}(Object(Illuminate\\Http\\Request))
#16 /var/www/TRDSv2_1x_endorsement/vendor/laravel/framework/src/Illuminate/Pipeline/Pipeline.php(167): App\\Http\\Middleware\\CheckSession->handle(Object(Illuminate\\Http\\Request), Object(Closure))
#17 /var/www/TRDSv2_1x_endorsement/vendor/laravel/framework/src/Illuminate/Routing/Middleware/SubstituteBindings.php(50): Illuminate\\Pipeline\\Pipeline->Illuminate\\Pipeline\\{closure}(Object(Illuminate\\Http\\Request))
#18 /var/www/TRDSv2_1x_endorsement/vendor/laravel/framework/src/Illuminate/Pipeline/Pipeline.php(167): Illuminate\\Routing\\Middleware\\SubstituteBindings->handle(Object(Illuminate\\Http\\Request), Object(Closure))
#19 /var/www/TRDSv2_1x_endorsement/vendor/laravel/framework/src/Illuminate/Foundation/Http/Middleware/VerifyCsrfToken.php(78): Illuminate\\Pipeline\\Pipeline->Illuminate\\Pipeline\\{closure}(Object(Illuminate\\Http\\Request))
#20 /var/www/TRDSv2_1x_endorsement/vendor/laravel/framework/src/Illuminate/Pipeline/Pipeline.php(167): Illuminate\\Foundation\\Http\\Middleware\\VerifyCsrfToken->handle(Object(Illuminate\\Http\\Request), Object(Closure))
#21 /var/www/TRDSv2_1x_endorsement/vendor/laravel/framework/src/Illuminate/View/Middleware/ShareErrorsFromSession.php(49): Illuminate\\Pipeline\\Pipeline->Illuminate\\Pipeline\\{closure}(Object(Illuminate\\Http\\Request))
#22 /var/www/TRDSv2_1x_endorsement/vendor/laravel/framework/src/Illuminate/Pipeline/Pipeline.php(167): Illuminate\\View\\Middleware\\ShareErrorsFromSession->handle(Object(Illuminate\\Http\\Request), Object(Closure))
#23 /var/www/TRDSv2_1x_endorsement/vendor/laravel/framework/src/Illuminate/Session/Middleware/StartSession.php(121): Illuminate\\Pipeline\\Pipeline->Illuminate\\Pipeline\\{closure}(Object(Illuminate\\Http\\Request))
#24 /var/www/TRDSv2_1x_endorsement/vendor/laravel/framework/src/Illuminate/Session/Middleware/StartSession.php(64): Illuminate\\Session\\Middleware\\StartSession->handleStatefulRequest(Object(Illuminate\\Http\\Request), Object(Illuminate\\Session\\Store), Object(Closure))
#25 /var/www/TRDSv2_1x_endorsement/vendor/laravel/framework/src/Illuminate/Pipeline/Pipeline.php(167): Illuminate\\Session\\Middleware\\StartSession->handle(Object(Illuminate\\Http\\Request), Object(Closure))
#26 /var/www/TRDSv2_1x_endorsement/vendor/laravel/framework/src/Illuminate/Cookie/Middleware/AddQueuedCookiesToResponse.php(37): Illuminate\\Pipeline\\Pipeline->Illuminate\\Pipeline\\{closure}(Object(Illuminate\\Http\\Request))
#27 /var/www/TRDSv2_1x_endorsement/vendor/laravel/framework/src/Illuminate/Pipeline/Pipeline.php(167): Illuminate\\Cookie\\Middleware\\AddQueuedCookiesToResponse->handle(Object(Illuminate\\Http\\Request), Object(Closure))
#28 /var/www/TRDSv2_1x_endorsement/vendor/laravel/framework/src/Illuminate/Cookie/Middleware/EncryptCookies.php(67): Illuminate\\Pipeline\\Pipeline->Illuminate\\Pipeline\\{closure}(Object(Illuminate\\Http\\Request))
#29 /var/www/TRDSv2_1x_endorsement/vendor/laravel/framework/src/Illuminate/Pipeline/Pipeline.php(167): Illuminate\\Cookie\\Middleware\\EncryptCookies->handle(Object(Illuminate\\Http\\Request), Object(Closure))
#30 /var/www/TRDSv2_1x_endorsement/vendor/laravel/framework/src/Illuminate/Pipeline/Pipeline.php(103): Illuminate\\Pipeline\\Pipeline->Illuminate\\Pipeline\\{closure}(Object(Illuminate\\Http\\Request))
#31 /var/www/TRDSv2_1x_endorsement/vendor/laravel/framework/src/Illuminate/Routing/Router.php(723): Illuminate\\Pipeline\\Pipeline->then(Object(Closure))
#32 /var/www/TRDSv2_1x_endorsement/vendor/laravel/framework/src/Illuminate/Routing/Router.php(698): Illuminate\\Routing\\Router->runRouteWithinStack(Object(Illuminate\\Routing\\Route), Object(Illuminate\\Http\\Request))
#33 /var/www/TRDSv2_1x_endorsement/vendor/laravel/framework/src/Illuminate/Routing/Router.php(662): Illuminate\\Routing\\Router->runRoute(Object(Illuminate\\Http\\Request), Object(Illuminate\\Routing\\Route))
#34 /var/www/TRDSv2_1x_endorsement/vendor/laravel/framework/src/Illuminate/Routing/Router.php(651): Illuminate\\Routing\\Router->dispatchToRoute(Object(Illuminate\\Http\\Request))
#35 /var/www/TRDSv2_1x_endorsement/vendor/laravel/framework/src/Illuminate/Foundation/Http/Kernel.php(167): Illuminate\\Routing\\Router->dispatch(Object(Illuminate\\Http\\Request))
#36 /var/www/TRDSv2_1x_endorsement/vendor/laravel/framework/src/Illuminate/Pipeline/Pipeline.php(128): Illuminate\\Foundation\\Http\\Kernel->Illuminate\\Foundation\\Http\\{closure}(Object(Illuminate\\Http\\Request))
#37 /var/www/TRDSv2_1x_endorsement/vendor/laravel/framework/src/Illuminate/Foundation/Http/Middleware/TransformsRequest.php(21): Illuminate\\Pipeline\\Pipeline->Illuminate\\Pipeline\\{closure}(Object(Illuminate\\Http\\Request))
#38 /var/www/TRDSv2_1x_endorsement/vendor/laravel/framework/src/Illuminate/Foundation/Http/Middleware/ConvertEmptyStringsToNull.php(31): Illuminate\\Foundation\\Http\\Middleware\\TransformsRequest->handle(Object(Illuminate\\Http\\Request), Object(Closure))
#39 /var/www/TRDSv2_1x_endorsement/vendor/laravel/framework/src/Illuminate/Pipeline/Pipeline.php(167): Illuminate\\Foundation\\Http\\Middleware\\ConvertEmptyStringsToNull->handle(Object(Illuminate\\Http\\Request), Object(Closure))
#40 /var/www/TRDSv2_1x_endorsement/vendor/laravel/framework/src/Illuminate/Foundation/Http/Middleware/TransformsRequest.php(21): Illuminate\\Pipeline\\Pipeline->Illuminate\\Pipeline\\{closure}(Object(Illuminate\\Http\\Request))
#41 /var/www/TRDSv2_1x_endorsement/vendor/laravel/framework/src/Illuminate/Foundation/Http/Middleware/TrimStrings.php(40): Illuminate\\Foundation\\Http\\Middleware\\TransformsRequest->handle(Object(Illuminate\\Http\\Request), Object(Closure))
#42 /var/www/TRDSv2_1x_endorsement/vendor/laravel/framework/src/Illuminate/Pipeline/Pipeline.php(167): Illuminate\\Foundation\\Http\\Middleware\\TrimStrings->handle(Object(Illuminate\\Http\\Request), Object(Closure))
#43 /var/www/TRDSv2_1x_endorsement/vendor/laravel/framework/src/Illuminate/Foundation/Http/Middleware/ValidatePostSize.php(27): Illuminate\\Pipeline\\Pipeline->Illuminate\\Pipeline\\{closure}(Object(Illuminate\\Http\\Request))
#44 /var/www/TRDSv2_1x_endorsement/vendor/laravel/framework/src/Illuminate/Pipeline/Pipeline.php(167): Illuminate\\Foundation\\Http\\Middleware\\ValidatePostSize->handle(Object(Illuminate\\Http\\Request), Object(Closure))
#45 /var/www/TRDSv2_1x_endorsement/vendor/laravel/framework/src/Illuminate/Foundation/Http/Middleware/PreventRequestsDuringMaintenance.php(86): Illuminate\\Pipeline\\Pipeline->Illuminate\\Pipeline\\{closure}(Object(Illuminate\\Http\\Request))
#46 /var/www/TRDSv2_1x_endorsement/vendor/laravel/framework/src/Illuminate/Pipeline/Pipeline.php(167): Illuminate\\Foundation\\Http\\Middleware\\PreventRequestsDuringMaintenance->handle(Object(Illuminate\\Http\\Request), Object(Closure))
#47 /var/www/TRDSv2_1x_endorsement/vendor/fideloper/proxy/src/TrustProxies.php(57): Illuminate\\Pipeline\\Pipeline->Illuminate\\Pipeline\\{closure}(Object(Illuminate\\Http\\Request))
#48 /var/www/TRDSv2_1x_endorsement/vendor/laravel/framework/src/Illuminate/Pipeline/Pipeline.php(167): Fideloper\\Proxy\\TrustProxies->handle(Object(Illuminate\\Http\\Request), Object(Closure))
#49 /var/www/TRDSv2_1x_endorsement/vendor/laravel/framework/src/Illuminate/Pipeline/Pipeline.php(103): Illuminate\\Pipeline\\Pipeline->Illuminate\\Pipeline\\{closure}(Object(Illuminate\\Http\\Request))
#50 /var/www/TRDSv2_1x_endorsement/vendor/laravel/framework/src/Illuminate/Foundation/Http/Kernel.php(142): Illuminate\\Pipeline\\Pipeline->then(Object(Closure))
#51 /var/www/TRDSv2_1x_endorsement/vendor/laravel/framework/src/Illuminate/Foundation/Http/Kernel.php(111): Illuminate\\Foundation\\Http\\Kernel->sendRequestThroughRouter(Object(Illuminate\\Http\\Request))
#52 /var/www/TRDSv2_1x_endorsement/index.php(55): Illuminate\\Foundation\\Http\\Kernel->handle(Object(Illuminate\\Http\\Request))
#53 {main}
"} 
[2026-07-20 05:32:54] local.ERROR: Class 'App\OpApprover' not found {"exception":"[object] (Error(code: 0): Class 'App\\OpApprover' not found at /var/www/TRDSv2_1x_endorsement/vendor/laravel/framework/src/Illuminate/Database/Eloquent/Concerns/HasRelationships.php:750)
[stacktrace]
#0 /var/www/TRDSv2_1x_endorsement/vendor/laravel/framework/src/Illuminate/Database/Eloquent/Concerns/HasRelationships.php(351): Illuminate\\Database\\Eloquent\\Model->newRelatedInstance('App\\\\OpApprover')
#1 /var/www/TRDSv2_1x_endorsement/app/Model/QcSlip.php(19): Illuminate\\Database\\Eloquent\\Model->hasMany('App\\\\OpApprover', 'qc_slips_id', 'id')
#2 /var/www/TRDSv2_1x_endorsement/vendor/laravel/framework/src/Illuminate/Database/Eloquent/Builder.php(690): App\\Model\\QcSlip->op_approver_details()
#3 /var/www/TRDSv2_1x_endorsement/vendor/laravel/framework/src/Illuminate/Database/Eloquent/Relations/Relation.php(106): Illuminate\\Database\\Eloquent\\Builder->Illuminate\\Database\\Eloquent\\{closure}()
#4 /var/www/TRDSv2_1x_endorsement/vendor/laravel/framework/src/Illuminate/Database/Eloquent/Builder.php(694): Illuminate\\Database\\Eloquent\\Relations\\Relation::noConstraints(Object(Closure))
#5 /var/www/TRDSv2_1x_endorsement/vendor/laravel/framework/src/Illuminate/Database/Eloquent/Builder.php(662): Illuminate\\Database\\Eloquent\\Builder->getRelation('op_approver_det...')
#6 /var/www/TRDSv2_1x_endorsement/vendor/laravel/framework/src/Illuminate/Database/Eloquent/Builder.php(642): Illuminate\\Database\\Eloquent\\Builder->eagerLoadRelation(Array, 'op_approver_det...', Object(Closure))
#7 /var/www/TRDSv2_1x_endorsement/vendor/laravel/framework/src/Illuminate/Database/Eloquent/Builder.php(610): Illuminate\\Database\\Eloquent\\Builder->eagerLoadRelations(Array)
#8 /var/www/TRDSv2_1x_endorsement/app/Http/Controllers/ListOfCertPersonnelController.php(34): Illuminate\\Database\\Eloquent\\Builder->get()
#9 /var/www/TRDSv2_1x_endorsement/vendor/laravel/framework/src/Illuminate/Routing/Controller.php(54): App\\Http\\Controllers\\ListOfCertPersonnelController->exportListCertPersonnel(Object(Illuminate\\Http\\Request))
#10 /var/www/TRDSv2_1x_endorsement/vendor/laravel/framework/src/Illuminate/Routing/ControllerDispatcher.php(45): Illuminate\\Routing\\Controller->callAction('exportListCertP...', Array)
#11 /var/www/TRDSv2_1x_endorsement/vendor/laravel/framework/src/Illuminate/Routing/Route.php(262): Illuminate\\Routing\\ControllerDispatcher->dispatch(Object(Illuminate\\Routing\\Route), Object(App\\Http\\Controllers\\ListOfCertPersonnelController), 'exportListCertP...')
#12 /var/www/TRDSv2_1x_endorsement/vendor/laravel/framework/src/Illuminate/Routing/Route.php(205): Illuminate\\Routing\\Route->runController()
#13 /var/www/TRDSv2_1x_endorsement/vendor/laravel/framework/src/Illuminate/Routing/Router.php(721): Illuminate\\Routing\\Route->run()
#14 /var/www/TRDSv2_1x_endorsement/vendor/laravel/framework/src/Illuminate/Pipeline/Pipeline.php(128): Illuminate\\Routing\\Router->Illuminate\\Routing\\{closure}(Object(Illuminate\\Http\\Request))
#15 /var/www/TRDSv2_1x_endorsement/app/Http/Middleware/CheckSession.php(55): Illuminate\\Pipeline\\Pipeline->Illuminate\\Pipeline\\{closure}(Object(Illuminate\\Http\\Request))
#16 /var/www/TRDSv2_1x_endorsement/vendor/laravel/framework/src/Illuminate/Pipeline/Pipeline.php(167): App\\Http\\Middleware\\CheckSession->handle(Object(Illuminate\\Http\\Request), Object(Closure))
#17 /var/www/TRDSv2_1x_endorsement/vendor/laravel/framework/src/Illuminate/Routing/Middleware/SubstituteBindings.php(50): Illuminate\\Pipeline\\Pipeline->Illuminate\\Pipeline\\{closure}(Object(Illuminate\\Http\\Request))
#18 /var/www/TRDSv2_1x_endorsement/vendor/laravel/framework/src/Illuminate/Pipeline/Pipeline.php(167): Illuminate\\Routing\\Middleware\\SubstituteBindings->handle(Object(Illuminate\\Http\\Request), Object(Closure))
#19 /var/www/TRDSv2_1x_endorsement/vendor/laravel/framework/src/Illuminate/Foundation/Http/Middleware/VerifyCsrfToken.php(78): Illuminate\\Pipeline\\Pipeline->Illuminate\\Pipeline\\{closure}(Object(Illuminate\\Http\\Request))
#20 /var/www/TRDSv2_1x_endorsement/vendor/laravel/framework/src/Illuminate/Pipeline/Pipeline.php(167): Illuminate\\Foundation\\Http\\Middleware\\VerifyCsrfToken->handle(Object(Illuminate\\Http\\Request), Object(Closure))
#21 /var/www/TRDSv2_1x_endorsement/vendor/laravel/framework/src/Illuminate/View/Middleware/ShareErrorsFromSession.php(49): Illuminate\\Pipeline\\Pipeline->Illuminate\\Pipeline\\{closure}(Object(Illuminate\\Http\\Request))
#22 /var/www/TRDSv2_1x_endorsement/vendor/laravel/framework/src/Illuminate/Pipeline/Pipeline.php(167): Illuminate\\View\\Middleware\\ShareErrorsFromSession->handle(Object(Illuminate\\Http\\Request), Object(Closure))
#23 /var/www/TRDSv2_1x_endorsement/vendor/laravel/framework/src/Illuminate/Session/Middleware/StartSession.php(121): Illuminate\\Pipeline\\Pipeline->Illuminate\\Pipeline\\{closure}(Object(Illuminate\\Http\\Request))
#24 /var/www/TRDSv2_1x_endorsement/vendor/laravel/framework/src/Illuminate/Session/Middleware/StartSession.php(64): Illuminate\\Session\\Middleware\\StartSession->handleStatefulRequest(Object(Illuminate\\Http\\Request), Object(Illuminate\\Session\\Store), Object(Closure))
#25 /var/www/TRDSv2_1x_endorsement/vendor/laravel/framework/src/Illuminate/Pipeline/Pipeline.php(167): Illuminate\\Session\\Middleware\\StartSession->handle(Object(Illuminate\\Http\\Request), Object(Closure))
#26 /var/www/TRDSv2_1x_endorsement/vendor/laravel/framework/src/Illuminate/Cookie/Middleware/AddQueuedCookiesToResponse.php(37): Illuminate\\Pipeline\\Pipeline->Illuminate\\Pipeline\\{closure}(Object(Illuminate\\Http\\Request))
#27 /var/www/TRDSv2_1x_endorsement/vendor/laravel/framework/src/Illuminate/Pipeline/Pipeline.php(167): Illuminate\\Cookie\\Middleware\\AddQueuedCookiesToResponse->handle(Object(Illuminate\\Http\\Request), Object(Closure))
#28 /var/www/TRDSv2_1x_endorsement/vendor/laravel/framework/src/Illuminate/Cookie/Middleware/EncryptCookies.php(67): Illuminate\\Pipeline\\Pipeline->Illuminate\\Pipeline\\{closure}(Object(Illuminate\\Http\\Request))
#29 /var/www/TRDSv2_1x_endorsement/vendor/laravel/framework/src/Illuminate/Pipeline/Pipeline.php(167): Illuminate\\Cookie\\Middleware\\EncryptCookies->handle(Object(Illuminate\\Http\\Request), Object(Closure))
#30 /var/www/TRDSv2_1x_endorsement/vendor/laravel/framework/src/Illuminate/Pipeline/Pipeline.php(103): Illuminate\\Pipeline\\Pipeline->Illuminate\\Pipeline\\{closure}(Object(Illuminate\\Http\\Request))
#31 /var/www/TRDSv2_1x_endorsement/vendor/laravel/framework/src/Illuminate/Routing/Router.php(723): Illuminate\\Pipeline\\Pipeline->then(Object(Closure))
#32 /var/www/TRDSv2_1x_endorsement/vendor/laravel/framework/src/Illuminate/Routing/Router.php(698): Illuminate\\Routing\\Router->runRouteWithinStack(Object(Illuminate\\Routing\\Route), Object(Illuminate\\Http\\Request))
#33 /var/www/TRDSv2_1x_endorsement/vendor/laravel/framework/src/Illuminate/Routing/Router.php(662): Illuminate\\Routing\\Router->runRoute(Object(Illuminate\\Http\\Request), Object(Illuminate\\Routing\\Route))
#34 /var/www/TRDSv2_1x_endorsement/vendor/laravel/framework/src/Illuminate/Routing/Router.php(651): Illuminate\\Routing\\Router->dispatchToRoute(Object(Illuminate\\Http\\Request))
#35 /var/www/TRDSv2_1x_endorsement/vendor/laravel/framework/src/Illuminate/Foundation/Http/Kernel.php(167): Illuminate\\Routing\\Router->dispatch(Object(Illuminate\\Http\\Request))
#36 /var/www/TRDSv2_1x_endorsement/vendor/laravel/framework/src/Illuminate/Pipeline/Pipeline.php(128): Illuminate\\Foundation\\Http\\Kernel->Illuminate\\Foundation\\Http\\{closure}(Object(Illuminate\\Http\\Request))
#37 /var/www/TRDSv2_1x_endorsement/vendor/laravel/framework/src/Illuminate/Foundation/Http/Middleware/TransformsRequest.php(21): Illuminate\\Pipeline\\Pipeline->Illuminate\\Pipeline\\{closure}(Object(Illuminate\\Http\\Request))
#38 /var/www/TRDSv2_1x_endorsement/vendor/laravel/framework/src/Illuminate/Foundation/Http/Middleware/ConvertEmptyStringsToNull.php(31): Illuminate\\Foundation\\Http\\Middleware\\TransformsRequest->handle(Object(Illuminate\\Http\\Request), Object(Closure))
#39 /var/www/TRDSv2_1x_endorsement/vendor/laravel/framework/src/Illuminate/Pipeline/Pipeline.php(167): Illuminate\\Foundation\\Http\\Middleware\\ConvertEmptyStringsToNull->handle(Object(Illuminate\\Http\\Request), Object(Closure))
#40 /var/www/TRDSv2_1x_endorsement/vendor/laravel/framework/src/Illuminate/Foundation/Http/Middleware/TransformsRequest.php(21): Illuminate\\Pipeline\\Pipeline->Illuminate\\Pipeline\\{closure}(Object(Illuminate\\Http\\Request))
#41 /var/www/TRDSv2_1x_endorsement/vendor/laravel/framework/src/Illuminate/Foundation/Http/Middleware/TrimStrings.php(40): Illuminate\\Foundation\\Http\\Middleware\\TransformsRequest->handle(Object(Illuminate\\Http\\Request), Object(Closure))
#42 /var/www/TRDSv2_1x_endorsement/vendor/laravel/framework/src/Illuminate/Pipeline/Pipeline.php(167): Illuminate\\Foundation\\Http\\Middleware\\TrimStrings->handle(Object(Illuminate\\Http\\Request), Object(Closure))
#43 /var/www/TRDSv2_1x_endorsement/vendor/laravel/framework/src/Illuminate/Foundation/Http/Middleware/ValidatePostSize.php(27): Illuminate\\Pipeline\\Pipeline->Illuminate\\Pipeline\\{closure}(Object(Illuminate\\Http\\Request))
#44 /var/www/TRDSv2_1x_endorsement/vendor/laravel/framework/src/Illuminate/Pipeline/Pipeline.php(167): Illuminate\\Foundation\\Http\\Middleware\\ValidatePostSize->handle(Object(Illuminate\\Http\\Request), Object(Closure))
#45 /var/www/TRDSv2_1x_endorsement/vendor/laravel/framework/src/Illuminate/Foundation/Http/Middleware/PreventRequestsDuringMaintenance.php(86): Illuminate\\Pipeline\\Pipeline->Illuminate\\Pipeline\\{closure}(Object(Illuminate\\Http\\Request))
#46 /var/www/TRDSv2_1x_endorsement/vendor/laravel/framework/src/Illuminate/Pipeline/Pipeline.php(167): Illuminate\\Foundation\\Http\\Middleware\\PreventRequestsDuringMaintenance->handle(Object(Illuminate\\Http\\Request), Object(Closure))
#47 /var/www/TRDSv2_1x_endorsement/vendor/fideloper/proxy/src/TrustProxies.php(57): Illuminate\\Pipeline\\Pipeline->Illuminate\\Pipeline\\{closure}(Object(Illuminate\\Http\\Request))
#48 /var/www/TRDSv2_1x_endorsement/vendor/laravel/framework/src/Illuminate/Pipeline/Pipeline.php(167): Fideloper\\Proxy\\TrustProxies->handle(Object(Illuminate\\Http\\Request), Object(Closure))
#49 /var/www/TRDSv2_1x_endorsement/vendor/laravel/framework/src/Illuminate/Pipeline/Pipeline.php(103): Illuminate\\Pipeline\\Pipeline->Illuminate\\Pipeline\\{closure}(Object(Illuminate\\Http\\Request))
#50 /var/www/TRDSv2_1x_endorsement/vendor/laravel/framework/src/Illuminate/Foundation/Http/Kernel.php(142): Illuminate\\Pipeline\\Pipeline->then(Object(Closure))
#51 /var/www/TRDSv2_1x_endorsement/vendor/laravel/framework/src/Illuminate/Foundation/Http/Kernel.php(111): Illuminate\\Foundation\\Http\\Kernel->sendRequestThroughRouter(Object(Illuminate\\Http\\Request))
#52 /var/www/TRDSv2_1x_endorsement/index.php(55): Illuminate\\Foundation\\Http\\Kernel->handle(Object(Illuminate\\Http\\Request))
#53 {main}
"} 
[2026-07-20 06:04:52] local.ERROR: Cannot use App\Http\Controllers\PersonnelSkillMatrixController as PersonnelSkillMatrixController because the name is already in use {"exception":"[object] (Symfony\\Component\\ErrorHandler\\Error\\FatalError(code: 0): Cannot use App\\Http\\Controllers\\PersonnelSkillMatrixController as PersonnelSkillMatrixController because the name is already in use at \\\\RAPIDX\\RAPIDX SYSTEMS\\TRDSv2_1x_endorsement\\routes\\web.php:16)
[stacktrace]
#0 {main}
"} 
[2026-07-20 06:07:58] local.ERROR: Cannot use App\Http\Controllers\PersonnelSkillMatrixController as PersonnelSkillMatrixController because the name is already in use {"exception":"[object] (Symfony\\Component\\ErrorHandler\\Error\\FatalError(code: 0): Cannot use App\\Http\\Controllers\\PersonnelSkillMatrixController as PersonnelSkillMatrixController because the name is already in use at /var/www/TRDSv2_1x_endorsement/routes/web.php:16)
[stacktrace]
#0 {main}
"} 
[2026-07-20 06:08:18] local.ERROR: Cannot use App\Http\Controllers\ExamTitleController as ExamTitleController because the name is already in use {"exception":"[object] (Symfony\\Component\\ErrorHandler\\Error\\FatalError(code: 0): Cannot use App\\Http\\Controllers\\ExamTitleController as ExamTitleController because the name is already in use at /var/www/TRDSv2_1x_endorsement/routes/web.php:16)
[stacktrace]
#0 {main}
"} 
[2026-07-20 06:07:16] local.ERROR: Cannot use App\Http\Controllers\ExamTitleController as ExamTitleController because the name is already in use {"exception":"[object] (Symfony\\Component\\ErrorHandler\\Error\\FatalError(code: 0): Cannot use App\\Http\\Controllers\\ExamTitleController as ExamTitleController because the name is already in use at \\\\RAPIDX\\RAPIDX SYSTEMS\\TRDSv2_1x_endorsement\\routes\\web.php:16)
[stacktrace]
#0 {main}
"} 
[2026-07-20 06:07:20] local.ERROR: Cannot use App\Http\Controllers\ExamTitleController as ExamTitleController because the name is already in use {"exception":"[object] (Symfony\\Component\\ErrorHandler\\Error\\FatalError(code: 0): Cannot use App\\Http\\Controllers\\ExamTitleController as ExamTitleController because the name is already in use at \\\\RAPIDX\\RAPIDX SYSTEMS\\TRDSv2_1x_endorsement\\routes\\web.php:16)
[stacktrace]
#0 {main}
"} 
